source_file,run_id,hardware,provider,agent_count,state_width,action_count,observation_horizon,mode,threads,observations,wall_ms_mean,wall_ms_std,wall_ms_median,wall_ms_min,wall_ms_max,device_ms_median,compile_first_call_ms,ns_per_agent_step_median,shape_valid,action_match,max_state_abs_error,max_state_rel_error,max_budget_abs_error,execution_error_rows,wall_ms_cv,requested_gpu,placement_replicate,cpu_vendor,cpu_family,cpu_model,cpu_logical_count
pilot-012-modal-t4-rep1-20260811T175408Z.csv,20260811T175408Z,Tesla T4,modal,8,8,1,1,compiled-cpu,1.0,30,6.256695166666666,0.16075505135391188,6.193443500000001,6.101774,6.876198,,24764.342148,12096.5693359375,True,True,4.410743713378906e-06,3.2164530239242595e-06,0.0,0,0.025693284884703148,T4,1,GenuineIntel,6,85,21
pilot-012-modal-t4-rep1-20260811T175408Z.csv,20260811T175408Z,Tesla T4,modal,8,8,1,1,compiled-cpu,8.0,30,6.515886366666667,0.15049548584030426,6.5449079999999995,6.213827,6.852152,,24764.342148,12783.0234375,True,True,4.410743713378906e-06,3.2164530239242595e-06,0.0,0,0.023096702025098892,T4,1,GenuineIntel,6,85,21
pilot-012-modal-t4-rep1-20260811T175408Z.csv,20260811T175408Z,Tesla T4,modal,8,8,1,1,compiled-gpu-resident,,30,6.133380399999999,0.07890244072209332,6.127168,5.987795,6.362423,6.081951856613159,1416.153887,11967.125,True,True,4.410743713378906e-06,3.2164530239242595e-06,0.0,0,0.012864429658087623,T4,1,GenuineIntel,6,85,21
pilot-012-modal-t4-rep1-20260811T175408Z.csv,20260811T175408Z,Tesla T4,modal,8,8,1,64,compiled-cpu,1.0,30,0.8418120666666666,0.044477971158093786,0.8382799999999999,0.769396,0.946553,,18716.334395,1637.265625,True,True,4.410743713378906e-06,3.2164530239242595e-06,0.0,0,0.052835986699755616,T4,1,GenuineIntel,6,85,21
pilot-012-modal-t4-rep1-20260811T175408Z.csv,20260811T175408Z,Tesla T4,modal,8,8,1,64,compiled-cpu,8.0,30,0.8412839,0.052254527844303005,0.8366845,0.745242,0.939737,,18716.334395,1634.1494140625,True,True,4.410743713378906e-06,3.2164530239242595e-06,0.0,0,0.062112834733082385,T4,1,GenuineIntel,6,85,21
pilot-012-modal-t4-rep1-20260811T175408Z.csv,20260811T175408Z,Tesla T4,modal,8,8,1,64,compiled-gpu-resident,,30,0.2651033666666667,0.027654955549541692,0.2634935,0.227044,0.324375,0.22748799622058866,13535.398469,514.6357421875,True,True,4.410743713378906e-06,3.2164530239242595e-06,0.0,0,0.10431763239096935,T4,1,GenuineIntel,6,85,21
pilot-012-modal-t4-rep1-20260811T175408Z.csv,20260811T175408Z,Tesla T4,modal,16,8,1,1,compiled-cpu,1.0,30,7.269941466666666,0.15961814557178258,7.3215924999999995,6.784701,7.451441,,1416.949053,7149.99267578125,True,True,2.1457672119140625e-06,3.260239054725389e-06,0.0,0,0.02195590518900958,T4,1,GenuineIntel,6,85,21
pilot-012-modal-t4-rep1-20260811T175408Z.csv,20260811T175408Z,Tesla T4,modal,16,8,1,1,compiled-cpu,8.0,30,7.353968833333334,0.22084665347313195,7.369097,6.982164,7.763812,,1416.949053,7196.3837890625,True,True,2.1457672119140625e-06,3.260239054725389e-06,0.0,0,0.03003094770705314,T4,1,GenuineIntel,6,85,21
pilot-012-modal-t4-rep1-20260811T175408Z.csv,20260811T175408Z,Tesla T4,modal,16,8,1,1,compiled-gpu-resident,,30,6.260592033333333,0.08082420727236214,6.2687295,6.074111,6.46234,6.224079847335815,1060.500713,6121.80615234375,True,True,2.1457672119140625e-06,3.260239054725389e-06,0.0,0,0.012909994269236679,T4,1,GenuineIntel,6,85,21
pilot-012-modal-t4-rep1-20260811T175408Z.csv,20260811T175408Z,Tesla T4,modal,16,8,1,64,compiled-cpu,1.0,30,0.8496579,0.049233674174428546,0.8366615,0.750902,0.954069,,18712.196928,817.05224609375,True,True,2.1457672119140625e-06,3.260239054725389e-06,0.0,0,0.057945290892285645,T4,1,GenuineIntel,6,85,21
pilot-012-modal-t4-rep1-20260811T175408Z.csv,20260811T175408Z,Tesla T4,modal,16,8,1,64,compiled-cpu,8.0,30,0.8719036,0.0460061949626127,0.8807240000000001,0.7791,0.996672,,18712.196928,860.08203125,True,True,2.1457672119140625e-06,3.260239054725389e-06,0.0,0,0.05276523111340829,T4,1,GenuineIntel,6,85,21
pilot-012-modal-t4-rep1-20260811T175408Z.csv,20260811T175408Z,Tesla T4,modal,16,8,1,64,compiled-gpu-resident,,30,0.3056602666666667,0.0701285870855537,0.2902195,0.228929,0.56133,0.2512640058994293,13586.326986,283.41748046875,True,True,2.1457672119140625e-06,3.260239054725389e-06,0.0,0,0.2294331149099971,T4,1,GenuineIntel,6,85,21
pilot-012-modal-t4-rep1-20260811T175408Z.csv,20260811T175408Z,Tesla T4,modal,32,8,1,1,compiled-cpu,1.0,30,7.183389,0.12726532393985915,7.227349,6.868274,7.385475,,1337.540866,3528.97900390625,True,True,5.960464477539063e-06,3.8327552829287015e-06,0.0,0,0.017716613138987623,T4,1,GenuineIntel,6,85,21
pilot-012-modal-t4-rep1-20260811T175408Z.csv,20260811T175408Z,Tesla T4,modal,32,8,1,1,compiled-cpu,8.0,30,7.300462166666667,0.11971704066041935,7.287225,6.996983,7.53667,,1337.540866,3558.21533203125,True,True,5.960464477539063e-06,3.8327552829287015e-06,0.0,0,0.016398556410173303,T4,1,GenuineIntel,6,85,21
pilot-012-modal-t4-rep1-20260811T175408Z.csv,20260811T175408Z,Tesla T4,modal,32,8,1,1,compiled-gpu-resident,,30,7.1341786,0.7335293935409766,6.875017,6.386881,8.91921,6.83137583732605,1212.342047,3356.94189453125,True,True,5.960464477539063e-06,3.8327552829287015e-06,0.0,0,0.10281903981783923,T4,1,GenuineIntel,6,85,21
pilot-012-modal-t4-rep1-20260811T175408Z.csv,20260811T175408Z,Tesla T4,modal,32,8,1,64,compiled-cpu,1.0,30,0.8708441333333333,0.05046904947946734,0.871244,0.689524,0.967974,,19461.988721,425.412109375,True,True,5.960464477539063e-06,3.8327552829287015e-06,0.0,0,0.0579541706117796,T4,1,GenuineIntel,6,85,21
pilot-012-modal-t4-rep1-20260811T175408Z.csv,20260811T175408Z,Tesla T4,modal,32,8,1,64,compiled-cpu,8.0,30,0.8506943666666668,0.03135925584585431,0.8476079999999999,0.764748,0.919339,,19461.988721,413.87109375,True,True,5.960464477539063e-06,3.8327552829287015e-06,0.0,0,0.036863128609551515,T4,1,GenuineIntel,6,85,21
pilot-012-modal-t4-rep1-20260811T175408Z.csv,20260811T175408Z,Tesla T4,modal,32,8,1,64,compiled-gpu-resident,,30,0.24696890000000002,0.02674666459818095,0.23452800000000001,0.225424,0.339676,0.20412799715995786,13776.696551,114.515625,True,True,5.960464477539063e-06,3.8327552829287015e-06,0.0,0,0.10829972761016042,T4,1,GenuineIntel,6,85,21
pilot-012-modal-t4-rep1-20260811T175408Z.csv,20260811T175408Z,Tesla T4,modal,64,8,1,1,compiled-cpu,1.0,30,8.485185533333333,0.991589319616492,8.1625365,7.373434,11.21298,,1405.5981,1992.8067626953125,True,True,4.529953002929688e-06,4.605160484061344e-06,0.0,0,0.11686124195176609,T4,1,GenuineIntel,6,85,21
pilot-012-modal-t4-rep1-20260811T175408Z.csv,20260811T175408Z,Tesla T4,modal,64,8,1,1,compiled-cpu,8.0,30,7.653356633333333,0.19606365078779983,7.656451499999999,7.212584,8.110783,,1405.5981,1869.2508544921875,True,True,4.529953002929688e-06,4.605160484061344e-06,0.0,0,0.025617994846060966,T4,1,GenuineIntel,6,85,21
pilot-012-modal-t4-rep1-20260811T175408Z.csv,20260811T175408Z,Tesla T4,modal,64,8,1,1,compiled-gpu-resident,,30,6.155459633333334,0.07487168213015429,6.1541855000000005,6.032137,6.409302,6.108752012252808,863.347145,1502.4866943359375,True,True,4.529953002929688e-06,4.605160484061344e-06,0.0,0,0.012163459203713341,T4,1,GenuineIntel,6,85,21
pilot-012-modal-t4-rep1-20260811T175408Z.csv,20260811T175408Z,Tesla T4,modal,64,8,1,64,compiled-cpu,1.0,30,0.9065513,0.054837742364775746,0.879011,0.827205,1.075516,,19169.420582,214.602294921875,True,True,4.529953002929688e-06,4.605160484061344e-06,0.0,0,0.06049050105027233,T4,1,GenuineIntel,6,85,21
pilot-012-modal-t4-rep1-20260811T175408Z.csv,20260811T175408Z,Tesla T4,modal,64,8,1,64,compiled-cpu,8.0,30,0.8889752666666666,0.045187666984617,0.8727895,0.825356,0.982552,,19169.420582,213.0833740234375,True,True,4.529953002929688e-06,4.605160484061344e-06,0.0,0,0.0508311858372104,T4,1,GenuineIntel,6,85,21
pilot-012-modal-t4-rep1-20260811T175408Z.csv,20260811T175408Z,Tesla T4,modal,64,8,1,64,compiled-gpu-resident,,30,0.24623676666666666,0.027200657620959138,0.2379145,0.223335,0.351478,0.20377600193023682,14201.816628,58.0845947265625,True,True,4.529953002929688e-06,4.605160484061344e-06,0.0,0,0.1104654596840973,T4,1,GenuineIntel,6,85,21
pilot-012-modal-t4-rep1-20260811T175408Z.csv,20260811T175408Z,Tesla T4,modal,128,8,1,1,compiled-cpu,1.0,30,7.250014966666667,0.21053589032595746,7.280670499999999,6.705708,7.712991,,1343.681384,888.7537231445312,True,True,7.867813110351562e-06,4.265566531103104e-06,0.0,0,0.02903937320046049,T4,1,GenuineIntel,6,85,21
pilot-012-modal-t4-rep1-20260811T175408Z.csv,20260811T175408Z,Tesla T4,modal,128,8,1,1,compiled-cpu,8.0,30,7.2773164,0.26379751314108474,7.261353,6.911466,8.369044,,1343.681384,886.3956298828125,True,True,7.867813110351562e-06,4.265566531103104e-06,0.0,0,0.03624928457708459,T4,1,GenuineIntel,6,85,21
pilot-012-modal-t4-rep1-20260811T175408Z.csv,20260811T175408Z,Tesla T4,modal,128,8,1,1,compiled-gpu-resident,,30,6.674680666666666,0.21624250444451684,6.5721295,6.333426,7.001417,6.524399995803833,1452.268965,802.2619018554688,True,True,7.867813110351562e-06,4.265566531103104e-06,0.0,0,0.03239743071521477,T4,1,GenuineIntel,6,85,21
pilot-012-modal-t4-rep1-20260811T175408Z.csv,20260811T175408Z,Tesla T4,modal,128,8,1,64,compiled-cpu,1.0,30,1.0263266333333334,0.07011771328789178,1.02679,0.931772,1.272151,,19172.271478,125.340576171875,True,True,7.867813110351562e-06,4.265566531103104e-06,0.0,0,0.06831910135680824,T4,1,GenuineIntel,6,85,21
pilot-012-modal-t4-rep1-20260811T175408Z.csv,20260811T175408Z,Tesla T4,modal,128,8,1,64,compiled-cpu,8.0,30,0.9461479333333334,0.10682953910526653,0.955058,0.678864,1.281054,,19172.271478,116.584228515625,True,True,7.867813110351562e-06,4.265566531103104e-06,0.0,0,0.11290997458388981,T4,1,GenuineIntel,6,85,21
pilot-012-modal-t4-rep1-20260811T175408Z.csv,20260811T175408Z,Tesla T4,modal,128,8,1,64,compiled-gpu-resident,,30,0.26442669999999996,0.034204555492275225,0.25939900000000005,0.224795,0.360019,0.21944000571966166,14318.622881,31.664916992187504,True,True,7.867813110351562e-06,4.265566531103104e-06,0.0,0,0.12935363748167347,T4,1,GenuineIntel,6,85,21
pilot-012-modal-t4-rep1-20260811T175408Z.csv,20260811T175408Z,Tesla T4,modal,256,8,1,1,compiled-cpu,1.0,30,7.439411166666667,0.10836858586359212,7.4661615,7.173998,7.651274,,1347.927364,455.6983337402344,True,True,7.62939453125e-06,5.183574558031978e-06,0.0,0,0.0145668230234609,T4,1,GenuineIntel,6,85,21
pilot-012-modal-t4-rep1-20260811T175408Z.csv,20260811T175408Z,Tesla T4,modal,256,8,1,1,compiled-cpu,8.0,30,9.366485299999999,0.17177752736730165,9.300787,9.216886,9.976999,,1347.927364,567.6749877929688,True,True,7.62939453125e-06,5.183574558031978e-06,0.0,0,0.018339592906562473,T4,1,GenuineIntel,6,85,21
pilot-012-modal-t4-rep1-20260811T175408Z.csv,20260811T175408Z,Tesla T4,modal,256,8,1,1,compiled-gpu-resident,,30,6.227381766666666,0.10058920266855383,6.2192715,6.08325,6.589688,6.175679922103882,1406.887154,379.5942077636719,True,True,7.62939453125e-06,5.183574558031978e-06,0.0,0,0.01615272781363399,T4,1,GenuineIntel,6,85,21
pilot-012-modal-t4-rep1-20260811T175408Z.csv,20260811T175408Z,Tesla T4,modal,256,8,1,64,compiled-cpu,1.0,30,1.1590655666666667,0.047438970423120945,1.16426,1.042917,1.233292,,19922.741458,71.060791015625,True,True,7.62939453125e-06,5.183574558031978e-06,0.0,0,0.04092863405436996,T4,1,GenuineIntel,6,85,21
pilot-012-modal-t4-rep1-20260811T175408Z.csv,20260811T175408Z,Tesla T4,modal,256,8,1,64,compiled-cpu,8.0,30,2.2675044333333334,0.14573941925223302,2.235215,2.144087,2.979415,,19922.741458,136.42669677734375,True,True,7.62939453125e-06,5.183574558031978e-06,0.0,0,0.06427304710403124,T4,1,GenuineIntel,6,85,21
pilot-012-modal-t4-rep1-20260811T175408Z.csv,20260811T175408Z,Tesla T4,modal,256,8,1,64,compiled-gpu-resident,,30,0.25210013333333336,0.02712707185887898,0.2426355,0.226819,0.340333,0.2114240005612373,17124.984973,14.809295654296875,True,True,7.62939453125e-06,5.183574558031978e-06,0.0,0,0.10760435347731792,T4,1,GenuineIntel,6,85,21
pilot-013-modal-t4-rep2-20260811T175407Z.csv,20260811T175407Z,Tesla T4,modal,8,8,1,1,compiled-cpu,1.0,30,6.488002266666666,0.16576666859837147,6.4541745,6.226272,6.959628,,1353.152974,12605.8095703125,True,True,6.437301635742188e-06,3.010847649420612e-06,0.0,0,0.025549724211723683,T4,2,GenuineIntel,6,85,21
pilot-013-modal-t4-rep2-20260811T175407Z.csv,20260811T175407Z,Tesla T4,modal,8,8,1,1,compiled-cpu,8.0,30,6.6007207333333335,0.15999758440524234,6.5513375,6.370015,7.031411,,1353.152974,12795.5810546875,True,True,6.437301635742188e-06,3.010847649420612e-06,0.0,0,0.02423941125054147,T4,2,GenuineIntel,6,85,21
pilot-013-modal-t4-rep2-20260811T175407Z.csv,20260811T175407Z,Tesla T4,modal,8,8,1,1,compiled-gpu-resident,,30,6.393023966666666,0.10041199324317684,6.399515,6.077303,6.649444,6.356688022613525,1028.363946,12499.052734375,True,True,6.437301635742188e-06,3.010847649420612e-06,0.0,0,0.01570649410462508,T4,2,GenuineIntel,6,85,21
pilot-013-modal-t4-rep2-20260811T175407Z.csv,20260811T175407Z,Tesla T4,modal,8,8,1,64,compiled-cpu,1.0,30,0.8352752666666666,0.03961724380997308,0.8226575,0.759185,0.923714,,18330.979183,1606.7529296875,True,True,6.437301635742188e-06,3.010847649420612e-06,0.0,0,0.04743016510960947,T4,2,GenuineIntel,6,85,21
pilot-013-modal-t4-rep2-20260811T175407Z.csv,20260811T175407Z,Tesla T4,modal,8,8,1,64,compiled-cpu,8.0,30,0.8265009333333333,0.055675510793645466,0.817342,0.720408,0.947364,,18330.979183,1596.37109375,True,True,6.437301635742188e-06,3.010847649420612e-06,0.0,0,0.06736291339575677,T4,2,GenuineIntel,6,85,21
pilot-013-modal-t4-rep2-20260811T175407Z.csv,20260811T175407Z,Tesla T4,modal,8,8,1,64,compiled-gpu-resident,,30,0.2661746,0.02903567502775233,0.2625005,0.235492,0.350493,0.23091199994087214,13427.154652,512.6962890625,True,True,6.437301635742188e-06,3.010847649420612e-06,0.0,0,0.10908507058056002,T4,2,GenuineIntel,6,85,21
pilot-013-modal-t4-rep2-20260811T175407Z.csv,20260811T175407Z,Tesla T4,modal,16,8,1,1,compiled-cpu,1.0,30,7.5753746,0.19534765322149333,7.575805,7.326468,8.179273,,1407.107913,7398.2470703125,True,True,7.62939453125e-06,3.954511612391798e-06,0.0,0,0.02578719384008988,T4,2,GenuineIntel,6,85,21
pilot-013-modal-t4-rep2-20260811T175407Z.csv,20260811T175407Z,Tesla T4,modal,16,8,1,1,compiled-cpu,8.0,30,7.337235466666667,0.13558183929240902,7.300838000000001,7.196743,7.795292,,1407.107913,7129.724609375,True,True,7.62939453125e-06,3.954511612391798e-06,0.0,0,0.018478599999735917,T4,2,GenuineIntel,6,85,21
pilot-013-modal-t4-rep2-20260811T175407Z.csv,20260811T175407Z,Tesla T4,modal,16,8,1,1,compiled-gpu-resident,,30,6.611252966666667,0.11210008947656552,6.6070530000000005,6.411788,6.977537,6.558640003204346,1300.831993,6452.2001953125,True,True,7.62939453125e-06,3.954511612391798e-06,0.0,0,0.01695595222898956,T4,2,GenuineIntel,6,85,21
pilot-013-modal-t4-rep2-20260811T175407Z.csv,20260811T175407Z,Tesla T4,modal,16,8,1,64,compiled-cpu,1.0,30,1.1433633333333333,0.25510100200999947,1.0995485,0.850744,1.8326,,18959.992388,1073.77783203125,True,True,7.62939453125e-06,3.954511612391798e-06,0.0,0,0.22311455560349683,T4,2,GenuineIntel,6,85,21
pilot-013-modal-t4-rep2-20260811T175407Z.csv,20260811T175407Z,Tesla T4,modal,16,8,1,64,compiled-cpu,8.0,30,0.8332728,0.042399852639138806,0.8142735000000001,0.777284,0.951775,,18959.992388,795.18896484375,True,True,7.62939453125e-06,3.954511612391798e-06,0.0,0,0.050883519345811846,T4,2,GenuineIntel,6,85,21
pilot-013-modal-t4-rep2-20260811T175407Z.csv,20260811T175407Z,Tesla T4,modal,16,8,1,64,compiled-gpu-resident,,30,0.25866076666666665,0.031742888768312716,0.2414015,0.231241,0.343015,0.20920000225305554,14177.418554,235.74365234375,True,True,7.62939453125e-06,3.954511612391798e-06,0.0,0,0.12272015264386592,T4,2,GenuineIntel,6,85,21
pilot-013-modal-t4-rep2-20260811T175407Z.csv,20260811T175407Z,Tesla T4,modal,32,8,1,1,compiled-cpu,1.0,30,7.266465166666666,0.09965737734654607,7.295053,7.076698,7.418278,,1370.337039,3562.03759765625,True,True,9.5367431640625e-06,5.009530013921904e-06,0.0,0,0.013714698283245433,T4,2,GenuineIntel,6,85,21
pilot-013-modal-t4-rep2-20260811T175407Z.csv,20260811T175407Z,Tesla T4,modal,32,8,1,1,compiled-cpu,8.0,30,7.4945294,0.11062683221489933,7.5084525,7.181246,7.693442,,1370.337039,3666.236572265625,True,True,9.5367431640625e-06,5.009530013921904e-06,0.0,0,0.014761011173683477,T4,2,GenuineIntel,6,85,21
pilot-013-modal-t4-rep2-20260811T175407Z.csv,20260811T175407Z,Tesla T4,modal,32,8,1,1,compiled-gpu-resident,,30,6.325423866666666,0.06000900689622561,6.330823499999999,6.133049,6.413652,6.289072036743164,1245.41291,3091.222412109375,True,True,9.5367431640625e-06,5.009530013921904e-06,0.0,0,0.009486954259691184,T4,2,GenuineIntel,6,85,21
pilot-013-modal-t4-rep2-20260811T175407Z.csv,20260811T175407Z,Tesla T4,modal,32,8,1,64,compiled-cpu,1.0,30,0.8513068333333333,0.05094686509734553,0.8462845,0.778319,0.955865,,19315.151102,413.224853515625,True,True,9.5367431640625e-06,5.009530013921904e-06,0.0,0,0.05984547885967342,T4,2,GenuineIntel,6,85,21
pilot-013-modal-t4-rep2-20260811T175407Z.csv,20260811T175407Z,Tesla T4,modal,32,8,1,64,compiled-cpu,8.0,30,0.8487069,0.047005187770441735,0.8279894999999999,0.790718,0.94821,,19315.151102,404.291748046875,True,True,9.5367431640625e-06,5.009530013921904e-06,0.0,0,0.05538447698544896,T4,2,GenuineIntel,6,85,21
pilot-013-modal-t4-rep2-20260811T175407Z.csv,20260811T175407Z,Tesla T4,modal,32,8,1,64,compiled-gpu-resident,,30,0.2629807333333333,0.026913309153309445,0.25655550000000005,0.237954,0.354713,0.22291199862956995,14906.223338,125.271240234375,True,True,9.5367431640625e-06,5.009530013921904e-06,0.0,0,0.10233947107903257,T4,2,GenuineIntel,6,85,21
pilot-013-modal-t4-rep2-20260811T175407Z.csv,20260811T175407Z,Tesla T4,modal,64,8,1,1,compiled-cpu,1.0,30,8.063146633333334,0.8150584311880911,7.741147,7.275932,11.420334,,1450.986003,1889.928466796875,True,True,6.67572021484375e-06,3.825154180958634e-06,0.0,0,0.10108441136598095,T4,2,GenuineIntel,6,85,21
pilot-013-modal-t4-rep2-20260811T175407Z.csv,20260811T175407Z,Tesla T4,modal,64,8,1,1,compiled-cpu,8.0,30,7.553672333333334,0.1867541450427369,7.547283,7.158399,8.301153,,1450.986003,1842.598388671875,True,True,6.67572021484375e-06,3.825154180958634e-06,0.0,0,0.024723622736270427,T4,2,GenuineIntel,6,85,21
pilot-013-modal-t4-rep2-20260811T175407Z.csv,20260811T175407Z,Tesla T4,modal,64,8,1,1,compiled-gpu-resident,,30,6.556389566666667,0.07196171608124317,6.562678999999999,6.390189,6.674691,6.515664100646973,828.737364,1602.216552734375,True,True,6.67572021484375e-06,3.825154180958634e-06,0.0,0,0.01097581456219497,T4,2,GenuineIntel,6,85,21
pilot-013-modal-t4-rep2-20260811T175407Z.csv,20260811T175407Z,Tesla T4,modal,64,8,1,64,compiled-cpu,1.0,30,0.8679666333333333,0.053606234958054666,0.8562015000000001,0.827319,1.129106,,40973.415942,209.0335693359375,True,True,6.67572021484375e-06,3.825154180958634e-06,0.0,0,0.06176070933992662,T4,2,GenuineIntel,6,85,21
pilot-013-modal-t4-rep2-20260811T175407Z.csv,20260811T175407Z,Tesla T4,modal,64,8,1,64,compiled-cpu,8.0,30,0.8861983333333333,0.040402781673896,0.8685685000000001,0.82138,0.974471,,40973.415942,212.0528564453125,True,True,6.67572021484375e-06,3.825154180958634e-06,0.0,0,0.04559112802878513,T4,2,GenuineIntel,6,85,21
pilot-013-modal-t4-rep2-20260811T175407Z.csv,20260811T175407Z,Tesla T4,modal,64,8,1,64,compiled-gpu-resident,,30,0.2521281666666667,0.02635469639373114,0.24391200000000002,0.231059,0.338391,0.2113759964704513,14760.724089,59.548828125,True,True,6.67572021484375e-06,3.825154180958634e-06,0.0,0,0.10452896533600754,T4,2,GenuineIntel,6,85,21
pilot-013-modal-t4-rep2-20260811T175407Z.csv,20260811T175407Z,Tesla T4,modal,128,8,1,1,compiled-cpu,1.0,30,7.778501033333333,0.15836706839937575,7.777543,7.394388,8.107393,,1350.930797,949.4071044921874,True,True,7.152557373046875e-06,3.788546109717572e-06,0.0,0,0.02035958698478317,T4,2,GenuineIntel,6,85,21
pilot-013-modal-t4-rep2-20260811T175407Z.csv,20260811T175407Z,Tesla T4,modal,128,8,1,1,compiled-cpu,8.0,30,7.4987213666666666,0.10182051725377571,7.4767790000000005,7.330141,7.797338,,1350.930797,912.6927490234375,True,True,7.152557373046875e-06,3.788546109717572e-06,0.0,0,0.013578383870400694,T4,2,GenuineIntel,6,85,21
pilot-013-modal-t4-rep2-20260811T175407Z.csv,20260811T175407Z,Tesla T4,modal,128,8,1,1,compiled-gpu-resident,,30,6.7914758666666675,0.5001726713669256,6.5946915,6.365019,8.842435,6.547343969345093,1359.082306,805.0160522460938,True,True,7.152557373046875e-06,3.788546109717572e-06,0.0,0,0.07364712489399096,T4,2,GenuineIntel,6,85,21
pilot-013-modal-t4-rep2-20260811T175407Z.csv,20260811T175407Z,Tesla T4,modal,128,8,1,64,compiled-cpu,1.0,30,0.9706569333333334,0.052226096390619724,0.97792,0.849705,1.069437,,20290.506455,119.375,True,True,7.152557373046875e-06,3.788546109717572e-06,0.0,0,0.05380489707240854,T4,2,GenuineIntel,6,85,21
pilot-013-modal-t4-rep2-20260811T175407Z.csv,20260811T175407Z,Tesla T4,modal,128,8,1,64,compiled-cpu,8.0,30,0.9883037,0.0642252306105308,0.9777075,0.886177,1.225701,,20290.506455,119.34906005859375,True,True,7.152557373046875e-06,3.788546109717572e-06,0.0,0,0.06498531839001595,T4,2,GenuineIntel,6,85,21
pilot-013-modal-t4-rep2-20260811T175407Z.csv,20260811T175407Z,Tesla T4,modal,128,8,1,64,compiled-gpu-resident,,30,0.26485416666666667,0.029760015969224625,0.2631,0.230385,0.325192,0.22385599464178085,15159.977062,32.11669921875,True,True,7.152557373046875e-06,3.788546109717572e-06,0.0,0,0.11236378246855833,T4,2,GenuineIntel,6,85,21
pilot-013-modal-t4-rep2-20260811T175407Z.csv,20260811T175407Z,Tesla T4,modal,256,8,1,1,compiled-cpu,1.0,30,7.636611866666667,0.12716399691675181,7.638473,7.368181,7.849165,,1329.151448,466.21539306640625,True,True,8.106231689453125e-06,5.083974883746123e-06,0.0,0,0.016651886875620157,T4,2,GenuineIntel,6,85,21
pilot-013-modal-t4-rep2-20260811T175407Z.csv,20260811T175407Z,Tesla T4,modal,256,8,1,1,compiled-cpu,8.0,30,9.289974433333333,0.444048709432033,9.195844000000001,9.115718,11.598513,,1329.151448,561.269775390625,True,True,8.106231689453125e-06,5.083974883746123e-06,0.0,0,0.04779870091340004,T4,2,GenuineIntel,6,85,21
pilot-013-modal-t4-rep2-20260811T175407Z.csv,20260811T175407Z,Tesla T4,modal,256,8,1,1,compiled-gpu-resident,,30,6.9986869,0.7906683170683391,6.7670645,6.417135,10.854285,6.7072319984436035,1395.130835,413.0288391113281,True,True,8.106231689453125e-06,5.083974883746123e-06,0.0,0,0.11297380899670466,T4,2,GenuineIntel,6,85,21
pilot-013-modal-t4-rep2-20260811T175407Z.csv,20260811T175407Z,Tesla T4,modal,256,8,1,64,compiled-cpu,1.0,30,1.1716477,0.058225610470822885,1.161596,1.054941,1.387021,,18730.597785,70.898193359375,True,True,8.106231689453125e-06,5.083974883746123e-06,0.0,0,0.04969549333884484,T4,2,GenuineIntel,6,85,21
pilot-013-modal-t4-rep2-20260811T175407Z.csv,20260811T175407Z,Tesla T4,modal,256,8,1,64,compiled-cpu,8.0,30,2.3262948,0.10299984191062522,2.30092,2.224533,2.677848,,18730.597785,140.43701171875,True,True,8.106231689453125e-06,5.083974883746123e-06,0.0,0,0.0442763496314505,T4,2,GenuineIntel,6,85,21
pilot-013-modal-t4-rep2-20260811T175407Z.csv,20260811T175407Z,Tesla T4,modal,256,8,1,64,compiled-gpu-resident,,30,0.2687938666666667,0.032741945082336084,0.26058950000000003,0.236134,0.338552,0.22913599759340286,14629.158511,15.905120849609375,True,True,8.106231689453125e-06,5.083974883746123e-06,0.0,0,0.12181061081627884,T4,2,GenuineIntel,6,85,21
pilot-014-modal-t4-rep3-20260811T175413Z.csv,20260811T175413Z,Tesla T4,modal,8,8,1,1,compiled-cpu,1.0,30,6.315897133333333,0.19354021043250288,6.3286545,5.54554,6.723792,,1337.106457,12360.6533203125,True,True,3.337860107421875e-06,3.409520331842941e-06,0.0,0,0.03064334430196117,T4,3,GenuineIntel,6,85,24
pilot-014-modal-t4-rep3-20260811T175413Z.csv,20260811T175413Z,Tesla T4,modal,8,8,1,1,compiled-cpu,8.0,30,6.449583366666667,0.1258592310503488,6.496247,6.035209,6.722382,,1337.106457,12687.982421875,True,True,3.337860107421875e-06,3.409520331842941e-06,0.0,0,0.01951431959168496,T4,3,GenuineIntel,6,85,24
pilot-014-modal-t4-rep3-20260811T175413Z.csv,20260811T175413Z,Tesla T4,modal,8,8,1,1,compiled-gpu-resident,,30,6.163396133333333,0.07113510581534911,6.1604255000000006,6.048052,6.352026,6.115823984146118,1053.155891,12032.0810546875,True,True,3.337860107421875e-06,3.409520331842941e-06,0.0,0,0.011541543700336084,T4,3,GenuineIntel,6,85,24
pilot-014-modal-t4-rep3-20260811T175413Z.csv,20260811T175413Z,Tesla T4,modal,8,8,1,64,compiled-cpu,1.0,30,0.8306591999999999,0.11569278227670102,0.79193,0.759534,1.257124,,17920.050294,1546.73828125,True,True,3.337860107421875e-06,3.409520331842941e-06,0.0,0,0.13927827715229185,T4,3,GenuineIntel,6,85,24
pilot-014-modal-t4-rep3-20260811T175413Z.csv,20260811T175413Z,Tesla T4,modal,8,8,1,64,compiled-cpu,8.0,30,0.8242836,0.038001001057231684,0.825626,0.743746,0.918054,,17920.050294,1612.55078125,True,True,3.337860107421875e-06,3.409520331842941e-06,0.0,0,0.04610185263570898,T4,3,GenuineIntel,6,85,24
pilot-014-modal-t4-rep3-20260811T175413Z.csv,20260811T175413Z,Tesla T4,modal,8,8,1,64,compiled-gpu-resident,,30,0.24845663333333334,0.024000991628196976,0.2415215,0.224358,0.312926,0.2072480022907257,12205.269781,471.7216796875,True,True,3.337860107421875e-06,3.409520331842941e-06,0.0,0,0.09660032540164411,T4,3,GenuineIntel,6,85,24
pilot-014-modal-t4-rep3-20260811T175413Z.csv,20260811T175413Z,Tesla T4,modal,16,8,1,1,compiled-cpu,1.0,30,7.043354666666667,0.14526438777083933,7.064929,6.707284,7.342395,,1338.748545,6899.3447265625,True,True,3.576278686523437e-06,4.270080353308003e-06,0.0,0,0.020624318190068804,T4,3,GenuineIntel,6,85,24
pilot-014-modal-t4-rep3-20260811T175413Z.csv,20260811T175413Z,Tesla T4,modal,16,8,1,1,compiled-cpu,8.0,30,6.9151514,0.16999869069487689,6.9415695,6.52777,7.175016,,1338.748545,6778.87646484375,True,True,3.576278686523437e-06,4.270080353308003e-06,0.0,0,0.024583509580842565,T4,3,GenuineIntel,6,85,24
pilot-014-modal-t4-rep3-20260811T175413Z.csv,20260811T175413Z,Tesla T4,modal,16,8,1,1,compiled-gpu-resident,,30,6.2416452,0.23702441046053788,6.1963335,5.968289,7.147271,6.143680095672607,1054.951868,6051.10693359375,True,True,3.576278686523437e-06,4.270080353308003e-06,0.0,0,0.03797466899601052,T4,3,GenuineIntel,6,85,24
pilot-014-modal-t4-rep3-20260811T175413Z.csv,20260811T175413Z,Tesla T4,modal,16,8,1,64,compiled-cpu,1.0,30,0.7890081666666667,0.05741459993829707,0.7705355,0.711205,0.921267,,18548.899097,752.47607421875,True,True,3.576278686523437e-06,4.270080353308003e-06,0.0,0,0.07276806801741646,T4,3,GenuineIntel,6,85,24
pilot-014-modal-t4-rep3-20260811T175413Z.csv,20260811T175413Z,Tesla T4,modal,16,8,1,64,compiled-cpu,8.0,30,0.8039286000000001,0.04987860529504919,0.7833895,0.74036,0.951458,,18548.899097,765.02880859375,True,True,3.576278686523437e-06,4.270080353308003e-06,0.0,0,0.062043576127344124,T4,3,GenuineIntel,6,85,24
pilot-014-modal-t4-rep3-20260811T175413Z.csv,20260811T175413Z,Tesla T4,modal,16,8,1,64,compiled-gpu-resident,,30,0.2594868,0.03140842882631876,0.25556049999999997,0.225032,0.322649,0.21999999880790705,12665.401716,249.57080078125,True,True,3.576278686523437e-06,4.270080353308003e-06,0.0,0,0.12104056478525596,T4,3,GenuineIntel,6,85,24
pilot-014-modal-t4-rep3-20260811T175413Z.csv,20260811T175413Z,Tesla T4,modal,32,8,1,1,compiled-cpu,1.0,30,7.0477422333333335,0.13944239461232558,7.080534,6.692856,7.279766,,1435.216754,3457.2919921875,True,True,6.437301635742188e-06,3.752460088435328e-06,0.0,0,0.019785399351413883,T4,3,GenuineIntel,6,85,24
pilot-014-modal-t4-rep3-20260811T175413Z.csv,20260811T175413Z,Tesla T4,modal,32,8,1,1,compiled-cpu,8.0,30,7.2744518,0.21480820619356397,7.20974,6.832242,7.765666,,1435.216754,3520.380859375,True,True,6.437301635742188e-06,3.752460088435328e-06,0.0,0,0.029529126331356542,T4,3,GenuineIntel,6,85,24
pilot-014-modal-t4-rep3-20260811T175413Z.csv,20260811T175413Z,Tesla T4,modal,32,8,1,1,compiled-gpu-resident,,30,6.1289271,0.1552494438136183,6.1470365000000005,5.796518,6.475689,6.084352016448975,1297.63451,3001.482666015625,True,True,6.437301635742188e-06,3.752460088435328e-06,0.0,0,0.025330607018252557,T4,3,GenuineIntel,6,85,24
pilot-014-modal-t4-rep3-20260811T175413Z.csv,20260811T175413Z,Tesla T4,modal,32,8,1,64,compiled-cpu,1.0,30,0.8713714666666666,0.11471459187065339,0.822736,0.768482,1.261041,,17958.667791,401.7265625,True,True,6.437301635742188e-06,3.752460088435328e-06,0.0,0,0.13164832251104241,T4,3,GenuineIntel,6,85,24
pilot-014-modal-t4-rep3-20260811T175413Z.csv,20260811T175413Z,Tesla T4,modal,32,8,1,64,compiled-cpu,8.0,30,0.8282942666666667,0.08686372325379933,0.8052919999999999,0.767906,1.249013,,17958.667791,393.208984375,True,True,6.437301635742188e-06,3.752460088435328e-06,0.0,0,0.10487060788597272,T4,3,GenuineIntel,6,85,24
pilot-014-modal-t4-rep3-20260811T175413Z.csv,20260811T175413Z,Tesla T4,modal,32,8,1,64,compiled-gpu-resident,,30,0.2478243,0.02337615691129274,0.2356355,0.227373,0.322224,0.2040160000324249,13511.924584,115.056396484375,True,True,6.437301635742188e-06,3.752460088435328e-06,0.0,0,0.09432552381381785,T4,3,GenuineIntel,6,85,24
pilot-014-modal-t4-rep3-20260811T175413Z.csv,20260811T175413Z,Tesla T4,modal,64,8,1,1,compiled-cpu,1.0,30,7.1745686,0.1480945508875768,7.1773895,6.777038,7.543421,,1432.060957,1752.2923583984375,True,True,1.239776611328125e-05,3.507115479806089e-06,0.0,0,0.02064159660938733,T4,3,GenuineIntel,6,85,24
pilot-014-modal-t4-rep3-20260811T175413Z.csv,20260811T175413Z,Tesla T4,modal,64,8,1,1,compiled-cpu,8.0,30,6.9115394,0.09248638986940613,6.9298660000000005,6.673636,7.062605,,1432.060957,1691.86181640625,True,True,1.239776611328125e-05,3.507115479806089e-06,0.0,0,0.013381445799094503,T4,3,GenuineIntel,6,85,24
pilot-014-modal-t4-rep3-20260811T175413Z.csv,20260811T175413Z,Tesla T4,modal,64,8,1,1,compiled-gpu-resident,,30,6.179417166666667,0.1270024048607724,6.167933,5.923998,6.572025,6.121392011642456,1219.171403,1505.843017578125,True,True,1.239776611328125e-05,3.507115479806089e-06,0.0,0,0.020552489245402525,T4,3,GenuineIntel,6,85,24
pilot-014-modal-t4-rep3-20260811T175413Z.csv,20260811T175413Z,Tesla T4,modal,64,8,1,64,compiled-cpu,1.0,30,0.8973882,0.043475922804269,0.8814605,0.841574,1.019521,,19178.44029,215.2003173828125,True,True,1.239776611328125e-05,3.507115479806089e-06,0.0,0,0.04844717459430489,T4,3,GenuineIntel,6,85,24
pilot-014-modal-t4-rep3-20260811T175413Z.csv,20260811T175413Z,Tesla T4,modal,64,8,1,64,compiled-cpu,8.0,30,0.8791744,0.09284788343291629,0.86056,0.818408,1.355127,,19178.44029,210.09765625,True,True,1.239776611328125e-05,3.507115479806089e-06,0.0,0,0.1056080379875896,T4,3,GenuineIntel,6,85,24
pilot-014-modal-t4-rep3-20260811T175413Z.csv,20260811T175413Z,Tesla T4,modal,64,8,1,64,compiled-gpu-resident,,30,0.2574170666666667,0.03213902256408422,0.248214,0.226862,0.349014,0.21595200151205057,12771.693814,60.59912109375,True,True,1.239776611328125e-05,3.507115479806089e-06,0.0,0,0.12485194932976815,T4,3,GenuineIntel,6,85,24
pilot-014-modal-t4-rep3-20260811T175413Z.csv,20260811T175413Z,Tesla T4,modal,128,8,1,1,compiled-cpu,1.0,30,6.984453333333334,0.13138886561950974,7.010752999999999,6.572982,7.164189,,24630.394056,855.8048095703125,True,True,1.2874603271484377e-05,4.915643785352586e-06,0.0,0,0.018811617652659488,T4,3,GenuineIntel,6,85,24
pilot-014-modal-t4-rep3-20260811T175413Z.csv,20260811T175413Z,Tesla T4,modal,128,8,1,1,compiled-cpu,8.0,30,7.3158006,0.15033941163055276,7.354642,6.982169,7.545641,,24630.394056,897.783447265625,True,True,1.2874603271484377e-05,4.915643785352586e-06,0.0,0,0.020549960264164766,T4,3,GenuineIntel,6,85,24
pilot-014-modal-t4-rep3-20260811T175413Z.csv,20260811T175413Z,Tesla T4,modal,128,8,1,1,compiled-gpu-resident,,30,6.051744233333333,0.2425896545337533,6.01282,5.85115,6.915649,5.966079950332642,1869.119735,733.98681640625,True,True,1.2874603271484377e-05,4.915643785352586e-06,0.0,0,0.04008590667093239,T4,3,GenuineIntel,6,85,24
pilot-014-modal-t4-rep3-20260811T175413Z.csv,20260811T175413Z,Tesla T4,modal,128,8,1,64,compiled-cpu,1.0,30,0.9851515000000001,0.13648845775799207,0.9811829999999999,0.861014,1.398819,,20492.819181,119.7733154296875,True,True,1.2874603271484377e-05,4.915643785352586e-06,0.0,0,0.1385456528848528,T4,3,GenuineIntel,6,85,24
pilot-014-modal-t4-rep3-20260811T175413Z.csv,20260811T175413Z,Tesla T4,modal,128,8,1,64,compiled-cpu,8.0,30,1.0278626666666666,0.08045355559418814,1.0120930000000001,0.888241,1.213147,,20492.819181,123.5465087890625,True,True,1.2874603271484377e-05,4.915643785352586e-06,0.0,0,0.07827267027325455,T4,3,GenuineIntel,6,85,24
pilot-014-modal-t4-rep3-20260811T175413Z.csv,20260811T175413Z,Tesla T4,modal,128,8,1,64,compiled-gpu-resident,,30,0.2512933333333333,0.028157085467480268,0.239045,0.226878,0.325227,0.20796800404787058,14866.082706,29.1802978515625,True,True,1.2874603271484377e-05,4.915643785352586e-06,0.0,0,0.1120486767157118,T4,3,GenuineIntel,6,85,24
pilot-014-modal-t4-rep3-20260811T175413Z.csv,20260811T175413Z,Tesla T4,modal,256,8,1,1,compiled-cpu,1.0,30,7.490465666666666,0.19235216775081287,7.5292984999999994,6.835728,7.817401,,1325.609767,459.5519104003906,True,True,1.430511474609375e-05,4.785815235663904e-06,0.0,0,0.025679600749897242,T4,3,GenuineIntel,6,85,24
pilot-014-modal-t4-rep3-20260811T175413Z.csv,20260811T175413Z,Tesla T4,modal,256,8,1,1,compiled-cpu,8.0,30,9.394317566666667,0.6248485076759602,9.150224000000001,8.555263,11.235501,,1325.609767,558.4853515625,True,True,1.430511474609375e-05,4.785815235663904e-06,0.0,0,0.06651345382373228,T4,3,GenuineIntel,6,85,24
pilot-014-modal-t4-rep3-20260811T175413Z.csv,20260811T175413Z,Tesla T4,modal,256,8,1,1,compiled-gpu-resident,,30,6.170761833333333,0.10814479887858008,6.158647,5.994553,6.512829,6.105792045593262,1394.871411,375.89398193359375,True,True,1.430511474609375e-05,4.785815235663904e-06,0.0,0,0.017525356155280787,T4,3,GenuineIntel,6,85,24
pilot-014-modal-t4-rep3-20260811T175413Z.csv,20260811T175413Z,Tesla T4,modal,256,8,1,64,compiled-cpu,1.0,30,1.1493313,0.07658849755951698,1.141483,1.035371,1.52091,,19680.189163,69.67059326171875,True,True,1.430511474609375e-05,4.785815235663904e-06,0.0,0,0.06663744175375454,T4,3,GenuineIntel,6,85,24
pilot-014-modal-t4-rep3-20260811T175413Z.csv,20260811T175413Z,Tesla T4,modal,256,8,1,64,compiled-cpu,8.0,30,2.0937178,0.2505778671657534,2.005461,1.867309,2.891528,,19680.189163,122.40362548828124,True,True,1.430511474609375e-05,4.785815235663904e-06,0.0,0,0.1196808219167614,T4,3,GenuineIntel,6,85,24
pilot-014-modal-t4-rep3-20260811T175413Z.csv,20260811T175413Z,Tesla T4,modal,256,8,1,64,compiled-gpu-resident,,30,0.249051,0.025527643930074877,0.2406185,0.225986,0.339263,0.2095839977264404,13919.436891,14.686187744140625,True,True,1.430511474609375e-05,4.785815235663904e-06,0.0,0,0.10249966444653857,T4,3,GenuineIntel,6,85,24
pilot-015-modal-l4-rep1-20260811T175410Z.csv,20260811T175410Z,NVIDIA L4,modal,8,8,1,1,compiled-cpu,1.0,30,6.956133333333333,0.3191424342889629,6.852423,6.657812,8.061549,,27496.641934,13383.638671875,True,True,4.410743713378906e-06,3.2164530239242595e-06,0.0,0,0.04587928652253593,L4,1,GenuineIntel,6,85,24
pilot-015-modal-l4-rep1-20260811T175410Z.csv,20260811T175410Z,NVIDIA L4,modal,8,8,1,1,compiled-cpu,8.0,30,7.469771433333333,0.21706878163537888,7.433847,7.00775,8.006647,,27496.641934,14519.232421875,True,True,4.410743713378906e-06,3.2164530239242595e-06,0.0,0,0.029059628339727316,L4,1,GenuineIntel,6,85,24
pilot-015-modal-l4-rep1-20260811T175410Z.csv,20260811T175410Z,NVIDIA L4,modal,8,8,1,1,compiled-gpu-resident,,30,7.924227566666667,0.6348214780380325,7.6732005,7.446813,10.050244,7.620543956756592,2002.218563,14986.7197265625,True,True,4.410743713378906e-06,3.2164530239242595e-06,0.0,0,0.08011146483329361,L4,1,GenuineIntel,6,85,24
pilot-015-modal-l4-rep1-20260811T175410Z.csv,20260811T175410Z,NVIDIA L4,modal,8,8,1,64,compiled-cpu,1.0,30,0.9462877666666666,0.10401168855094868,0.9088105,0.815334,1.342903,,23895.602233,1775.0205078125,True,True,4.410743713378906e-06,3.2164530239242595e-06,0.0,0,0.10991549528039835,L4,1,GenuineIntel,6,85,24
pilot-015-modal-l4-rep1-20260811T175410Z.csv,20260811T175410Z,NVIDIA L4,modal,8,8,1,64,compiled-cpu,8.0,30,0.9300974,0.09742108735955084,0.911739,0.82311,1.251936,,23895.602233,1780.740234375,True,True,4.410743713378906e-06,3.2164530239242595e-06,0.0,0,0.10474288752936073,L4,1,GenuineIntel,6,85,24
pilot-015-modal-l4-rep1-20260811T175410Z.csv,20260811T175410Z,NVIDIA L4,modal,8,8,1,64,compiled-gpu-resident,,30,0.40669513333333335,0.10180684181118586,0.375464,0.31111,0.731068,0.3228159993886947,17590.162854,733.328125,True,True,4.410743713378906e-06,3.2164530239242595e-06,0.0,0,0.2503271700764205,L4,1,GenuineIntel,6,85,24
pilot-015-modal-l4-rep1-20260811T175410Z.csv,20260811T175410Z,NVIDIA L4,modal,16,8,1,1,compiled-cpu,1.0,30,8.5161294,0.20833383034705594,8.4839465,8.241578,9.281474,,1696.400496,8285.10400390625,True,True,2.1457672119140625e-06,3.260239054725389e-06,0.0,0,0.02446344114346782,L4,1,GenuineIntel,6,85,24
pilot-015-modal-l4-rep1-20260811T175410Z.csv,20260811T175410Z,NVIDIA L4,modal,16,8,1,1,compiled-cpu,8.0,30,8.5173384,0.14848116888697166,8.50587,8.276164,8.894554,,1696.400496,8306.513671875,True,True,2.1457672119140625e-06,3.260239054725389e-06,0.0,0,0.017432813152870815,L4,1,GenuineIntel,6,85,24
pilot-015-modal-l4-rep1-20260811T175410Z.csv,20260811T175410Z,NVIDIA L4,modal,16,8,1,1,compiled-gpu-resident,,30,7.873554766666667,0.15050510933925,7.8605955000000005,7.586135,8.252901,7.80404806137085,1445.798969,7676.36279296875,True,True,2.1457672119140625e-06,3.260239054725389e-06,0.0,0,0.019115267982439847,L4,1,GenuineIntel,6,85,24
pilot-015-modal-l4-rep1-20260811T175410Z.csv,20260811T175410Z,NVIDIA L4,modal,16,8,1,64,compiled-cpu,1.0,30,0.9888985666666666,0.08580778822127073,0.992501,0.845112,1.245929,,23182.158126,969.2392578125,True,True,2.1457672119140625e-06,3.260239054725389e-06,0.0,0,0.0867710714866416,L4,1,GenuineIntel,6,85,24
pilot-015-modal-l4-rep1-20260811T175410Z.csv,20260811T175410Z,NVIDIA L4,modal,16,8,1,64,compiled-cpu,8.0,30,0.9862129666666667,0.07643498326862327,0.9700845,0.843775,1.27242,,23182.158126,947.34814453125,True,True,2.1457672119140625e-06,3.260239054725389e-06,0.0,0,0.07750352697852712,L4,1,GenuineIntel,6,85,24
pilot-015-modal-l4-rep1-20260811T175410Z.csv,20260811T175410Z,NVIDIA L4,modal,16,8,1,64,compiled-gpu-resident,,30,0.377667,0.10422816811373412,0.34007,0.311431,0.800187,0.29179200530052185,17755.030736,332.099609375,True,True,2.1457672119140625e-06,3.260239054725389e-06,0.0,0,0.2759790188545309,L4,1,GenuineIntel,6,85,24
pilot-015-modal-l4-rep1-20260811T175410Z.csv,20260811T175410Z,NVIDIA L4,modal,32,8,1,1,compiled-cpu,1.0,30,8.815189033333333,0.5804078967370467,8.625022,8.183702,10.864855,,1621.791831,4211.4365234375,True,True,5.960464477539063e-06,3.8327552829287015e-06,0.0,0,0.0658417981216648,L4,1,GenuineIntel,6,85,24
pilot-015-modal-l4-rep1-20260811T175410Z.csv,20260811T175410Z,NVIDIA L4,modal,32,8,1,1,compiled-cpu,8.0,30,8.517333866666666,0.12553396982290838,8.522224,8.21464,8.862076,,1621.791831,4161.2421875,True,True,5.960464477539063e-06,3.8327552829287015e-06,0.0,0,0.014738646128948471,L4,1,GenuineIntel,6,85,24
pilot-015-modal-l4-rep1-20260811T175410Z.csv,20260811T175410Z,NVIDIA L4,modal,32,8,1,1,compiled-gpu-resident,,30,7.972919133333333,0.15185433347301405,7.9641795,7.664699,8.399307,7.908783912658691,1605.06943,3888.759521484375,True,True,5.960464477539063e-06,3.8327552829287015e-06,0.0,0,0.019046265355701218,L4,1,GenuineIntel,6,85,24
pilot-015-modal-l4-rep1-20260811T175410Z.csv,20260811T175410Z,NVIDIA L4,modal,32,8,1,64,compiled-cpu,1.0,30,0.9973339,0.11290638557927465,0.9853245,0.853101,1.379181,,22718.708914,481.115478515625,True,True,5.960464477539063e-06,3.8327552829287015e-06,0.0,0,0.11320820998792346,L4,1,GenuineIntel,6,85,24
pilot-015-modal-l4-rep1-20260811T175410Z.csv,20260811T175410Z,NVIDIA L4,modal,32,8,1,64,compiled-cpu,8.0,30,0.9439106666666667,0.08309542257667027,0.9110535,0.848263,1.283353,,22718.708914,444.850341796875,True,True,5.960464477539063e-06,3.8327552829287015e-06,0.0,0,0.088033142871575,L4,1,GenuineIntel,6,85,24
pilot-015-modal-l4-rep1-20260811T175410Z.csv,20260811T175410Z,NVIDIA L4,modal,32,8,1,64,compiled-gpu-resident,,30,0.36012833333333333,0.05289477618581183,0.340736,0.297331,0.536483,0.3003839999437332,17950.560917,166.375,True,True,5.960464477539063e-06,3.8327552829287015e-06,0.0,0,0.14687757471404683,L4,1,GenuineIntel,6,85,24
pilot-015-modal-l4-rep1-20260811T175410Z.csv,20260811T175410Z,NVIDIA L4,modal,64,8,1,1,compiled-cpu,1.0,30,8.712632366666666,0.19401845109030638,8.6929805,8.442986,9.3978,,1670.815418,2122.3096923828125,True,True,4.529953002929688e-06,4.605160484061344e-06,0.0,0,0.022268637413486458,L4,1,GenuineIntel,6,85,24
pilot-015-modal-l4-rep1-20260811T175410Z.csv,20260811T175410Z,NVIDIA L4,modal,64,8,1,1,compiled-cpu,8.0,30,8.930906166666666,0.5244453016886664,8.773817000000001,8.419927,10.682885,,1670.815418,2142.045166015625,True,True,4.529953002929688e-06,4.605160484061344e-06,0.0,0,0.058722518398646235,L4,1,GenuineIntel,6,85,24
pilot-015-modal-l4-rep1-20260811T175410Z.csv,20260811T175410Z,NVIDIA L4,modal,64,8,1,1,compiled-gpu-resident,,30,7.723523633333333,0.1517941479312401,7.697405,7.399181,8.131571,7.644207954406738,1143.945849,1879.249267578125,True,True,4.529953002929688e-06,4.605160484061344e-06,0.0,0,0.01965348397150285,L4,1,GenuineIntel,6,85,24
pilot-015-modal-l4-rep1-20260811T175410Z.csv,20260811T175410Z,NVIDIA L4,modal,64,8,1,64,compiled-cpu,1.0,30,0.9663903,0.09068338332490543,0.947094,0.908161,1.411801,,23912.272723,231.22412109375,True,True,4.529953002929688e-06,4.605160484061344e-06,0.0,0,0.09383722428185116,L4,1,GenuineIntel,6,85,24
pilot-015-modal-l4-rep1-20260811T175410Z.csv,20260811T175410Z,NVIDIA L4,modal,64,8,1,64,compiled-cpu,8.0,30,1.0510725333333333,0.08340001341384719,1.0483565000000001,0.878587,1.377431,,23912.272723,255.9464111328125,True,True,4.529953002929688e-06,4.605160484061344e-06,0.0,0,0.0793475338465514,L4,1,GenuineIntel,6,85,24
pilot-015-modal-l4-rep1-20260811T175410Z.csv,20260811T175410Z,NVIDIA L4,modal,64,8,1,64,compiled-gpu-resident,,30,0.362207,0.05739595799657696,0.347823,0.276337,0.530438,0.30135999619960785,18227.06148,84.917724609375,True,True,4.529953002929688e-06,4.605160484061344e-06,0.0,0,0.15846175804602605,L4,1,GenuineIntel,6,85,24
pilot-015-modal-l4-rep1-20260811T175410Z.csv,20260811T175410Z,NVIDIA L4,modal,128,8,1,1,compiled-cpu,1.0,30,8.673348066666668,0.13176780842489125,8.6426005,8.309197,9.063496,,1674.935986,1055.0049438476562,True,True,7.867813110351562e-06,4.265566531103104e-06,0.0,0,0.01519226571008952,L4,1,GenuineIntel,6,85,24
pilot-015-modal-l4-rep1-20260811T175410Z.csv,20260811T175410Z,NVIDIA L4,modal,128,8,1,1,compiled-cpu,8.0,30,8.937828666666666,0.1638624043408608,8.911633,8.546037,9.403939,,1674.935986,1087.8458251953125,True,True,7.867813110351562e-06,4.265566531103104e-06,0.0,0,0.018333580834009513,L4,1,GenuineIntel,6,85,24
pilot-015-modal-l4-rep1-20260811T175410Z.csv,20260811T175410Z,NVIDIA L4,modal,128,8,1,1,compiled-gpu-resident,,30,8.231968566666668,0.20187200289047677,8.1677885,8.022033,8.780546,8.111088275909424,1924.480838,997.0444946289062,True,True,7.867813110351562e-06,4.265566531103104e-06,0.0,0,0.024522931696788517,L4,1,GenuineIntel,6,85,24
pilot-015-modal-l4-rep1-20260811T175410Z.csv,20260811T175410Z,NVIDIA L4,modal,128,8,1,64,compiled-cpu,1.0,30,1.1453194666666666,0.09291690765770919,1.137966,0.970305,1.457859,,24141.568335,138.911865234375,True,True,7.867813110351562e-06,4.265566531103104e-06,0.0,0,0.08112750229255615,L4,1,GenuineIntel,6,85,24
pilot-015-modal-l4-rep1-20260811T175410Z.csv,20260811T175410Z,NVIDIA L4,modal,128,8,1,64,compiled-cpu,8.0,30,1.1018769,0.07820943470131972,1.0944175,0.97414,1.327281,,24141.568335,133.59588623046875,True,True,7.867813110351562e-06,4.265566531103104e-06,0.0,0,0.07097837762214611,L4,1,GenuineIntel,6,85,24
pilot-015-modal-l4-rep1-20260811T175410Z.csv,20260811T175410Z,NVIDIA L4,modal,128,8,1,64,compiled-gpu-resident,,30,0.37975013333333335,0.08050897954575532,0.3549375,0.310564,0.731376,0.3111199885606766,18608.313496,43.32733154296875,True,True,7.867813110351562e-06,4.265566531103104e-06,0.0,0,0.21200513832364332,L4,1,GenuineIntel,6,85,24
pilot-015-modal-l4-rep1-20260811T175410Z.csv,20260811T175410Z,NVIDIA L4,modal,256,8,1,1,compiled-cpu,1.0,30,9.062309599999999,0.9806604285059582,8.861729,8.50786,14.127743,,1614.562761,540.8770141601562,True,True,7.62939453125e-06,5.183574558031978e-06,0.0,0,0.10821307942358958,L4,1,GenuineIntel,6,85,24
pilot-015-modal-l4-rep1-20260811T175410Z.csv,20260811T175410Z,NVIDIA L4,modal,256,8,1,1,compiled-cpu,8.0,30,12.3272144,0.5298691453111793,12.090864,11.798254,13.569676,,1614.562761,737.9677734375,True,True,7.62939453125e-06,5.183574558031978e-06,0.0,0,0.042983688619156274,L4,1,GenuineIntel,6,85,24
pilot-015-modal-l4-rep1-20260811T175410Z.csv,20260811T175410Z,NVIDIA L4,modal,256,8,1,1,compiled-gpu-resident,,30,7.8545335666666665,0.8935243443671845,7.559446,7.460117,10.946407,7.50870418548584,1877.634241,461.3919677734375,True,True,7.62939453125e-06,5.183574558031978e-06,0.0,0,0.11375905861032323,L4,1,GenuineIntel,6,85,24
pilot-015-modal-l4-rep1-20260811T175410Z.csv,20260811T175410Z,NVIDIA L4,modal,256,8,1,64,compiled-cpu,1.0,30,1.3174512999999999,0.08168228923222727,1.3109950000000001,1.147911,1.650864,,23130.369999,80.01678466796875,True,True,7.62939453125e-06,5.183574558031978e-06,0.0,0,0.06200023426461933,L4,1,GenuineIntel,6,85,24
pilot-015-modal-l4-rep1-20260811T175410Z.csv,20260811T175410Z,NVIDIA L4,modal,256,8,1,64,compiled-cpu,8.0,30,2.7608549333333334,0.027558108216605877,2.7600144999999996,2.709371,2.833312,,23130.369999,168.45791625976562,True,True,7.62939453125e-06,5.183574558031978e-06,0.0,0,0.00998172989239005,L4,1,GenuineIntel,6,85,24
pilot-015-modal-l4-rep1-20260811T175410Z.csv,20260811T175410Z,NVIDIA L4,modal,256,8,1,64,compiled-gpu-resident,,30,0.3803818,0.11266441840396393,0.332958,0.287526,0.76671,0.2943360060453415,19878.47207,20.3221435546875,True,True,7.62939453125e-06,5.183574558031978e-06,0.0,0,0.29618772087403744,L4,1,GenuineIntel,6,85,24
pilot-016-modal-l4-rep2-20260811T175411Z.csv,20260811T175411Z,NVIDIA L4,modal,8,8,1,1,compiled-cpu,1.0,30,7.181032233333334,0.19506682954570376,7.1521539999999995,6.862631,8.019021,,1567.127033,13969.05078125,True,True,6.437301635742188e-06,3.010847649420612e-06,0.0,0,0.027164176849148673,L4,2,GenuineIntel,6,85,21
pilot-016-modal-l4-rep2-20260811T175411Z.csv,20260811T175411Z,NVIDIA L4,modal,8,8,1,1,compiled-cpu,8.0,30,6.9619093,0.10894069691513444,6.959801000000001,6.789784,7.301536,,1567.127033,13593.361328125,True,True,6.437301635742188e-06,3.010847649420612e-06,0.0,0,0.015648106319789953,L4,2,GenuineIntel,6,85,21
pilot-016-modal-l4-rep2-20260811T175411Z.csv,20260811T175411Z,NVIDIA L4,modal,8,8,1,1,compiled-gpu-resident,,30,7.515265833333333,0.12027778176545967,7.4946345,7.364888,7.917801,7.439823865890503,1256.17888,14637.9580078125,True,True,6.437301635742188e-06,3.010847649420612e-06,0.0,0,0.01600446137673236,L4,2,GenuineIntel,6,85,21
pilot-016-modal-l4-rep2-20260811T175411Z.csv,20260811T175411Z,NVIDIA L4,modal,8,8,1,64,compiled-cpu,1.0,30,0.8823302333333333,0.05021570090339818,0.8624525000000001,0.81785,0.985929,,20626.186694,1684.4775390625,True,True,6.437301635742188e-06,3.010847649420612e-06,0.0,0,0.05691259236770063,L4,2,GenuineIntel,6,85,21
pilot-016-modal-l4-rep2-20260811T175411Z.csv,20260811T175411Z,NVIDIA L4,modal,8,8,1,64,compiled-cpu,8.0,30,0.9255368666666667,0.04074884447164991,0.929026,0.817012,1.020388,,20626.186694,1814.50390625,True,True,6.437301635742188e-06,3.010847649420612e-06,0.0,0,0.04402725157605814,L4,2,GenuineIntel,6,85,21
pilot-016-modal-l4-rep2-20260811T175411Z.csv,20260811T175411Z,NVIDIA L4,modal,8,8,1,64,compiled-gpu-resident,,30,0.3381289,0.03181786100588246,0.33362899999999995,0.296504,0.421513,0.2939519882202148,15313.140651,651.619140625,True,True,6.437301635742188e-06,3.010847649420612e-06,0.0,0,0.09409979746150789,L4,2,GenuineIntel,6,85,21
pilot-016-modal-l4-rep2-20260811T175411Z.csv,20260811T175411Z,NVIDIA L4,modal,16,8,1,1,compiled-cpu,1.0,30,7.9758952333333335,0.29587207585509956,8.063875,7.351819,8.694052,,1491.458088,7874.877929687499,True,True,7.62939453125e-06,3.954511612391798e-06,0.0,0,0.037095782629964026,L4,2,GenuineIntel,6,85,21
pilot-016-modal-l4-rep2-20260811T175411Z.csv,20260811T175411Z,NVIDIA L4,modal,16,8,1,1,compiled-cpu,8.0,30,8.035537933333334,0.10006376960750822,8.026293,7.80716,8.268426,,1491.458088,7838.176757812501,True,True,7.62939453125e-06,3.954511612391798e-06,0.0,0,0.012452653504679476,L4,2,GenuineIntel,6,85,21
pilot-016-modal-l4-rep2-20260811T175411Z.csv,20260811T175411Z,NVIDIA L4,modal,16,8,1,1,compiled-gpu-resident,,30,7.792933233333333,0.13627271376726657,7.760696,7.611721,8.155643,7.708672046661377,1228.2902,7578.8046875,True,True,7.62939453125e-06,3.954511612391798e-06,0.0,0,0.017486703618141686,L4,2,GenuineIntel,6,85,21
pilot-016-modal-l4-rep2-20260811T175411Z.csv,20260811T175411Z,NVIDIA L4,modal,16,8,1,64,compiled-cpu,1.0,30,0.9137916666666667,0.054832157957706275,0.8934565000000001,0.837018,1.011112,,21268.236918,872.51611328125,True,True,7.62939453125e-06,3.954511612391798e-06,0.0,0,0.06000509739569334,L4,2,GenuineIntel,6,85,21
pilot-016-modal-l4-rep2-20260811T175411Z.csv,20260811T175411Z,NVIDIA L4,modal,16,8,1,64,compiled-cpu,8.0,30,0.9371828666666667,0.04205223013048332,0.937347,0.845357,1.018977,,21268.236918,915.3779296875,True,True,7.62939453125e-06,3.954511612391798e-06,0.0,0,0.044870890864717745,L4,2,GenuineIntel,6,85,21
pilot-016-modal-l4-rep2-20260811T175411Z.csv,20260811T175411Z,NVIDIA L4,modal,16,8,1,64,compiled-gpu-resident,,30,0.3326183,0.03499759177641051,0.328285,0.287927,0.443968,0.28671999275684357,15401.019565,320.5908203125,True,True,7.62939453125e-06,3.954511612391798e-06,0.0,0,0.10521847948958464,L4,2,GenuineIntel,6,85,21
pilot-016-modal-l4-rep2-20260811T175411Z.csv,20260811T175411Z,NVIDIA L4,modal,32,8,1,1,compiled-cpu,1.0,30,8.126963933333334,0.09123402057419888,8.147870000000001,7.86428,8.3138,,1483.095169,3978.4521484375,True,True,9.5367431640625e-06,5.009530013921904e-06,0.0,0,0.011226089019540976,L4,2,GenuineIntel,6,85,21
pilot-016-modal-l4-rep2-20260811T175411Z.csv,20260811T175411Z,NVIDIA L4,modal,32,8,1,1,compiled-cpu,8.0,30,8.426065433333333,0.10522395969244623,8.4395715,8.092067,8.657388,,1483.095169,4120.884521484375,True,True,9.5367431640625e-06,5.009530013921904e-06,0.0,0,0.01248791153177882,L4,2,GenuineIntel,6,85,21
pilot-016-modal-l4-rep2-20260811T175411Z.csv,20260811T175411Z,NVIDIA L4,modal,32,8,1,1,compiled-gpu-resident,,30,7.489947099999999,0.06600787907533552,7.497839,7.31681,7.595563,7.445456027984619,1443.519765,3661.05419921875,True,True,9.5367431640625e-06,5.009530013921904e-06,0.0,0,0.008812863187690008,L4,2,GenuineIntel,6,85,21
pilot-016-modal-l4-rep2-20260811T175411Z.csv,20260811T175411Z,NVIDIA L4,modal,32,8,1,64,compiled-cpu,1.0,30,0.9152131,0.03941679078274062,0.9080524999999999,0.830077,1.02604,,21544.690581,443.385009765625,True,True,9.5367431640625e-06,5.009530013921904e-06,0.0,0,0.043068429399383185,L4,2,GenuineIntel,6,85,21
pilot-016-modal-l4-rep2-20260811T175411Z.csv,20260811T175411Z,NVIDIA L4,modal,32,8,1,64,compiled-cpu,8.0,30,0.9311050000000001,0.04445648292276475,0.9134785000000001,0.852881,1.028368,,21544.690581,446.034423828125,True,True,9.5367431640625e-06,5.009530013921904e-06,0.0,0,0.04774593941903947,L4,2,GenuineIntel,6,85,21
pilot-016-modal-l4-rep2-20260811T175411Z.csv,20260811T175411Z,NVIDIA L4,modal,32,8,1,64,compiled-gpu-resident,,30,0.3298944,0.028733909603043263,0.3302165,0.291012,0.407829,0.2900959998369217,15944.166342,161.238525390625,True,True,9.5367431640625e-06,5.009530013921904e-06,0.0,0,0.0871003254466983,L4,2,GenuineIntel,6,85,21
pilot-016-modal-l4-rep2-20260811T175411Z.csv,20260811T175411Z,NVIDIA L4,modal,64,8,1,1,compiled-cpu,1.0,30,8.538173266666666,0.09802197838835834,8.529561999999999,8.27214,8.712108,,1576.573194,2082.41259765625,True,True,6.67572021484375e-06,3.825154180958634e-06,0.0,0,0.011480439120513008,L4,2,GenuineIntel,6,85,21
pilot-016-modal-l4-rep2-20260811T175411Z.csv,20260811T175411Z,NVIDIA L4,modal,64,8,1,1,compiled-cpu,8.0,30,8.684749833333333,0.10459218162910992,8.6801005,8.390942,8.984836,,1576.573194,2119.1651611328125,True,True,6.67572021484375e-06,3.825154180958634e-06,0.0,0,0.012043200280527359,L4,2,GenuineIntel,6,85,21
pilot-016-modal-l4-rep2-20260811T175411Z.csv,20260811T175411Z,NVIDIA L4,modal,64,8,1,1,compiled-gpu-resident,,30,7.609120666666667,0.16746461206997468,7.5958380000000005,7.35363,8.35337,7.546000003814697,1053.607343,1854.45263671875,True,True,6.67572021484375e-06,3.825154180958634e-06,0.0,0,0.02200840536063361,L4,2,GenuineIntel,6,85,21
pilot-016-modal-l4-rep2-20260811T175411Z.csv,20260811T175411Z,NVIDIA L4,modal,64,8,1,64,compiled-cpu,1.0,30,0.9483812333333332,0.032219054059064466,0.9387890000000001,0.891255,1.027576,,45624.497669,229.196533203125,True,True,6.67572021484375e-06,3.825154180958634e-06,0.0,0,0.03397268200449538,L4,2,GenuineIntel,6,85,21
pilot-016-modal-l4-rep2-20260811T175411Z.csv,20260811T175411Z,NVIDIA L4,modal,64,8,1,64,compiled-cpu,8.0,30,0.9907714333333334,0.04403594383250508,0.9905165,0.909849,1.066438,,45624.497669,241.8253173828125,True,True,6.67572021484375e-06,3.825154180958634e-06,0.0,0,0.04444611779363818,L4,2,GenuineIntel,6,85,21
pilot-016-modal-l4-rep2-20260811T175411Z.csv,20260811T175411Z,NVIDIA L4,modal,64,8,1,64,compiled-gpu-resident,,30,0.3334187,0.031241014658728635,0.3306395,0.283198,0.401169,0.2913760095834732,17296.361596,80.7225341796875,True,True,6.67572021484375e-06,3.825154180958634e-06,0.0,0,0.09369904765008272,L4,2,GenuineIntel,6,85,21
pilot-016-modal-l4-rep2-20260811T175411Z.csv,20260811T175411Z,NVIDIA L4,modal,128,8,1,1,compiled-cpu,1.0,30,8.7333055,0.16910691935490652,8.713960499999999,8.405883,9.446044,,1507.984518,1063.7158813476562,True,True,7.152557373046875e-06,3.788546109717572e-06,0.0,0,0.01936344942415063,L4,2,GenuineIntel,6,85,21
pilot-016-modal-l4-rep2-20260811T175411Z.csv,20260811T175411Z,NVIDIA L4,modal,128,8,1,1,compiled-cpu,8.0,30,8.63981,0.11929482102352276,8.627956000000001,8.418888,8.899078,,1507.984518,1053.21728515625,True,True,7.152557373046875e-06,3.788546109717572e-06,0.0,0,0.013807574590589695,L4,2,GenuineIntel,6,85,21
pilot-016-modal-l4-rep2-20260811T175411Z.csv,20260811T175411Z,NVIDIA L4,modal,128,8,1,1,compiled-gpu-resident,,30,7.6843297,0.09131220407996608,7.6841715,7.483886,7.836573,7.634160041809082,1654.46641,938.0092163085938,True,True,7.152557373046875e-06,3.788546109717572e-06,0.0,0,0.011882910760578907,L4,2,GenuineIntel,6,85,21
pilot-016-modal-l4-rep2-20260811T175411Z.csv,20260811T175411Z,NVIDIA L4,modal,128,8,1,64,compiled-cpu,1.0,30,1.0899110333333333,0.03220263000020161,1.0899109999999999,0.977144,1.134487,,21947.96435,133.0457763671875,True,True,7.152557373046875e-06,3.788546109717572e-06,0.0,0,0.029546108824785988,L4,2,GenuineIntel,6,85,21
pilot-016-modal-l4-rep2-20260811T175411Z.csv,20260811T175411Z,NVIDIA L4,modal,128,8,1,64,compiled-cpu,8.0,30,1.0875131666666666,0.03679200443507497,1.0921159999999999,0.966671,1.15019,,21947.96435,133.31494140625,True,True,7.152557373046875e-06,3.788546109717572e-06,0.0,0,0.033831318610924074,L4,2,GenuineIntel,6,85,21
pilot-016-modal-l4-rep2-20260811T175411Z.csv,20260811T175411Z,NVIDIA L4,modal,128,8,1,64,compiled-gpu-resident,,30,0.33328136666666663,0.0303680105901876,0.318911,0.301502,0.403045,0.2777920067310333,17300.505852,38.9295654296875,True,True,7.152557373046875e-06,3.788546109717572e-06,0.0,0,0.09111823710372728,L4,2,GenuineIntel,6,85,21
pilot-016-modal-l4-rep2-20260811T175411Z.csv,20260811T175411Z,NVIDIA L4,modal,256,8,1,1,compiled-cpu,1.0,30,8.894034133333333,0.1297969820728624,8.903075999999999,8.617423,9.209763,,1491.30097,543.400634765625,True,True,8.106231689453125e-06,5.083974883746123e-06,0.0,0,0.014593713058330335,L4,2,GenuineIntel,6,85,21
pilot-016-modal-l4-rep2-20260811T175411Z.csv,20260811T175411Z,NVIDIA L4,modal,256,8,1,1,compiled-cpu,8.0,30,11.5513587,0.1817067134666132,11.4910225,11.257158,11.974549,,1491.30097,701.3563537597656,True,True,8.106231689453125e-06,5.083974883746123e-06,0.0,0,0.015730332525005324,L4,2,GenuineIntel,6,85,21
pilot-016-modal-l4-rep2-20260811T175411Z.csv,20260811T175411Z,NVIDIA L4,modal,256,8,1,1,compiled-gpu-resident,,30,7.6487987,0.08038250965320921,7.6530565,7.49791,7.858367,7.602352142333984,1691.717245,467.1054992675781,True,True,8.106231689453125e-06,5.083974883746123e-06,0.0,0,0.010509167884521423,L4,2,GenuineIntel,6,85,21
pilot-016-modal-l4-rep2-20260811T175411Z.csv,20260811T175411Z,NVIDIA L4,modal,256,8,1,64,compiled-cpu,1.0,30,1.2870183,0.028468404033546377,1.284937,1.210176,1.344476,,21178.739165,78.42633056640625,True,True,8.106231689453125e-06,5.083974883746123e-06,0.0,0,0.022119657532100653,L4,2,GenuineIntel,6,85,21
pilot-016-modal-l4-rep2-20260811T175411Z.csv,20260811T175411Z,NVIDIA L4,modal,256,8,1,64,compiled-cpu,8.0,30,2.272821366666667,0.06654757667055158,2.2505360000000003,2.209611,2.562168,,21178.739165,137.36181640625,True,True,8.106231689453125e-06,5.083974883746123e-06,0.0,0,0.029279721515532323,L4,2,GenuineIntel,6,85,21
pilot-016-modal-l4-rep2-20260811T175411Z.csv,20260811T175411Z,NVIDIA L4,modal,256,8,1,64,compiled-gpu-resident,,30,0.3457922,0.034177757500335255,0.33739549999999996,0.305374,0.4284,0.2930239886045456,17043.825695,20.592987060546875,True,True,8.106231689453125e-06,5.083974883746123e-06,0.0,0,0.09883900649099446,L4,2,GenuineIntel,6,85,21
pilot-017-modal-l4-rep3-20260811T175411Z.csv,20260811T175411Z,NVIDIA L4,modal,8,8,1,1,compiled-cpu,1.0,30,7.475692833333333,0.19635939171397307,7.4607535,7.057047,8.160118,,1599.604789,14571.7841796875,True,True,3.337860107421875e-06,3.409520331842941e-06,0.0,0,0.0262663804000115,L4,3,GenuineIntel,6,85,24
pilot-017-modal-l4-rep3-20260811T175411Z.csv,20260811T175411Z,NVIDIA L4,modal,8,8,1,1,compiled-cpu,8.0,30,7.358206766666667,0.2708164674656967,7.312995,7.116682,8.721438,,1599.604789,14283.193359375,True,True,3.337860107421875e-06,3.409520331842941e-06,0.0,0,0.03680468299593312,L4,3,GenuineIntel,6,85,24
pilot-017-modal-l4-rep3-20260811T175411Z.csv,20260811T175411Z,NVIDIA L4,modal,8,8,1,1,compiled-gpu-resident,,30,8.0156657,0.11813190423921377,8.013027000000001,7.797012,8.396136,7.960560083389282,1401.543692,15650.443359375,True,True,3.337860107421875e-06,3.409520331842941e-06,0.0,0,0.014737628621315104,L4,3,GenuineIntel,6,85,24
pilot-017-modal-l4-rep3-20260811T175411Z.csv,20260811T175411Z,NVIDIA L4,modal,8,8,1,64,compiled-cpu,1.0,30,0.9049043999999999,0.04505114011998307,0.8857444999999999,0.841336,0.998758,,22567.741345,1729.9697265625,True,True,3.337860107421875e-06,3.409520331842941e-06,0.0,0,0.0497855244377009,L4,3,GenuineIntel,6,85,24
pilot-017-modal-l4-rep3-20260811T175411Z.csv,20260811T175411Z,NVIDIA L4,modal,8,8,1,64,compiled-cpu,8.0,30,0.9462024666666667,0.09016685661086925,0.924238,0.847213,1.329092,,22567.741345,1805.15234375,True,True,3.337860107421875e-06,3.409520331842941e-06,0.0,0,0.09529340684189287,L4,3,GenuineIntel,6,85,24
pilot-017-modal-l4-rep3-20260811T175411Z.csv,20260811T175411Z,NVIDIA L4,modal,8,8,1,64,compiled-gpu-resident,,30,0.41061586666666666,0.08805169271737714,0.3945435,0.323578,0.77929,0.3452160060405731,17518.706168,770.5927734375,True,True,3.337860107421875e-06,3.409520331842941e-06,0.0,0,0.2144381156825986,L4,3,GenuineIntel,6,85,24
pilot-017-modal-l4-rep3-20260811T175411Z.csv,20260811T175411Z,NVIDIA L4,modal,16,8,1,1,compiled-cpu,1.0,30,8.4798367,0.11781720822386499,8.4601085,8.195445,8.736946,,1760.44429,8261.82470703125,True,True,3.576278686523437e-06,4.270080353308003e-06,0.0,0,0.01389380625972019,L4,3,GenuineIntel,6,85,24
pilot-017-modal-l4-rep3-20260811T175411Z.csv,20260811T175411Z,NVIDIA L4,modal,16,8,1,1,compiled-cpu,8.0,30,8.774690666666666,0.373981984052554,8.6598495,8.393571,10.036548,,1760.44429,8456.88427734375,True,True,3.576278686523437e-06,4.270080353308003e-06,0.0,0,0.04262053196624223,L4,3,GenuineIntel,6,85,24
pilot-017-modal-l4-rep3-20260811T175411Z.csv,20260811T175411Z,NVIDIA L4,modal,16,8,1,1,compiled-gpu-resident,,30,8.086271700000001,0.24135184509630261,7.9936585000000004,7.832837,8.889296,7.940576076507568,1432.974208,7806.30712890625,True,True,3.576278686523437e-06,4.270080353308003e-06,0.0,0,0.02984711051649459,L4,3,GenuineIntel,6,85,24
pilot-017-modal-l4-rep3-20260811T175411Z.csv,20260811T175411Z,NVIDIA L4,modal,16,8,1,64,compiled-cpu,1.0,30,0.9124798666666667,0.026151625629873537,0.906108,0.875127,1.012606,,22021.005047,884.87109375,True,True,3.576278686523437e-06,4.270080353308003e-06,0.0,0,0.028659948109766735,L4,3,GenuineIntel,6,85,24
pilot-017-modal-l4-rep3-20260811T175411Z.csv,20260811T175411Z,NVIDIA L4,modal,16,8,1,64,compiled-cpu,8.0,30,0.9187913333333333,0.03641410208766069,0.9200265000000001,0.841183,1.042293,,22021.005047,898.46337890625,True,True,3.576278686523437e-06,4.270080353308003e-06,0.0,0,0.0396326138118347,L4,3,GenuineIntel,6,85,24
pilot-017-modal-l4-rep3-20260811T175411Z.csv,20260811T175411Z,NVIDIA L4,modal,16,8,1,64,compiled-gpu-resident,,30,0.38125006666666666,0.08374022455144502,0.352335,0.311431,0.720732,0.3014239966869354,17118.870606,344.0771484375,True,True,3.576278686523437e-06,4.270080353308003e-06,0.0,0,0.21964645221861823,L4,3,GenuineIntel,6,85,24
pilot-017-modal-l4-rep3-20260811T175411Z.csv,20260811T175411Z,NVIDIA L4,modal,32,8,1,1,compiled-cpu,1.0,30,8.930683566666666,0.2685279187566374,8.9126435,8.356168,10.014266,,1683.6768,4351.876708984375,True,True,6.437301635742188e-06,3.752460088435328e-06,0.0,0,0.030068014027381348,L4,3,GenuineIntel,6,85,24
pilot-017-modal-l4-rep3-20260811T175411Z.csv,20260811T175411Z,NVIDIA L4,modal,32,8,1,1,compiled-cpu,8.0,30,8.857729533333332,0.1624953346652809,8.833939,8.438127,9.218441,,1683.6768,4313.44677734375,True,True,6.437301635742188e-06,3.752460088435328e-06,0.0,0,0.018345032330664403,L4,3,GenuineIntel,6,85,24
pilot-017-modal-l4-rep3-20260811T175411Z.csv,20260811T175411Z,NVIDIA L4,modal,32,8,1,1,compiled-gpu-resident,,30,7.7702371,0.1257337790523406,7.7490369999999995,7.668763,8.387152,7.695919990539551,1544.713703,3783.70947265625,True,True,6.437301635742188e-06,3.752460088435328e-06,0.0,0,0.0161814597719728,L4,3,GenuineIntel,6,85,24
pilot-017-modal-l4-rep3-20260811T175411Z.csv,20260811T175411Z,NVIDIA L4,modal,32,8,1,64,compiled-cpu,1.0,30,0.9708700333333334,0.03721508532050736,0.967752,0.904706,1.057741,,22348.849296,472.53515625,True,True,6.437301635742188e-06,3.752460088435328e-06,0.0,0,0.038331686057643644,L4,3,GenuineIntel,6,85,24
pilot-017-modal-l4-rep3-20260811T175411Z.csv,20260811T175411Z,NVIDIA L4,modal,32,8,1,64,compiled-cpu,8.0,30,0.9709984333333334,0.03473857548315489,0.9690115,0.904586,1.034371,,22348.849296,473.150146484375,True,True,6.437301635742188e-06,3.752460088435328e-06,0.0,0,0.035776139580268006,L4,3,GenuineIntel,6,85,24
pilot-017-modal-l4-rep3-20260811T175411Z.csv,20260811T175411Z,NVIDIA L4,modal,32,8,1,64,compiled-gpu-resident,,30,0.33284543333333333,0.027487515922039362,0.3260845,0.306442,0.426691,0.2797439992427826,17349.258578,159.220947265625,True,True,6.437301635742188e-06,3.752460088435328e-06,0.0,0,0.08258342512547424,L4,3,GenuineIntel,6,85,24
pilot-017-modal-l4-rep3-20260811T175411Z.csv,20260811T175411Z,NVIDIA L4,modal,64,8,1,1,compiled-cpu,1.0,30,8.8751423,0.20275802739177406,8.8272355,8.566603,9.497084,,1664.89104,2155.0867919921875,True,True,1.239776611328125e-05,3.507115479806089e-06,0.0,0,0.02284560861539922,L4,3,GenuineIntel,6,85,24
pilot-017-modal-l4-rep3-20260811T175411Z.csv,20260811T175411Z,NVIDIA L4,modal,64,8,1,1,compiled-cpu,8.0,30,8.721971833333333,0.11538923719907787,8.73175,8.389082,8.931708,,1664.89104,2131.77490234375,True,True,1.239776611328125e-05,3.507115479806089e-06,0.0,0,0.013229719082339528,L4,3,GenuineIntel,6,85,24
pilot-017-modal-l4-rep3-20260811T175411Z.csv,20260811T175411Z,NVIDIA L4,modal,64,8,1,1,compiled-gpu-resident,,30,7.970609166666667,0.27643481354824695,7.9255815,7.802877,9.387955,7.871984004974365,1675.184201,1934.9564208984375,True,True,1.239776611328125e-05,3.507115479806089e-06,0.0,0,0.034681767449382145,L4,3,GenuineIntel,6,85,24
pilot-017-modal-l4-rep3-20260811T175411Z.csv,20260811T175411Z,NVIDIA L4,modal,64,8,1,64,compiled-cpu,1.0,30,1.0859307333333335,0.07203451186898052,1.0839355,0.920249,1.293406,,22796.444488,264.6326904296875,True,True,1.239776611328125e-05,3.507115479806089e-06,0.0,0,0.06633435232822447,L4,3,GenuineIntel,6,85,24
pilot-017-modal-l4-rep3-20260811T175411Z.csv,20260811T175411Z,NVIDIA L4,modal,64,8,1,64,compiled-cpu,8.0,30,1.0571442666666666,0.09568228932971198,1.0330685000000002,0.892649,1.393242,,22796.444488,252.2139892578125,True,True,1.239776611328125e-05,3.507115479806089e-06,0.0,0,0.09051015301006408,L4,3,GenuineIntel,6,85,24
pilot-017-modal-l4-rep3-20260811T175411Z.csv,20260811T175411Z,NVIDIA L4,modal,64,8,1,64,compiled-gpu-resident,,30,0.3503716333333333,0.029369847713649967,0.3484625,0.307696,0.425266,0.30348800122737885,16467.858887,85.0738525390625,True,True,1.239776611328125e-05,3.507115479806089e-06,0.0,0,0.08382484459210872,L4,3,GenuineIntel,6,85,24
pilot-017-modal-l4-rep3-20260811T175411Z.csv,20260811T175411Z,NVIDIA L4,modal,128,8,1,1,compiled-cpu,1.0,30,9.1062329,0.25655984385476743,9.075566,8.398772,9.838943,,28737.53889,1107.857177734375,True,True,1.2874603271484377e-05,4.915643785352586e-06,0.0,0,0.028174092039175435,L4,3,GenuineIntel,6,85,24
pilot-017-modal-l4-rep3-20260811T175411Z.csv,20260811T175411Z,NVIDIA L4,modal,128,8,1,1,compiled-cpu,8.0,30,8.9639091,0.16473825332543085,8.969655,8.640073,9.56319,,28737.53889,1094.9285888671875,True,True,1.2874603271484377e-05,4.915643785352586e-06,0.0,0,0.018377947777876377,L4,3,GenuineIntel,6,85,24
pilot-017-modal-l4-rep3-20260811T175411Z.csv,20260811T175411Z,NVIDIA L4,modal,128,8,1,1,compiled-gpu-resident,,30,8.1113701,0.30311000466819854,8.028969,7.827717,9.359083,7.971776008605957,2677.713393,980.0987548828125,True,True,1.2874603271484377e-05,4.915643785352586e-06,0.0,0,0.03736853342053749,L4,3,GenuineIntel,6,85,24
pilot-017-modal-l4-rep3-20260811T175411Z.csv,20260811T175411Z,NVIDIA L4,modal,128,8,1,64,compiled-cpu,1.0,30,1.0881435666666666,0.03393155741080851,1.081934,1.004477,1.170112,,25576.263287,132.072021484375,True,True,1.2874603271484377e-05,4.915643785352586e-06,0.0,0,0.03118297846923984,L4,3,GenuineIntel,6,85,24
pilot-017-modal-l4-rep3-20260811T175411Z.csv,20260811T175411Z,NVIDIA L4,modal,128,8,1,64,compiled-cpu,8.0,30,1.0737191333333334,0.028466268094412887,1.077414,0.993687,1.134541,,25576.263287,131.520263671875,True,True,1.2874603271484377e-05,4.915643785352586e-06,0.0,0,0.026511838348302588,L4,3,GenuineIntel,6,85,24
pilot-017-modal-l4-rep3-20260811T175411Z.csv,20260811T175411Z,NVIDIA L4,modal,128,8,1,64,compiled-gpu-resident,,30,0.3493683,0.02850987334016786,0.345892,0.311535,0.438535,0.30401600897312164,18960.771965,42.22314453125,True,True,1.2874603271484377e-05,4.915643785352586e-06,0.0,0,0.08160406465087948,L4,3,GenuineIntel,6,85,24
pilot-017-modal-l4-rep3-20260811T175411Z.csv,20260811T175411Z,NVIDIA L4,modal,256,8,1,1,compiled-cpu,1.0,30,9.180717066666666,0.1903894571601055,9.1568225,8.785252,9.784881,,1584.616964,558.8880920410156,True,True,1.430511474609375e-05,4.785815235663904e-06,0.0,0,0.020737972402109117,L4,3,GenuineIntel,6,85,24
pilot-017-modal-l4-rep3-20260811T175411Z.csv,20260811T175411Z,NVIDIA L4,modal,256,8,1,1,compiled-cpu,8.0,30,12.421678766666666,0.4929740626364167,12.292562,11.825343,13.618108,,1584.616964,750.2784423828125,True,True,1.430511474609375e-05,4.785815235663904e-06,0.0,0,0.039686589220074106,L4,3,GenuineIntel,6,85,24
pilot-017-modal-l4-rep3-20260811T175411Z.csv,20260811T175411Z,NVIDIA L4,modal,256,8,1,1,compiled-gpu-resident,,30,8.001400533333333,0.13504338782284475,7.9778579999999994,7.730579,8.405434,7.925136089324951,1716.15437,486.9298095703125,True,True,1.430511474609375e-05,4.785815235663904e-06,0.0,0,0.01687746879565177,L4,3,GenuineIntel,6,85,24
pilot-017-modal-l4-rep3-20260811T175411Z.csv,20260811T175411Z,NVIDIA L4,modal,256,8,1,64,compiled-cpu,1.0,30,1.2629865,0.028252186756682778,1.258693,1.19177,1.318023,,22859.799312,76.82452392578125,True,True,1.430511474609375e-05,4.785815235663904e-06,0.0,0,0.02236934975685233,L4,3,GenuineIntel,6,85,24
pilot-017-modal-l4-rep3-20260811T175411Z.csv,20260811T175411Z,NVIDIA L4,modal,256,8,1,64,compiled-cpu,8.0,30,2.9661704,0.3605804958600258,2.8652249999999997,2.446237,3.630673,,22859.799312,174.87945556640625,True,True,1.430511474609375e-05,4.785815235663904e-06,0.0,0,0.12156432275773021,L4,3,GenuineIntel,6,85,24
pilot-017-modal-l4-rep3-20260811T175411Z.csv,20260811T175411Z,NVIDIA L4,modal,256,8,1,64,compiled-gpu-resident,,30,0.38504429999999995,0.09822773608625535,0.3431225,0.307336,0.750376,0.3034079968929291,18238.520226,20.942535400390625,True,True,1.430511474609375e-05,4.785815235663904e-06,0.0,0,0.2551076229053523,L4,3,GenuineIntel,6,85,24
pilot-018-modal-a10-rep1-20260811T180124Z.csv,20260811T180124Z,NVIDIA A10,modal,8,8,1,1,compiled-cpu,1.0,30,4.087494733333333,0.1831937163189667,4.000907,3.851651,4.470513,,20921.577808,7814.271484375,True,True,4.410743713378906e-06,3.2164530239242595e-06,0.0,0,0.04481809232071427,A10,1,GenuineIntel,6,106,24
pilot-018-modal-a10-rep1-20260811T180124Z.csv,20260811T180124Z,NVIDIA A10,modal,8,8,1,1,compiled-cpu,8.0,30,4.1886068666666665,0.09252597934624414,4.1880305,3.872147,4.399486,,20921.577808,8179.7470703125,True,True,4.410743713378906e-06,3.2164530239242595e-06,0.0,0,0.022089917314173053,A10,1,GenuineIntel,6,106,24
pilot-018-modal-a10-rep1-20260811T180124Z.csv,20260811T180124Z,NVIDIA A10,modal,8,8,1,1,compiled-gpu-resident,,30,4.780705866666667,0.1848456462516453,4.844595999999999,4.471037,5.232943,4.795520067214966,1210.512507,9462.1015625,True,True,4.410743713378906e-06,3.2164530239242595e-06,0.0,0,0.03866492760838441,A10,1,GenuineIntel,6,106,24
pilot-018-modal-a10-rep1-20260811T180124Z.csv,20260811T180124Z,NVIDIA A10,modal,8,8,1,64,compiled-cpu,1.0,30,0.5380072666666667,0.08677444542185941,0.486155,0.456406,0.807066,,14578.340324,949.521484375,True,True,4.410743713378906e-06,3.2164530239242595e-06,0.0,0,0.16128861225144434,A10,1,GenuineIntel,6,106,24
pilot-018-modal-a10-rep1-20260811T180124Z.csv,20260811T180124Z,NVIDIA A10,modal,8,8,1,64,compiled-cpu,8.0,30,0.5180103333333334,0.08701386901556249,0.47014049999999996,0.446526,0.795102,,14578.340324,918.2431640625,True,True,4.410743713378906e-06,3.2164530239242595e-06,0.0,0,0.1679770912206304,A10,1,GenuineIntel,6,106,24
pilot-018-modal-a10-rep1-20260811T180124Z.csv,20260811T180124Z,NVIDIA A10,modal,8,8,1,64,compiled-gpu-resident,,30,0.20682119999999998,0.07211763904057181,0.17092000000000002,0.161173,0.476346,0.14788799732923505,11180.546001,333.828125,True,True,4.410743713378906e-06,3.2164530239242595e-06,0.0,0,0.3486955836276543,A10,1,GenuineIntel,6,106,24
pilot-018-modal-a10-rep1-20260811T180124Z.csv,20260811T180124Z,NVIDIA A10,modal,16,8,1,1,compiled-cpu,1.0,30,4.2555514,0.11942679216346376,4.250415,3.919999,4.499985,,1234.92414,4150.7958984375,True,True,2.1457672119140625e-06,3.260239054725389e-06,0.0,0,0.028063764466213184,A10,1,GenuineIntel,6,106,24
pilot-018-modal-a10-rep1-20260811T180124Z.csv,20260811T180124Z,NVIDIA A10,modal,16,8,1,1,compiled-cpu,8.0,30,4.195836233333333,0.1481349211364969,4.200266,3.934804,4.790253,,1234.92414,4101.822265625,True,True,2.1457672119140625e-06,3.260239054725389e-06,0.0,0,0.03530521996060195,A10,1,GenuineIntel,6,106,24
pilot-018-modal-a10-rep1-20260811T180124Z.csv,20260811T180124Z,NVIDIA A10,modal,16,8,1,1,compiled-gpu-resident,,30,4.579099733333334,0.07511116912212192,4.5671420000000005,4.430922,4.716918,4.531680107116699,1578.100853,4460.099609375,True,True,2.1457672119140625e-06,3.260239054725389e-06,0.0,0,0.016403042846032334,A10,1,GenuineIntel,6,106,24
pilot-018-modal-a10-rep1-20260811T180124Z.csv,20260811T180124Z,NVIDIA A10,modal,16,8,1,64,compiled-cpu,1.0,30,0.5179296666666667,0.07894943566627302,0.4855525,0.458479,0.827567,,14550.472251,474.17236328125,True,True,2.1457672119140625e-06,3.260239054725389e-06,0.0,0,0.15243273507459446,A10,1,GenuineIntel,6,106,24
pilot-018-modal-a10-rep1-20260811T180124Z.csv,20260811T180124Z,NVIDIA A10,modal,16,8,1,64,compiled-cpu,8.0,30,0.5531202666666667,0.08466008419268581,0.5329965,0.468226,0.804443,,14550.472251,520.50439453125,True,True,2.1457672119140625e-06,3.260239054725389e-06,0.0,0,0.15305908912519653,A10,1,GenuineIntel,6,106,24
pilot-018-modal-a10-rep1-20260811T180124Z.csv,20260811T180124Z,NVIDIA A10,modal,16,8,1,64,compiled-gpu-resident,,30,0.2083582333333333,0.0667260481152721,0.1752675,0.159847,0.450395,0.15187200158834452,10490.127894,171.15966796875,True,True,2.1457672119140625e-06,3.260239054725389e-06,0.0,0,0.3202467550611412,A10,1,GenuineIntel,6,106,24
pilot-018-modal-a10-rep1-20260811T180124Z.csv,20260811T180124Z,NVIDIA A10,modal,32,8,1,1,compiled-cpu,1.0,30,4.786400733333333,0.1548641689577061,4.815621999999999,4.398941,5.087542,,1073.01965,2351.3779296875,True,True,5.960464477539063e-06,3.8327552829287015e-06,0.0,0,0.032355036192269676,A10,1,GenuineIntel,6,106,24
pilot-018-modal-a10-rep1-20260811T180124Z.csv,20260811T180124Z,NVIDIA A10,modal,32,8,1,1,compiled-cpu,8.0,30,4.5148711666666665,0.21067466864257992,4.5620305000000005,4.069614,4.886806,,1073.01965,2227.553955078125,True,True,5.960464477539063e-06,3.8327552829287015e-06,0.0,0,0.046662387666339816,A10,1,GenuineIntel,6,106,24
pilot-018-modal-a10-rep1-20260811T180124Z.csv,20260811T180124Z,NVIDIA A10,modal,32,8,1,1,compiled-gpu-resident,,30,4.6698843666666665,0.10963120166785004,4.646224,4.437132,4.867986,4.603919982910156,1013.337855,2268.6640625,True,True,5.960464477539063e-06,3.8327552829287015e-06,0.0,0,0.023476213340610848,A10,1,GenuineIntel,6,106,24
pilot-018-modal-a10-rep1-20260811T180124Z.csv,20260811T180124Z,NVIDIA A10,modal,32,8,1,64,compiled-cpu,1.0,30,0.5449258666666666,0.09295091102732238,0.48839449999999995,0.47078,0.831159,,14737.165971,238.473876953125,True,True,5.960464477539063e-06,3.8327552829287015e-06,0.0,0,0.17057533274371214,A10,1,GenuineIntel,6,106,24
pilot-018-modal-a10-rep1-20260811T180124Z.csv,20260811T180124Z,NVIDIA A10,modal,32,8,1,64,compiled-cpu,8.0,30,0.5456889666666667,0.05197347360647532,0.5275894999999999,0.472258,0.675237,,14737.165971,257.612060546875,True,True,5.960464477539063e-06,3.8327552829287015e-06,0.0,0,0.09524376848583645,A10,1,GenuineIntel,6,106,24
pilot-018-modal-a10-rep1-20260811T180124Z.csv,20260811T180124Z,NVIDIA A10,modal,32,8,1,64,compiled-gpu-resident,,30,0.2228984,0.06776271764315692,0.2108295,0.161944,0.460152,0.1825600042939186,11878.076697,102.944091796875,True,True,5.960464477539063e-06,3.8327552829287015e-06,0.0,0,0.30400719629731265,A10,1,GenuineIntel,6,106,24
pilot-018-modal-a10-rep1-20260811T180124Z.csv,20260811T180124Z,NVIDIA A10,modal,64,8,1,1,compiled-cpu,1.0,30,4.7103266999999995,0.23967530214512156,4.6820935,4.189434,5.691212,,1401.692351,1143.0892333984375,True,True,4.529953002929688e-06,4.605160484061344e-06,0.0,0,0.05088294664255912,A10,1,GenuineIntel,6,106,24
pilot-018-modal-a10-rep1-20260811T180124Z.csv,20260811T180124Z,NVIDIA A10,modal,64,8,1,1,compiled-cpu,8.0,30,4.6003692,0.2117105997470813,4.632827000000001,4.113339,4.942789,,1401.692351,1131.061279296875,True,True,4.529953002929688e-06,4.605160484061344e-06,0.0,0,0.0460203497899867,A10,1,GenuineIntel,6,106,24
pilot-018-modal-a10-rep1-20260811T180124Z.csv,20260811T180124Z,NVIDIA A10,modal,64,8,1,1,compiled-gpu-resident,,30,4.935974833333333,0.3609241719128429,4.865754,4.535738,6.676413,4.812896013259888,741.804403,1187.92822265625,True,True,4.529953002929688e-06,4.605160484061344e-06,0.0,0,0.0731211531864934,A10,1,GenuineIntel,6,106,24
pilot-018-modal-a10-rep1-20260811T180124Z.csv,20260811T180124Z,NVIDIA A10,modal,64,8,1,64,compiled-cpu,1.0,30,0.6024473333333333,0.09916043117936793,0.6210455,0.494085,0.88809,,15490.323027,151.6224365234375,True,True,4.529953002929688e-06,4.605160484061344e-06,0.0,0,0.16459601643634894,A10,1,GenuineIntel,6,106,24
pilot-018-modal-a10-rep1-20260811T180124Z.csv,20260811T180124Z,NVIDIA A10,modal,64,8,1,64,compiled-cpu,8.0,30,0.5653484,0.07668492960949896,0.5222485,0.487294,0.846171,,15490.323027,127.5020751953125,True,True,4.529953002929688e-06,4.605160484061344e-06,0.0,0,0.13564189729642637,A10,1,GenuineIntel,6,106,24
pilot-018-modal-a10-rep1-20260811T180124Z.csv,20260811T180124Z,NVIDIA A10,modal,64,8,1,64,compiled-gpu-resident,,30,0.19902703333333335,0.06840853893538959,0.166356,0.157974,0.478457,0.14257600158452985,11099.470422,40.6142578125,True,True,4.529953002929688e-06,4.605160484061344e-06,0.0,0,0.3437148099415117,A10,1,GenuineIntel,6,106,24
pilot-018-modal-a10-rep1-20260811T180124Z.csv,20260811T180124Z,NVIDIA A10,modal,128,8,1,1,compiled-cpu,1.0,30,4.815771233333334,0.10666036617959057,4.8268555,4.514034,5.000241,,1143.943588,589.2157592773438,True,True,7.867813110351562e-06,4.265566531103104e-06,0.0,0,0.022148138067962883,A10,1,GenuineIntel,6,106,24
pilot-018-modal-a10-rep1-20260811T180124Z.csv,20260811T180124Z,NVIDIA A10,modal,128,8,1,1,compiled-cpu,8.0,30,4.936738766666666,0.24760115705953314,4.9373005,4.358961,5.368616,,1143.943588,602.6978149414062,True,True,7.867813110351562e-06,4.265566531103104e-06,0.0,0,0.05015480234266393,A10,1,GenuineIntel,6,106,24
pilot-018-modal-a10-rep1-20260811T180124Z.csv,20260811T180124Z,NVIDIA A10,modal,128,8,1,1,compiled-gpu-resident,,30,4.746488533333333,0.08355480623652362,4.742312500000001,4.577762,4.946133,4.696303844451904,1206.677564,578.8955688476562,True,True,7.867813110351562e-06,4.265566531103104e-06,0.0,0,0.017603499018219535,A10,1,GenuineIntel,6,106,24
pilot-018-modal-a10-rep1-20260811T180124Z.csv,20260811T180124Z,NVIDIA A10,modal,128,8,1,64,compiled-cpu,1.0,30,0.6154536666666667,0.09210653527613939,0.5736195,0.536607,0.919339,,15723.463415,70.02191162109375,True,True,7.867813110351562e-06,4.265566531103104e-06,0.0,0,0.14965632713668572,A10,1,GenuineIntel,6,106,24
pilot-018-modal-a10-rep1-20260811T180124Z.csv,20260811T180124Z,NVIDIA A10,modal,128,8,1,64,compiled-cpu,8.0,30,0.6260875333333333,0.06039034748273153,0.5953565,0.537143,0.741067,,15723.463415,72.67535400390625,True,True,7.867813110351562e-06,4.265566531103104e-06,0.0,0,0.0964567161419253,A10,1,GenuineIntel,6,106,24
pilot-018-modal-a10-rep1-20260811T180124Z.csv,20260811T180124Z,NVIDIA A10,modal,128,8,1,64,compiled-gpu-resident,,30,0.2239922,0.06954887851764448,0.19273200000000001,0.166325,0.475422,0.16883199661970133,11475.604362,23.52685546875,True,True,7.867813110351562e-06,4.265566531103104e-06,0.0,0,0.31049687675572846,A10,1,GenuineIntel,6,106,24
pilot-018-modal-a10-rep1-20260811T180124Z.csv,20260811T180124Z,NVIDIA A10,modal,256,8,1,1,compiled-cpu,1.0,30,5.060852733333333,0.1475419303933708,5.090106499999999,4.656793,5.330613,,1203.393699,310.6754455566406,True,True,7.62939453125e-06,5.183574558031978e-06,0.0,0,0.02915357118012644,A10,1,GenuineIntel,6,106,24
pilot-018-modal-a10-rep1-20260811T180124Z.csv,20260811T180124Z,NVIDIA A10,modal,256,8,1,1,compiled-cpu,8.0,30,6.1008376,0.24311705239169798,6.0320265,5.749991,6.618334,,1203.393699,368.1656799316406,True,True,7.62939453125e-06,5.183574558031978e-06,0.0,0,0.03984978265799076,A10,1,GenuineIntel,6,106,24
pilot-018-modal-a10-rep1-20260811T180124Z.csv,20260811T180124Z,NVIDIA A10,modal,256,8,1,1,compiled-gpu-resident,,30,4.8894801999999995,0.09740607448182402,4.913696,4.577276,5.040511,4.855648040771484,1264.145493,299.908203125,True,True,7.62939453125e-06,5.183574558031978e-06,0.0,0,0.019921560267658723,A10,1,GenuineIntel,6,106,24
pilot-018-modal-a10-rep1-20260811T180124Z.csv,20260811T180124Z,NVIDIA A10,modal,256,8,1,64,compiled-cpu,1.0,30,0.6948632,0.07403900095890747,0.674909,0.659937,1.044826,,15059.642974,41.19317626953125,True,True,7.62939453125e-06,5.183574558031978e-06,0.0,0,0.1065519097268462,A10,1,GenuineIntel,6,106,24
pilot-018-modal-a10-rep1-20260811T180124Z.csv,20260811T180124Z,NVIDIA A10,modal,256,8,1,64,compiled-cpu,8.0,30,1.4088825,0.0737898715443691,1.42329,1.273571,1.593177,,15059.642974,86.8707275390625,True,True,7.62939453125e-06,5.183574558031978e-06,0.0,0,0.05237475200690554,A10,1,GenuineIntel,6,106,24
pilot-018-modal-a10-rep1-20260811T180124Z.csv,20260811T180124Z,NVIDIA A10,modal,256,8,1,64,compiled-gpu-resident,,30,0.19633713333333333,0.05498383011064965,0.168572,0.160576,0.378135,0.144175998866558,11419.509197,10.288818359375,True,True,7.62939453125e-06,5.183574558031978e-06,0.0,0,0.2800480437763156,A10,1,GenuineIntel,6,106,24
pilot-019-modal-a10-rep2-20260811T180342Z.csv,20260811T180342Z,NVIDIA A10,modal,8,8,1,1,compiled-cpu,1.0,30,4.1808099,0.08161887785240789,4.185608,4.006939,4.370908,,1117.056633,8175.015625,True,True,6.437301635742188e-06,3.010847649420612e-06,0.0,0,0.019522264777551326,A10,2,GenuineIntel,6,106,24
pilot-019-modal-a10-rep2-20260811T180342Z.csv,20260811T180342Z,NVIDIA A10,modal,8,8,1,1,compiled-cpu,8.0,30,4.243861633333333,0.1534826912576414,4.1940675,4.048825,4.759416,,1117.056633,8191.5380859375,True,True,6.437301635742188e-06,3.010847649420612e-06,0.0,0,0.0361658094722303,A10,2,GenuineIntel,6,106,24
pilot-019-modal-a10-rep2-20260811T180342Z.csv,20260811T180342Z,NVIDIA A10,modal,8,8,1,1,compiled-gpu-resident,,30,4.550139333333333,0.1192351155526364,4.5104845000000005,4.367292,4.828598,4.475023984909058,867.711067,8809.5400390625,True,True,6.437301635742188e-06,3.010847649420612e-06,0.0,0,0.026204717442199148,A10,2,GenuineIntel,6,106,24
pilot-019-modal-a10-rep2-20260811T180342Z.csv,20260811T180342Z,NVIDIA A10,modal,8,8,1,64,compiled-cpu,1.0,30,0.5049653333333334,0.056796942700218914,0.48409599999999997,0.434676,0.674804,,13855.611458,945.5,True,True,6.437301635742188e-06,3.010847649420612e-06,0.0,0,0.11247691465332058,A10,2,GenuineIntel,6,106,24
pilot-019-modal-a10-rep2-20260811T180342Z.csv,20260811T180342Z,NVIDIA A10,modal,8,8,1,64,compiled-cpu,8.0,30,0.5403589666666666,0.08865625852715268,0.518681,0.435844,0.828744,,13855.611458,1013.048828125,True,True,6.437301635742188e-06,3.010847649420612e-06,0.0,0,0.16406919103064024,A10,2,GenuineIntel,6,106,24
pilot-019-modal-a10-rep2-20260811T180342Z.csv,20260811T180342Z,NVIDIA A10,modal,8,8,1,64,compiled-gpu-resident,,30,0.23003823333333334,0.07215783054679192,0.219993,0.159541,0.451465,0.19240000098943705,10326.704295,429.673828125,True,True,6.437301635742188e-06,3.010847649420612e-06,0.0,0,0.3136775548186059,A10,2,GenuineIntel,6,106,24
pilot-019-modal-a10-rep2-20260811T180342Z.csv,20260811T180342Z,NVIDIA A10,modal,16,8,1,1,compiled-cpu,1.0,30,4.210407833333333,0.09859455005364941,4.2002655,3.944394,4.475756,,1074.735868,4101.82177734375,True,True,7.62939453125e-06,3.954511612391798e-06,0.0,0,0.02341686457855395,A10,2,GenuineIntel,6,106,24
pilot-019-modal-a10-rep2-20260811T180342Z.csv,20260811T180342Z,NVIDIA A10,modal,16,8,1,1,compiled-cpu,8.0,30,4.1858259,0.09299648114342089,4.1727005,4.031279,4.423469,,1074.735868,4074.902832031251,True,True,7.62939453125e-06,3.954511612391798e-06,0.0,0,0.02221699692369453,A10,2,GenuineIntel,6,106,24
pilot-019-modal-a10-rep2-20260811T180342Z.csv,20260811T180342Z,NVIDIA A10,modal,16,8,1,1,compiled-gpu-resident,,30,4.711508666666666,0.0843960716876019,4.700626,4.544799,4.877269,4.660799980163574,879.5271,4590.455078125,True,True,7.62939453125e-06,3.954511612391798e-06,0.0,0,0.01791274890030311,A10,2,GenuineIntel,6,106,24
pilot-019-modal-a10-rep2-20260811T180342Z.csv,20260811T180342Z,NVIDIA A10,modal,16,8,1,64,compiled-cpu,1.0,30,0.5127568666666666,0.07918966787304817,0.4703145,0.445567,0.763799,,14467.915501,459.29150390625,True,True,7.62939453125e-06,3.954511612391798e-06,0.0,0,0.15443901977918872,A10,2,GenuineIntel,6,106,24
pilot-019-modal-a10-rep2-20260811T180342Z.csv,20260811T180342Z,NVIDIA A10,modal,16,8,1,64,compiled-cpu,8.0,30,0.5148223,0.0950615395426418,0.46667400000000003,0.451592,0.839644,,14467.915501,455.736328125,True,True,7.62939453125e-06,3.954511612391798e-06,0.0,0,0.18464922662177183,A10,2,GenuineIntel,6,106,24
pilot-019-modal-a10-rep2-20260811T180342Z.csv,20260811T180342Z,NVIDIA A10,modal,16,8,1,64,compiled-gpu-resident,,30,0.23304880000000003,0.07723127322725847,0.1967375,0.163966,0.459154,0.1713280007243156,10023.035143,192.12646484375,True,True,7.62939453125e-06,3.954511612391798e-06,0.0,0,0.33139528385153005,A10,2,GenuineIntel,6,106,24
pilot-019-modal-a10-rep2-20260811T180342Z.csv,20260811T180342Z,NVIDIA A10,modal,32,8,1,1,compiled-cpu,1.0,30,4.361051533333334,0.22480646259313142,4.2989415,4.00489,4.821804,,1085.075341,2099.092529296875,True,True,9.5367431640625e-06,5.009530013921904e-06,0.0,0,0.05154868289788414,A10,2,GenuineIntel,6,106,24
pilot-019-modal-a10-rep2-20260811T180342Z.csv,20260811T180342Z,NVIDIA A10,modal,32,8,1,1,compiled-cpu,8.0,30,4.2528532666666665,0.16081765034282933,4.2098895,3.979052,4.659355,,1085.075341,2055.610107421875,True,True,9.5367431640625e-06,5.009530013921904e-06,0.0,0,0.03781406041052439,A10,2,GenuineIntel,6,106,24
pilot-019-modal-a10-rep2-20260811T180342Z.csv,20260811T180342Z,NVIDIA A10,modal,32,8,1,1,compiled-gpu-resident,,30,4.6667465,0.06556674732470248,4.6560425,4.533107,4.843627,4.619776010513306,991.576619,2273.458251953125,True,True,9.5367431640625e-06,5.009530013921904e-06,0.0,0,0.014049776932323723,A10,2,GenuineIntel,6,106,24
pilot-019-modal-a10-rep2-20260811T180342Z.csv,20260811T180342Z,NVIDIA A10,modal,32,8,1,64,compiled-cpu,1.0,30,0.5852554,0.09671172227726317,0.582729,0.457957,0.847678,,14087.494542,284.53564453125,True,True,9.5367431640625e-06,5.009530013921904e-06,0.0,0,0.16524703962964404,A10,2,GenuineIntel,6,106,24
pilot-019-modal-a10-rep2-20260811T180342Z.csv,20260811T180342Z,NVIDIA A10,modal,32,8,1,64,compiled-cpu,8.0,30,0.5530135666666667,0.10048771166585614,0.508072,0.453015,0.824636,,14087.494542,248.08203125,True,True,9.5367431640625e-06,5.009530013921904e-06,0.0,0,0.18170930646702543,A10,2,GenuineIntel,6,106,24
pilot-019-modal-a10-rep2-20260811T180342Z.csv,20260811T180342Z,NVIDIA A10,modal,32,8,1,64,compiled-gpu-resident,,30,0.24305273333333333,0.07395110735965718,0.252164,0.162121,0.463236,0.21972800046205515,10307.314069,123.126953125,True,True,9.5367431640625e-06,5.009530013921904e-06,0.0,0,0.30425951745310076,A10,2,GenuineIntel,6,106,24
pilot-019-modal-a10-rep2-20260811T180342Z.csv,20260811T180342Z,NVIDIA A10,modal,64,8,1,1,compiled-cpu,1.0,30,4.6825907,0.15492631074140154,4.7095085,4.358474,4.959879,,1070.224733,1149.7823486328125,True,True,6.67572021484375e-06,3.825154180958634e-06,0.0,0,0.03308559741115138,A10,2,GenuineIntel,6,106,24
pilot-019-modal-a10-rep2-20260811T180342Z.csv,20260811T180342Z,NVIDIA A10,modal,64,8,1,1,compiled-cpu,8.0,30,4.4190540333333335,0.20047430940586253,4.3888015,4.012671,4.878348,,1070.224733,1071.4847412109375,True,True,6.67572021484375e-06,3.825154180958634e-06,0.0,0,0.0453658877881253,A10,2,GenuineIntel,6,106,24
pilot-019-modal-a10-rep2-20260811T180342Z.csv,20260811T180342Z,NVIDIA A10,modal,64,8,1,1,compiled-gpu-resident,,30,4.707309966666667,0.08623272525674774,4.7088255,4.493719,4.895753,4.665791988372803,958.222708,1149.6156005859375,True,True,6.67572021484375e-06,3.825154180958634e-06,0.0,0,0.018318896751515754,A10,2,GenuineIntel,6,106,24
pilot-019-modal-a10-rep2-20260811T180342Z.csv,20260811T180342Z,NVIDIA A10,modal,64,8,1,64,compiled-cpu,1.0,30,0.5185203666666667,0.048382781827966855,0.497445,0.472909,0.668038,,31280.948629,121.446533203125,True,True,6.67572021484375e-06,3.825154180958634e-06,0.0,0,0.09330931808715232,A10,2,GenuineIntel,6,106,24
pilot-019-modal-a10-rep2-20260811T180342Z.csv,20260811T180342Z,NVIDIA A10,modal,64,8,1,64,compiled-cpu,8.0,30,0.5639539333333333,0.09721582385207046,0.5038849999999999,0.470977,0.856295,,31280.948629,123.018798828125,True,True,6.67572021484375e-06,3.825154180958634e-06,0.0,0,0.17238256195406232,A10,2,GenuineIntel,6,106,24
pilot-019-modal-a10-rep2-20260811T180342Z.csv,20260811T180342Z,NVIDIA A10,modal,64,8,1,64,compiled-gpu-resident,,30,0.2041968,0.0708158157034975,0.1672555,0.157296,0.462709,0.14566399902105326,11588.32383,40.8338623046875,True,True,6.67572021484375e-06,3.825154180958634e-06,0.0,0,0.34680178976113973,A10,2,GenuineIntel,6,106,24
pilot-019-modal-a10-rep2-20260811T180342Z.csv,20260811T180342Z,NVIDIA A10,modal,128,8,1,1,compiled-cpu,1.0,30,4.769652366666667,0.10307999363617229,4.7847135000000005,4.424042,4.955231,,1138.081719,584.0714721679688,True,True,7.152557373046875e-06,3.788546109717572e-06,0.0,0,0.021611636595689904,A10,2,GenuineIntel,6,106,24
pilot-019-modal-a10-rep2-20260811T180342Z.csv,20260811T180342Z,NVIDIA A10,modal,128,8,1,1,compiled-cpu,8.0,30,4.7618073999999995,0.28037137904149123,4.7335265,4.127174,5.790251,,1138.081719,577.8230590820312,True,True,7.152557373046875e-06,3.788546109717572e-06,0.0,0,0.058879193442702295,A10,2,GenuineIntel,6,106,24
pilot-019-modal-a10-rep2-20260811T180342Z.csv,20260811T180342Z,NVIDIA A10,modal,128,8,1,1,compiled-gpu-resident,,30,4.728348800000001,0.09197699810068695,4.7443729999999995,4.555355,4.909116,4.702704191207886,1178.025485,579.1470947265625,True,True,7.152557373046875e-06,3.788546109717572e-06,0.0,0,0.01945224474571058,A10,2,GenuineIntel,6,106,24
pilot-019-modal-a10-rep2-20260811T180342Z.csv,20260811T180342Z,NVIDIA A10,modal,128,8,1,64,compiled-cpu,1.0,30,0.6256856000000001,0.0864318473933913,0.6086815,0.521605,0.859713,,14614.190115,74.30194091796875,True,True,7.152557373046875e-06,3.788546109717572e-06,0.0,0,0.1381394224086207,A10,2,GenuineIntel,6,106,24
pilot-019-modal-a10-rep2-20260811T180342Z.csv,20260811T180342Z,NVIDIA A10,modal,128,8,1,64,compiled-cpu,8.0,30,0.6156597333333333,0.09434452751738259,0.5784294999999999,0.537855,0.949122,,14614.190115,70.60906982421875,True,True,7.152557373046875e-06,3.788546109717572e-06,0.0,0,0.1532413481170485,A10,2,GenuineIntel,6,106,24
pilot-019-modal-a10-rep2-20260811T180342Z.csv,20260811T180342Z,NVIDIA A10,modal,128,8,1,64,compiled-gpu-resident,,30,0.20918926666666668,0.06396186329903986,0.17652099999999998,0.162554,0.438717,0.15398400276899335,11434.734971,21.5479736328125,True,True,7.152557373046875e-06,3.788546109717572e-06,0.0,0,0.30576073198325276,A10,2,GenuineIntel,6,106,24
pilot-019-modal-a10-rep2-20260811T180342Z.csv,20260811T180342Z,NVIDIA A10,modal,256,8,1,1,compiled-cpu,1.0,30,4.791765366666667,0.19512025033605765,4.8585329999999995,4.234179,5.106365,,1073.987442,296.54132080078125,True,True,8.106231689453125e-06,5.083974883746123e-06,0.0,0,0.04071990913690974,A10,2,GenuineIntel,6,106,24
pilot-019-modal-a10-rep2-20260811T180342Z.csv,20260811T180342Z,NVIDIA A10,modal,256,8,1,1,compiled-cpu,8.0,30,5.801115133333334,0.12710149605694138,5.7820575000000005,5.428688,6.069931,,1073.987442,352.9087829589844,True,True,8.106231689453125e-06,5.083974883746123e-06,0.0,0,0.02190983856303996,A10,2,GenuineIntel,6,106,24
pilot-019-modal-a10-rep2-20260811T180342Z.csv,20260811T180342Z,NVIDIA A10,modal,256,8,1,1,compiled-gpu-resident,,30,4.6824087,0.09831927802586615,4.678756,4.495532,4.938292,4.636175870895386,1153.783172,285.568603515625,True,True,8.106231689453125e-06,5.083974883746123e-06,0.0,0,0.02099758571392244,A10,2,GenuineIntel,6,106,24
pilot-019-modal-a10-rep2-20260811T180342Z.csv,20260811T180342Z,NVIDIA A10,modal,256,8,1,64,compiled-cpu,1.0,30,0.7377353666666667,0.10378908211450401,0.6777805,0.629,1.046123,,14043.101041,41.368438720703125,True,True,8.106231689453125e-06,5.083974883746123e-06,0.0,0,0.140686060075251,A10,2,GenuineIntel,6,106,24
pilot-019-modal-a10-rep2-20260811T180342Z.csv,20260811T180342Z,NVIDIA A10,modal,256,8,1,64,compiled-cpu,8.0,30,1.5793297666666666,0.08107758679688079,1.569773,1.437856,1.724149,,14043.101041,95.81134033203125,True,True,8.106231689453125e-06,5.083974883746123e-06,0.0,0,0.05133670529619862,A10,2,GenuineIntel,6,106,24
pilot-019-modal-a10-rep2-20260811T180342Z.csv,20260811T180342Z,NVIDIA A10,modal,256,8,1,64,compiled-gpu-resident,,30,0.20802916666666665,0.06436811569300299,0.17365799999999998,0.162489,0.424346,0.14963199943304056,11550.1846,10.5992431640625,True,True,8.106231689453125e-06,5.083974883746123e-06,0.0,0,0.309418706638106,A10,2,GenuineIntel,6,106,24
pilot-020-modal-a10-rep3-20260811T180428Z.csv,20260811T180428Z,NVIDIA A10,modal,8,8,1,1,compiled-cpu,1.0,30,4.238583333333334,0.07729520584871616,4.223758,3.987051,4.414839,,1107.134998,8249.52734375,True,True,3.337860107421875e-06,3.409520331842941e-06,0.0,0,0.018236094414104436,A10,3,GenuineIntel,6,106,24
pilot-020-modal-a10-rep3-20260811T180428Z.csv,20260811T180428Z,NVIDIA A10,modal,8,8,1,1,compiled-cpu,8.0,30,4.178487566666666,0.11715904626784862,4.168322,3.962358,4.450977,,1107.134998,8141.25390625,True,True,3.337860107421875e-06,3.409520331842941e-06,0.0,0,0.02803862507632414,A10,3,GenuineIntel,6,106,24
pilot-020-modal-a10-rep3-20260811T180428Z.csv,20260811T180428Z,NVIDIA A10,modal,8,8,1,1,compiled-gpu-resident,,30,4.725034066666667,0.09420358274939951,4.736552,4.517859,4.956262,4.695199966430664,857.293089,9251.078125,True,True,3.337860107421875e-06,3.409520331842941e-06,0.0,0,0.019937122446157637,A10,3,GenuineIntel,6,106,24
pilot-020-modal-a10-rep3-20260811T180428Z.csv,20260811T180428Z,NVIDIA A10,modal,8,8,1,64,compiled-cpu,1.0,30,0.49329323333333336,0.08245552168946363,0.4502925,0.435045,0.784334,,13978.146133,879.4775390625,True,True,3.337860107421875e-06,3.409520331842941e-06,0.0,0,0.1671531578332961,A10,3,GenuineIntel,6,106,24
pilot-020-modal-a10-rep3-20260811T180428Z.csv,20260811T180428Z,NVIDIA A10,modal,8,8,1,64,compiled-cpu,8.0,30,0.49203309999999995,0.07415250460594354,0.450902,0.432945,0.728141,,13978.146133,880.66796875,True,True,3.337860107421875e-06,3.409520331842941e-06,0.0,0,0.1507063337932825,A10,3,GenuineIntel,6,106,24
pilot-020-modal-a10-rep3-20260811T180428Z.csv,20260811T180428Z,NVIDIA A10,modal,8,8,1,64,compiled-gpu-resident,,30,0.2066527,0.05649559220777224,0.18036049999999998,0.155527,0.352513,0.15579200536012644,9619.06822,352.2666015625,True,True,3.337860107421875e-06,3.409520331842941e-06,0.0,0,0.2733842442308871,A10,3,GenuineIntel,6,106,24
pilot-020-modal-a10-rep3-20260811T180428Z.csv,20260811T180428Z,NVIDIA A10,modal,16,8,1,1,compiled-cpu,1.0,30,4.2617951,0.1643485882226642,4.220203,3.940543,4.601618,,1065.173934,4121.2919921875,True,True,3.576278686523437e-06,4.270080353308003e-06,0.0,0,0.03856323083732116,A10,3,GenuineIntel,6,106,24
pilot-020-modal-a10-rep3-20260811T180428Z.csv,20260811T180428Z,NVIDIA A10,modal,16,8,1,1,compiled-cpu,8.0,30,4.2026734,0.20004422264875557,4.161365,3.988122,5.190333,,1065.173934,4063.8330078125,True,True,3.576278686523437e-06,4.270080353308003e-06,0.0,0,0.04759927874689372,A10,3,GenuineIntel,6,106,24
pilot-020-modal-a10-rep3-20260811T180428Z.csv,20260811T180428Z,NVIDIA A10,modal,16,8,1,1,compiled-gpu-resident,,30,4.797630366666667,0.4487831328005871,4.706284999999999,4.498486,7.129355,4.667407989501953,851.431296,4595.9814453125,True,True,3.576278686523437e-06,4.270080353308003e-06,0.0,0,0.09354266554561518,A10,3,GenuineIntel,6,106,24
pilot-020-modal-a10-rep3-20260811T180428Z.csv,20260811T180428Z,NVIDIA A10,modal,16,8,1,64,compiled-cpu,1.0,30,0.559722,0.08378368368849508,0.5646005000000001,0.449108,0.814261,,15549.294791,551.36767578125,True,True,3.576278686523437e-06,4.270080353308003e-06,0.0,0,0.14968803028734812,A10,3,GenuineIntel,6,106,24
pilot-020-modal-a10-rep3-20260811T180428Z.csv,20260811T180428Z,NVIDIA A10,modal,16,8,1,64,compiled-cpu,8.0,30,0.5039243,0.04925240505043106,0.4824585,0.448418,0.66311,,15549.294791,471.15087890625,True,True,3.576278686523437e-06,4.270080353308003e-06,0.0,0,0.0977377059420057,A10,3,GenuineIntel,6,106,24
pilot-020-modal-a10-rep3-20260811T180428Z.csv,20260811T180428Z,NVIDIA A10,modal,16,8,1,64,compiled-gpu-resident,,30,0.20904373333333334,0.0677922846276026,0.184401,0.164989,0.487076,0.15721600502729416,11303.001235,180.0791015625,True,True,3.576278686523437e-06,4.270080353308003e-06,0.0,0,0.3242971389125717,A10,3,GenuineIntel,6,106,24
pilot-020-modal-a10-rep3-20260811T180428Z.csv,20260811T180428Z,NVIDIA A10,modal,32,8,1,1,compiled-cpu,1.0,30,4.821838566666667,0.2353222260566434,4.8038384999999995,4.081484,5.194498,,1331.216314,2345.624267578125,True,True,6.437301635742188e-06,3.752460088435328e-06,0.0,0,0.04880342276148027,A10,3,GenuineIntel,6,106,24
pilot-020-modal-a10-rep3-20260811T180428Z.csv,20260811T180428Z,NVIDIA A10,modal,32,8,1,1,compiled-cpu,8.0,30,4.526131966666667,0.1468446027621652,4.5197585,4.283126,4.809827,,1331.216314,2206.913330078125,True,True,6.437301635742188e-06,3.752460088435328e-06,0.0,0,0.03244372984341218,A10,3,GenuineIntel,6,106,24
pilot-020-modal-a10-rep3-20260811T180428Z.csv,20260811T180428Z,NVIDIA A10,modal,32,8,1,1,compiled-gpu-resident,,30,4.994139733333333,0.15804645637758746,4.9724395,4.545438,5.385203,4.902031898498535,1380.76598,2427.948974609375,True,True,6.437301635742188e-06,3.752460088435328e-06,0.0,0,0.03164638252364227,A10,3,GenuineIntel,6,106,24
pilot-020-modal-a10-rep3-20260811T180428Z.csv,20260811T180428Z,NVIDIA A10,modal,32,8,1,64,compiled-cpu,1.0,30,0.5213531,0.08281231764132427,0.476765,0.453442,0.798521,,14807.802275,232.79541015625,True,True,6.437301635742188e-06,3.752460088435328e-06,0.0,0,0.15884113404394118,A10,3,GenuineIntel,6,106,24
pilot-020-modal-a10-rep3-20260811T180428Z.csv,20260811T180428Z,NVIDIA A10,modal,32,8,1,64,compiled-cpu,8.0,30,0.5139149,0.08040942139101567,0.472359,0.45164,0.810669,,14807.802275,230.64404296875,True,True,6.437301635742188e-06,3.752460088435328e-06,0.0,0,0.15646446793236718,A10,3,GenuineIntel,6,106,24
pilot-020-modal-a10-rep3-20260811T180428Z.csv,20260811T180428Z,NVIDIA A10,modal,32,8,1,64,compiled-gpu-resident,,30,0.2025690666666667,0.07033406619934138,0.1700855,0.160016,0.473608,0.14657599478960034,11366.25861,83.049560546875,True,True,6.437301635742188e-06,3.752460088435328e-06,0.0,0,0.34721029896967504,A10,3,GenuineIntel,6,106,24
pilot-020-modal-a10-rep3-20260811T180428Z.csv,20260811T180428Z,NVIDIA A10,modal,64,8,1,1,compiled-cpu,1.0,30,4.539457133333333,0.1527344799176195,4.539939,4.235973,4.864776,,1290.77477,1108.383544921875,True,True,1.239776611328125e-05,3.507115479806089e-06,0.0,0,0.033645979118535306,A10,3,GenuineIntel,6,106,24
pilot-020-modal-a10-rep3-20260811T180428Z.csv,20260811T180428Z,NVIDIA A10,modal,64,8,1,1,compiled-cpu,8.0,30,4.834346833333333,0.2181173609928573,4.861276999999999,4.304216,5.167591,,1290.77477,1186.835205078125,True,True,1.239776611328125e-05,3.507115479806089e-06,0.0,0,0.04511826902631706,A10,3,GenuineIntel,6,106,24
pilot-020-modal-a10-rep3-20260811T180428Z.csv,20260811T180428Z,NVIDIA A10,modal,64,8,1,1,compiled-gpu-resident,,30,4.744770166666667,0.09173395467181106,4.7261524999999995,4.63751,5.087656,4.690576076507568,1191.039678,1153.8458251953125,True,True,1.239776611328125e-05,3.507115479806089e-06,0.0,0,0.019333698250816794,A10,3,GenuineIntel,6,106,24
pilot-020-modal-a10-rep3-20260811T180428Z.csv,20260811T180428Z,NVIDIA A10,modal,64,8,1,64,compiled-cpu,1.0,30,0.5641961,0.09023806965154965,0.5083845,0.479011,0.847226,,14532.970965,124.1173095703125,True,True,1.239776611328125e-05,3.507115479806089e-06,0.0,0,0.15994096671627056,A10,3,GenuineIntel,6,106,24
pilot-020-modal-a10-rep3-20260811T180428Z.csv,20260811T180428Z,NVIDIA A10,modal,64,8,1,64,compiled-cpu,8.0,30,0.5559769666666666,0.09473086153886391,0.504076,0.483758,0.835387,,14532.970965,123.0654296875,True,True,1.239776611328125e-05,3.507115479806089e-06,0.0,0,0.17038630594144621,A10,3,GenuineIntel,6,106,24
pilot-020-modal-a10-rep3-20260811T180428Z.csv,20260811T180428Z,NVIDIA A10,modal,64,8,1,64,compiled-gpu-resident,,30,0.2130943,0.0722505649476302,0.1735425,0.161085,0.470838,0.14972800016403195,10321.249518,42.3687744140625,True,True,1.239776611328125e-05,3.507115479806089e-06,0.0,0,0.33905442307762435,A10,3,GenuineIntel,6,106,24
pilot-020-modal-a10-rep3-20260811T180428Z.csv,20260811T180428Z,NVIDIA A10,modal,128,8,1,1,compiled-cpu,1.0,30,4.734068133333333,0.08615133389914675,4.709466,4.524831,4.926712,,18744.029242,574.885986328125,True,True,1.2874603271484377e-05,4.915643785352586e-06,0.0,0,0.018198160962775628,A10,3,GenuineIntel,6,106,24
pilot-020-modal-a10-rep3-20260811T180428Z.csv,20260811T180428Z,NVIDIA A10,modal,128,8,1,1,compiled-cpu,8.0,30,4.797107733333333,0.10993879040188628,4.8080925,4.469603,4.96249,,18744.029242,586.9253540039062,True,True,1.2874603271484377e-05,4.915643785352586e-06,0.0,0,0.022917723868897535,A10,3,GenuineIntel,6,106,24
pilot-020-modal-a10-rep3-20260811T180428Z.csv,20260811T180428Z,NVIDIA A10,modal,128,8,1,1,compiled-gpu-resident,,30,5.0154757666666665,0.1576209281428036,5.013662,4.676394,5.260239,4.966736078262329,1588.278974,612.019287109375,True,True,1.2874603271484377e-05,4.915643785352586e-06,0.0,0,0.03142691450936069,A10,3,GenuineIntel,6,106,24
pilot-020-modal-a10-rep3-20260811T180428Z.csv,20260811T180428Z,NVIDIA A10,modal,128,8,1,64,compiled-cpu,1.0,30,0.6636137333333333,0.09183101623500646,0.675536,0.529683,0.919979,,15179.011421,82.462890625,True,True,1.2874603271484377e-05,4.915643785352586e-06,0.0,0,0.13838022274454606,A10,3,GenuineIntel,6,106,24
pilot-020-modal-a10-rep3-20260811T180428Z.csv,20260811T180428Z,NVIDIA A10,modal,128,8,1,64,compiled-cpu,8.0,30,0.6857847666666667,0.11250666582203903,0.6926114999999999,0.527806,0.91023,,15179.011421,84.54730224609375,True,True,1.2874603271484377e-05,4.915643785352586e-06,0.0,0,0.1640553586060102,A10,3,GenuineIntel,6,106,24
pilot-020-modal-a10-rep3-20260811T180428Z.csv,20260811T180428Z,NVIDIA A10,modal,128,8,1,64,compiled-gpu-resident,,30,0.2574286,0.08005001848051647,0.24711349999999999,0.170972,0.519992,0.21499200165271753,15022.707051,30.16522216796875,True,True,1.2874603271484377e-05,4.915643785352586e-06,0.0,0,0.3109600816712536,A10,3,GenuineIntel,6,106,24
pilot-020-modal-a10-rep3-20260811T180428Z.csv,20260811T180428Z,NVIDIA A10,modal,256,8,1,1,compiled-cpu,1.0,30,4.888056133333333,0.11966958017945273,4.854751,4.686893,5.174591,,1092.082406,296.31048583984375,True,True,1.430511474609375e-05,4.785815235663904e-06,0.0,0,0.024482038854542764,A10,3,GenuineIntel,6,106,24
pilot-020-modal-a10-rep3-20260811T180428Z.csv,20260811T180428Z,NVIDIA A10,modal,256,8,1,1,compiled-cpu,8.0,30,6.244179033333333,0.21488026776556027,6.2305915,5.865974,7.100271,,1092.082406,380.2851257324219,True,True,1.430511474609375e-05,4.785815235663904e-06,0.0,0,0.034412893451399106,A10,3,GenuineIntel,6,106,24
pilot-020-modal-a10-rep3-20260811T180428Z.csv,20260811T180428Z,NVIDIA A10,modal,256,8,1,1,compiled-gpu-resident,,30,4.7016653,0.05304623997214861,4.706925999999999,4.608503,4.805082,4.667536020278931,1190.690082,287.2879638671875,True,True,1.430511474609375e-05,4.785815235663904e-06,0.0,0,0.011282436453345287,A10,3,GenuineIntel,6,106,24
pilot-020-modal-a10-rep3-20260811T180428Z.csv,20260811T180428Z,NVIDIA A10,modal,256,8,1,64,compiled-cpu,1.0,30,0.7625665666666667,0.10037595403134308,0.7355715,0.660574,1.061595,,15915.683154,44.895721435546875,True,True,1.430511474609375e-05,4.785815235663904e-06,0.0,0,0.13162910415822027,A10,3,GenuineIntel,6,106,24
pilot-020-modal-a10-rep3-20260811T180428Z.csv,20260811T180428Z,NVIDIA A10,modal,256,8,1,64,compiled-cpu,8.0,30,1.5323101333333333,0.23353056196370756,1.437561,1.250547,2.165923,,15915.683154,87.74176025390625,True,True,1.430511474609375e-05,4.785815235663904e-06,0.0,0,0.15240424042337528,A10,3,GenuineIntel,6,106,24
pilot-020-modal-a10-rep3-20260811T180428Z.csv,20260811T180428Z,NVIDIA A10,modal,256,8,1,64,compiled-gpu-resident,,30,0.2164372,0.044177037664223325,0.210405,0.164039,0.308913,0.18187199532985684,13173.601317,12.84210205078125,True,True,1.430511474609375e-05,4.785815235663904e-06,0.0,0,0.20411018837900013,A10,3,GenuineIntel,6,106,24
pilot-021-modal-l40s-rep1-20260811T175932Z.csv,20260811T175932Z,NVIDIA L40S,modal,8,8,1,1,compiled-cpu,1.0,30,2.5839212333333332,0.1317115137280333,2.554026,2.40764,2.910254,,18710.819704,4988.33203125,True,True,4.410743713378906e-06,3.2164530239242595e-06,0.0,0,0.05097350183469859,L40S,1,GenuineIntel,6,143,24
pilot-021-modal-l40s-rep1-20260811T175932Z.csv,20260811T175932Z,NVIDIA L40S,modal,8,8,1,1,compiled-cpu,8.0,30,2.3865996333333332,0.1238479761380121,2.385468,2.01389,2.689365,,18710.819704,4659.1171875,True,True,4.410743713378906e-06,3.2164530239242595e-06,0.0,0,0.051893067613119175,L40S,1,GenuineIntel,6,143,24
pilot-021-modal-l40s-rep1-20260811T175932Z.csv,20260811T175932Z,NVIDIA L40S,modal,8,8,1,1,compiled-gpu-resident,,30,3.309293666666667,0.12162453753573582,3.3456335,2.924238,3.442089,3.308016061782837,1068.123851,6534.4404296875,True,True,4.410743713378906e-06,3.2164530239242595e-06,0.0,0,0.0367524160097414,L40S,1,GenuineIntel,6,143,24
pilot-021-modal-l40s-rep1-20260811T175932Z.csv,20260811T175932Z,NVIDIA L40S,modal,8,8,1,64,compiled-cpu,1.0,30,0.2987473,0.09646865318460564,0.265269,0.261775,0.631241,,10434.040991,518.103515625,True,True,4.410743713378906e-06,3.2164530239242595e-06,0.0,0,0.3229105440772373,L40S,1,GenuineIntel,6,143,24
pilot-021-modal-l40s-rep1-20260811T175932Z.csv,20260811T175932Z,NVIDIA L40S,modal,8,8,1,64,compiled-cpu,8.0,30,0.2887851666666667,0.06889282080964022,0.264377,0.255337,0.517949,,10434.040991,516.361328125,True,True,4.410743713378906e-06,3.2164530239242595e-06,0.0,0,0.23856080145958633,L40S,1,GenuineIntel,6,143,24
pilot-021-modal-l40s-rep1-20260811T175932Z.csv,20260811T175932Z,NVIDIA L40S,modal,8,8,1,64,compiled-gpu-resident,,30,0.1790222,0.07251155866975446,0.17271399999999998,0.099854,0.29867,0.15296000242233276,7543.923608,337.33203125,True,True,4.410743713378906e-06,3.2164530239242595e-06,0.0,0,0.4050422722419592,L40S,1,GenuineIntel,6,143,24
pilot-021-modal-l40s-rep1-20260811T175932Z.csv,20260811T175932Z,NVIDIA L40S,modal,16,8,1,1,compiled-cpu,1.0,30,2.6883574666666665,0.1368639050732976,2.7280525,2.261094,2.940013,,963.474384,2664.11376953125,True,True,2.1457672119140625e-06,3.260239054725389e-06,0.0,0,0.050909861047235334,L40S,1,GenuineIntel,6,143,24
pilot-021-modal-l40s-rep1-20260811T175932Z.csv,20260811T175932Z,NVIDIA L40S,modal,16,8,1,1,compiled-cpu,8.0,30,2.3733793000000003,0.09422548335047701,2.3876635,2.04164,2.585959,,963.474384,2331.70263671875,True,True,2.1457672119140625e-06,3.260239054725389e-06,0.0,0,0.039700979675046884,L40S,1,GenuineIntel,6,143,24
pilot-021-modal-l40s-rep1-20260811T175932Z.csv,20260811T175932Z,NVIDIA L40S,modal,16,8,1,1,compiled-gpu-resident,,30,3.2564927999999997,0.11139842104044141,3.2449760000000003,2.998322,3.643858,3.2054399251937866,1286.741885,3168.921875,True,True,2.1457672119140625e-06,3.260239054725389e-06,0.0,0,0.03420809683363692,L40S,1,GenuineIntel,6,143,24
pilot-021-modal-l40s-rep1-20260811T175932Z.csv,20260811T175932Z,NVIDIA L40S,modal,16,8,1,64,compiled-cpu,1.0,30,0.42085296666666666,0.10644879645048823,0.3835815,0.324093,0.658022,,11963.11218,374.59130859375,True,True,2.1457672119140625e-06,3.260239054725389e-06,0.0,0,0.2529358347966694,L40S,1,GenuineIntel,6,143,24
pilot-021-modal-l40s-rep1-20260811T175932Z.csv,20260811T175932Z,NVIDIA L40S,modal,16,8,1,64,compiled-cpu,8.0,30,0.34523430000000005,0.07641579709771608,0.309803,0.282164,0.569167,,11963.11218,302.5419921875,True,True,2.1457672119140625e-06,3.260239054725389e-06,0.0,0,0.2213447421004114,L40S,1,GenuineIntel,6,143,24
pilot-021-modal-l40s-rep1-20260811T175932Z.csv,20260811T175932Z,NVIDIA L40S,modal,16,8,1,64,compiled-gpu-resident,,30,0.14624376666666666,0.07312994414275857,0.105347,0.097491,0.323933,0.0906719975173473,8557.157639,102.8779296875,True,True,2.1457672119140625e-06,3.260239054725389e-06,0.0,0,0.5000551189948739,L40S,1,GenuineIntel,6,143,24
pilot-021-modal-l40s-rep1-20260811T175932Z.csv,20260811T175932Z,NVIDIA L40S,modal,32,8,1,1,compiled-cpu,1.0,30,2.9062650666666667,0.12679966635600975,2.950304,2.572095,3.091948,,1007.169865,1440.578125,True,True,5.960464477539063e-06,3.8327552829287015e-06,0.0,0,0.04362976653793052,L40S,1,GenuineIntel,6,143,24
pilot-021-modal-l40s-rep1-20260811T175932Z.csv,20260811T175932Z,NVIDIA L40S,modal,32,8,1,1,compiled-cpu,8.0,30,2.869556166666667,0.1898258692359347,2.8787965,2.464451,3.387766,,1007.169865,1405.662353515625,True,True,5.960464477539063e-06,3.8327552829287015e-06,0.0,0,0.0661516479241597,L40S,1,GenuineIntel,6,143,24
pilot-021-modal-l40s-rep1-20260811T175932Z.csv,20260811T175932Z,NVIDIA L40S,modal,32,8,1,1,compiled-gpu-resident,,30,3.0318962666666662,0.13342243143436366,3.025829,2.544475,3.219324,2.984560012817383,910.378131,1477.45556640625,True,True,5.960464477539063e-06,3.8327552829287015e-06,0.0,0,0.04400626528725247,L40S,1,GenuineIntel,6,143,24
pilot-021-modal-l40s-rep1-20260811T175932Z.csv,20260811T175932Z,NVIDIA L40S,modal,32,8,1,64,compiled-cpu,1.0,30,0.3936202,0.12910501488200507,0.3637615,0.272987,0.65787,,12771.175986,177.617919921875,True,True,5.960464477539063e-06,3.8327552829287015e-06,0.0,0,0.3279938755226614,L40S,1,GenuineIntel,6,143,24
pilot-021-modal-l40s-rep1-20260811T175932Z.csv,20260811T175932Z,NVIDIA L40S,modal,32,8,1,64,compiled-cpu,8.0,30,0.35859766666666665,0.08503139603550634,0.3204885,0.286847,0.59577,,12771.175986,156.488525390625,True,True,5.960464477539063e-06,3.8327552829287015e-06,0.0,0,0.23712200033511935,L40S,1,GenuineIntel,6,143,24
pilot-021-modal-l40s-rep1-20260811T175932Z.csv,20260811T175932Z,NVIDIA L40S,modal,32,8,1,64,compiled-gpu-resident,,30,0.16914890000000002,0.09543082615112476,0.1093555,0.093365,0.432818,0.0896160006523132,9174.660815,53.396240234375,True,True,5.960464477539063e-06,3.8327552829287015e-06,0.0,0,0.5641823632972177,L40S,1,GenuineIntel,6,143,24
pilot-021-modal-l40s-rep1-20260811T175932Z.csv,20260811T175932Z,NVIDIA L40S,modal,64,8,1,1,compiled-cpu,1.0,30,2.5981462,0.12206916763568466,2.618737,2.256772,2.777756,,1006.401297,639.340087890625,True,True,4.529953002929688e-06,4.605160484061344e-06,0.0,0,0.04698317886641047,L40S,1,GenuineIntel,6,143,24
pilot-021-modal-l40s-rep1-20260811T175932Z.csv,20260811T175932Z,NVIDIA L40S,modal,64,8,1,1,compiled-cpu,8.0,30,2.4254064666666664,0.11131789559007255,2.453477,2.092271,2.589636,,1006.401297,598.993408203125,True,True,4.529953002929688e-06,4.605160484061344e-06,0.0,0,0.04589659387816394,L40S,1,GenuineIntel,6,143,24
pilot-021-modal-l40s-rep1-20260811T175932Z.csv,20260811T175932Z,NVIDIA L40S,modal,64,8,1,1,compiled-gpu-resident,,30,2.9684060000000003,0.15421426051125908,2.9254615,2.815317,3.391441,2.9029120206832886,678.169176,714.2239990234375,True,True,4.529953002929688e-06,4.605160484061344e-06,0.0,0,0.05195187602749053,L40S,1,GenuineIntel,6,143,24
pilot-021-modal-l40s-rep1-20260811T175932Z.csv,20260811T175932Z,NVIDIA L40S,modal,64,8,1,64,compiled-cpu,1.0,30,0.45250766666666664,0.13386794582936834,0.404156,0.331121,0.856084,,11781.454492,98.6708984375,True,True,4.529953002929688e-06,4.605160484061344e-06,0.0,0,0.2958357519453483,L40S,1,GenuineIntel,6,143,24
pilot-021-modal-l40s-rep1-20260811T175932Z.csv,20260811T175932Z,NVIDIA L40S,modal,64,8,1,64,compiled-cpu,8.0,30,0.4322607333333333,0.13429303879253515,0.359332,0.347246,0.874715,,11781.454492,87.7275390625,True,True,4.529953002929688e-06,4.605160484061344e-06,0.0,0,0.31067600741096346,L40S,1,GenuineIntel,6,143,24
pilot-021-modal-l40s-rep1-20260811T175932Z.csv,20260811T175932Z,NVIDIA L40S,modal,64,8,1,64,compiled-gpu-resident,,30,0.1439349,0.06282079964105344,0.112366,0.105308,0.314553,0.0955839976668357,9179.304891,27.43310546875,True,True,4.529953002929688e-06,4.605160484061344e-06,0.0,0,0.4364528661294338,L40S,1,GenuineIntel,6,143,24
pilot-021-modal-l40s-rep1-20260811T175932Z.csv,20260811T175932Z,NVIDIA L40S,modal,128,8,1,1,compiled-cpu,1.0,30,3.0328564333333334,0.14880359828534998,3.0286704999999996,2.600681,3.372146,,951.950236,369.71075439453125,True,True,7.867813110351562e-06,4.265566531103104e-06,0.0,0,0.049063845109807526,L40S,1,GenuineIntel,6,143,24
pilot-021-modal-l40s-rep1-20260811T175932Z.csv,20260811T175932Z,NVIDIA L40S,modal,128,8,1,1,compiled-cpu,8.0,30,2.6834727666666667,0.13691548069185472,2.6910105,2.288783,2.894767,,951.950236,328.49249267578125,True,True,7.867813110351562e-06,4.265566531103104e-06,0.0,0,0.05102175151265918,L40S,1,GenuineIntel,6,143,24
pilot-021-modal-l40s-rep1-20260811T175932Z.csv,20260811T175932Z,NVIDIA L40S,modal,128,8,1,1,compiled-gpu-resident,,30,2.701311,0.0935510861036493,2.719138,2.459548,2.87222,2.6817920207977295,1135.567,331.926025390625,True,True,7.867813110351562e-06,4.265566531103104e-06,0.0,0,0.03463173477753924,L40S,1,GenuineIntel,6,143,24
pilot-021-modal-l40s-rep1-20260811T175932Z.csv,20260811T175932Z,NVIDIA L40S,modal,128,8,1,64,compiled-cpu,1.0,30,0.44915093333333334,0.10154290105000231,0.39568250000000005,0.35695,0.67806,,12024.356903,48.30108642578125,True,True,7.867813110351562e-06,4.265566531103104e-06,0.0,0,0.2260774575183687,L40S,1,GenuineIntel,6,143,24
pilot-021-modal-l40s-rep1-20260811T175932Z.csv,20260811T175932Z,NVIDIA L40S,modal,128,8,1,64,compiled-cpu,8.0,30,0.5996226,0.13838704408378796,0.5865595,0.434934,0.937193,,12024.356903,71.60150146484375,True,True,7.867813110351562e-06,4.265566531103104e-06,0.0,0,0.230790240534276,L40S,1,GenuineIntel,6,143,24
pilot-021-modal-l40s-rep1-20260811T175932Z.csv,20260811T175932Z,NVIDIA L40S,modal,128,8,1,64,compiled-gpu-resident,,30,0.1579682,0.07484686736005587,0.1117355,0.102184,0.319615,0.0946080014109611,9096.416979,13.63958740234375,True,True,7.867813110351562e-06,4.265566531103104e-06,0.0,0,0.473809712081646,L40S,1,GenuineIntel,6,143,24
pilot-021-modal-l40s-rep1-20260811T175932Z.csv,20260811T175932Z,NVIDIA L40S,modal,256,8,1,1,compiled-cpu,1.0,30,2.833446866666667,0.2104897590371059,2.7376575,2.603739,3.258527,,926.440122,167.09335327148438,True,True,7.62939453125e-06,5.183574558031978e-06,0.0,0,0.0742875264446836,L40S,1,GenuineIntel,6,143,24
pilot-021-modal-l40s-rep1-20260811T175932Z.csv,20260811T175932Z,NVIDIA L40S,modal,256,8,1,1,compiled-cpu,8.0,30,3.6363163666666667,0.07548379436513153,3.6380749999999997,3.452391,3.762953,,926.440122,222.05047607421875,True,True,7.62939453125e-06,5.183574558031978e-06,0.0,0,0.02075831329118536,L40S,1,GenuineIntel,6,143,24
pilot-021-modal-l40s-rep1-20260811T175932Z.csv,20260811T175932Z,NVIDIA L40S,modal,256,8,1,1,compiled-gpu-resident,,30,3.2142031333333336,0.1514226267913597,3.249384,2.817816,3.3976,3.2093600034713745,1066.36386,198.32666015625,True,True,7.62939453125e-06,5.183574558031978e-06,0.0,0,0.04711047202369092,L40S,1,GenuineIntel,6,143,24
pilot-021-modal-l40s-rep1-20260811T175932Z.csv,20260811T175932Z,NVIDIA L40S,modal,256,8,1,64,compiled-cpu,1.0,30,0.5684766333333333,0.13739976676848234,0.498564,0.426544,0.846379,,10890.578714,30.429931640625,True,True,7.62939453125e-06,5.183574558031978e-06,0.0,0,0.24169817845075134,L40S,1,GenuineIntel,6,143,24
pilot-021-modal-l40s-rep1-20260811T175932Z.csv,20260811T175932Z,NVIDIA L40S,modal,256,8,1,64,compiled-cpu,8.0,30,1.1760881,0.10666995860075225,1.13623,1.112178,1.638543,,10890.578714,69.3499755859375,True,True,7.62939453125e-06,5.183574558031978e-06,0.0,0,0.09069895240054911,L40S,1,GenuineIntel,6,143,24
pilot-021-modal-l40s-rep1-20260811T175932Z.csv,20260811T175932Z,NVIDIA L40S,modal,256,8,1,64,compiled-gpu-resident,,30,0.1867990333333333,0.11941365940134128,0.12088199999999999,0.109748,0.567324,0.1008960008621215,8808.324582,7.3780517578125,True,True,7.62939453125e-06,5.183574558031978e-06,0.0,0,0.6392627267414908,L40S,1,GenuineIntel,6,143,24
pilot-022-modal-l40s-rep2-20260811T180107Z.csv,20260811T180107Z,NVIDIA L40S,modal,8,8,1,1,compiled-cpu,1.0,30,2.7738031000000003,0.11358506143592755,2.8027435,2.376523,2.940997,,1019.041848,5474.1083984375,True,True,6.437301635742188e-06,3.010847649420612e-06,0.0,0,0.0409492156944837,L40S,2,GenuineIntel,6,143,24
pilot-022-modal-l40s-rep2-20260811T180107Z.csv,20260811T180107Z,NVIDIA L40S,modal,8,8,1,1,compiled-cpu,8.0,30,2.7636480999999997,0.16058012288388449,2.7856535,2.377429,3.055615,,1019.041848,5440.7294921875,True,True,6.437301635742188e-06,3.010847649420612e-06,0.0,0,0.05810440297514163,L40S,2,GenuineIntel,6,143,24
pilot-022-modal-l40s-rep2-20260811T180107Z.csv,20260811T180107Z,NVIDIA L40S,modal,8,8,1,1,compiled-gpu-resident,,30,3.202311933333333,0.5820212369252477,3.072687,2.895968,6.209067,3.0493600368499756,842.818962,6001.341796875,True,True,6.437301635742188e-06,3.010847649420612e-06,0.0,0,0.18175032571527575,L40S,2,GenuineIntel,6,143,24
pilot-022-modal-l40s-rep2-20260811T180107Z.csv,20260811T180107Z,NVIDIA L40S,modal,8,8,1,64,compiled-cpu,1.0,30,0.40689603333333335,0.10286035086917544,0.386309,0.298304,0.624628,,11622.995241,754.509765625,True,True,6.437301635742188e-06,3.010847649420612e-06,0.0,0,0.25279270979009816,L40S,2,GenuineIntel,6,143,24
pilot-022-modal-l40s-rep2-20260811T180107Z.csv,20260811T180107Z,NVIDIA L40S,modal,8,8,1,64,compiled-cpu,8.0,30,0.3606113,0.0842870743373809,0.322423,0.302924,0.564551,,11622.995241,629.732421875,True,True,6.437301635742188e-06,3.010847649420612e-06,0.0,0,0.23373386895358214,L40S,2,GenuineIntel,6,143,24
pilot-022-modal-l40s-rep2-20260811T180107Z.csv,20260811T180107Z,NVIDIA L40S,modal,8,8,1,64,compiled-gpu-resident,,30,0.18170993333333332,0.09636627751768817,0.1442115,0.105657,0.512612,0.1187200024724006,8110.727504,281.6630859375,True,True,6.437301635742188e-06,3.010847649420612e-06,0.0,0,0.5303302673107663,L40S,2,GenuineIntel,6,143,24
pilot-022-modal-l40s-rep2-20260811T180107Z.csv,20260811T180107Z,NVIDIA L40S,modal,16,8,1,1,compiled-cpu,1.0,30,2.7647197333333335,0.16466564304799342,2.769589,2.480567,3.115034,,1000.121719,2704.6767578125,True,True,7.62939453125e-06,3.954511612391798e-06,0.0,0,0.0595596150534439,L40S,2,GenuineIntel,6,143,24
pilot-022-modal-l40s-rep2-20260811T180107Z.csv,20260811T180107Z,NVIDIA L40S,modal,16,8,1,1,compiled-cpu,8.0,30,2.7650071333333335,0.16133996195456,2.765607,2.485007,3.109411,,1000.121719,2700.7880859375,True,True,7.62939453125e-06,3.954511612391798e-06,0.0,0,0.05835064944662831,L40S,2,GenuineIntel,6,143,24
pilot-022-modal-l40s-rep2-20260811T180107Z.csv,20260811T180107Z,NVIDIA L40S,modal,16,8,1,1,compiled-gpu-resident,,30,3.2813516666666667,0.13837574521029986,3.318921,2.935926,3.507768,3.280128002166748,882.237032,3241.1337890625,True,True,7.62939453125e-06,3.954511612391798e-06,0.0,0,0.0421703490716884,L40S,2,GenuineIntel,6,143,24
pilot-022-modal-l40s-rep2-20260811T180107Z.csv,20260811T180107Z,NVIDIA L40S,modal,16,8,1,64,compiled-cpu,1.0,30,0.3793146,0.10765688639908191,0.319143,0.291549,0.610577,,11338.620944,311.6630859375,True,True,7.62939453125e-06,3.954511612391798e-06,0.0,0,0.2838195165677301,L40S,2,GenuineIntel,6,143,24
pilot-022-modal-l40s-rep2-20260811T180107Z.csv,20260811T180107Z,NVIDIA L40S,modal,16,8,1,64,compiled-cpu,8.0,30,0.4156887333333333,0.10958475098955908,0.35132850000000004,0.32525,0.626195,,11338.620944,343.09423828125,True,True,7.62939453125e-06,3.954511612391798e-06,0.0,0,0.26362213406848595,L40S,2,GenuineIntel,6,143,24
pilot-022-modal-l40s-rep2-20260811T180107Z.csv,20260811T180107Z,NVIDIA L40S,modal,16,8,1,64,compiled-gpu-resident,,30,0.16449803333333335,0.08335395701857246,0.1146915,0.104184,0.387349,0.09662400186061855,8169.625545,112.00341796875,True,True,7.62939453125e-06,3.954511612391798e-06,0.0,0,0.5067170429306396,L40S,2,GenuineIntel,6,143,24
pilot-022-modal-l40s-rep2-20260811T180107Z.csv,20260811T180107Z,NVIDIA L40S,modal,32,8,1,1,compiled-cpu,1.0,30,2.7546209333333334,0.1629045020926812,2.7988280000000003,2.301601,2.969437,,1003.351539,1366.615234375,True,True,9.5367431640625e-06,5.009530013921904e-06,0.0,0,0.05913862779498755,L40S,2,GenuineIntel,6,143,24
pilot-022-modal-l40s-rep2-20260811T180107Z.csv,20260811T180107Z,NVIDIA L40S,modal,32,8,1,1,compiled-cpu,8.0,30,2.8028479666666666,0.18529065623435378,2.8234705,2.347681,3.090686,,1003.351539,1378.647705078125,True,True,9.5367431640625e-06,5.009530013921904e-06,0.0,0,0.06610799388263423,L40S,2,GenuineIntel,6,143,24
pilot-022-modal-l40s-rep2-20260811T180107Z.csv,20260811T180107Z,NVIDIA L40S,modal,32,8,1,1,compiled-gpu-resident,,30,3.160763,0.1486024406858551,3.1962580000000003,2.743667,3.390846,3.1505759954452515,996.827445,1560.6728515625,True,True,9.5367431640625e-06,5.009530013921904e-06,0.0,0,0.04701473684862012,L40S,2,GenuineIntel,6,143,24
pilot-022-modal-l40s-rep2-20260811T180107Z.csv,20260811T180107Z,NVIDIA L40S,modal,32,8,1,64,compiled-cpu,1.0,30,0.4200896666666667,0.11702205870964527,0.356488,0.307438,0.680504,,11637.994043,174.06640625,True,True,9.5367431640625e-06,5.009530013921904e-06,0.0,0,0.27856447800345463,L40S,2,GenuineIntel,6,143,24
pilot-022-modal-l40s-rep2-20260811T180107Z.csv,20260811T180107Z,NVIDIA L40S,modal,32,8,1,64,compiled-cpu,8.0,30,0.34729373333333335,0.05844549599999181,0.3293665,0.307135,0.565404,,11637.994043,160.823486328125,True,True,9.5367431640625e-06,5.009530013921904e-06,0.0,0,0.16828836915377246,L40S,2,GenuineIntel,6,143,24
pilot-022-modal-l40s-rep2-20260811T180107Z.csv,20260811T180107Z,NVIDIA L40S,modal,32,8,1,64,compiled-gpu-resident,,30,0.18488246666666666,0.07819918066231558,0.18031049999999998,0.101735,0.390146,0.15833599865436548,8222.831817,88.042236328125,True,True,9.5367431640625e-06,5.009530013921904e-06,0.0,0,0.42296699125777343,L40S,2,GenuineIntel,6,143,24
pilot-022-modal-l40s-rep2-20260811T180107Z.csv,20260811T180107Z,NVIDIA L40S,modal,64,8,1,1,compiled-cpu,1.0,30,2.8447975333333333,0.15785375960826645,2.892507,2.377019,3.202758,,914.5246,706.178466796875,True,True,6.67572021484375e-06,3.825154180958634e-06,0.0,0,0.05548857440947811,L40S,2,GenuineIntel,6,143,24
pilot-022-modal-l40s-rep2-20260811T180107Z.csv,20260811T180107Z,NVIDIA L40S,modal,64,8,1,1,compiled-cpu,8.0,30,2.8466830333333335,0.13102204742200466,2.8782284999999996,2.4314,3.04656,,914.5246,702.6925048828125,True,True,6.67572021484375e-06,3.825154180958634e-06,0.0,0,0.04602621573522498,L40S,2,GenuineIntel,6,143,24
pilot-022-modal-l40s-rep2-20260811T180107Z.csv,20260811T180107Z,NVIDIA L40S,modal,64,8,1,1,compiled-gpu-resident,,30,3.0655505333333335,0.15490332161878684,3.0662304999999996,2.754243,3.388503,3.0279840230941772,915.001809,748.5914306640625,True,True,6.67572021484375e-06,3.825154180958634e-06,0.0,0,0.050530343549859004,L40S,2,GenuineIntel,6,143,24
pilot-022-modal-l40s-rep2-20260811T180107Z.csv,20260811T180107Z,NVIDIA L40S,modal,64,8,1,64,compiled-cpu,1.0,30,0.40397546666666667,0.08158554598479309,0.36956,0.356432,0.691618,,29838.413842,90.224609375,True,True,6.67572021484375e-06,3.825154180958634e-06,0.0,0,0.20195668479074247,L40S,2,GenuineIntel,6,143,24
pilot-022-modal-l40s-rep2-20260811T180107Z.csv,20260811T180107Z,NVIDIA L40S,modal,64,8,1,64,compiled-cpu,8.0,30,0.45547503333333333,0.10895858109122307,0.37911150000000005,0.364838,0.686763,,29838.413842,92.5565185546875,True,True,6.67572021484375e-06,3.825154180958634e-06,0.0,0,0.23921965666004613,L40S,2,GenuineIntel,6,143,24
pilot-022-modal-l40s-rep2-20260811T180107Z.csv,20260811T180107Z,NVIDIA L40S,modal,64,8,1,64,compiled-gpu-resident,,30,0.1836332,0.10286084448499104,0.1281795,0.108035,0.510604,0.10678400099277491,9794.770873,31.2938232421875,True,True,6.67572021484375e-06,3.825154180958634e-06,0.0,0,0.5601429615395856,L40S,2,GenuineIntel,6,143,24
pilot-022-modal-l40s-rep2-20260811T180107Z.csv,20260811T180107Z,NVIDIA L40S,modal,128,8,1,1,compiled-cpu,1.0,30,2.8067773333333337,0.1855050408100923,2.842003,2.354097,3.068934,,908.854543,346.9241943359375,True,True,7.152557373046875e-06,3.788546109717572e-06,0.0,0,0.06609182659665638,L40S,2,GenuineIntel,6,143,24
pilot-022-modal-l40s-rep2-20260811T180107Z.csv,20260811T180107Z,NVIDIA L40S,modal,128,8,1,1,compiled-cpu,8.0,30,2.905701,0.15696980335522906,2.9234035,2.452737,3.207271,,908.854543,356.86077880859375,True,True,7.152557373046875e-06,3.788546109717572e-06,0.0,0,0.05402131993458,L40S,2,GenuineIntel,6,143,24
pilot-022-modal-l40s-rep2-20260811T180107Z.csv,20260811T180107Z,NVIDIA L40S,modal,128,8,1,1,compiled-gpu-resident,,30,3.1928053666666667,0.14175834041618343,3.2415209999999997,2.881005,3.478901,3.19923198223114,1106.366725,395.6934814453125,True,True,7.152557373046875e-06,3.788546109717572e-06,0.0,0,0.044399305355772786,L40S,2,GenuineIntel,6,143,24
pilot-022-modal-l40s-rep2-20260811T180107Z.csv,20260811T180107Z,NVIDIA L40S,modal,128,8,1,64,compiled-cpu,1.0,30,0.5161815,0.12591818480862874,0.431047,0.402903,0.750497,,11664.627579,52.6180419921875,True,True,7.152557373046875e-06,3.788546109717572e-06,0.0,0,0.24394168486981566,L40S,2,GenuineIntel,6,143,24
pilot-022-modal-l40s-rep2-20260811T180107Z.csv,20260811T180107Z,NVIDIA L40S,modal,128,8,1,64,compiled-cpu,8.0,30,0.5133649,0.13126723188144576,0.4432825,0.395275,0.827349,,11664.627579,54.11163330078125,True,True,7.152557373046875e-06,3.788546109717572e-06,0.0,0,0.25569966291315543,L40S,2,GenuineIntel,6,143,24
pilot-022-modal-l40s-rep2-20260811T180107Z.csv,20260811T180107Z,NVIDIA L40S,modal,128,8,1,64,compiled-gpu-resident,,30,0.17446733333333334,0.0823301045356471,0.1230285,0.10822,0.374053,0.1037119999527931,9202.813979,15.01812744140625,True,True,7.152557373046875e-06,3.788546109717572e-06,0.0,0,0.4718940959471712,L40S,2,GenuineIntel,6,143,24
pilot-022-modal-l40s-rep2-20260811T180107Z.csv,20260811T180107Z,NVIDIA L40S,modal,256,8,1,1,compiled-cpu,1.0,30,2.9713513666666667,0.1652159802501965,3.0100935,2.526686,3.237099,,968.960832,183.72152709960938,True,True,8.106231689453125e-06,5.083974883746123e-06,0.0,0,0.05560297651217861,L40S,2,GenuineIntel,6,143,24
pilot-022-modal-l40s-rep2-20260811T180107Z.csv,20260811T180107Z,NVIDIA L40S,modal,256,8,1,1,compiled-cpu,8.0,30,3.932510166666667,0.21258378440691184,3.8352044999999997,3.734077,4.470539,,968.960832,234.08230590820312,True,True,8.106231689453125e-06,5.083974883746123e-06,0.0,0,0.05405803809710307,L40S,2,GenuineIntel,6,143,24
pilot-022-modal-l40s-rep2-20260811T180107Z.csv,20260811T180107Z,NVIDIA L40S,modal,256,8,1,1,compiled-gpu-resident,,30,3.0988247666666666,0.149702763413944,3.1054370000000002,2.805572,3.319715,3.0687040090560913,1100.961318,189.54083251953125,True,True,8.106231689453125e-06,5.083974883746123e-06,0.0,0,0.04830952851037646,L40S,2,GenuineIntel,6,143,24
pilot-022-modal-l40s-rep2-20260811T180107Z.csv,20260811T180107Z,NVIDIA L40S,modal,256,8,1,64,compiled-cpu,1.0,30,0.7349488,0.16401009867296965,0.713434,0.532738,1.149856,,11647.866395,43.5445556640625,True,True,8.106231689453125e-06,5.083974883746123e-06,0.0,0,0.22315853658509227,L40S,2,GenuineIntel,6,143,24
pilot-022-modal-l40s-rep2-20260811T180107Z.csv,20260811T180107Z,NVIDIA L40S,modal,256,8,1,64,compiled-cpu,8.0,30,1.4521287333333333,0.20963681245790933,1.4265729999999999,1.140188,2.231337,,11647.866395,87.07110595703125,True,True,8.106231689453125e-06,5.083974883746123e-06,0.0,0,0.14436517069439986,L40S,2,GenuineIntel,6,143,24
pilot-022-modal-l40s-rep2-20260811T180107Z.csv,20260811T180107Z,NVIDIA L40S,modal,256,8,1,64,compiled-gpu-resident,,30,0.21003943333333333,0.0842359468613806,0.1951505,0.111135,0.424107,0.17235200107097626,9491.693269,11.911041259765625,True,True,8.106231689453125e-06,5.083974883746123e-06,0.0,0,0.4010482485338734,L40S,2,GenuineIntel,6,143,24
pilot-023-modal-l40s-rep3-20260811T180122Z.csv,20260811T180122Z,NVIDIA L40S,modal,8,8,1,1,compiled-cpu,1.0,30,5.261282733333333,0.13634021515867084,5.242373499999999,4.884913,5.472349,,1103.706494,10239.0107421875,True,True,3.337860107421875e-06,3.409520331842941e-06,0.0,0,0.025913873492271203,L40S,3,AuthenticAMD,175,1,21
pilot-023-modal-l40s-rep3-20260811T180122Z.csv,20260811T180122Z,NVIDIA L40S,modal,8,8,1,1,compiled-cpu,8.0,30,5.194511933333334,0.11891619569170774,5.176356,4.857903,5.473249,,1103.706494,10110.0703125,True,True,3.337860107421875e-06,3.409520331842941e-06,0.0,0,0.022892660026174752,L40S,3,AuthenticAMD,175,1,21
pilot-023-modal-l40s-rep3-20260811T180122Z.csv,20260811T180122Z,NVIDIA L40S,modal,8,8,1,1,compiled-gpu-resident,,30,5.884464533333333,0.16001902227757564,5.8395315,5.571655,6.261152,5.799440145492554,1013.485228,11405.3349609375,True,True,3.337860107421875e-06,3.409520331842941e-06,0.0,0,0.027193472128368958,L40S,3,AuthenticAMD,175,1,21
pilot-023-modal-l40s-rep3-20260811T180122Z.csv,20260811T180122Z,NVIDIA L40S,modal,8,8,1,64,compiled-cpu,1.0,30,0.5131945,0.11804894924586037,0.474781,0.38046,0.852191,,16645.277557,927.306640625,True,True,3.337860107421875e-06,3.409520331842941e-06,0.0,0,0.2300276975802749,L40S,3,AuthenticAMD,175,1,21
pilot-023-modal-l40s-rep3-20260811T180122Z.csv,20260811T180122Z,NVIDIA L40S,modal,8,8,1,64,compiled-cpu,8.0,30,0.4876101666666666,0.11076977494913313,0.4295715,0.383511,0.767511,,16645.277557,839.0068359375,True,True,3.337860107421875e-06,3.409520331842941e-06,0.0,0,0.22716871493136043,L40S,3,AuthenticAMD,175,1,21
pilot-023-modal-l40s-rep3-20260811T180122Z.csv,20260811T180122Z,NVIDIA L40S,modal,8,8,1,64,compiled-gpu-resident,,30,0.21824600000000002,0.07888363031138619,0.1917255,0.181535,0.582816,0.161760002374649,11556.143761,374.4638671875,True,True,3.337860107421875e-06,3.409520331842941e-06,0.0,0,0.36144364758752134,L40S,3,AuthenticAMD,175,1,21
pilot-023-modal-l40s-rep3-20260811T180122Z.csv,20260811T180122Z,NVIDIA L40S,modal,16,8,1,1,compiled-cpu,1.0,30,5.289816066666666,0.19664547607935995,5.247318,4.866393,5.968413,,1138.934375,5124.333984375,True,True,3.576278686523437e-06,4.270080353308003e-06,0.0,0,0.03717435041239051,L40S,3,AuthenticAMD,175,1,21
pilot-023-modal-l40s-rep3-20260811T180122Z.csv,20260811T180122Z,NVIDIA L40S,modal,16,8,1,1,compiled-cpu,8.0,30,5.304833266666666,0.2125020043261149,5.228833,4.928545,5.928811,,1138.934375,5106.2822265625,True,True,3.576278686523437e-06,4.270080353308003e-06,0.0,0,0.04005818724999103,L40S,3,AuthenticAMD,175,1,21
pilot-023-modal-l40s-rep3-20260811T180122Z.csv,20260811T180122Z,NVIDIA L40S,modal,16,8,1,1,compiled-gpu-resident,,30,5.984826466666666,0.22707494760202915,5.934937,5.607644,6.535309,5.89414381980896,997.618484,5795.8369140625,True,True,3.576278686523437e-06,4.270080353308003e-06,0.0,0,0.03794177640183137,L40S,3,AuthenticAMD,175,1,21
pilot-023-modal-l40s-rep3-20260811T180122Z.csv,20260811T180122Z,NVIDIA L40S,modal,16,8,1,64,compiled-cpu,1.0,30,0.44053363333333334,0.11145145530786141,0.4095345,0.383009,0.984944,,16268.449663,399.93603515625,True,True,3.576278686523437e-06,4.270080353308003e-06,0.0,0,0.25299193268072395,L40S,3,AuthenticAMD,175,1,21
pilot-023-modal-l40s-rep3-20260811T180122Z.csv,20260811T180122Z,NVIDIA L40S,modal,16,8,1,64,compiled-cpu,8.0,30,0.4533396333333333,0.11361525423732786,0.4201895,0.394348,0.858429,,16268.449663,410.34130859375,True,True,3.576278686523437e-06,4.270080353308003e-06,0.0,0,0.250618401488379,L40S,3,AuthenticAMD,175,1,21
pilot-023-modal-l40s-rep3-20260811T180122Z.csv,20260811T180122Z,NVIDIA L40S,modal,16,8,1,64,compiled-gpu-resident,,30,0.23883393333333333,0.06922874105951268,0.22226,0.187424,0.563343,0.18559999763965604,11832.629086,217.05078125,True,True,3.576278686523437e-06,4.270080353308003e-06,0.0,0,0.28986141162316414,L40S,3,AuthenticAMD,175,1,21
pilot-023-modal-l40s-rep3-20260811T180122Z.csv,20260811T180122Z,NVIDIA L40S,modal,32,8,1,1,compiled-cpu,1.0,30,5.142143666666667,0.16265328199670265,5.116289,4.885779,5.600905,,1097.648006,2498.18798828125,True,True,6.437301635742188e-06,3.752460088435328e-06,0.0,0,0.031631415328024215,L40S,3,AuthenticAMD,175,1,21
pilot-023-modal-l40s-rep3-20260811T180122Z.csv,20260811T180122Z,NVIDIA L40S,modal,32,8,1,1,compiled-cpu,8.0,30,5.380468633333334,0.2078600158728322,5.349743999999999,4.992931,5.892362,,1097.648006,2612.1796875,True,True,6.437301635742188e-06,3.752460088435328e-06,0.0,0,0.038632325553407745,L40S,3,AuthenticAMD,175,1,21
pilot-023-modal-l40s-rep3-20260811T180122Z.csv,20260811T180122Z,NVIDIA L40S,modal,32,8,1,1,compiled-gpu-resident,,30,5.806115466666666,0.22694460371728456,5.698961499999999,5.552593,6.313961,5.659375905990601,1166.856395,2782.696044921875,True,True,6.437301635742188e-06,3.752460088435328e-06,0.0,0,0.03908716680200215,L40S,3,AuthenticAMD,175,1,21
pilot-023-modal-l40s-rep3-20260811T180122Z.csv,20260811T180122Z,NVIDIA L40S,modal,32,8,1,64,compiled-cpu,1.0,30,0.5258668,0.11910172233254777,0.5097389999999999,0.397761,0.920055,,16290.452297,248.89599609375,True,True,6.437301635742188e-06,3.752460088435328e-06,0.0,0,0.22648648352120304,L40S,3,AuthenticAMD,175,1,21
pilot-023-modal-l40s-rep3-20260811T180122Z.csv,20260811T180122Z,NVIDIA L40S,modal,32,8,1,64,compiled-cpu,8.0,30,0.5515214,0.14067451154094246,0.5402,0.396081,0.949516,,16290.452297,263.76953125,True,True,6.437301635742188e-06,3.752460088435328e-06,0.0,0,0.2550662794606745,L40S,3,AuthenticAMD,175,1,21
pilot-023-modal-l40s-rep3-20260811T180122Z.csv,20260811T180122Z,NVIDIA L40S,modal,32,8,1,64,compiled-gpu-resident,,30,0.28305046666666667,0.06461862211453916,0.281763,0.195906,0.511204,0.2359040006995201,12557.868012,137.57958984375,True,True,6.437301635742188e-06,3.752460088435328e-06,0.0,0,0.2282936427398194,L40S,3,AuthenticAMD,175,1,21
pilot-023-modal-l40s-rep3-20260811T180122Z.csv,20260811T180122Z,NVIDIA L40S,modal,64,8,1,1,compiled-cpu,1.0,30,5.361343566666666,0.16238480558923618,5.3820844999999995,4.97751,5.78966,,1124.132288,1313.9854736328125,True,True,1.239776611328125e-05,3.507115479806089e-06,0.0,0,0.030288080510049546,L40S,3,AuthenticAMD,175,1,21
pilot-023-modal-l40s-rep3-20260811T180122Z.csv,20260811T180122Z,NVIDIA L40S,modal,64,8,1,1,compiled-cpu,8.0,30,5.2420733,0.17168078681572235,5.237457,4.866239,5.680757,,1124.132288,1278.676025390625,True,True,1.239776611328125e-05,3.507115479806089e-06,0.0,0,0.03275055059144678,L40S,3,AuthenticAMD,175,1,21
pilot-023-modal-l40s-rep3-20260811T180122Z.csv,20260811T180122Z,NVIDIA L40S,modal,64,8,1,1,compiled-gpu-resident,,30,5.889569,0.12486552649288264,5.8663,5.667005,6.160398,5.825872182846069,1140.861069,1432.2021484375,True,True,1.239776611328125e-05,3.507115479806089e-06,0.0,0,0.02120113143981888,L40S,3,AuthenticAMD,175,1,21
pilot-023-modal-l40s-rep3-20260811T180122Z.csv,20260811T180122Z,NVIDIA L40S,modal,64,8,1,64,compiled-cpu,1.0,30,0.5273635,0.1049501457191248,0.482707,0.41955,0.764849,,17108.474614,117.848388671875,True,True,1.239776611328125e-05,3.507115479806089e-06,0.0,0,0.1990091193628774,L40S,3,AuthenticAMD,175,1,21
pilot-023-modal-l40s-rep3-20260811T180122Z.csv,20260811T180122Z,NVIDIA L40S,modal,64,8,1,64,compiled-cpu,8.0,30,0.4751525,0.09993422950560689,0.4407705,0.42284,0.811019,,17108.474614,107.6099853515625,True,True,1.239776611328125e-05,3.507115479806089e-06,0.0,0,0.21032032769606998,L40S,3,AuthenticAMD,175,1,21
pilot-023-modal-l40s-rep3-20260811T180122Z.csv,20260811T180122Z,NVIDIA L40S,modal,64,8,1,64,compiled-gpu-resident,,30,0.25974763333333334,0.07602430582680203,0.252046,0.185375,0.491312,0.2140479981899261,11988.489162,61.53466796875,True,True,1.239776611328125e-05,3.507115479806089e-06,0.0,0,0.2926852685862214,L40S,3,AuthenticAMD,175,1,21
pilot-023-modal-l40s-rep3-20260811T180122Z.csv,20260811T180122Z,NVIDIA L40S,modal,128,8,1,1,compiled-cpu,1.0,30,5.0448851999999995,0.16092790557209366,5.02542,4.844656,5.537162,,15946.183253,613.45458984375,True,True,1.2874603271484377e-05,4.915643785352586e-06,0.0,0,0.03189922053570093,L40S,3,AuthenticAMD,175,1,21
pilot-023-modal-l40s-rep3-20260811T180122Z.csv,20260811T180122Z,NVIDIA L40S,modal,128,8,1,1,compiled-cpu,8.0,30,5.357073833333333,0.18060707905247722,5.3245485,5.063843,5.817911,,15946.183253,649.9692993164062,True,True,1.2874603271484377e-05,4.915643785352586e-06,0.0,0,0.03371375580614278,L40S,3,AuthenticAMD,175,1,21
pilot-023-modal-l40s-rep3-20260811T180122Z.csv,20260811T180122Z,NVIDIA L40S,modal,128,8,1,1,compiled-gpu-resident,,30,5.814271833333334,0.23268663786185498,5.7719135,5.419091,6.28122,5.7325119972229,1680.567755,704.5792846679688,True,True,1.2874603271484377e-05,4.915643785352586e-06,0.0,0,0.04001991040870465,L40S,3,AuthenticAMD,175,1,21
pilot-023-modal-l40s-rep3-20260811T180122Z.csv,20260811T180122Z,NVIDIA L40S,modal,128,8,1,64,compiled-cpu,1.0,30,0.5258739666666666,0.09053819066102022,0.485582,0.43854,0.735498,,16388.835588,59.275146484375,True,True,1.2874603271484377e-05,4.915643785352586e-06,0.0,0,0.17216709021538093,L40S,3,AuthenticAMD,175,1,21
pilot-023-modal-l40s-rep3-20260811T180122Z.csv,20260811T180122Z,NVIDIA L40S,modal,128,8,1,64,compiled-cpu,8.0,30,0.5938687666666667,0.10202755802188544,0.600329,0.464281,0.979833,,16388.835588,73.2823486328125,True,True,1.2874603271484377e-05,4.915643785352586e-06,0.0,0,0.171801522067842,L40S,3,AuthenticAMD,175,1,21
pilot-023-modal-l40s-rep3-20260811T180122Z.csv,20260811T180122Z,NVIDIA L40S,modal,128,8,1,64,compiled-gpu-resident,,30,0.23317916666666666,0.08119193259103898,0.1999095,0.183604,0.517191,0.16587200015783304,13258.76909,24.40301513671875,True,True,1.2874603271484377e-05,4.915643785352586e-06,0.0,0,0.3481954831200857,L40S,3,AuthenticAMD,175,1,21
pilot-023-modal-l40s-rep3-20260811T180122Z.csv,20260811T180122Z,NVIDIA L40S,modal,256,8,1,1,compiled-cpu,1.0,30,5.4057243999999995,0.17680028419750143,5.3745965,5.093039,5.826349,,1098.38762,328.0393371582031,True,True,1.430511474609375e-05,4.785815235663904e-06,0.0,0,0.032706122457427066,L40S,3,AuthenticAMD,175,1,21
pilot-023-modal-l40s-rep3-20260811T180122Z.csv,20260811T180122Z,NVIDIA L40S,modal,256,8,1,1,compiled-cpu,8.0,30,6.952418866666666,0.12749394152224705,6.9393095,6.689422,7.371581,,1098.38762,423.5418395996094,True,True,1.430511474609375e-05,4.785815235663904e-06,0.0,0,0.01833806966572685,L40S,3,AuthenticAMD,175,1,21
pilot-023-modal-l40s-rep3-20260811T180122Z.csv,20260811T180122Z,NVIDIA L40S,modal,256,8,1,1,compiled-gpu-resident,,30,5.969664266666666,0.16873993629699074,5.930697,5.621814,6.400185,5.887727975845337,1279.685807,361.98101806640625,True,True,1.430511474609375e-05,4.785815235663904e-06,0.0,0,0.028266235546812676,L40S,3,AuthenticAMD,175,1,21
pilot-023-modal-l40s-rep3-20260811T180122Z.csv,20260811T180122Z,NVIDIA L40S,modal,256,8,1,64,compiled-cpu,1.0,30,0.6468767333333333,0.12398656987891968,0.570039,0.525913,0.985404,,17000.783067,34.79241943359375,True,True,1.430511474609375e-05,4.785815235663904e-06,0.0,0,0.19166954612824177,L40S,3,AuthenticAMD,175,1,21
pilot-023-modal-l40s-rep3-20260811T180122Z.csv,20260811T180122Z,NVIDIA L40S,modal,256,8,1,64,compiled-cpu,8.0,30,1.3816055333333332,0.3122565217258502,1.280253,1.166636,2.541857,,17000.783067,78.14044189453125,True,True,1.430511474609375e-05,4.785815235663904e-06,0.0,0,0.2260098951489315,L40S,3,AuthenticAMD,175,1,21
pilot-023-modal-l40s-rep3-20260811T180122Z.csv,20260811T180122Z,NVIDIA L40S,modal,256,8,1,64,compiled-gpu-resident,,30,0.21285273333333335,0.0730816650480974,0.187224,0.179114,0.553392,0.15952000021934504,13045.463724,11.42724609375,True,True,1.430511474609375e-05,4.785815235663904e-06,0.0,0,0.34334379410411175,L40S,3,AuthenticAMD,175,1,21
pilot-024-modal-a100-rep1-20260811T175434Z.csv,20260811T175434Z,NVIDIA A100-SXM4-80GB,modal,8,8,1,1,compiled-cpu,1.0,30,5.4509842,0.30790302922750823,5.3736645,5.149225,6.596378,,19640.070948,10495.4384765625,True,True,4.410743713378906e-06,3.2164530239242595e-06,0.0,0,0.05648576806139123,A100-80GB,1,AuthenticAMD,143,49,24
pilot-024-modal-a100-rep1-20260811T175434Z.csv,20260811T175434Z,NVIDIA A100-SXM4-80GB,modal,8,8,1,1,compiled-cpu,8.0,30,5.7705421333333335,0.29181407644485036,5.667766,5.348412,6.332062,,19640.070948,11069.85546875,True,True,4.410743713378906e-06,3.2164530239242595e-06,0.0,0,0.05056961195364931,A100-80GB,1,AuthenticAMD,143,49,24
pilot-024-modal-a100-rep1-20260811T175434Z.csv,20260811T175434Z,NVIDIA A100-SXM4-80GB,modal,8,8,1,1,compiled-gpu-resident,,30,6.5229636,0.32663194334355333,6.507452499999999,6.069732,7.70538,6.455375909805298,2329.91689,12709.8681640625,True,True,4.410743713378906e-06,3.2164530239242595e-06,0.0,0,0.050074163121737084,A100-80GB,1,AuthenticAMD,143,49,24
pilot-024-modal-a100-rep1-20260811T175434Z.csv,20260811T175434Z,NVIDIA A100-SXM4-80GB,modal,8,8,1,64,compiled-cpu,1.0,30,0.6364148333333334,0.16040523691319483,0.5606505,0.530229,1.133933,,21131.376235,1095.0205078125,True,True,4.410743713378906e-06,3.2164530239242595e-06,0.0,0,0.2520450946641902,A100-80GB,1,AuthenticAMD,143,49,24
pilot-024-modal-a100-rep1-20260811T175434Z.csv,20260811T175434Z,NVIDIA A100-SXM4-80GB,modal,8,8,1,64,compiled-cpu,8.0,30,0.6254261,0.15090047090128988,0.5595245,0.527304,1.097177,,21131.376235,1092.8212890625,True,True,4.410743713378906e-06,3.2164530239242595e-06,0.0,0,0.24127626093840646,A100-80GB,1,AuthenticAMD,143,49,24
pilot-024-modal-a100-rep1-20260811T175434Z.csv,20260811T175434Z,NVIDIA A100-SXM4-80GB,modal,8,8,1,64,compiled-gpu-resident,,30,0.29417713333333334,0.14208263261669934,0.223787,0.218037,0.723298,0.1909119933843612,15831.122934,437.083984375,True,True,4.410743713378906e-06,3.2164530239242595e-06,0.0,0,0.482983265921301,A100-80GB,1,AuthenticAMD,143,49,24
pilot-024-modal-a100-rep1-20260811T175434Z.csv,20260811T175434Z,NVIDIA A100-SXM4-80GB,modal,16,8,1,1,compiled-cpu,1.0,30,5.7254543,0.25537037134180574,5.6672395,5.390434,6.351244,,1452.290545,5534.41357421875,True,True,2.1457672119140625e-06,3.260239054725389e-06,0.0,0,0.0446026390153539,A100-80GB,1,AuthenticAMD,143,49,24
pilot-024-modal-a100-rep1-20260811T175434Z.csv,20260811T175434Z,NVIDIA A100-SXM4-80GB,modal,16,8,1,1,compiled-cpu,8.0,30,5.729470233333333,0.21147817691890483,5.7030465,5.453036,6.136979,,1452.290545,5569.38134765625,True,True,2.1457672119140625e-06,3.260239054725389e-06,0.0,0,0.03691059876505712,A100-80GB,1,AuthenticAMD,143,49,24
pilot-024-modal-a100-rep1-20260811T175434Z.csv,20260811T175434Z,NVIDIA A100-SXM4-80GB,modal,16,8,1,1,compiled-gpu-resident,,30,6.449848633333334,0.30361763565521194,6.416543,6.084458,7.218412,6.3717920780181885,1290.447852,6266.1552734375,True,True,2.1457672119140625e-06,3.260239054725389e-06,0.0,0,0.04707360636125501,A100-80GB,1,AuthenticAMD,143,49,24
pilot-024-modal-a100-rep1-20260811T175434Z.csv,20260811T175434Z,NVIDIA A100-SXM4-80GB,modal,16,8,1,64,compiled-cpu,1.0,30,0.6756561,0.1954810992832547,0.5665804999999999,0.523906,1.161864,,21513.263839,553.30126953125,True,True,2.1457672119140625e-06,3.260239054725389e-06,0.0,0,0.28932040913011026,A100-80GB,1,AuthenticAMD,143,49,24
pilot-024-modal-a100-rep1-20260811T175434Z.csv,20260811T175434Z,NVIDIA A100-SXM4-80GB,modal,16,8,1,64,compiled-cpu,8.0,30,0.6211831,0.14234688664893527,0.566371,0.524778,1.112885,,21513.263839,553.0966796875,True,True,2.1457672119140625e-06,3.260239054725389e-06,0.0,0,0.22915447417828216,A100-80GB,1,AuthenticAMD,143,49,24
pilot-024-modal-a100-rep1-20260811T175434Z.csv,20260811T175434Z,NVIDIA A100-SXM4-80GB,modal,16,8,1,64,compiled-gpu-resident,,30,0.31751803333333334,0.14832311139221635,0.2594935,0.213178,0.718509,0.2270400002598762,15457.405036,253.41162109375,True,True,2.1457672119140625e-06,3.260239054725389e-06,0.0,0,0.4671328737933615,A100-80GB,1,AuthenticAMD,143,49,24
pilot-024-modal-a100-rep1-20260811T175434Z.csv,20260811T175434Z,NVIDIA A100-SXM4-80GB,modal,32,8,1,1,compiled-cpu,1.0,30,5.753313166666667,0.29885205404197773,5.639184,5.431302,6.777651,,1458.952255,2753.5078125,True,True,5.960464477539063e-06,3.8327552829287015e-06,0.0,0,0.051944339789020307,A100-80GB,1,AuthenticAMD,143,49,24
pilot-024-modal-a100-rep1-20260811T175434Z.csv,20260811T175434Z,NVIDIA A100-SXM4-80GB,modal,32,8,1,1,compiled-cpu,8.0,30,5.681617,0.1656423076946641,5.6581895,5.445327,6.080051,,1458.952255,2762.787841796875,True,True,5.960464477539063e-06,3.8327552829287015e-06,0.0,0,0.02915407844187035,A100-80GB,1,AuthenticAMD,143,49,24
pilot-024-modal-a100-rep1-20260811T175434Z.csv,20260811T175434Z,NVIDIA A100-SXM4-80GB,modal,32,8,1,1,compiled-gpu-resident,,30,6.5782142666666665,0.21136058326127705,6.5548195,6.231442,6.94963,6.504688024520874,1481.458759,3200.595458984375,True,True,5.960464477539063e-06,3.8327552829287015e-06,0.0,0,0.03213038899208407,A100-80GB,1,AuthenticAMD,143,49,24
pilot-024-modal-a100-rep1-20260811T175434Z.csv,20260811T175434Z,NVIDIA A100-SXM4-80GB,modal,32,8,1,64,compiled-cpu,1.0,30,0.7078827666666666,0.1587659406571094,0.685981,0.53704,1.130314,,22300.227595,334.95166015625,True,True,5.960464477539063e-06,3.8327552829287015e-06,0.0,0,0.2242828164961817,A100-80GB,1,AuthenticAMD,143,49,24
pilot-024-modal-a100-rep1-20260811T175434Z.csv,20260811T175434Z,NVIDIA A100-SXM4-80GB,modal,32,8,1,64,compiled-cpu,8.0,30,0.6471085333333334,0.13364107395112182,0.6431185,0.540727,1.093818,,22300.227595,314.022705078125,True,True,5.960464477539063e-06,3.8327552829287015e-06,0.0,0,0.20652033942856646,A100-80GB,1,AuthenticAMD,143,49,24
pilot-024-modal-a100-rep1-20260811T175434Z.csv,20260811T175434Z,NVIDIA A100-SXM4-80GB,modal,32,8,1,64,compiled-gpu-resident,,30,0.29335733333333336,0.14553990024503016,0.23682150000000002,0.216664,0.724591,0.19795200228691096,16395.395228,115.635498046875,True,True,5.960464477539063e-06,3.8327552829287015e-06,0.0,0,0.4961181593495651,A100-80GB,1,AuthenticAMD,143,49,24
pilot-024-modal-a100-rep1-20260811T175434Z.csv,20260811T175434Z,NVIDIA A100-SXM4-80GB,modal,64,8,1,1,compiled-cpu,1.0,30,5.7567528,0.21821399690044843,5.715054500000001,5.392989,6.168234,,1514.393378,1395.2769775390625,True,True,4.529953002929688e-06,4.605160484061344e-06,0.0,0,0.037905743824964734,A100-80GB,1,AuthenticAMD,143,49,24
pilot-024-modal-a100-rep1-20260811T175434Z.csv,20260811T175434Z,NVIDIA A100-SXM4-80GB,modal,64,8,1,1,compiled-cpu,8.0,30,5.7624931,0.1859417115927037,5.7187695,5.494693,6.161484,,1514.393378,1396.1839599609375,True,True,4.529953002929688e-06,4.605160484061344e-06,0.0,0,0.03226758077900409,A100-80GB,1,AuthenticAMD,143,49,24
pilot-024-modal-a100-rep1-20260811T175434Z.csv,20260811T175434Z,NVIDIA A100-SXM4-80GB,modal,64,8,1,1,compiled-gpu-resident,,30,6.266891866666667,0.15146189598428386,6.248209,5.973813,6.671032,6.205968141555786,1304.8963,1525.441650390625,True,True,4.529953002929688e-06,4.605160484061344e-06,0.0,0,0.024168582960542737,A100-80GB,1,AuthenticAMD,143,49,24
pilot-024-modal-a100-rep1-20260811T175434Z.csv,20260811T175434Z,NVIDIA A100-SXM4-80GB,modal,64,8,1,64,compiled-cpu,1.0,30,0.6637939666666667,0.16242997528430814,0.591923,0.559142,1.069503,,22962.344929,144.512451171875,True,True,4.529953002929688e-06,4.605160484061344e-06,0.0,0,0.24469938481058023,A100-80GB,1,AuthenticAMD,143,49,24
pilot-024-modal-a100-rep1-20260811T175434Z.csv,20260811T175434Z,NVIDIA A100-SXM4-80GB,modal,64,8,1,64,compiled-cpu,8.0,30,0.6768353,0.19354286587376718,0.5899844999999999,0.542952,1.246452,,22962.344929,144.0391845703125,True,True,4.529953002929688e-06,4.605160484061344e-06,0.0,0,0.2859526769271153,A100-80GB,1,AuthenticAMD,143,49,24
pilot-024-modal-a100-rep1-20260811T175434Z.csv,20260811T175434Z,NVIDIA A100-SXM4-80GB,modal,64,8,1,64,compiled-gpu-resident,,30,0.2863250666666667,0.13117143707533743,0.2306145,0.213418,0.744348,0.19931200146675104,17948.152784,56.3023681640625,True,True,4.529953002929688e-06,4.605160484061344e-06,0.0,0,0.45812068989420446,A100-80GB,1,AuthenticAMD,143,49,24
pilot-024-modal-a100-rep1-20260811T175434Z.csv,20260811T175434Z,NVIDIA A100-SXM4-80GB,modal,128,8,1,1,compiled-cpu,1.0,30,5.8006848,0.1800504407912709,5.7543185,5.566464,6.285163,,1504.488545,702.4314575195312,True,True,7.867813110351562e-06,4.265566531103104e-06,0.0,0,0.03103951464338674,A100-80GB,1,AuthenticAMD,143,49,24
pilot-024-modal-a100-rep1-20260811T175434Z.csv,20260811T175434Z,NVIDIA A100-SXM4-80GB,modal,128,8,1,1,compiled-cpu,8.0,30,5.848105533333333,0.18556154173652703,5.7937565,5.61816,6.25181,,1504.488545,707.2456665039062,True,True,7.867813110351562e-06,4.265566531103104e-06,0.0,0,0.03173019718588418,A100-80GB,1,AuthenticAMD,143,49,24
pilot-024-modal-a100-rep1-20260811T175434Z.csv,20260811T175434Z,NVIDIA A100-SXM4-80GB,modal,128,8,1,1,compiled-gpu-resident,,30,6.9272642,0.9526273008880232,6.677212,6.334678,11.605999,6.6279520988464355,1798.367101,815.08935546875,True,True,7.867813110351562e-06,4.265566531103104e-06,0.0,0,0.1375185460499721,A100-80GB,1,AuthenticAMD,143,49,24
pilot-024-modal-a100-rep1-20260811T175434Z.csv,20260811T175434Z,NVIDIA A100-SXM4-80GB,modal,128,8,1,64,compiled-cpu,1.0,30,0.7487263666666666,0.17453492578010796,0.655686,0.592754,1.174407,,21787.396384,80.039794921875,True,True,7.867813110351562e-06,4.265566531103104e-06,0.0,0,0.23310909505850355,A100-80GB,1,AuthenticAMD,143,49,24
pilot-024-modal-a100-rep1-20260811T175434Z.csv,20260811T175434Z,NVIDIA A100-SXM4-80GB,modal,128,8,1,64,compiled-cpu,8.0,30,0.6717571666666667,0.13195610501983507,0.628657,0.60089,1.164019,,21787.396384,76.7403564453125,True,True,7.867813110351562e-06,4.265566531103104e-06,0.0,0,0.19643423482121647,A100-80GB,1,AuthenticAMD,143,49,24
pilot-024-modal-a100-rep1-20260811T175434Z.csv,20260811T175434Z,NVIDIA A100-SXM4-80GB,modal,128,8,1,64,compiled-gpu-resident,,30,0.3478232333333333,0.1669942192779559,0.30684100000000003,0.217255,0.733205,0.2704640030860901,16714.506844,37.4561767578125,True,True,7.867813110351562e-06,4.265566531103104e-06,0.0,0,0.4801123193456099,A100-80GB,1,AuthenticAMD,143,49,24
pilot-024-modal-a100-rep1-20260811T175434Z.csv,20260811T175434Z,NVIDIA A100-SXM4-80GB,modal,256,8,1,1,compiled-cpu,1.0,30,5.9273876,0.26356529558315267,5.907975499999999,5.505831,6.31065,,1359.142422,360.5942077636719,True,True,7.62939453125e-06,5.183574558031978e-06,0.0,0,0.04446567583721919,A100-80GB,1,AuthenticAMD,143,49,24
pilot-024-modal-a100-rep1-20260811T175434Z.csv,20260811T175434Z,NVIDIA A100-SXM4-80GB,modal,256,8,1,1,compiled-cpu,8.0,30,8.4817816,0.14134528271957247,8.515222,8.252118,8.792442,,1359.142422,519.7279052734375,True,True,7.62939453125e-06,5.183574558031978e-06,0.0,0,0.016664574659594214,A100-80GB,1,AuthenticAMD,143,49,24
pilot-024-modal-a100-rep1-20260811T175434Z.csv,20260811T175434Z,NVIDIA A100-SXM4-80GB,modal,256,8,1,1,compiled-gpu-resident,,30,6.529892133333333,0.33027906960522313,6.4488585,6.204142,7.77518,6.406735897064209,1639.231518,393.6070861816406,True,True,7.62939453125e-06,5.183574558031978e-06,0.0,0,0.05057955979383454,A100-80GB,1,AuthenticAMD,143,49,24
pilot-024-modal-a100-rep1-20260811T175434Z.csv,20260811T175434Z,NVIDIA A100-SXM4-80GB,modal,256,8,1,64,compiled-cpu,1.0,30,0.8285871666666667,0.17882003673276994,0.7380205,0.687672,1.259598,,21584.136674,45.045196533203125,True,True,7.62939453125e-06,5.183574558031978e-06,0.0,0,0.21581318650172587,A100-80GB,1,AuthenticAMD,143,49,24
pilot-024-modal-a100-rep1-20260811T175434Z.csv,20260811T175434Z,NVIDIA A100-SXM4-80GB,modal,256,8,1,64,compiled-cpu,8.0,30,1.9779809,0.44530746409716154,1.873492,1.498182,3.758894,,21584.136674,114.348876953125,True,True,7.62939453125e-06,5.183574558031978e-06,0.0,0,0.22513233777796415,A100-80GB,1,AuthenticAMD,143,49,24
pilot-024-modal-a100-rep1-20260811T175434Z.csv,20260811T175434Z,NVIDIA A100-SXM4-80GB,modal,256,8,1,64,compiled-gpu-resident,,30,0.2960665333333333,0.14937380129029537,0.2257105,0.217024,0.699904,0.193743996322155,17179.587251,13.776275634765625,True,True,7.62939453125e-06,5.183574558031978e-06,0.0,0,0.504527815449237,A100-80GB,1,AuthenticAMD,143,49,24
pilot-025-modal-a100-rep2-20260811T175950Z.csv,20260811T175950Z,NVIDIA A100 80GB PCIe,modal,8,8,1,1,compiled-cpu,1.0,30,6.471166333333334,0.38599144154022264,6.549442000000001,5.460269,6.919132,,1535.996645,12791.87890625,True,True,6.437301635742188e-06,3.010847649420612e-06,0.0,0,0.05964789369606519,A100-80GB,2,AuthenticAMD,175,1,24
pilot-025-modal-a100-rep2-20260811T175950Z.csv,20260811T175950Z,NVIDIA A100 80GB PCIe,modal,8,8,1,1,compiled-cpu,8.0,30,6.438199533333333,0.3289994815858753,6.374999,6.07025,7.4955,,1535.996645,12451.169921875,True,True,6.437301635742188e-06,3.010847649420612e-06,0.0,0,0.05110116265929678,A100-80GB,2,AuthenticAMD,175,1,24
pilot-025-modal-a100-rep2-20260811T175950Z.csv,20260811T175950Z,NVIDIA A100 80GB PCIe,modal,8,8,1,1,compiled-gpu-resident,,30,7.462748166666667,0.2163673462821461,7.504296500000001,7.050269,7.791703,7.43451189994812,1295.619335,14656.8291015625,True,True,6.437301635742188e-06,3.010847649420612e-06,0.0,0,0.028992985084044364,A100-80GB,2,AuthenticAMD,175,1,24
pilot-025-modal-a100-rep2-20260811T175950Z.csv,20260811T175950Z,NVIDIA A100 80GB PCIe,modal,8,8,1,64,compiled-cpu,1.0,30,0.6326225999999999,0.1950607006218215,0.507938,0.464798,1.232841,,22907.454028,992.06640625,True,True,6.437301635742188e-06,3.010847649420612e-06,0.0,0,0.30833659850568335,A100-80GB,2,AuthenticAMD,175,1,24
pilot-025-modal-a100-rep2-20260811T175950Z.csv,20260811T175950Z,NVIDIA A100 80GB PCIe,modal,8,8,1,64,compiled-cpu,8.0,30,0.6421930333333333,0.19200581853153395,0.5419959999999999,0.448026,1.15262,,22907.454028,1058.5859375,True,True,6.437301635742188e-06,3.010847649420612e-06,0.0,0,0.29898458651119064,A100-80GB,2,AuthenticAMD,175,1,24
pilot-025-modal-a100-rep2-20260811T175950Z.csv,20260811T175950Z,NVIDIA A100 80GB PCIe,modal,8,8,1,64,compiled-gpu-resident,,30,0.37206730000000005,0.17648293466941103,0.2884285,0.263501,1.004304,0.24897600710391993,17470.291548,563.3369140625,True,True,6.437301635742188e-06,3.010847649420612e-06,0.0,0,0.47433067799672535,A100-80GB,2,AuthenticAMD,175,1,24
pilot-025-modal-a100-rep2-20260811T175950Z.csv,20260811T175950Z,NVIDIA A100 80GB PCIe,modal,16,8,1,1,compiled-cpu,1.0,30,6.504601966666667,0.23808906446573982,6.4331545000000006,5.973026,7.211037,,1540.075621,6282.37744140625,True,True,7.62939453125e-06,3.954511612391798e-06,0.0,0,0.03660317198282778,A100-80GB,2,AuthenticAMD,175,1,24
pilot-025-modal-a100-rep2-20260811T175950Z.csv,20260811T175950Z,NVIDIA A100 80GB PCIe,modal,16,8,1,1,compiled-cpu,8.0,30,6.1968605,0.16738239291921386,6.2023365,5.826676,6.460689,,1540.075621,6056.96923828125,True,True,7.62939453125e-06,3.954511612391798e-06,0.0,0,0.0270108376522618,A100-80GB,2,AuthenticAMD,175,1,24
pilot-025-modal-a100-rep2-20260811T175950Z.csv,20260811T175950Z,NVIDIA A100 80GB PCIe,modal,16,8,1,1,compiled-gpu-resident,,30,7.860788766666667,0.2097561081817748,7.8487565,7.480739,8.382783,7.803679943084717,1475.708967,7664.80126953125,True,True,7.62939453125e-06,3.954511612391798e-06,0.0,0,0.02668384998096329,A100-80GB,2,AuthenticAMD,175,1,24
pilot-025-modal-a100-rep2-20260811T175950Z.csv,20260811T175950Z,NVIDIA A100 80GB PCIe,modal,16,8,1,64,compiled-cpu,1.0,30,0.6365087,0.16932928190773638,0.535685,0.484063,1.013812,,22322.412499,523.1298828125,True,True,7.62939453125e-06,3.954511612391798e-06,0.0,0,0.26602822853440394,A100-80GB,2,AuthenticAMD,175,1,24
pilot-025-modal-a100-rep2-20260811T175950Z.csv,20260811T175950Z,NVIDIA A100 80GB PCIe,modal,16,8,1,64,compiled-cpu,8.0,30,0.7135808666666666,0.17254673388024538,0.773308,0.467141,1.17394,,22322.412499,755.18359375,True,True,7.62939453125e-06,3.954511612391798e-06,0.0,0,0.24180403643144027,A100-80GB,2,AuthenticAMD,175,1,24
pilot-025-modal-a100-rep2-20260811T175950Z.csv,20260811T175950Z,NVIDIA A100 80GB PCIe,modal,16,8,1,64,compiled-gpu-resident,,30,0.31639466666666666,0.15498690334800003,0.263131,0.251038,0.97568,0.22551999986171722,16513.604013,256.9638671875,True,True,7.62939453125e-06,3.954511612391798e-06,0.0,0,0.48985308437984637,A100-80GB,2,AuthenticAMD,175,1,24
pilot-025-modal-a100-rep2-20260811T175950Z.csv,20260811T175950Z,NVIDIA A100 80GB PCIe,modal,32,8,1,1,compiled-cpu,1.0,30,6.214596533333333,0.2033363245403236,6.226672,5.675063,6.591232,,1546.520398,3040.3671875,True,True,9.5367431640625e-06,5.009530013921904e-06,0.0,0,0.03271915134790895,A100-80GB,2,AuthenticAMD,175,1,24
pilot-025-modal-a100-rep2-20260811T175950Z.csv,20260811T175950Z,NVIDIA A100 80GB PCIe,modal,32,8,1,1,compiled-cpu,8.0,30,7.207861433333333,1.1837778627859394,6.7508425,5.931969,10.529598,,1546.520398,3296.309814453125,True,True,9.5367431640625e-06,5.009530013921904e-06,0.0,0,0.16423427028042795,A100-80GB,2,AuthenticAMD,175,1,24
pilot-025-modal-a100-rep2-20260811T175950Z.csv,20260811T175950Z,NVIDIA A100 80GB PCIe,modal,32,8,1,1,compiled-gpu-resident,,30,7.4690216666666664,0.27023857367382703,7.4334645,6.866908,8.207589,7.381759881973267,1547.964379,3629.621337890625,True,True,9.5367431640625e-06,5.009530013921904e-06,0.0,0,0.03618125448475653,A100-80GB,2,AuthenticAMD,175,1,24
pilot-025-modal-a100-rep2-20260811T175950Z.csv,20260811T175950Z,NVIDIA A100 80GB PCIe,modal,32,8,1,64,compiled-cpu,1.0,30,0.6495298333333334,0.1764163826277311,0.5503325,0.489814,1.228223,,22692.002059,268.717041015625,True,True,9.5367431640625e-06,5.009530013921904e-06,0.0,0,0.27160628130408854,A100-80GB,2,AuthenticAMD,175,1,24
pilot-025-modal-a100-rep2-20260811T175950Z.csv,20260811T175950Z,NVIDIA A100 80GB PCIe,modal,32,8,1,64,compiled-cpu,8.0,30,0.6628276,0.175830674858748,0.6420535,0.465659,1.1415,,22692.002059,313.502685546875,True,True,9.5367431640625e-06,5.009530013921904e-06,0.0,0,0.2652736169386248,A100-80GB,2,AuthenticAMD,175,1,24
pilot-025-modal-a100-rep2-20260811T175950Z.csv,20260811T175950Z,NVIDIA A100 80GB PCIe,modal,32,8,1,64,compiled-gpu-resident,,30,0.4092363,0.15213868482977788,0.404915,0.265987,0.943751,0.3514399975538254,16683.33722,197.71240234375,True,True,9.5367431640625e-06,5.009530013921904e-06,0.0,0,0.37176243854657537,A100-80GB,2,AuthenticAMD,175,1,24
pilot-025-modal-a100-rep2-20260811T175950Z.csv,20260811T175950Z,NVIDIA A100 80GB PCIe,modal,64,8,1,1,compiled-cpu,1.0,30,6.4364744,0.2524251013456303,6.382009,6.10922,7.13257,,1561.447993,1558.107666015625,True,True,6.67572021484375e-06,3.825154180958634e-06,0.0,0,0.039217914289479704,A100-80GB,2,AuthenticAMD,175,1,24
pilot-025-modal-a100-rep2-20260811T175950Z.csv,20260811T175950Z,NVIDIA A100 80GB PCIe,modal,64,8,1,1,compiled-cpu,8.0,30,6.3024462,0.44497133328613586,6.417275,5.157764,7.021532,,1561.447993,1566.717529296875,True,True,6.67572021484375e-06,3.825154180958634e-06,0.0,0,0.07060295624358298,A100-80GB,2,AuthenticAMD,175,1,24
pilot-025-modal-a100-rep2-20260811T175950Z.csv,20260811T175950Z,NVIDIA A100 80GB PCIe,modal,64,8,1,1,compiled-gpu-resident,,30,7.7543177,0.1986850214490695,7.708695499999999,7.503161,8.368927,7.664911985397339,1510.230972,1882.0057373046875,True,True,6.67572021484375e-06,3.825154180958634e-06,0.0,0,0.025622502086685137,A100-80GB,2,AuthenticAMD,175,1,24
pilot-025-modal-a100-rep2-20260811T175950Z.csv,20260811T175950Z,NVIDIA A100 80GB PCIe,modal,64,8,1,64,compiled-cpu,1.0,30,0.6939238,0.12272259893293976,0.6821975,0.502007,1.085607,,38832.970666,166.5521240234375,True,True,6.67572021484375e-06,3.825154180958634e-06,0.0,0,0.1768531342100383,A100-80GB,2,AuthenticAMD,175,1,24
pilot-025-modal-a100-rep2-20260811T175950Z.csv,20260811T175950Z,NVIDIA A100 80GB PCIe,modal,64,8,1,64,compiled-cpu,8.0,30,0.6502161333333334,0.16706225626203217,0.5469755000000001,0.480717,1.041194,,38832.970666,133.5389404296875,True,True,6.67572021484375e-06,3.825154180958634e-06,0.0,0,0.256933422130865,A100-80GB,2,AuthenticAMD,175,1,24
pilot-025-modal-a100-rep2-20260811T175950Z.csv,20260811T175950Z,NVIDIA A100 80GB PCIe,modal,64,8,1,64,compiled-gpu-resident,,30,0.3551562,0.13534756041198473,0.286089,0.247542,0.832995,0.25051199644804,19732.043653,69.845947265625,True,True,6.67572021484375e-06,3.825154180958634e-06,0.0,0,0.3810930526117374,A100-80GB,2,AuthenticAMD,175,1,24
pilot-025-modal-a100-rep2-20260811T175950Z.csv,20260811T175950Z,NVIDIA A100 80GB PCIe,modal,128,8,1,1,compiled-cpu,1.0,30,6.4369703,0.29697683570807787,6.494168,5.689046,6.858127,,1612.874011,792.7451171875,True,True,7.152557373046875e-06,3.788546109717572e-06,0.0,0,0.046136120234713196,A100-80GB,2,AuthenticAMD,175,1,24
pilot-025-modal-a100-rep2-20260811T175950Z.csv,20260811T175950Z,NVIDIA A100 80GB PCIe,modal,128,8,1,1,compiled-cpu,8.0,30,6.6352086,0.2846550879111361,6.631873000000001,5.482292,7.102366,,1612.874011,809.5548095703125,True,True,7.152557373046875e-06,3.788546109717572e-06,0.0,0,0.042900699144731644,A100-80GB,2,AuthenticAMD,175,1,24
pilot-025-modal-a100-rep2-20260811T175950Z.csv,20260811T175950Z,NVIDIA A100 80GB PCIe,modal,128,8,1,1,compiled-gpu-resident,,30,7.9034279666666665,0.22343682183723193,7.8571115,7.573713,8.539415,7.81059193611145,2105.412372,959.1200561523438,True,True,7.152557373046875e-06,3.788546109717572e-06,0.0,0,0.02827087471152953,A100-80GB,2,AuthenticAMD,175,1,24
pilot-025-modal-a100-rep2-20260811T175950Z.csv,20260811T175950Z,NVIDIA A100 80GB PCIe,modal,128,8,1,64,compiled-cpu,1.0,30,0.7487913333333334,0.17110251151612715,0.7952589999999999,0.529308,1.134618,,21664.352574,97.0775146484375,True,True,7.152557373046875e-06,3.788546109717572e-06,0.0,0,0.2285049304115795,A100-80GB,2,AuthenticAMD,175,1,24
pilot-025-modal-a100-rep2-20260811T175950Z.csv,20260811T175950Z,NVIDIA A100 80GB PCIe,modal,128,8,1,64,compiled-cpu,8.0,30,0.7305195666666666,0.16650572300730404,0.6896774999999999,0.548333,1.137733,,21664.352574,84.18914794921875,True,True,7.152557373046875e-06,3.788546109717572e-06,0.0,0,0.22792780728251183,A100-80GB,2,AuthenticAMD,175,1,24
pilot-025-modal-a100-rep2-20260811T175950Z.csv,20260811T175950Z,NVIDIA A100 80GB PCIe,modal,128,8,1,64,compiled-gpu-resident,,30,0.3426089,0.11382522442349335,0.29097300000000004,0.261999,0.666964,0.24391999840736384,18496.389585,35.5191650390625,True,True,7.152557373046875e-06,3.788546109717572e-06,0.0,0,0.3322307868344732,A100-80GB,2,AuthenticAMD,175,1,24
pilot-025-modal-a100-rep2-20260811T175950Z.csv,20260811T175950Z,NVIDIA A100 80GB PCIe,modal,256,8,1,1,compiled-cpu,1.0,30,6.4721759,0.43757359212770297,6.6559455,5.212436,7.069813,,1469.659681,406.2466735839844,True,True,8.106231689453125e-06,5.083974883746123e-06,0.0,0,0.06760842086008555,A100-80GB,2,AuthenticAMD,175,1,24
pilot-025-modal-a100-rep2-20260811T175950Z.csv,20260811T175950Z,NVIDIA A100 80GB PCIe,modal,256,8,1,1,compiled-cpu,8.0,30,10.235176466666667,0.33647095955681666,10.1736185,9.703191,10.991154,,1469.659681,620.9483947753906,True,True,8.106231689453125e-06,5.083974883746123e-06,0.0,0,0.03287397737133462,A100-80GB,2,AuthenticAMD,175,1,24
pilot-025-modal-a100-rep2-20260811T175950Z.csv,20260811T175950Z,NVIDIA A100 80GB PCIe,modal,256,8,1,1,compiled-gpu-resident,,30,7.927672266666666,0.7984800981805427,7.7351545,7.519903,12.053578,7.688143968582153,1749.201373,472.1163635253906,True,True,8.106231689453125e-06,5.083974883746123e-06,0.0,0,0.10072062407749836,A100-80GB,2,AuthenticAMD,175,1,24
pilot-025-modal-a100-rep2-20260811T175950Z.csv,20260811T175950Z,NVIDIA A100 80GB PCIe,modal,256,8,1,64,compiled-cpu,1.0,30,0.9041132,0.22157893777339538,0.9107395,0.628192,1.509847,,21041.588449,55.587127685546875,True,True,8.106231689453125e-06,5.083974883746123e-06,0.0,0,0.2450787553742113,A100-80GB,2,AuthenticAMD,175,1,24
pilot-025-modal-a100-rep2-20260811T175950Z.csv,20260811T175950Z,NVIDIA A100 80GB PCIe,modal,256,8,1,64,compiled-cpu,8.0,30,1.7107069666666668,0.1486794074414369,1.6338285,1.540946,2.042532,,21041.588449,99.72097778320312,True,True,8.106231689453125e-06,5.083974883746123e-06,0.0,0,0.08691109017410534,A100-80GB,2,AuthenticAMD,175,1,24
pilot-025-modal-a100-rep2-20260811T175950Z.csv,20260811T175950Z,NVIDIA A100 80GB PCIe,modal,256,8,1,64,compiled-gpu-resident,,30,0.31707579999999996,0.09234744074283664,0.28132,0.255066,0.607594,0.24460799992084495,18132.689787,17.17041015625,True,True,8.106231689453125e-06,5.083974883746123e-06,0.0,0,0.29124720569288687,A100-80GB,2,AuthenticAMD,175,1,24
pilot-026-modal-a100-rep3-20260811T180100Z.csv,20260811T180100Z,NVIDIA A100-SXM4-80GB,modal,8,8,1,1,compiled-cpu,1.0,30,6.662981833333333,0.570798314160034,6.5785555,5.908949,8.033138,,1840.516854,12848.7412109375,True,True,3.337860107421875e-06,3.409520331842941e-06,0.0,0,0.08566709747045446,A100-80GB,3,AuthenticAMD,143,49,24
pilot-026-modal-a100-rep3-20260811T180100Z.csv,20260811T180100Z,NVIDIA A100-SXM4-80GB,modal,8,8,1,1,compiled-cpu,8.0,30,6.278948366666667,0.2568556148528051,6.1729785,5.96372,6.86421,,1840.516854,12056.5986328125,True,True,3.337860107421875e-06,3.409520331842941e-06,0.0,0,0.040907425870291586,A100-80GB,3,AuthenticAMD,143,49,24
pilot-026-modal-a100-rep3-20260811T180100Z.csv,20260811T180100Z,NVIDIA A100-SXM4-80GB,modal,8,8,1,1,compiled-gpu-resident,,30,7.654204866666666,1.2069659605055503,7.3283195,7.013486,13.620588,7.278543949127197,1851.034223,14313.1240234375,True,True,3.337860107421875e-06,3.409520331842941e-06,0.0,0,0.15768665479046323,A100-80GB,3,AuthenticAMD,143,49,24
pilot-026-modal-a100-rep3-20260811T180100Z.csv,20260811T180100Z,NVIDIA A100-SXM4-80GB,modal,8,8,1,64,compiled-cpu,1.0,30,0.7531566666666667,0.21640176474602835,0.6839234999999999,0.57166,1.256971,,23812.859169,1335.7880859375,True,True,3.337860107421875e-06,3.409520331842941e-06,0.0,0,0.28732636159722635,A100-80GB,3,AuthenticAMD,143,49,24
pilot-026-modal-a100-rep3-20260811T180100Z.csv,20260811T180100Z,NVIDIA A100-SXM4-80GB,modal,8,8,1,64,compiled-cpu,8.0,30,0.8484006666666667,0.23178897623698264,0.7539279999999999,0.568143,1.280996,,23812.859169,1472.515625,True,True,3.337860107421875e-06,3.409520331842941e-06,0.0,0,0.2732069708851981,A100-80GB,3,AuthenticAMD,143,49,24
pilot-026-modal-a100-rep3-20260811T180100Z.csv,20260811T180100Z,NVIDIA A100-SXM4-80GB,modal,8,8,1,64,compiled-gpu-resident,,30,0.6198373666666667,0.2932929340364144,0.4913015,0.289688,1.378767,0.445839986205101,19457.333764,959.5732421875,True,True,3.337860107421875e-06,3.409520331842941e-06,0.0,0,0.4731772394001863,A100-80GB,3,AuthenticAMD,143,49,24
pilot-026-modal-a100-rep3-20260811T180100Z.csv,20260811T180100Z,NVIDIA A100-SXM4-80GB,modal,16,8,1,1,compiled-cpu,1.0,30,6.5592178,0.4950448445578822,6.493403000000001,5.984128,8.71895,,1780.463203,6341.2138671875,True,True,3.576278686523437e-06,4.270080353308003e-06,0.0,0,0.07547315238684134,A100-80GB,3,AuthenticAMD,143,49,24
pilot-026-modal-a100-rep3-20260811T180100Z.csv,20260811T180100Z,NVIDIA A100-SXM4-80GB,modal,16,8,1,1,compiled-cpu,8.0,30,7.213171933333333,0.9624708665082639,6.799640999999999,5.951498,9.407006,,1780.463203,6640.2744140625,True,True,3.576278686523437e-06,4.270080353308003e-06,0.0,0,0.13343240330381106,A100-80GB,3,AuthenticAMD,143,49,24
pilot-026-modal-a100-rep3-20260811T180100Z.csv,20260811T180100Z,NVIDIA A100-SXM4-80GB,modal,16,8,1,1,compiled-gpu-resident,,30,7.2705791,0.27919282271494983,7.2105175,6.877866,8.05029,7.156208038330078,1786.893861,7041.52099609375,True,True,3.576278686523437e-06,4.270080353308003e-06,0.0,0,0.0384003555803347,A100-80GB,3,AuthenticAMD,143,49,24
pilot-026-modal-a100-rep3-20260811T180100Z.csv,20260811T180100Z,NVIDIA A100-SXM4-80GB,modal,16,8,1,64,compiled-cpu,1.0,30,0.7067671666666667,0.1873044174829479,0.6287665,0.595936,1.287498,,22762.89129,614.02978515625,True,True,3.576278686523437e-06,4.270080353308003e-06,0.0,0,0.26501573122918776,A100-80GB,3,AuthenticAMD,143,49,24
pilot-026-modal-a100-rep3-20260811T180100Z.csv,20260811T180100Z,NVIDIA A100-SXM4-80GB,modal,16,8,1,64,compiled-cpu,8.0,30,0.6657810666666666,0.15838753050120855,0.6089089999999999,0.566121,1.263033,,22762.89129,594.6376953125,True,True,3.576278686523437e-06,4.270080353308003e-06,0.0,0,0.23789731854977436,A100-80GB,3,AuthenticAMD,143,49,24
pilot-026-modal-a100-rep3-20260811T180100Z.csv,20260811T180100Z,NVIDIA A100-SXM4-80GB,modal,16,8,1,64,compiled-gpu-resident,,30,0.3024210333333333,0.15872688365075907,0.24194349999999998,0.23172,0.774496,0.20745600014925,16594.914149,236.27294921875,True,True,3.576278686523437e-06,4.270080353308003e-06,0.0,0,0.5248539822156079,A100-80GB,3,AuthenticAMD,143,49,24
pilot-026-modal-a100-rep3-20260811T180100Z.csv,20260811T180100Z,NVIDIA A100-SXM4-80GB,modal,32,8,1,1,compiled-cpu,1.0,30,6.5707282000000005,0.2863601197546363,6.5866074999999995,6.053699,7.406678,,1531.880952,3216.116943359375,True,True,6.437301635742188e-06,3.752460088435328e-06,0.0,0,0.04358118476954142,A100-80GB,3,AuthenticAMD,143,49,24
pilot-026-modal-a100-rep3-20260811T180100Z.csv,20260811T180100Z,NVIDIA A100-SXM4-80GB,modal,32,8,1,1,compiled-cpu,8.0,30,6.478684400000001,0.341697997632372,6.3016375,6.110032,7.255216,,1531.880952,3076.971435546875,True,True,6.437301635742188e-06,3.752460088435328e-06,0.0,0,0.05274188037811689,A100-80GB,3,AuthenticAMD,143,49,24
pilot-026-modal-a100-rep3-20260811T180100Z.csv,20260811T180100Z,NVIDIA A100-SXM4-80GB,modal,32,8,1,1,compiled-gpu-resident,,30,6.878827366666667,0.19403610462639412,6.864095000000001,6.619021,7.413835,6.81990385055542,1611.234747,3351.60888671875,True,True,6.437301635742188e-06,3.752460088435328e-06,0.0,0,0.028207729934705408,A100-80GB,3,AuthenticAMD,143,49,24
pilot-026-modal-a100-rep3-20260811T180100Z.csv,20260811T180100Z,NVIDIA A100-SXM4-80GB,modal,32,8,1,64,compiled-cpu,1.0,30,0.7460083333333334,0.20672472838824918,0.6283704999999999,0.597608,1.270988,,23815.163438,306.821533203125,True,True,6.437301635742188e-06,3.752460088435328e-06,0.0,0,0.2771078004779873,A100-80GB,3,AuthenticAMD,143,49,24
pilot-026-modal-a100-rep3-20260811T180100Z.csv,20260811T180100Z,NVIDIA A100-SXM4-80GB,modal,32,8,1,64,compiled-cpu,8.0,30,1.0818249,0.25032574524398243,1.111431,0.610442,1.545546,,23815.163438,542.69091796875,True,True,6.437301635742188e-06,3.752460088435328e-06,0.0,0,0.23139210905940735,A100-80GB,3,AuthenticAMD,143,49,24
pilot-026-modal-a100-rep3-20260811T180100Z.csv,20260811T180100Z,NVIDIA A100-SXM4-80GB,modal,32,8,1,64,compiled-gpu-resident,,30,0.3502378333333333,0.18529732937504245,0.2571775,0.234365,0.837804,0.2151519954204559,18961.397205,125.574951171875,True,True,6.437301635742188e-06,3.752460088435328e-06,0.0,0,0.5290614312323269,A100-80GB,3,AuthenticAMD,143,49,24
pilot-026-modal-a100-rep3-20260811T180100Z.csv,20260811T180100Z,NVIDIA A100-SXM4-80GB,modal,64,8,1,1,compiled-cpu,1.0,30,6.521053233333333,0.229812375011425,6.45443,6.164393,7.02047,,1606.448165,1575.78857421875,True,True,1.239776611328125e-05,3.507115479806089e-06,0.0,0,0.035241603892559085,A100-80GB,3,AuthenticAMD,143,49,24
pilot-026-modal-a100-rep3-20260811T180100Z.csv,20260811T180100Z,NVIDIA A100-SXM4-80GB,modal,64,8,1,1,compiled-cpu,8.0,30,6.414460433333334,0.40183192426021574,6.300407,5.903711,7.635533,,1606.448165,1538.185302734375,True,True,1.239776611328125e-05,3.507115479806089e-06,0.0,0,0.06264469606392133,A100-80GB,3,AuthenticAMD,143,49,24
pilot-026-modal-a100-rep3-20260811T180100Z.csv,20260811T180100Z,NVIDIA A100-SXM4-80GB,modal,64,8,1,1,compiled-gpu-resident,,30,7.192129933333334,0.189226081731102,7.121763,6.932567,7.64019,7.073375940322876,1724.480808,1738.711669921875,True,True,1.239776611328125e-05,3.507115479806089e-06,0.0,0,0.02631015894945066,A100-80GB,3,AuthenticAMD,143,49,24
pilot-026-modal-a100-rep3-20260811T180100Z.csv,20260811T180100Z,NVIDIA A100-SXM4-80GB,modal,64,8,1,64,compiled-cpu,1.0,30,0.8613526666666667,0.2797180546411509,0.7133025,0.607116,1.49932,,28614.945923,174.1461181640625,True,True,1.239776611328125e-05,3.507115479806089e-06,0.0,0,0.32474277431986925,A100-80GB,3,AuthenticAMD,143,49,24
pilot-026-modal-a100-rep3-20260811T180100Z.csv,20260811T180100Z,NVIDIA A100-SXM4-80GB,modal,64,8,1,64,compiled-cpu,8.0,30,0.8030720333333333,0.2495098419140303,0.663165,0.621252,1.435432,,28614.945923,161.905517578125,True,True,1.239776611328125e-05,3.507115479806089e-06,0.0,0,0.3106942236282129,A100-80GB,3,AuthenticAMD,143,49,24
pilot-026-modal-a100-rep3-20260811T180100Z.csv,20260811T180100Z,NVIDIA A100-SXM4-80GB,modal,64,8,1,64,compiled-gpu-resident,,30,0.34175876666666666,0.19137966167689918,0.2538855,0.234254,0.807387,0.2150880023837089,20455.957029,61.9837646484375,True,True,1.239776611328125e-05,3.507115479806089e-06,0.0,0,0.5599846451446284,A100-80GB,3,AuthenticAMD,143,49,24
pilot-026-modal-a100-rep3-20260811T180100Z.csv,20260811T180100Z,NVIDIA A100-SXM4-80GB,modal,128,8,1,1,compiled-cpu,1.0,30,6.195482933333333,0.24271993486490342,6.1430755,5.837749,6.818087,,21008.738553,749.8871459960938,True,True,1.2874603271484377e-05,4.915643785352586e-06,0.0,0,0.03917691929373352,A100-80GB,3,AuthenticAMD,143,49,24
pilot-026-modal-a100-rep3-20260811T180100Z.csv,20260811T180100Z,NVIDIA A100-SXM4-80GB,modal,128,8,1,1,compiled-cpu,8.0,30,6.459096733333333,0.2602220266247365,6.4630659999999995,5.990089,7.096371,,21008.738553,788.948486328125,True,True,1.2874603271484377e-05,4.915643785352586e-06,0.0,0,0.04028768067240947,A100-80GB,3,AuthenticAMD,143,49,24
pilot-026-modal-a100-rep3-20260811T180100Z.csv,20260811T180100Z,NVIDIA A100-SXM4-80GB,modal,128,8,1,1,compiled-gpu-resident,,30,7.319520333333333,0.3273921845254829,7.305225500000001,6.880503,7.990472,7.2501280307769775,2783.232053,891.7511596679688,True,True,1.2874603271484377e-05,4.915643785352586e-06,0.0,0,0.04472863925721038,A100-80GB,3,AuthenticAMD,143,49,24
pilot-026-modal-a100-rep3-20260811T180100Z.csv,20260811T180100Z,NVIDIA A100-SXM4-80GB,modal,128,8,1,64,compiled-cpu,1.0,30,2.0937346,1.1111296403911186,1.7542885,0.674571,5.828311,,24013.602135,214.14654541015625,True,True,1.2874603271484377e-05,4.915643785352586e-06,0.0,0,0.5306926868339085,A100-80GB,3,AuthenticAMD,143,49,24
pilot-026-modal-a100-rep3-20260811T180100Z.csv,20260811T180100Z,NVIDIA A100-SXM4-80GB,modal,128,8,1,64,compiled-cpu,8.0,30,0.7731021666666666,0.17324046236295357,0.6782935,0.648052,1.33701,,24013.602135,82.79949951171875,True,True,1.2874603271484377e-05,4.915643785352586e-06,0.0,0,0.22408482323869688,A100-80GB,3,AuthenticAMD,143,49,24
pilot-026-modal-a100-rep3-20260811T180100Z.csv,20260811T180100Z,NVIDIA A100-SXM4-80GB,modal,128,8,1,64,compiled-gpu-resident,,30,0.4439076666666667,0.24061338739582205,0.30189449999999995,0.236309,0.965882,0.26553599536418915,18450.946005,36.85235595703125,True,True,1.2874603271484377e-05,4.915643785352586e-06,0.0,0,0.5420347641269739,A100-80GB,3,AuthenticAMD,143,49,24
pilot-026-modal-a100-rep3-20260811T180100Z.csv,20260811T180100Z,NVIDIA A100-SXM4-80GB,modal,256,8,1,1,compiled-cpu,1.0,30,6.807692333333334,0.2998059885708081,6.790283499999999,6.374141,7.310338,,1824.496846,414.4460144042969,True,True,1.430511474609375e-05,4.785815235663904e-06,0.0,0,0.044039297590290835,A100-80GB,3,AuthenticAMD,143,49,24
pilot-026-modal-a100-rep3-20260811T180100Z.csv,20260811T180100Z,NVIDIA A100-SXM4-80GB,modal,256,8,1,1,compiled-cpu,8.0,30,9.770635700000001,0.2522403805748834,9.719486,9.341174,10.460751,,1824.496846,593.2303466796875,True,True,1.430511474609375e-05,4.785815235663904e-06,0.0,0,0.025816168806179457,A100-80GB,3,AuthenticAMD,143,49,24
pilot-026-modal-a100-rep3-20260811T180100Z.csv,20260811T180100Z,NVIDIA A100-SXM4-80GB,modal,256,8,1,1,compiled-gpu-resident,,30,7.3260829,0.507911000958208,7.1993165,6.897573,9.678289,7.1535680294036865,2168.413399,439.4114074707031,True,True,1.430511474609375e-05,4.785815235663904e-06,0.0,0,0.06932913644182322,A100-80GB,3,AuthenticAMD,143,49,24
pilot-026-modal-a100-rep3-20260811T180100Z.csv,20260811T180100Z,NVIDIA A100-SXM4-80GB,modal,256,8,1,64,compiled-cpu,1.0,30,1.3637334,0.3086480721296534,1.462302,0.737478,1.813193,,22968.286238,89.2518310546875,True,True,1.430511474609375e-05,4.785815235663904e-06,0.0,0,0.22632581421680614,A100-80GB,3,AuthenticAMD,143,49,24
pilot-026-modal-a100-rep3-20260811T180100Z.csv,20260811T180100Z,NVIDIA A100-SXM4-80GB,modal,256,8,1,64,compiled-cpu,8.0,30,2.5409265666666667,0.732816133536528,2.3151095,1.847557,5.061298,,22968.286238,141.30307006835938,True,True,1.430511474609375e-05,4.785815235663904e-06,0.0,0,0.2884050814966598,A100-80GB,3,AuthenticAMD,143,49,24
pilot-026-modal-a100-rep3-20260811T180100Z.csv,20260811T180100Z,NVIDIA A100-SXM4-80GB,modal,256,8,1,64,compiled-gpu-resident,,30,0.3661602666666666,0.19368179382918774,0.2637695,0.235056,0.877098,0.2316159978508949,22305.88699,16.099212646484375,True,True,1.430511474609375e-05,4.785815235663904e-06,0.0,0,0.5289536070976965,A100-80GB,3,AuthenticAMD,143,49,24
pilot-027-modal-h100-rep1-20260811T175410Z.csv,20260811T175410Z,NVIDIA H100 80GB HBM3,modal,8,8,1,1,compiled-cpu,1.0,30,2.7658859333333337,0.20783237889652445,2.7008375,2.562205,3.34267,,18889.117889,5275.0732421875,True,True,4.410743713378906e-06,3.2164530239242595e-06,0.0,0,0.0751413412938737,H100!,1,GenuineIntel,6,143,24
pilot-027-modal-h100-rep1-20260811T175410Z.csv,20260811T175410Z,NVIDIA H100 80GB HBM3,modal,8,8,1,1,compiled-cpu,8.0,30,2.9176024666666667,0.12596619004449736,2.9068195,2.68295,3.157322,,18889.117889,5677.3818359375,True,True,4.410743713378906e-06,3.2164530239242595e-06,0.0,0,0.043174555644111635,H100!,1,GenuineIntel,6,143,24
pilot-027-modal-h100-rep1-20260811T175410Z.csv,20260811T175410Z,NVIDIA H100 80GB HBM3,modal,8,8,1,1,compiled-gpu-resident,,30,3.4101364333333333,0.0865010623672786,3.4062970000000004,3.214402,3.54203,3.3724639415740967,1196.249806,6652.923828125,True,True,4.410743713378906e-06,3.2164530239242595e-06,0.0,0,0.025365865577033738,H100!,1,GenuineIntel,6,143,24
pilot-027-modal-h100-rep1-20260811T175410Z.csv,20260811T175410Z,NVIDIA H100 80GB HBM3,modal,8,8,1,64,compiled-cpu,1.0,30,0.41126663333333335,0.13645691435141422,0.332879,0.324262,0.802936,,12472.536164,650.154296875,True,True,4.410743713378906e-06,3.2164530239242595e-06,0.0,0,0.33179670630078884,H100!,1,GenuineIntel,6,143,24
pilot-027-modal-h100-rep1-20260811T175410Z.csv,20260811T175410Z,NVIDIA H100 80GB HBM3,modal,8,8,1,64,compiled-cpu,8.0,30,0.44331929999999997,0.13164020104296034,0.4166035,0.321519,0.737066,,12472.536164,813.6787109375,True,True,4.410743713378906e-06,3.2164530239242595e-06,0.0,0,0.29694218375550163,H100!,1,GenuineIntel,6,143,24
pilot-027-modal-h100-rep1-20260811T175410Z.csv,20260811T175410Z,NVIDIA H100 80GB HBM3,modal,8,8,1,64,compiled-gpu-resident,,30,0.19053853333333332,0.07967878313740413,0.145126,0.117788,0.344323,0.12508799508213994,9284.654267,283.44921875,True,True,4.410743713378906e-06,3.2164530239242595e-06,0.0,0,0.41817674222364193,H100!,1,GenuineIntel,6,143,24
pilot-027-modal-h100-rep1-20260811T175410Z.csv,20260811T175410Z,NVIDIA H100 80GB HBM3,modal,16,8,1,1,compiled-cpu,1.0,30,2.9007759,0.15676878487416024,2.841573,2.703535,3.332182,,989.011656,2774.9736328125,True,True,2.1457672119140625e-06,3.260239054725389e-06,0.0,0,0.05404374218434462,H100!,1,GenuineIntel,6,143,24
pilot-027-modal-h100-rep1-20260811T175410Z.csv,20260811T175410Z,NVIDIA H100 80GB HBM3,modal,16,8,1,1,compiled-cpu,8.0,30,2.853176933333333,0.1079640337337594,2.8259225,2.638318,3.123064,,989.011656,2759.68994140625,True,True,2.1457672119140625e-06,3.260239054725389e-06,0.0,0,0.03783993641348638,H100!,1,GenuineIntel,6,143,24
pilot-027-modal-h100-rep1-20260811T175410Z.csv,20260811T175410Z,NVIDIA H100 80GB HBM3,modal,16,8,1,1,compiled-gpu-resident,,30,3.3642938666666664,0.10636865602161039,3.359126,3.103763,3.532944,3.3276480436325073,819.722435,3280.396484375,True,True,2.1457672119140625e-06,3.260239054725389e-06,0.0,0,0.03161693366786659,H100!,1,GenuineIntel,6,143,24
pilot-027-modal-h100-rep1-20260811T175410Z.csv,20260811T175410Z,NVIDIA H100 80GB HBM3,modal,16,8,1,64,compiled-cpu,1.0,30,0.42308153333333337,0.12872951807079933,0.340237,0.330107,0.676158,,13061.97327,332.2626953125,True,True,2.1457672119140625e-06,3.260239054725389e-06,0.0,0,0.3042664544031922,H100!,1,GenuineIntel,6,143,24
pilot-027-modal-h100-rep1-20260811T175410Z.csv,20260811T175410Z,NVIDIA H100 80GB HBM3,modal,16,8,1,64,compiled-cpu,8.0,30,0.38958526666666665,0.08477700726792464,0.34681799999999996,0.337178,0.664969,,13061.97327,338.689453125,True,True,2.1457672119140625e-06,3.260239054725389e-06,0.0,0,0.21760835052435584,H100!,1,GenuineIntel,6,143,24
pilot-027-modal-h100-rep1-20260811T175410Z.csv,20260811T175410Z,NVIDIA H100 80GB HBM3,modal,16,8,1,64,compiled-gpu-resident,,30,0.1732282,0.08677425185657878,0.118436,0.114395,0.382373,0.100016001611948,9578.293049,115.66015625,True,True,2.1457672119140625e-06,3.260239054725389e-06,0.0,0,0.5009245137718846,H100!,1,GenuineIntel,6,143,24
pilot-027-modal-h100-rep1-20260811T175410Z.csv,20260811T175410Z,NVIDIA H100 80GB HBM3,modal,32,8,1,1,compiled-cpu,1.0,30,2.957986366666667,0.15936919412580708,2.9347205,2.724338,3.253846,,996.165679,1432.968994140625,True,True,5.960464477539063e-06,3.8327552829287015e-06,0.0,0,0.053877595894871906,H100!,1,GenuineIntel,6,143,24
pilot-027-modal-h100-rep1-20260811T175410Z.csv,20260811T175410Z,NVIDIA H100 80GB HBM3,modal,32,8,1,1,compiled-cpu,8.0,30,2.8531050666666666,0.1279142514714942,2.818701,2.644289,3.152733,,996.165679,1376.31884765625,True,True,5.960464477539063e-06,3.8327552829287015e-06,0.0,0,0.04483334769754509,H100!,1,GenuineIntel,6,143,24
pilot-027-modal-h100-rep1-20260811T175410Z.csv,20260811T175410Z,NVIDIA H100 80GB HBM3,modal,32,8,1,1,compiled-gpu-resident,,30,3.3632437333333334,0.10541634280382396,3.3327755000000003,3.189973,3.563183,3.3042880296707153,968.338068,1627.331787109375,True,True,5.960464477539063e-06,3.8327552829287015e-06,0.0,0,0.03134365248615066,H100!,1,GenuineIntel,6,143,24
pilot-027-modal-h100-rep1-20260811T175410Z.csv,20260811T175410Z,NVIDIA H100 80GB HBM3,modal,32,8,1,64,compiled-cpu,1.0,30,0.4137489,0.146147194378523,0.3501465,0.342874,0.905393,,13832.123692,170.969970703125,True,True,5.960464477539063e-06,3.8327552829287015e-06,0.0,0,0.35322678653290196,H100!,1,GenuineIntel,6,143,24
pilot-027-modal-h100-rep1-20260811T175410Z.csv,20260811T175410Z,NVIDIA H100 80GB HBM3,modal,32,8,1,64,compiled-cpu,8.0,30,0.41675256666666666,0.13656741902954733,0.3551875,0.339823,0.87125,,13832.123692,173.431396484375,True,True,5.960464477539063e-06,3.8327552829287015e-06,0.0,0,0.3276942482246996,H100!,1,GenuineIntel,6,143,24
pilot-027-modal-h100-rep1-20260811T175410Z.csv,20260811T175410Z,NVIDIA H100 80GB HBM3,modal,32,8,1,64,compiled-gpu-resident,,30,0.18637403333333333,0.11422098859651134,0.1233975,0.114474,0.472483,0.10353599861264226,9958.765089,60.252685546875,True,True,5.960464477539063e-06,3.8327552829287015e-06,0.0,0,0.6128589189902063,H100!,1,GenuineIntel,6,143,24
pilot-027-modal-h100-rep1-20260811T175410Z.csv,20260811T175410Z,NVIDIA H100 80GB HBM3,modal,64,8,1,1,compiled-cpu,1.0,30,2.982883366666667,0.157525695727983,2.9359705,2.736066,3.265324,,1159.340842,716.7896728515625,True,True,4.529953002929688e-06,4.605160484061344e-06,0.0,0,0.052809874327743464,H100!,1,GenuineIntel,6,143,24
pilot-027-modal-h100-rep1-20260811T175410Z.csv,20260811T175410Z,NVIDIA H100 80GB HBM3,modal,64,8,1,1,compiled-cpu,8.0,30,2.9730767333333334,0.10679884791640426,2.951833,2.742172,3.193746,,1159.340842,720.662353515625,True,True,4.529953002929688e-06,4.605160484061344e-06,0.0,0,0.035921995123437085,H100!,1,GenuineIntel,6,143,24
pilot-027-modal-h100-rep1-20260811T175410Z.csv,20260811T175410Z,NVIDIA H100 80GB HBM3,modal,64,8,1,1,compiled-gpu-resident,,30,3.0986344,0.11764742907242694,3.0610365,3.015795,3.529663,3.0389280319213867,699.364512,747.3233642578125,True,True,4.529953002929688e-06,4.605160484061344e-06,0.0,0,0.037967508871787826,H100!,1,GenuineIntel,6,143,24
pilot-027-modal-h100-rep1-20260811T175410Z.csv,20260811T175410Z,NVIDIA H100 80GB HBM3,modal,64,8,1,64,compiled-cpu,1.0,30,0.47859586666666665,0.13312563784965742,0.395219,0.368372,0.821395,,13009.59934,96.489013671875,True,True,4.529953002929688e-06,4.605160484061344e-06,0.0,0,0.27815877052355953,H100!,1,GenuineIntel,6,143,24
pilot-027-modal-h100-rep1-20260811T175410Z.csv,20260811T175410Z,NVIDIA H100 80GB HBM3,modal,64,8,1,64,compiled-cpu,8.0,30,0.44598173333333335,0.12335252996495051,0.3759345,0.369183,0.729613,,13009.59934,91.7808837890625,True,True,4.529953002929688e-06,4.605160484061344e-06,0.0,0,0.27658650735086276,H100!,1,GenuineIntel,6,143,24
pilot-027-modal-h100-rep1-20260811T175410Z.csv,20260811T175410Z,NVIDIA H100 80GB HBM3,modal,64,8,1,64,compiled-gpu-resident,,30,0.1726966,0.09378793968000729,0.123946,0.112327,0.493538,0.1028959974646568,10650.156415,30.26025390625,True,True,4.529953002929688e-06,4.605160484061344e-06,0.0,0,0.5430792481149442,H100!,1,GenuineIntel,6,143,24
pilot-027-modal-h100-rep1-20260811T175410Z.csv,20260811T175410Z,NVIDIA H100 80GB HBM3,modal,128,8,1,1,compiled-cpu,1.0,30,3.0573359666666664,0.14994827313845838,3.060028,2.768899,3.378054,,1042.399654,373.53857421875,True,True,7.867813110351562e-06,4.265566531103104e-06,0.0,0,0.04904540252471601,H100!,1,GenuineIntel,6,143,24
pilot-027-modal-h100-rep1-20260811T175410Z.csv,20260811T175410Z,NVIDIA H100 80GB HBM3,modal,128,8,1,1,compiled-cpu,8.0,30,2.9672467333333334,0.116605730527228,2.9734555,2.728229,3.247465,,1042.399654,362.97064208984375,True,True,7.867813110351562e-06,4.265566531103104e-06,0.0,0,0.03929761863659917,H100!,1,GenuineIntel,6,143,24
pilot-027-modal-h100-rep1-20260811T175410Z.csv,20260811T175410Z,NVIDIA H100 80GB HBM3,modal,128,8,1,1,compiled-gpu-resident,,30,3.3737161999999996,0.12475924832567,3.3530914999999997,3.133593,3.673345,3.3236160278320312,1095.126797,409.31292724609375,True,True,7.867813110351562e-06,4.265566531103104e-06,0.0,0,0.03697976976417578,H100!,1,GenuineIntel,6,143,24
pilot-027-modal-h100-rep1-20260811T175410Z.csv,20260811T175410Z,NVIDIA H100 80GB HBM3,modal,128,8,1,64,compiled-cpu,1.0,30,0.5119957,0.1338485740431689,0.43473649999999997,0.428216,0.795107,,13285.372849,53.06842041015625,True,True,7.867813110351562e-06,4.265566531103104e-06,0.0,0,0.261425191741198,H100!,1,GenuineIntel,6,143,24
pilot-027-modal-h100-rep1-20260811T175410Z.csv,20260811T175410Z,NVIDIA H100 80GB HBM3,modal,128,8,1,64,compiled-cpu,8.0,30,0.5206331,0.14537200550035945,0.4359335,0.425022,0.813651,,13285.372849,53.21453857421875,True,True,7.867813110351562e-06,4.265566531103104e-06,0.0,0,0.27922159674511565,H100!,1,GenuineIntel,6,143,24
pilot-027-modal-h100-rep1-20260811T175410Z.csv,20260811T175410Z,NVIDIA H100 80GB HBM3,modal,128,8,1,64,compiled-gpu-resident,,30,0.17658303333333333,0.08881174777350719,0.1210665,0.113806,0.389558,0.10099200159311295,9992.602531,14.77862548828125,True,True,7.867813110351562e-06,4.265566531103104e-06,0.0,0,0.5029460990505157,H100!,1,GenuineIntel,6,143,24
pilot-027-modal-h100-rep1-20260811T175410Z.csv,20260811T175410Z,NVIDIA H100 80GB HBM3,modal,256,8,1,1,compiled-cpu,1.0,30,3.1296633,0.16557262473904272,3.143855,2.861617,3.386435,,972.077691,191.88568115234375,True,True,7.62939453125e-06,5.183574558031978e-06,0.0,0,0.05290429316758858,H100!,1,GenuineIntel,6,143,24
pilot-027-modal-h100-rep1-20260811T175410Z.csv,20260811T175410Z,NVIDIA H100 80GB HBM3,modal,256,8,1,1,compiled-cpu,8.0,30,3.9951683333333334,0.1968082577902583,3.9203415,3.822709,4.677924,,972.077691,239.27865600585938,True,True,7.62939453125e-06,5.183574558031978e-06,0.0,0,0.04926156831696077,H100!,1,GenuineIntel,6,143,24
pilot-027-modal-h100-rep1-20260811T175410Z.csv,20260811T175410Z,NVIDIA H100 80GB HBM3,modal,256,8,1,1,compiled-gpu-resident,,30,3.359806933333333,0.09867172793940097,3.3296445,3.184631,3.520345,3.300784111022949,1119.263204,203.22537231445312,True,True,7.62939453125e-06,5.183574558031978e-06,0.0,0,0.029368273206552,H100!,1,GenuineIntel,6,143,24
pilot-027-modal-h100-rep1-20260811T175410Z.csv,20260811T175410Z,NVIDIA H100 80GB HBM3,modal,256,8,1,64,compiled-cpu,1.0,30,0.6945021666666666,0.179471023664293,0.5884915,0.534868,1.0603,,12551.977277,35.918670654296875,True,True,7.62939453125e-06,5.183574558031978e-06,0.0,0,0.25841679447262533,H100!,1,GenuineIntel,6,143,24
pilot-027-modal-h100-rep1-20260811T175410Z.csv,20260811T175410Z,NVIDIA H100 80GB HBM3,modal,256,8,1,64,compiled-cpu,8.0,30,1.1690112333333333,0.038442066850031584,1.150698,1.133157,1.313195,,12551.977277,70.2330322265625,True,True,7.62939453125e-06,5.183574558031978e-06,0.0,0,0.03288425787014671,H100!,1,GenuineIntel,6,143,24
pilot-027-modal-h100-rep1-20260811T175410Z.csv,20260811T175410Z,NVIDIA H100 80GB HBM3,modal,256,8,1,64,compiled-gpu-resident,,30,0.17686006666666668,0.10268904154136926,0.11978749999999999,0.113037,0.485083,0.10044800117611885,10661.211023,7.311248779296875,True,True,7.62939453125e-06,5.183574558031978e-06,0.0,0,0.5806231077301938,H100!,1,GenuineIntel,6,143,24
pilot-028-modal-h100-rep2-20260811T175412Z.csv,20260811T175412Z,NVIDIA H100 80GB HBM3,modal,8,8,1,1,compiled-cpu,1.0,30,2.9536734,0.16043473833964478,2.8998305,2.698326,3.251341,,1024.90211,5663.7314453125,True,True,6.437301635742188e-06,3.010847649420612e-06,0.0,0,0.0543170204057242,H100!,2,GenuineIntel,6,143,24
pilot-028-modal-h100-rep2-20260811T175412Z.csv,20260811T175412Z,NVIDIA H100 80GB HBM3,modal,8,8,1,1,compiled-cpu,8.0,30,2.7309510333333336,0.11767082424185474,2.7008115,2.596753,3.166281,,1024.90211,5275.0224609375,True,True,6.437301635742188e-06,3.010847649420612e-06,0.0,0,0.043087855770972405,H100!,2,GenuineIntel,6,143,24
pilot-028-modal-h100-rep2-20260811T175412Z.csv,20260811T175412Z,NVIDIA H100 80GB HBM3,modal,8,8,1,1,compiled-gpu-resident,,30,3.2016143666666665,0.11805643391440006,3.162528,3.085242,3.579159,3.1363519430160522,839.83258,6176.8125,True,True,6.437301635742188e-06,3.010847649420612e-06,0.0,0,0.03687403303268954,H100!,2,GenuineIntel,6,143,24
pilot-028-modal-h100-rep2-20260811T175412Z.csv,20260811T175412Z,NVIDIA H100 80GB HBM3,modal,8,8,1,64,compiled-cpu,1.0,30,0.44256353333333337,0.12474808775004113,0.418532,0.334323,0.73362,,14682.191577,817.4453125,True,True,6.437301635742188e-06,3.010847649420612e-06,0.0,0,0.28187611123414097,H100!,2,GenuineIntel,6,143,24
pilot-028-modal-h100-rep2-20260811T175412Z.csv,20260811T175412Z,NVIDIA H100 80GB HBM3,modal,8,8,1,64,compiled-cpu,8.0,30,0.4200378666666667,0.14204603165140745,0.340874,0.332351,0.749697,,14682.191577,665.76953125,True,True,6.437301635742188e-06,3.010847649420612e-06,0.0,0,0.3381743478954773,H100!,2,GenuineIntel,6,143,24
pilot-028-modal-h100-rep2-20260811T175412Z.csv,20260811T175412Z,NVIDIA H100 80GB HBM3,modal,8,8,1,64,compiled-gpu-resident,,30,0.1768601,0.10098314601076273,0.12149499999999999,0.111691,0.496762,0.10143999755382535,11674.901025,237.294921875,True,True,6.437301635742188e-06,3.010847649420612e-06,0.0,0,0.5709775467206155,H100!,2,GenuineIntel,6,143,24
pilot-028-modal-h100-rep2-20260811T175412Z.csv,20260811T175412Z,NVIDIA H100 80GB HBM3,modal,16,8,1,1,compiled-cpu,1.0,30,2.8200073333333338,0.18477420996566832,2.7189975,2.608546,3.288111,,986.677576,2655.27099609375,True,True,7.62939453125e-06,3.954511612391798e-06,0.0,0,0.06552259910163412,H100!,2,GenuineIntel,6,143,24
pilot-028-modal-h100-rep2-20260811T175412Z.csv,20260811T175412Z,NVIDIA H100 80GB HBM3,modal,16,8,1,1,compiled-cpu,8.0,30,2.8384914,0.15549904749494295,2.7659955,2.676856,3.329837,,986.677576,2701.16748046875,True,True,7.62939453125e-06,3.954511612391798e-06,0.0,0,0.05478228593362761,H100!,2,GenuineIntel,6,143,24
pilot-028-modal-h100-rep2-20260811T175412Z.csv,20260811T175412Z,NVIDIA H100 80GB HBM3,modal,16,8,1,1,compiled-gpu-resident,,30,3.2608162666666667,0.10183039599489999,3.2329945,3.101449,3.461579,3.203679919242859,844.079163,3157.22119140625,True,True,7.62939453125e-06,3.954511612391798e-06,0.0,0,0.031228498531441325,H100!,2,GenuineIntel,6,143,24
pilot-028-modal-h100-rep2-20260811T175412Z.csv,20260811T175412Z,NVIDIA H100 80GB HBM3,modal,16,8,1,64,compiled-cpu,1.0,30,0.47253520000000004,0.12873187181178375,0.454009,0.335587,0.725469,,13007.546349,443.3681640625,True,True,7.62939453125e-06,3.954511612391798e-06,0.0,0,0.27242811077732143,H100!,2,GenuineIntel,6,143,24
pilot-028-modal-h100-rep2-20260811T175412Z.csv,20260811T175412Z,NVIDIA H100 80GB HBM3,modal,16,8,1,64,compiled-cpu,8.0,30,0.44678349999999994,0.15594967966661774,0.3547575,0.346498,0.812267,,13007.546349,346.44287109375,True,True,7.62939453125e-06,3.954511612391798e-06,0.0,0,0.34904977392096564,H100!,2,GenuineIntel,6,143,24
pilot-028-modal-h100-rep2-20260811T175412Z.csv,20260811T175412Z,NVIDIA H100 80GB HBM3,modal,16,8,1,64,compiled-gpu-resident,,30,0.17920806666666664,0.10198198985011278,0.1237305,0.1135,0.439665,0.10353599861264226,9669.322746,120.83056640625,True,True,7.62939453125e-06,3.954511612391798e-06,0.0,0,0.5690703088706542,H100!,2,GenuineIntel,6,143,24
pilot-028-modal-h100-rep2-20260811T175412Z.csv,20260811T175412Z,NVIDIA H100 80GB HBM3,modal,32,8,1,1,compiled-cpu,1.0,30,2.8502070333333336,0.1627951878739965,2.776634,2.579994,3.273896,,1004.750213,1355.7783203125,True,True,9.5367431640625e-06,5.009530013921904e-06,0.0,0,0.05711696938857336,H100!,2,GenuineIntel,6,143,24
pilot-028-modal-h100-rep2-20260811T175412Z.csv,20260811T175412Z,NVIDIA H100 80GB HBM3,modal,32,8,1,1,compiled-cpu,8.0,30,2.8595014333333335,0.14367368677059134,2.8059575,2.639125,3.134386,,1004.750213,1370.096435546875,True,True,9.5367431640625e-06,5.009530013921904e-06,0.0,0,0.050244313605085446,H100!,2,GenuineIntel,6,143,24
pilot-028-modal-h100-rep2-20260811T175412Z.csv,20260811T175412Z,NVIDIA H100 80GB HBM3,modal,32,8,1,1,compiled-gpu-resident,,30,3.1587005666666665,0.07528387890840502,3.137487,3.041565,3.324786,3.1115520000457764,912.057728,1531.97607421875,True,True,9.5367431640625e-06,5.009530013921904e-06,0.0,0,0.023833813088478678,H100!,2,GenuineIntel,6,143,24
pilot-028-modal-h100-rep2-20260811T175412Z.csv,20260811T175412Z,NVIDIA H100 80GB HBM3,modal,32,8,1,64,compiled-cpu,1.0,30,0.48464453333333335,0.18625885856160307,0.3682085,0.353288,0.978146,,13357.943192,179.789306640625,True,True,9.5367431640625e-06,5.009530013921904e-06,0.0,0,0.3843205602269658,H100!,2,GenuineIntel,6,143,24
pilot-028-modal-h100-rep2-20260811T175412Z.csv,20260811T175412Z,NVIDIA H100 80GB HBM3,modal,32,8,1,64,compiled-cpu,8.0,30,0.4559432666666667,0.1752762560222228,0.36179150000000004,0.349642,0.882315,,13357.943192,176.656005859375,True,True,9.5367431640625e-06,5.009530013921904e-06,0.0,0,0.3844255828222695,H100!,2,GenuineIntel,6,143,24
pilot-028-modal-h100-rep2-20260811T175412Z.csv,20260811T175412Z,NVIDIA H100 80GB HBM3,modal,32,8,1,64,compiled-gpu-resident,,30,0.1822887,0.1082321861294281,0.121587,0.112406,0.473119,0.10379200056195255,9807.140323,59.36865234375,True,True,9.5367431640625e-06,5.009530013921904e-06,0.0,0,0.5937405123270291,H100!,2,GenuineIntel,6,143,24
pilot-028-modal-h100-rep2-20260811T175412Z.csv,20260811T175412Z,NVIDIA H100 80GB HBM3,modal,64,8,1,1,compiled-cpu,1.0,30,2.9273871333333332,0.20300998716756444,2.8590169999999997,2.660758,3.622092,,1041.883779,698.002197265625,True,True,6.67572021484375e-06,3.825154180958634e-06,0.0,0,0.06934852751655114,H100!,2,GenuineIntel,6,143,24
pilot-028-modal-h100-rep2-20260811T175412Z.csv,20260811T175412Z,NVIDIA H100 80GB HBM3,modal,64,8,1,1,compiled-cpu,8.0,30,2.9121907333333334,0.13919031867540504,2.858694,2.708787,3.278488,,1041.883779,697.92333984375,True,True,6.67572021484375e-06,3.825154180958634e-06,0.0,0,0.04779574259412806,H100!,2,GenuineIntel,6,143,24
pilot-028-modal-h100-rep2-20260811T175412Z.csv,20260811T175412Z,NVIDIA H100 80GB HBM3,modal,64,8,1,1,compiled-gpu-resident,,30,3.3566987999999998,0.08816462953353917,3.3431604999999998,3.162923,3.53983,3.3145439624786377,944.725131,816.2012939453125,True,True,6.67572021484375e-06,3.825154180958634e-06,0.0,0,0.026265278711792423,H100!,2,GenuineIntel,6,143,24
pilot-028-modal-h100-rep2-20260811T175412Z.csv,20260811T175412Z,NVIDIA H100 80GB HBM3,modal,64,8,1,64,compiled-cpu,1.0,30,0.44982279999999997,0.11622410388033211,0.390038,0.380644,0.865134,,34222.033676,95.22412109375,True,True,6.67572021484375e-06,3.825154180958634e-06,0.0,0,0.25837752973022293,H100!,2,GenuineIntel,6,143,24
pilot-028-modal-h100-rep2-20260811T175412Z.csv,20260811T175412Z,NVIDIA H100 80GB HBM3,modal,64,8,1,64,compiled-cpu,8.0,30,0.4975712666666666,0.1409011994501046,0.40281049999999996,0.378263,0.786307,,34222.033676,98.3424072265625,True,True,6.67572021484375e-06,3.825154180958634e-06,0.0,0,0.2831779262376444,H100!,2,GenuineIntel,6,143,24
pilot-028-modal-h100-rep2-20260811T175412Z.csv,20260811T175412Z,NVIDIA H100 80GB HBM3,modal,64,8,1,64,compiled-gpu-resident,,30,0.1605906,0.07733584190671677,0.116264,0.108709,0.306909,0.09819199889898295,13351.370696,28.384765625,True,True,6.67572021484375e-06,3.825154180958634e-06,0.0,0,0.4815714114444854,H100!,2,GenuineIntel,6,143,24
pilot-028-modal-h100-rep2-20260811T175412Z.csv,20260811T175412Z,NVIDIA H100 80GB HBM3,modal,128,8,1,1,compiled-cpu,1.0,30,3.0173210333333333,0.1408453399024627,2.9646074999999996,2.793013,3.325681,,1017.327376,361.89056396484375,True,True,7.152557373046875e-06,3.788546109717572e-06,0.0,0,0.046678937490077496,H100!,2,GenuineIntel,6,143,24
pilot-028-modal-h100-rep2-20260811T175412Z.csv,20260811T175412Z,NVIDIA H100 80GB HBM3,modal,128,8,1,1,compiled-cpu,8.0,30,3.0248928333333334,0.16126764625777537,2.952923,2.772074,3.36009,,1017.327376,360.4642333984375,True,True,7.152557373046875e-06,3.788546109717572e-06,0.0,0,0.05331350733508918,H100!,2,GenuineIntel,6,143,24
pilot-028-modal-h100-rep2-20260811T175412Z.csv,20260811T175412Z,NVIDIA H100 80GB HBM3,modal,128,8,1,1,compiled-gpu-resident,,30,3.3399576,0.10001263591118599,3.3101545000000003,3.195234,3.579694,3.2832000255584717,1098.099665,404.07159423828125,True,True,7.152557373046875e-06,3.788546109717572e-06,0.0,0,0.02994428309843993,H100!,2,GenuineIntel,6,143,24
pilot-028-modal-h100-rep2-20260811T175412Z.csv,20260811T175412Z,NVIDIA H100 80GB HBM3,modal,128,8,1,64,compiled-cpu,1.0,30,0.5441468666666667,0.17253412794629494,0.4535355,0.436934,0.978114,,13820.852954,55.36322021484375,True,True,7.152557373046875e-06,3.788546109717572e-06,0.0,0,0.3170727215672563,H100!,2,GenuineIntel,6,143,24
pilot-028-modal-h100-rep2-20260811T175412Z.csv,20260811T175412Z,NVIDIA H100 80GB HBM3,modal,128,8,1,64,compiled-cpu,8.0,30,0.5165009,0.14062944915097583,0.4478835,0.435703,0.877424,,13820.852954,54.67327880859375,True,True,7.152557373046875e-06,3.788546109717572e-06,0.0,0,0.27227338645678223,H100!,2,GenuineIntel,6,143,24
pilot-028-modal-h100-rep2-20260811T175412Z.csv,20260811T175412Z,NVIDIA H100 80GB HBM3,modal,128,8,1,64,compiled-gpu-resident,,30,0.1758299,0.09683630056364054,0.120021,0.112289,0.437401,0.10200000181794161,10726.152752,14.6510009765625,True,True,7.152557373046875e-06,3.788546109717572e-06,0.0,0,0.5507385294744553,H100!,2,GenuineIntel,6,143,24
pilot-028-modal-h100-rep2-20260811T175412Z.csv,20260811T175412Z,NVIDIA H100 80GB HBM3,modal,256,8,1,1,compiled-cpu,1.0,30,3.0996397333333334,0.1403873417033998,3.0580675,2.927849,3.375174,,1023.763067,186.64962768554688,True,True,8.106231689453125e-06,5.083974883746123e-06,0.0,0,0.04529150281359574,H100!,2,GenuineIntel,6,143,24
pilot-028-modal-h100-rep2-20260811T175412Z.csv,20260811T175412Z,NVIDIA H100 80GB HBM3,modal,256,8,1,1,compiled-cpu,8.0,30,4.0296211,0.28774702629475124,3.9997685,3.68679,4.924522,,1023.763067,244.12649536132812,True,True,8.106231689453125e-06,5.083974883746123e-06,0.0,0,0.07140796098540164,H100!,2,GenuineIntel,6,143,24
pilot-028-modal-h100-rep2-20260811T175412Z.csv,20260811T175412Z,NVIDIA H100 80GB HBM3,modal,256,8,1,1,compiled-gpu-resident,,30,3.334287766666667,0.11086417472424771,3.3009575,3.159238,3.586166,3.27182400226593,1052.57974,201.47445678710938,True,True,8.106231689453125e-06,5.083974883746123e-06,0.0,0,0.033249732021504594,H100!,2,GenuineIntel,6,143,24
pilot-028-modal-h100-rep2-20260811T175412Z.csv,20260811T175412Z,NVIDIA H100 80GB HBM3,modal,256,8,1,64,compiled-cpu,1.0,30,0.6465353333333332,0.1824723810374361,0.55495,0.542637,1.279701,,12455.889036,33.8714599609375,True,True,8.106231689453125e-06,5.083974883746123e-06,0.0,0,0.28223110420998304,H100!,2,GenuineIntel,6,143,24
pilot-028-modal-h100-rep2-20260811T175412Z.csv,20260811T175412Z,NVIDIA H100 80GB HBM3,modal,256,8,1,64,compiled-cpu,8.0,30,1.1734105666666668,0.04435074036211588,1.1526655,1.137818,1.342739,,12455.889036,70.35311889648438,True,True,8.106231689453125e-06,5.083974883746123e-06,0.0,0,0.037796438537368894,H100!,2,GenuineIntel,6,143,24
pilot-028-modal-h100-rep2-20260811T175412Z.csv,20260811T175412Z,NVIDIA H100 80GB HBM3,modal,256,8,1,64,compiled-gpu-resident,,30,0.17993226666666665,0.10444091370390123,0.122803,0.113541,0.477416,0.1044160015881061,10687.902738,7.49530029296875,True,True,8.106231689453125e-06,5.083974883746123e-06,0.0,0,0.5804457179288646,H100!,2,GenuineIntel,6,143,24
pilot-029-modal-h100-rep3-20260811T175422Z.csv,20260811T175422Z,NVIDIA H100 80GB HBM3,modal,8,8,1,1,compiled-cpu,1.0,30,3.4874059333333336,0.15991954069208608,3.506258,3.188982,3.922721,,1084.105436,6848.16015625,True,True,3.337860107421875e-06,3.409520331842941e-06,0.0,0,0.04585630229149485,H100!,3,GenuineIntel,6,143,24
pilot-029-modal-h100-rep3-20260811T175422Z.csv,20260811T175422Z,NVIDIA H100 80GB HBM3,modal,8,8,1,1,compiled-cpu,8.0,30,3.3936911666666663,0.14216626737200533,3.420794,2.972482,3.587161,,1084.105436,6681.23828125,True,True,3.337860107421875e-06,3.409520331842941e-06,0.0,0,0.04189133907303744,H100!,3,GenuineIntel,6,143,24
pilot-029-modal-h100-rep3-20260811T175422Z.csv,20260811T175422Z,NVIDIA H100 80GB HBM3,modal,8,8,1,1,compiled-gpu-resident,,30,3.9855701999999997,0.13912448656890744,4.0230715,3.581732,4.229299,3.9757920503616333,917.556329,7857.5615234375,True,True,3.337860107421875e-06,3.409520331842941e-06,0.0,0,0.034907047069176564,H100!,3,GenuineIntel,6,143,24
pilot-029-modal-h100-rep3-20260811T175422Z.csv,20260811T175422Z,NVIDIA H100 80GB HBM3,modal,8,8,1,64,compiled-cpu,1.0,30,0.43974783333333334,0.12646721486044304,0.374575,0.352821,0.79056,,13790.612451,731.591796875,True,True,3.337860107421875e-06,3.409520331842941e-06,0.0,0,0.2875903080677139,H100!,3,GenuineIntel,6,143,24
pilot-029-modal-h100-rep3-20260811T175422Z.csv,20260811T175422Z,NVIDIA H100 80GB HBM3,modal,8,8,1,64,compiled-cpu,8.0,30,0.4609208666666667,0.12091159013745459,0.379575,0.355564,0.723488,,13790.612451,741.357421875,True,True,3.337860107421875e-06,3.409520331842941e-06,0.0,0,0.26232613639706753,H100!,3,GenuineIntel,6,143,24
pilot-029-modal-h100-rep3-20260811T175422Z.csv,20260811T175422Z,NVIDIA H100 80GB HBM3,modal,8,8,1,64,compiled-gpu-resident,,30,0.2387952,0.08624140928987332,0.21611550000000002,0.133527,0.424932,0.1901600062847137,15690.606,422.1005859375,True,True,3.337860107421875e-06,3.409520331842941e-06,0.0,0,0.3611521893650849,H100!,3,GenuineIntel,6,143,24
pilot-029-modal-h100-rep3-20260811T175422Z.csv,20260811T175422Z,NVIDIA H100 80GB HBM3,modal,16,8,1,1,compiled-cpu,1.0,30,3.4239562,0.15122632089877508,3.44622,2.921281,3.725761,,1080.974844,3365.44921875,True,True,3.576278686523437e-06,4.270080353308003e-06,0.0,0,0.04416713067146568,H100!,3,GenuineIntel,6,143,24
pilot-029-modal-h100-rep3-20260811T175422Z.csv,20260811T175422Z,NVIDIA H100 80GB HBM3,modal,16,8,1,1,compiled-cpu,8.0,30,3.3853739333333333,0.17511166583914645,3.4269439999999998,3.035832,3.63173,,1080.974844,3346.625,True,True,3.576278686523437e-06,4.270080353308003e-06,0.0,0,0.05172594498792239,H100!,3,GenuineIntel,6,143,24
pilot-029-modal-h100-rep3-20260811T175422Z.csv,20260811T175422Z,NVIDIA H100 80GB HBM3,modal,16,8,1,1,compiled-gpu-resident,,30,4.071795333333333,0.11775319354665853,4.0527415,3.833551,4.398333,4.003087997436523,899.427538,3957.75537109375,True,True,3.576278686523437e-06,4.270080353308003e-06,0.0,0,0.028919231912931415,H100!,3,GenuineIntel,6,143,24
pilot-029-modal-h100-rep3-20260811T175422Z.csv,20260811T175422Z,NVIDIA H100 80GB HBM3,modal,16,8,1,64,compiled-cpu,1.0,30,0.44036906666666664,0.09087037080973563,0.3962675,0.33085,0.62867,,13640.778041,386.97998046875,True,True,3.576278686523437e-06,4.270080353308003e-06,0.0,0,0.20635048573590917,H100!,3,GenuineIntel,6,143,24
pilot-029-modal-h100-rep3-20260811T175422Z.csv,20260811T175422Z,NVIDIA H100 80GB HBM3,modal,16,8,1,64,compiled-cpu,8.0,30,0.3805844666666667,0.10947627854085115,0.339463,0.308314,0.753707,,13640.778041,331.5068359375,True,True,3.576278686523437e-06,4.270080353308003e-06,0.0,0,0.2876530392837485,H100!,3,GenuineIntel,6,143,24
pilot-029-modal-h100-rep3-20260811T175422Z.csv,20260811T175422Z,NVIDIA H100 80GB HBM3,modal,16,8,1,64,compiled-gpu-resident,,30,0.18681856666666666,0.10130927090935483,0.14442549999999998,0.125877,0.548862,0.12208000198006624,9290.349141,141.04052734375,True,True,3.576278686523437e-06,4.270080353308003e-06,0.0,0,0.5422869510080182,H100!,3,GenuineIntel,6,143,24
pilot-029-modal-h100-rep3-20260811T175422Z.csv,20260811T175422Z,NVIDIA H100 80GB HBM3,modal,32,8,1,1,compiled-cpu,1.0,30,3.444755733333333,0.13605326764909179,3.4408054999999997,3.121394,3.770045,,1128.961779,1680.080810546875,True,True,6.437301635742188e-06,3.752460088435328e-06,0.0,0,0.039495766371056805,H100!,3,GenuineIntel,6,143,24
pilot-029-modal-h100-rep3-20260811T175422Z.csv,20260811T175422Z,NVIDIA H100 80GB HBM3,modal,32,8,1,1,compiled-cpu,8.0,30,3.3737719333333334,0.1978182205643271,3.416369,2.842776,3.649478,,1128.961779,1668.14892578125,True,True,6.437301635742188e-06,3.752460088435328e-06,0.0,0,0.05863414139226654,H100!,3,GenuineIntel,6,143,24
pilot-029-modal-h100-rep3-20260811T175422Z.csv,20260811T175422Z,NVIDIA H100 80GB HBM3,modal,32,8,1,1,compiled-gpu-resident,,30,3.8823000666666667,0.13642864368218618,3.9088935,3.544685,4.169255,3.865216016769409,1033.064881,1908.639404296875,True,True,6.437301635742188e-06,3.752460088435328e-06,0.0,0,0.03514118984608098,H100!,3,GenuineIntel,6,143,24
pilot-029-modal-h100-rep3-20260811T175422Z.csv,20260811T175422Z,NVIDIA H100 80GB HBM3,modal,32,8,1,64,compiled-cpu,1.0,30,0.44419963333333334,0.11346141958103499,0.39514950000000004,0.380543,0.791744,,13187.440973,192.944091796875,True,True,6.437301635742188e-06,3.752460088435328e-06,0.0,0,0.25542889067603536,H100!,3,GenuineIntel,6,143,24
pilot-029-modal-h100-rep3-20260811T175422Z.csv,20260811T175422Z,NVIDIA H100 80GB HBM3,modal,32,8,1,64,compiled-cpu,8.0,30,0.48802046666666665,0.14161772889908006,0.402459,0.342573,0.863807,,13187.440973,196.51318359375,True,True,6.437301635742188e-06,3.752460088435328e-06,0.0,0,0.29018809368052473,H100!,3,GenuineIntel,6,143,24
pilot-029-modal-h100-rep3-20260811T175422Z.csv,20260811T175422Z,NVIDIA H100 80GB HBM3,modal,32,8,1,64,compiled-gpu-resident,,30,0.19873519999999997,0.10830863016825638,0.1478225,0.120768,0.550467,0.1246879994869232,10383.929225,72.178955078125,True,True,6.437301635742188e-06,3.752460088435328e-06,0.0,0,0.5449896654858143,H100!,3,GenuineIntel,6,143,24
pilot-029-modal-h100-rep3-20260811T175422Z.csv,20260811T175422Z,NVIDIA H100 80GB HBM3,modal,64,8,1,1,compiled-cpu,1.0,30,3.3761757333333335,0.17950293148752777,3.4131375,3.022058,3.622949,,1139.238877,833.2855224609375,True,True,1.239776611328125e-05,3.507115479806089e-06,0.0,0,0.05316753204380823,H100!,3,GenuineIntel,6,143,24
pilot-029-modal-h100-rep3-20260811T175422Z.csv,20260811T175422Z,NVIDIA H100 80GB HBM3,modal,64,8,1,1,compiled-cpu,8.0,30,3.5163172,0.1587376917473256,3.542669,3.130234,3.848804,,1139.238877,864.909423828125,True,True,1.239776611328125e-05,3.507115479806089e-06,0.0,0,0.04514316619311978,H100!,3,GenuineIntel,6,143,24
pilot-029-modal-h100-rep3-20260811T175422Z.csv,20260811T175422Z,NVIDIA H100 80GB HBM3,modal,64,8,1,1,compiled-gpu-resident,,30,3.9517701,0.1945015630413837,4.0177095000000005,3.422618,4.22389,3.966944098472595,1077.569241,980.8861083984375,True,True,1.239776611328125e-05,3.507115479806089e-06,0.0,0,0.049218845762658024,H100!,3,GenuineIntel,6,143,24
pilot-029-modal-h100-rep3-20260811T175422Z.csv,20260811T175422Z,NVIDIA H100 80GB HBM3,modal,64,8,1,64,compiled-cpu,1.0,30,0.4919018666666667,0.13137119614618026,0.41691449999999997,0.399063,0.840747,,13698.310797,101.7857666015625,True,True,1.239776611328125e-05,3.507115479806089e-06,0.0,0,0.26706789514015583,H100!,3,GenuineIntel,6,143,24
pilot-029-modal-h100-rep3-20260811T175422Z.csv,20260811T175422Z,NVIDIA H100 80GB HBM3,modal,64,8,1,64,compiled-cpu,8.0,30,0.48751153333333336,0.12805725674000168,0.424066,0.337103,0.794746,,13698.310797,103.53173828125,True,True,1.239776611328125e-05,3.507115479806089e-06,0.0,0,0.26267533788260805,H100!,3,GenuineIntel,6,143,24
pilot-029-modal-h100-rep3-20260811T175422Z.csv,20260811T175422Z,NVIDIA H100 80GB HBM3,modal,64,8,1,64,compiled-gpu-resident,,30,0.1992233,0.10495934762437545,0.15031299999999997,0.124793,0.501041,0.12523200362920758,9535.903357,36.697509765625,True,True,1.239776611328125e-05,3.507115479806089e-06,0.0,0,0.5268427318710986,H100!,3,GenuineIntel,6,143,24
pilot-029-modal-h100-rep3-20260811T175422Z.csv,20260811T175422Z,NVIDIA H100 80GB HBM3,modal,128,8,1,1,compiled-cpu,1.0,30,3.1124519333333334,0.16305455040059522,3.095579,2.821068,3.678107,,22164.496739,377.8782958984375,True,True,1.2874603271484377e-05,4.915643785352586e-06,0.0,0,0.05238781317530876,H100!,3,GenuineIntel,6,143,24
pilot-029-modal-h100-rep3-20260811T175422Z.csv,20260811T175422Z,NVIDIA H100 80GB HBM3,modal,128,8,1,1,compiled-cpu,8.0,30,3.3726458,0.22432372632708522,3.391282,2.795613,3.716827,,22164.496739,413.974853515625,True,True,1.2874603271484377e-05,4.915643785352586e-06,0.0,0,0.06651268458937645,H100!,3,GenuineIntel,6,143,24
pilot-029-modal-h100-rep3-20260811T175422Z.csv,20260811T175422Z,NVIDIA H100 80GB HBM3,modal,128,8,1,1,compiled-gpu-resident,,30,3.9024521,0.12772559639464975,3.894715,3.552348,4.234756,3.8501919507980347,1347.915694,475.4290771484375,True,True,1.2874603271484377e-05,4.915643785352586e-06,0.0,0,0.03272957441159874,H100!,3,GenuineIntel,6,143,24
pilot-029-modal-h100-rep3-20260811T175422Z.csv,20260811T175422Z,NVIDIA H100 80GB HBM3,modal,128,8,1,64,compiled-cpu,1.0,30,0.5390137333333332,0.14657699217439263,0.4765465,0.435412,0.915268,,14073.874492,58.17218017578125,True,True,1.2874603271484377e-05,4.915643785352586e-06,0.0,0,0.2719355428440401,H100!,3,GenuineIntel,6,143,24
pilot-029-modal-h100-rep3-20260811T175422Z.csv,20260811T175422Z,NVIDIA H100 80GB HBM3,modal,128,8,1,64,compiled-cpu,8.0,30,0.5706439666666667,0.11699847157076626,0.5533490000000001,0.448416,0.949005,,14073.874492,67.5474853515625,True,True,1.2874603271484377e-05,4.915643785352586e-06,0.0,0,0.20502884180866,H100!,3,GenuineIntel,6,143,24
pilot-029-modal-h100-rep3-20260811T175422Z.csv,20260811T175422Z,NVIDIA H100 80GB HBM3,modal,128,8,1,64,compiled-gpu-resident,,30,0.20300126666666665,0.10215246167369343,0.1610625,0.121479,0.526852,0.13743999600410461,11876.230841,19.66094970703125,True,True,1.2874603271484377e-05,4.915643785352586e-06,0.0,0,0.5032109570105807,H100!,3,GenuineIntel,6,143,24
pilot-029-modal-h100-rep3-20260811T175422Z.csv,20260811T175422Z,NVIDIA H100 80GB HBM3,modal,256,8,1,1,compiled-cpu,1.0,30,3.3661934666666666,0.18214098469151688,3.399228,2.950373,3.697441,,1084.198662,207.472412109375,True,True,1.430511474609375e-05,4.785815235663904e-06,0.0,0,0.05410888782690195,H100!,3,GenuineIntel,6,143,24
pilot-029-modal-h100-rep3-20260811T175422Z.csv,20260811T175422Z,NVIDIA H100 80GB HBM3,modal,256,8,1,1,compiled-cpu,8.0,30,4.9707918,0.487458263912137,4.9075865,4.476685,7.051063,,1084.198662,299.5353088378906,True,True,1.430511474609375e-05,4.785815235663904e-06,0.0,0,0.09806451034866055,H100!,3,GenuineIntel,6,143,24
pilot-029-modal-h100-rep3-20260811T175422Z.csv,20260811T175422Z,NVIDIA H100 80GB HBM3,modal,256,8,1,1,compiled-gpu-resident,,30,3.9588026333333333,0.12997434991287585,3.978358,3.630026,4.19775,3.9259519577026367,1221.648932,242.8197021484375,True,True,1.430511474609375e-05,4.785815235663904e-06,0.0,0,0.032831732710917376,H100!,3,GenuineIntel,6,143,24
pilot-029-modal-h100-rep3-20260811T175422Z.csv,20260811T175422Z,NVIDIA H100 80GB HBM3,modal,256,8,1,64,compiled-cpu,1.0,30,0.7271147666666666,0.16291755860529336,0.6514805,0.57591,1.032111,,14190.636435,39.763214111328125,True,True,1.430511474609375e-05,4.785815235663904e-06,0.0,0,0.22406030804760171,H100!,3,GenuineIntel,6,143,24
pilot-029-modal-h100-rep3-20260811T175422Z.csv,20260811T175422Z,NVIDIA H100 80GB HBM3,modal,256,8,1,64,compiled-cpu,8.0,30,1.3106790666666666,0.06077608011150058,1.2906115,1.263325,1.583642,,14190.636435,78.77267456054688,True,True,1.430511474609375e-05,4.785815235663904e-06,0.0,0,0.04636991743987106,H100!,3,GenuineIntel,6,143,24
pilot-029-modal-h100-rep3-20260811T175422Z.csv,20260811T175422Z,NVIDIA H100 80GB HBM3,modal,256,8,1,64,compiled-gpu-resident,,30,0.23230193333333335,0.10943597130929664,0.1812455,0.132395,0.510923,0.16048000007867808,11022.776131,11.062347412109375,True,True,1.430511474609375e-05,4.785815235663904e-06,0.0,0,0.4710936742496474,H100!,3,GenuineIntel,6,143,24
