source_file,run_id,hardware,provider,agent_count,state_width,action_count,observation_horizon,mode,threads,observations,wall_ms_mean,wall_ms_std,wall_ms_median,wall_ms_min,wall_ms_max,device_ms_median,compile_first_call_ms,ns_per_agent_step_median,shape_valid,action_match,max_state_abs_error,max_state_rel_error,max_budget_abs_error,execution_error_rows,wall_ms_cv,requested_gpu,cpu_model_name,cpu_logical_count,cpu_affinity_count
pilot-005-local-sub256-20260811T171204Z.csv,20260811T171204Z,NVIDIA GeForce GTX 1660 Ti,local,8,8,1,1,compiled-cpu,1.0,9,4.4085618888888884,0.011706984693383243,4.406388,4.396599,4.432033,,649.335607,8606.2265625,True,True,6.67572021484375e-06,3.699329909068183e-06,0.0,0,0.0026555110234221554,,Intel(R) Core(TM) i7-9700K CPU @ 3.60GHz,8,8
pilot-005-local-sub256-20260811T171204Z.csv,20260811T171204Z,NVIDIA GeForce GTX 1660 Ti,local,8,8,1,1,compiled-cpu,8.0,9,4.349967444444444,0.012052386455709892,4.350389,4.336431,4.367624,,649.335607,8496.853515625,True,True,6.67572021484375e-06,3.699329909068183e-06,0.0,0,0.0027706842889370547,,Intel(R) Core(TM) i7-9700K CPU @ 3.60GHz,8,8
pilot-005-local-sub256-20260811T171204Z.csv,20260811T171204Z,NVIDIA GeForce GTX 1660 Ti,local,8,8,1,1,compiled-gpu-host-visible,,9,6.548919222222222,0.021791725555688698,6.54656,6.518891,6.595024,6.514400005340576,352.920329,12786.25,True,True,6.67572021484375e-06,3.699329909068183e-06,0.0,0,0.003327530057439644,,Intel(R) Core(TM) i7-9700K CPU @ 3.60GHz,8,8
pilot-005-local-sub256-20260811T171204Z.csv,20260811T171204Z,NVIDIA GeForce GTX 1660 Ti,local,8,8,1,1,compiled-gpu-resident,,9,4.822129222222222,0.08807597025548143,4.779861,4.759841,4.995754,4.753920078277588,352.920329,9335.666015625,True,True,6.67572021484375e-06,3.699329909068183e-06,0.0,0,0.01826495437940434,,Intel(R) Core(TM) i7-9700K CPU @ 3.60GHz,8,8
pilot-005-local-sub256-20260811T171204Z.csv,20260811T171204Z,NVIDIA GeForce GTX 1660 Ti,local,8,8,1,64,compiled-cpu,1.0,9,0.40606133333333333,0.003959321311790706,0.407417,0.400149,0.411472,,13131.539423,795.736328125,True,True,6.67572021484375e-06,3.699329909068183e-06,0.0,0,0.009750549945962283,,Intel(R) Core(TM) i7-9700K CPU @ 3.60GHz,8,8
pilot-005-local-sub256-20260811T171204Z.csv,20260811T171204Z,NVIDIA GeForce GTX 1660 Ti,local,8,8,1,64,compiled-cpu,8.0,9,0.41165111111111113,0.027353367459256477,0.395309,0.389326,0.455759,,13131.539423,772.087890625,True,True,6.67572021484375e-06,3.699329909068183e-06,0.0,0,0.06644793787978716,,Intel(R) Core(TM) i7-9700K CPU @ 3.60GHz,8,8
pilot-005-local-sub256-20260811T171204Z.csv,20260811T171204Z,NVIDIA GeForce GTX 1660 Ti,local,8,8,1,64,compiled-gpu-host-visible,,9,0.179493,0.0032102111690666146,0.178998,0.176168,0.184937,0.1545920073986053,8681.277859,349.60546875,True,True,6.67572021484375e-06,3.699329909068183e-06,0.0,0,0.01788488224647543,,Intel(R) Core(TM) i7-9700K CPU @ 3.60GHz,8,8
pilot-005-local-sub256-20260811T171204Z.csv,20260811T171204Z,NVIDIA GeForce GTX 1660 Ti,local,8,8,1,64,compiled-gpu-resident,,9,0.16480311111111112,0.0028977676944695234,0.164421,0.161723,0.170993,0.1391679942607879,8681.277859,321.134765625,True,True,6.67572021484375e-06,3.699329909068183e-06,0.0,0,0.01758320989775389,,Intel(R) Core(TM) i7-9700K CPU @ 3.60GHz,8,8
pilot-005-local-sub256-20260811T171204Z.csv,20260811T171204Z,NVIDIA GeForce GTX 1660 Ti,local,16,8,1,1,compiled-cpu,1.0,9,4.343547555555556,0.041967280755700206,4.333121,4.30222,4.443481,,4821.256197,4231.5634765625,True,True,3.933906555175781e-06,3.540320903994143e-06,0.0,0,0.009661982565845864,,Intel(R) Core(TM) i7-9700K CPU @ 3.60GHz,8,8
pilot-005-local-sub256-20260811T171204Z.csv,20260811T171204Z,NVIDIA GeForce GTX 1660 Ti,local,16,8,1,1,compiled-cpu,8.0,9,4.216288888888889,0.020366413457236554,4.210572,4.198973,4.265758,,4821.256197,4111.88671875,True,True,3.933906555175781e-06,3.540320903994143e-06,0.0,0,0.0048304122402304545,,Intel(R) Core(TM) i7-9700K CPU @ 3.60GHz,8,8
pilot-005-local-sub256-20260811T171204Z.csv,20260811T171204Z,NVIDIA GeForce GTX 1660 Ti,local,16,8,1,1,compiled-gpu-host-visible,,9,6.483399444444444,0.16430335424536463,6.415755,6.376376,6.794078,6.385600090026856,608.265603,6265.3857421875,True,True,3.933906555175781e-06,3.540320903994143e-06,0.0,0,0.025342161261736607,,Intel(R) Core(TM) i7-9700K CPU @ 3.60GHz,8,8
pilot-005-local-sub256-20260811T171204Z.csv,20260811T171204Z,NVIDIA GeForce GTX 1660 Ti,local,16,8,1,1,compiled-gpu-resident,,9,4.842758666666667,0.07698301666439182,4.822249,4.754136,5.028292,4.79695987701416,608.265603,4709.2275390625,True,True,3.933906555175781e-06,3.540320903994143e-06,0.0,0,0.015896521376189125,,Intel(R) Core(TM) i7-9700K CPU @ 3.60GHz,8,8
pilot-005-local-sub256-20260811T171204Z.csv,20260811T171204Z,NVIDIA GeForce GTX 1660 Ti,local,16,8,1,64,compiled-cpu,1.0,9,0.42775022222222225,0.022281467387594654,0.434343,0.396025,0.454944,,13309.723466,424.1630859375,True,True,3.933906555175781e-06,3.540320903994143e-06,0.0,0,0.052089902541346,,Intel(R) Core(TM) i7-9700K CPU @ 3.60GHz,8,8
pilot-005-local-sub256-20260811T171204Z.csv,20260811T171204Z,NVIDIA GeForce GTX 1660 Ti,local,16,8,1,64,compiled-cpu,8.0,9,0.41263722222222227,0.007100474680924119,0.41051,0.406081,0.42989,,13309.723466,400.888671875,True,True,3.933906555175781e-06,3.540320903994143e-06,0.0,0,0.01720754769209894,,Intel(R) Core(TM) i7-9700K CPU @ 3.60GHz,8,8
pilot-005-local-sub256-20260811T171204Z.csv,20260811T171204Z,NVIDIA GeForce GTX 1660 Ti,local,16,8,1,64,compiled-gpu-host-visible,,9,0.1797508888888889,0.002398612121855287,0.178677,0.176566,0.183351,0.1552640050649643,8605.713128,174.4892578125,True,True,3.933906555175781e-06,3.540320903994143e-06,0.0,0,0.013344090461427224,,Intel(R) Core(TM) i7-9700K CPU @ 3.60GHz,8,8
pilot-005-local-sub256-20260811T171204Z.csv,20260811T171204Z,NVIDIA GeForce GTX 1660 Ti,local,16,8,1,64,compiled-gpu-resident,,9,0.15990977777777776,0.003307500218358946,0.15885,0.156878,0.167862,0.1346880048513412,8605.713128,155.126953125,True,True,3.933906555175781e-06,3.540320903994143e-06,0.0,0,0.020683539582897103,,Intel(R) Core(TM) i7-9700K CPU @ 3.60GHz,8,8
pilot-005-local-sub256-20260811T171204Z.csv,20260811T171204Z,NVIDIA GeForce GTX 1660 Ti,local,32,8,1,1,compiled-cpu,1.0,9,4.377693444444445,0.02105305349653054,4.371676,4.352072,4.412303,,688.94244,2134.607421875,True,True,6.67572021484375e-06,3.344140623084968e-06,0.0,0,0.0048091657772994885,,Intel(R) Core(TM) i7-9700K CPU @ 3.60GHz,8,8
pilot-005-local-sub256-20260811T171204Z.csv,20260811T171204Z,NVIDIA GeForce GTX 1660 Ti,local,32,8,1,1,compiled-cpu,8.0,9,4.41814,0.20823417212239714,4.411166,4.222204,4.870104,,688.94244,2153.8896484375,True,True,6.67572021484375e-06,3.344140623084968e-06,0.0,0,0.04713163732303574,,Intel(R) Core(TM) i7-9700K CPU @ 3.60GHz,8,8
pilot-005-local-sub256-20260811T171204Z.csv,20260811T171204Z,NVIDIA GeForce GTX 1660 Ti,local,32,8,1,1,compiled-gpu-host-visible,,9,6.515697777777778,0.26699951288100593,6.476992,6.207152,7.006366,6.445216178894043,459.480829,3162.59375,True,True,6.67572021484375e-06,3.344140623084968e-06,0.0,0,0.04097788479257365,,Intel(R) Core(TM) i7-9700K CPU @ 3.60GHz,8,8
pilot-005-local-sub256-20260811T171204Z.csv,20260811T171204Z,NVIDIA GeForce GTX 1660 Ti,local,32,8,1,1,compiled-gpu-resident,,9,4.812189222222222,0.05421744132144603,4.819534,4.719851,4.870143,4.793568134307861,459.480829,2353.2880859375,True,True,6.67572021484375e-06,3.344140623084968e-06,0.0,0,0.011266689404289248,,Intel(R) Core(TM) i7-9700K CPU @ 3.60GHz,8,8
pilot-005-local-sub256-20260811T171204Z.csv,20260811T171204Z,NVIDIA GeForce GTX 1660 Ti,local,32,8,1,64,compiled-cpu,1.0,9,0.4062052222222222,0.012652419143959943,0.403848,0.39641,0.43776,,12946.385252,197.19140625,True,True,6.67572021484375e-06,3.344140623084968e-06,0.0,0,0.03114784953955663,,Intel(R) Core(TM) i7-9700K CPU @ 3.60GHz,8,8
pilot-005-local-sub256-20260811T171204Z.csv,20260811T171204Z,NVIDIA GeForce GTX 1660 Ti,local,32,8,1,64,compiled-cpu,8.0,9,0.4435221111111111,0.05154680678142063,0.411403,0.398126,0.525066,,12946.385252,200.88037109375,True,True,6.67572021484375e-06,3.344140623084968e-06,0.0,0,0.11622150393423594,,Intel(R) Core(TM) i7-9700K CPU @ 3.60GHz,8,8
pilot-005-local-sub256-20260811T171204Z.csv,20260811T171204Z,NVIDIA GeForce GTX 1660 Ti,local,32,8,1,64,compiled-gpu-host-visible,,9,0.18441333333333335,0.002512649597536424,0.184428,0.180239,0.187015,0.1588159948587417,9133.521692,90.052734375,True,True,6.67572021484375e-06,3.344140623084968e-06,0.0,0,0.013625097231959496,,Intel(R) Core(TM) i7-9700K CPU @ 3.60GHz,8,8
pilot-005-local-sub256-20260811T171204Z.csv,20260811T171204Z,NVIDIA GeForce GTX 1660 Ti,local,32,8,1,64,compiled-gpu-resident,,9,0.15964733333333334,0.013680174377543578,0.155444,0.149215,0.195407,0.1323840022087097,9133.521692,75.900390625,True,True,6.67572021484375e-06,3.344140623084968e-06,0.0,0,0.08568996482377977,,Intel(R) Core(TM) i7-9700K CPU @ 3.60GHz,8,8
pilot-005-local-sub256-20260811T171204Z.csv,20260811T171204Z,NVIDIA GeForce GTX 1660 Ti,local,64,8,1,1,compiled-cpu,1.0,9,4.365538666666667,0.11145791840084776,4.337779,4.256504,4.633205,,649.907722,1059.028076171875,True,True,6.437301635742188e-06,3.861380264424952e-06,0.0,0,0.02553130940103484,,Intel(R) Core(TM) i7-9700K CPU @ 3.60GHz,8,8
pilot-005-local-sub256-20260811T171204Z.csv,20260811T171204Z,NVIDIA GeForce GTX 1660 Ti,local,64,8,1,1,compiled-cpu,8.0,9,4.376308333333333,0.017585414581408245,4.382638,4.33633,4.393125,,649.907722,1069.97998046875,True,True,6.437301635742188e-06,3.861380264424952e-06,0.0,0,0.004018321663367316,,Intel(R) Core(TM) i7-9700K CPU @ 3.60GHz,8,8
pilot-005-local-sub256-20260811T171204Z.csv,20260811T171204Z,NVIDIA GeForce GTX 1660 Ti,local,64,8,1,1,compiled-gpu-host-visible,,9,6.572364555555556,0.031284411486038444,6.571925,6.515056,6.626607,6.536863803863525,515.016134,1604.473876953125,True,True,6.437301635742188e-06,3.861380264424952e-06,0.0,0,0.004759993335974347,,Intel(R) Core(TM) i7-9700K CPU @ 3.60GHz,8,8
pilot-005-local-sub256-20260811T171204Z.csv,20260811T171204Z,NVIDIA GeForce GTX 1660 Ti,local,64,8,1,1,compiled-gpu-resident,,9,4.710142111111111,0.040858814142252196,4.694276,4.67577,4.781109,4.667967796325684,515.016134,1146.0634765625,True,True,6.437301635742188e-06,3.861380264424952e-06,0.0,0,0.008674645727963759,,Intel(R) Core(TM) i7-9700K CPU @ 3.60GHz,8,8
pilot-005-local-sub256-20260811T171204Z.csv,20260811T171204Z,NVIDIA GeForce GTX 1660 Ti,local,64,8,1,64,compiled-cpu,1.0,9,0.4431071111111111,0.019705925266556536,0.441659,0.423935,0.48132,,12686.224817,107.826904296875,True,True,6.437301635742188e-06,3.861380264424952e-06,0.0,0,0.044472148544723276,,Intel(R) Core(TM) i7-9700K CPU @ 3.60GHz,8,8
pilot-005-local-sub256-20260811T171204Z.csv,20260811T171204Z,NVIDIA GeForce GTX 1660 Ti,local,64,8,1,64,compiled-cpu,8.0,9,0.4162052222222222,0.0036345546418295096,0.417833,0.408876,0.419831,,12686.224817,102.010009765625,True,True,6.437301635742188e-06,3.861380264424952e-06,0.0,0,0.008732602206247502,,Intel(R) Core(TM) i7-9700K CPU @ 3.60GHz,8,8
pilot-005-local-sub256-20260811T171204Z.csv,20260811T171204Z,NVIDIA GeForce GTX 1660 Ti,local,64,8,1,64,compiled-gpu-host-visible,,9,0.18175122222222223,0.01410740271787987,0.176211,0.175336,0.219042,0.1531199961900711,9067.480966,43.020263671875,True,True,6.437301635742188e-06,3.861380264424952e-06,0.0,0,0.0776193004118076,,Intel(R) Core(TM) i7-9700K CPU @ 3.60GHz,8,8
pilot-005-local-sub256-20260811T171204Z.csv,20260811T171204Z,NVIDIA GeForce GTX 1660 Ti,local,64,8,1,64,compiled-gpu-resident,,9,0.17021455555555554,0.03256367174901776,0.158514,0.154229,0.256013,0.1343040019273758,9067.480966,38.69970703125,True,True,6.437301635742188e-06,3.861380264424952e-06,0.0,0,0.1913095601180209,,Intel(R) Core(TM) i7-9700K CPU @ 3.60GHz,8,8
pilot-005-local-sub256-20260811T171204Z.csv,20260811T171204Z,NVIDIA GeForce GTX 1660 Ti,local,128,8,1,1,compiled-cpu,1.0,9,4.400206111111111,0.06689135682665653,4.383365,4.305813,4.497816,,666.552482,535.0787353515625,True,True,6.198883056640625e-06,5.0133430704590864e-06,0.0,0,0.0152018689892155,,Intel(R) Core(TM) i7-9700K CPU @ 3.60GHz,8,8
pilot-005-local-sub256-20260811T171204Z.csv,20260811T171204Z,NVIDIA GeForce GTX 1660 Ti,local,128,8,1,1,compiled-cpu,8.0,9,4.673667333333333,0.31052825049341337,4.615313,4.314673,5.427265,,666.552482,563.3927001953125,True,True,6.198883056640625e-06,5.0133430704590864e-06,0.0,0,0.06644209532815416,,Intel(R) Core(TM) i7-9700K CPU @ 3.60GHz,8,8
pilot-005-local-sub256-20260811T171204Z.csv,20260811T171204Z,NVIDIA GeForce GTX 1660 Ti,local,128,8,1,1,compiled-gpu-host-visible,,9,6.40234111111111,0.07859615831331128,6.414444,6.291813,6.555959,6.381440162658691,633.468365,783.01318359375,True,True,6.198883056640625e-06,5.0133430704590864e-06,0.0,0,0.012276159134493711,,Intel(R) Core(TM) i7-9700K CPU @ 3.60GHz,8,8
pilot-005-local-sub256-20260811T171204Z.csv,20260811T171204Z,NVIDIA GeForce GTX 1660 Ti,local,128,8,1,1,compiled-gpu-resident,,9,4.867210444444445,0.015676628680229,4.869059,4.837727,4.886396,4.842432022094727,633.468365,594.3675537109375,True,True,6.198883056640625e-06,5.0133430704590864e-06,0.0,0,0.0032208651873934678,,Intel(R) Core(TM) i7-9700K CPU @ 3.60GHz,8,8
pilot-005-local-sub256-20260811T171204Z.csv,20260811T171204Z,NVIDIA GeForce GTX 1660 Ti,local,128,8,1,64,compiled-cpu,1.0,9,0.4509795555555556,0.004867549463310855,0.451313,0.443929,0.457818,,13251.096113,55.0919189453125,True,True,6.198883056640625e-06,5.0133430704590864e-06,0.0,0,0.010793281875748418,,Intel(R) Core(TM) i7-9700K CPU @ 3.60GHz,8,8
pilot-005-local-sub256-20260811T171204Z.csv,20260811T171204Z,NVIDIA GeForce GTX 1660 Ti,local,128,8,1,64,compiled-cpu,8.0,9,0.44918966666666665,0.006708066058857814,0.446864,0.444088,0.464691,,13251.096113,54.548828125,True,True,6.198883056640625e-06,5.0133430704590864e-06,0.0,0,0.014933705195484197,,Intel(R) Core(TM) i7-9700K CPU @ 3.60GHz,8,8
pilot-005-local-sub256-20260811T171204Z.csv,20260811T171204Z,NVIDIA GeForce GTX 1660 Ti,local,128,8,1,64,compiled-gpu-host-visible,,9,0.18432033333333334,0.0028172209710990016,0.183359,0.181649,0.190058,0.1590400040149688,9791.315653,22.3826904296875,True,True,6.198883056640625e-06,5.0133430704590864e-06,0.0,0,0.015284374328925557,,Intel(R) Core(TM) i7-9700K CPU @ 3.60GHz,8,8
pilot-005-local-sub256-20260811T171204Z.csv,20260811T171204Z,NVIDIA GeForce GTX 1660 Ti,local,128,8,1,64,compiled-gpu-resident,,9,0.15307033333333334,0.002609583970674252,0.151853,0.150156,0.157673,0.1290879994630813,9791.315653,18.5367431640625,True,True,6.198883056640625e-06,5.0133430704590864e-06,0.0,0,0.017048267380404117,,Intel(R) Core(TM) i7-9700K CPU @ 3.60GHz,8,8
pilot-005-local-sub256-20260811T171204Z.csv,20260811T171204Z,NVIDIA GeForce GTX 1660 Ti,local,256,8,1,1,compiled-cpu,1.0,9,4.709126444444444,0.3668898807040446,4.58976,4.468126,5.641076,,673.693716,280.13671875,True,True,6.437301635742188e-06,4.720264314528322e-06,0.0,0,0.07791039060692034,,Intel(R) Core(TM) i7-9700K CPU @ 3.60GHz,8,8
pilot-005-local-sub256-20260811T171204Z.csv,20260811T171204Z,NVIDIA GeForce GTX 1660 Ti,local,256,8,1,1,compiled-cpu,8.0,9,5.046177222222223,0.5198024558759745,4.67454,4.64869,5.756487,,673.693716,285.311279296875,True,True,6.437301635742188e-06,4.720264314528322e-06,0.0,0,0.10300915583917308,,Intel(R) Core(TM) i7-9700K CPU @ 3.60GHz,8,8
pilot-005-local-sub256-20260811T171204Z.csv,20260811T171204Z,NVIDIA GeForce GTX 1660 Ti,local,256,8,1,1,compiled-gpu-host-visible,,9,6.407808666666667,0.015433355654231493,6.411752,6.37818,6.428731,6.385280132293701,565.043534,391.34228515625,True,True,6.437301635742188e-06,4.720264314528322e-06,0.0,0,0.0024085231718162245,,Intel(R) Core(TM) i7-9700K CPU @ 3.60GHz,8,8
pilot-005-local-sub256-20260811T171204Z.csv,20260811T171204Z,NVIDIA GeForce GTX 1660 Ti,local,256,8,1,1,compiled-gpu-resident,,9,4.746107444444444,0.0985710615293747,4.692778,4.65673,4.907029,4.660895824432373,565.043534,286.4244384765625,True,True,6.437301635742188e-06,4.720264314528322e-06,0.0,0,0.020768822173370106,,Intel(R) Core(TM) i7-9700K CPU @ 3.60GHz,8,8
pilot-005-local-sub256-20260811T171204Z.csv,20260811T171204Z,NVIDIA GeForce GTX 1660 Ti,local,256,8,1,64,compiled-cpu,1.0,9,0.5229355555555555,0.0047656816173321705,0.52415,0.515049,0.528042,,13677.712899,31.9915771484375,True,True,6.437301635742188e-06,4.720264314528322e-06,0.0,0,0.009113324895778435,,Intel(R) Core(TM) i7-9700K CPU @ 3.60GHz,8,8
pilot-005-local-sub256-20260811T171204Z.csv,20260811T171204Z,NVIDIA GeForce GTX 1660 Ti,local,256,8,1,64,compiled-cpu,8.0,9,0.5723853333333333,0.008691336476630052,0.570079,0.560065,0.586355,,13677.712899,34.79486083984375,True,True,6.437301635742188e-06,4.720264314528322e-06,0.0,0,0.015184415061817422,,Intel(R) Core(TM) i7-9700K CPU @ 3.60GHz,8,8
pilot-005-local-sub256-20260811T171204Z.csv,20260811T171204Z,NVIDIA GeForce GTX 1660 Ti,local,256,8,1,64,compiled-gpu-host-visible,,9,0.1831367777777778,0.016012024230072985,0.175365,0.172641,0.214529,0.1525440067052841,9859.352842,10.70343017578125,True,True,6.437301635742188e-06,4.720264314528322e-06,0.0,0,0.08743205173950548,,Intel(R) Core(TM) i7-9700K CPU @ 3.60GHz,8,8
pilot-005-local-sub256-20260811T171204Z.csv,20260811T171204Z,NVIDIA GeForce GTX 1660 Ti,local,256,8,1,64,compiled-gpu-resident,,9,0.15703933333333334,0.0022691237295484816,0.157227,0.154304,0.161261,0.1329919993877411,9859.352842,9.59637451171875,True,True,6.437301635742188e-06,4.720264314528322e-06,0.0,0,0.01444939736678591,,Intel(R) Core(TM) i7-9700K CPU @ 3.60GHz,8,8
pilot-006-modal-l4-sub256-20260811T171244Z.csv,20260811T171244Z,NVIDIA L4,modal,8,8,1,1,compiled-cpu,1.0,9,7.332202111111111,0.15996048457388193,7.358229,6.9655,7.496817,,1721.450387,14371.541015625,True,True,6.67572021484375e-06,3.699329909068183e-06,0.0,0,0.021816158658730937,L4,unknown,21,21
pilot-006-modal-l4-sub256-20260811T171244Z.csv,20260811T171244Z,NVIDIA L4,modal,8,8,1,1,compiled-cpu,8.0,9,7.325039111111112,0.16033954457996677,7.335545,6.983765,7.5346,,1721.450387,14327.236328125,True,True,6.67572021484375e-06,3.699329909068183e-06,0.0,0,0.021889240746408162,L4,unknown,21,21
pilot-006-modal-l4-sub256-20260811T171244Z.csv,20260811T171244Z,NVIDIA L4,modal,8,8,1,1,compiled-gpu-host-visible,,9,11.988711888888888,0.21266670944546315,11.96942,11.622163,12.246799,11.910911560058594,1413.50702,23377.7734375,True,True,6.67572021484375e-06,3.699329909068183e-06,0.0,0,0.01773891235492632,L4,unknown,21,21
pilot-006-modal-l4-sub256-20260811T171244Z.csv,20260811T171244Z,NVIDIA L4,modal,8,8,1,1,compiled-gpu-resident,,9,7.821763333333333,0.06985727545324133,7.801773,7.729512,7.939328,7.753727912902832,1413.50702,15237.837890625,True,True,6.67572021484375e-06,3.699329909068183e-06,0.0,0,0.008931141543945292,L4,unknown,21,21
pilot-006-modal-l4-sub256-20260811T171244Z.csv,20260811T171244Z,NVIDIA L4,modal,8,8,1,64,compiled-cpu,1.0,9,0.9562261111111111,0.04537503944748825,0.962195,0.871404,1.012148,,28770.678548,1879.287109375,True,True,6.67572021484375e-06,3.699329909068183e-06,0.0,0,0.04745220708809507,L4,unknown,21,21
pilot-006-modal-l4-sub256-20260811T171244Z.csv,20260811T171244Z,NVIDIA L4,modal,8,8,1,64,compiled-cpu,8.0,9,0.9475466666666666,0.0500008486852973,0.964006,0.856369,0.998822,,28770.678548,1882.82421875,True,True,6.67572021484375e-06,3.699329909068183e-06,0.0,0,0.05276874527055551,L4,unknown,21,21
pilot-006-modal-l4-sub256-20260811T171244Z.csv,20260811T171244Z,NVIDIA L4,modal,8,8,1,64,compiled-gpu-host-visible,,9,0.38379688888888885,0.043688040429974775,0.369165,0.345998,0.474903,0.3296320140361786,21864.876855,721.025390625,True,True,6.67572021484375e-06,3.699329909068183e-06,0.0,0,0.11383114791903039,L4,unknown,21,21
pilot-006-modal-l4-sub256-20260811T171244Z.csv,20260811T171244Z,NVIDIA L4,modal,8,8,1,64,compiled-gpu-resident,,9,0.3695007777777778,0.03153642151853069,0.36789,0.305567,0.405335,0.313728004693985,21864.876855,718.53515625,True,True,6.67572021484375e-06,3.699329909068183e-06,0.0,0,0.08534872837939485,L4,unknown,21,21
pilot-006-modal-l4-sub256-20260811T171244Z.csv,20260811T171244Z,NVIDIA L4,modal,16,8,1,1,compiled-cpu,1.0,9,8.474103666666666,0.14690004362746095,8.486376,8.28277,8.751028,,27104.390687,8287.4765625,True,True,3.933906555175781e-06,3.540320903994143e-06,0.0,0,0.017335171884349257,L4,unknown,21,21
pilot-006-modal-l4-sub256-20260811T171244Z.csv,20260811T171244Z,NVIDIA L4,modal,16,8,1,1,compiled-cpu,8.0,9,8.085377333333334,0.08794260131329923,8.092866,7.884437,8.17419,,27104.390687,7903.189453125001,True,True,3.933906555175781e-06,3.540320903994143e-06,0.0,0,0.010876746710477073,L4,unknown,21,21
pilot-006-modal-l4-sub256-20260811T171244Z.csv,20260811T171244Z,NVIDIA L4,modal,16,8,1,1,compiled-gpu-host-visible,,9,11.973427555555554,0.11302576643194191,11.987271,11.818024,12.136047,11.927328109741213,2181.498048,11706.3193359375,True,True,3.933906555175781e-06,3.540320903994143e-06,0.0,0,0.009439716898733734,L4,unknown,21,21
pilot-006-modal-l4-sub256-20260811T171244Z.csv,20260811T171244Z,NVIDIA L4,modal,16,8,1,1,compiled-gpu-resident,,9,7.691596,0.09123000228954284,7.684051,7.559432,7.877511,7.631103992462158,2181.498048,7503.9560546875,True,True,3.933906555175781e-06,3.540320903994143e-06,0.0,0,0.011860997677145659,L4,unknown,21,21
pilot-006-modal-l4-sub256-20260811T171244Z.csv,20260811T171244Z,NVIDIA L4,modal,16,8,1,64,compiled-cpu,1.0,9,0.9680341111111113,0.06895253197752141,0.992166,0.846548,1.045798,,28886.696676,968.912109375,True,True,3.933906555175781e-06,3.540320903994143e-06,0.0,0,0.07122944448556422,L4,unknown,21,21
pilot-006-modal-l4-sub256-20260811T171244Z.csv,20260811T171244Z,NVIDIA L4,modal,16,8,1,64,compiled-cpu,8.0,9,0.9515007777777778,0.06348657251887556,0.966619,0.837797,1.02183,,28886.696676,943.9638671875,True,True,3.933906555175781e-06,3.540320903994143e-06,0.0,0,0.06672256502737489,L4,unknown,21,21
pilot-006-modal-l4-sub256-20260811T171244Z.csv,20260811T171244Z,NVIDIA L4,modal,16,8,1,64,compiled-gpu-host-visible,,9,0.43368388888888887,0.024272182938728657,0.430327,0.388315,0.46381,0.3808960020542145,21265.257878,420.2412109375,True,True,3.933906555175781e-06,3.540320903994143e-06,0.0,0,0.05596745362368595,L4,unknown,21,21
pilot-006-modal-l4-sub256-20260811T171244Z.csv,20260811T171244Z,NVIDIA L4,modal,16,8,1,64,compiled-gpu-resident,,9,0.37590966666666664,0.03082992074673562,0.38135,0.323958,0.42497,0.3297599852085113,21265.257878,372.412109375,True,True,3.933906555175781e-06,3.540320903994143e-06,0.0,0,0.08201417383095307,L4,unknown,21,21
pilot-006-modal-l4-sub256-20260811T171244Z.csv,20260811T171244Z,NVIDIA L4,modal,32,8,1,1,compiled-cpu,1.0,9,8.750196666666666,0.26377503900435695,8.744337,8.350635,9.338001,,1713.660115,4269.69580078125,True,True,6.67572021484375e-06,3.344140623084968e-06,0.0,0,0.030145041197667213,L4,unknown,21,21
pilot-006-modal-l4-sub256-20260811T171244Z.csv,20260811T171244Z,NVIDIA L4,modal,32,8,1,1,compiled-cpu,8.0,9,8.421717222222222,0.15724143129418638,8.497489,8.116289,8.619317,,1713.660115,4149.16455078125,True,True,6.67572021484375e-06,3.344140623084968e-06,0.0,0,0.018670946452497415,L4,unknown,21,21
pilot-006-modal-l4-sub256-20260811T171244Z.csv,20260811T171244Z,NVIDIA L4,modal,32,8,1,1,compiled-gpu-host-visible,,9,11.788987444444444,0.12760317324630982,11.817933,11.592829,11.947743,11.769184112548828,1682.455038,5770.47509765625,True,True,6.67572021484375e-06,3.344140623084968e-06,0.0,0,0.010823929862309147,L4,unknown,21,21
pilot-006-modal-l4-sub256-20260811T171244Z.csv,20260811T171244Z,NVIDIA L4,modal,32,8,1,1,compiled-gpu-resident,,9,7.8842159999999994,0.19908987270451461,7.844506,7.682264,8.358481,7.789951801300049,1682.455038,3830.3251953125,True,True,6.67572021484375e-06,3.344140623084968e-06,0.0,0,0.025251701970686068,L4,unknown,21,21
pilot-006-modal-l4-sub256-20260811T171244Z.csv,20260811T171244Z,NVIDIA L4,modal,32,8,1,64,compiled-cpu,1.0,9,1.014067888888889,0.05877738110328757,1.023065,0.903941,1.09039,,28694.528502,499.54345703124994,True,True,6.67572021484375e-06,3.344140623084968e-06,0.0,0,0.05796197843094091,L4,unknown,21,21
pilot-006-modal-l4-sub256-20260811T171244Z.csv,20260811T171244Z,NVIDIA L4,modal,32,8,1,64,compiled-cpu,8.0,9,0.9881203333333333,0.045583107128628286,0.994918,0.895749,1.048179,,28694.528502,485.7998046875,True,True,6.67572021484375e-06,3.344140623084968e-06,0.0,0,0.04613112957088724,L4,unknown,21,21
pilot-006-modal-l4-sub256-20260811T171244Z.csv,20260811T171244Z,NVIDIA L4,modal,32,8,1,64,compiled-gpu-host-visible,,9,0.4325003333333333,0.024486151458528563,0.434798,0.388622,0.462289,0.3852800130844116,22663.05629,212.3037109375,True,True,6.67572021484375e-06,3.344140623084968e-06,0.0,0,0.05661533546069382,L4,unknown,21,21
pilot-006-modal-l4-sub256-20260811T171244Z.csv,20260811T171244Z,NVIDIA L4,modal,32,8,1,64,compiled-gpu-resident,,9,0.3438252222222222,0.028766452274210735,0.350326,0.278525,0.380143,0.3000639975070953,22663.05629,171.0576171875,True,True,6.67572021484375e-06,3.344140623084968e-06,0.0,0,0.08366591632890245,L4,unknown,21,21
pilot-006-modal-l4-sub256-20260811T171244Z.csv,20260811T171244Z,NVIDIA L4,modal,64,8,1,1,compiled-cpu,1.0,9,8.542934888888889,0.12194900022800977,8.578431,8.304194,8.721918,,1737.696106,2094.343505859375,True,True,6.437301635742188e-06,3.861380264424952e-06,0.0,0,0.014274836670781497,L4,unknown,21,21
pilot-006-modal-l4-sub256-20260811T171244Z.csv,20260811T171244Z,NVIDIA L4,modal,64,8,1,1,compiled-cpu,8.0,9,8.831495888888888,0.21263862034414424,8.880976,8.294756,9.045146,,1737.696106,2168.20703125,True,True,6.437301635742188e-06,3.861380264424952e-06,0.0,0,0.0240773050250377,L4,unknown,21,21
pilot-006-modal-l4-sub256-20260811T171244Z.csv,20260811T171244Z,NVIDIA L4,modal,64,8,1,1,compiled-gpu-host-visible,,9,11.97472,0.19810133953232112,11.929828,11.609896,12.329347,11.86457633972168,1619.942192,2912.5556640625,True,True,6.437301635742188e-06,3.861380264424952e-06,0.0,0,0.016543296171628325,L4,unknown,21,21
pilot-006-modal-l4-sub256-20260811T171244Z.csv,20260811T171244Z,NVIDIA L4,modal,64,8,1,1,compiled-gpu-resident,,9,7.6811797777777775,0.1585705473423247,7.622371,7.472538,8.002142,7.565567970275879,1619.942192,1860.930419921875,True,True,6.437301635742188e-06,3.861380264424952e-06,0.0,0,0.0206440354125132,L4,unknown,21,21
pilot-006-modal-l4-sub256-20260811T171244Z.csv,20260811T171244Z,NVIDIA L4,modal,64,8,1,64,compiled-cpu,1.0,9,1.0507904444444445,0.05080975227038382,1.056128,0.944231,1.100695,,29241.359431,257.84375,True,True,6.437301635742188e-06,3.861380264424952e-06,0.0,0,0.0483538392826241,L4,unknown,21,21
pilot-006-modal-l4-sub256-20260811T171244Z.csv,20260811T171244Z,NVIDIA L4,modal,64,8,1,64,compiled-cpu,8.0,9,1.0141876666666667,0.042606626474059196,1.000757,0.95861,1.107603,,29241.359431,244.32543945312497,True,True,6.437301635742188e-06,3.861380264424952e-06,0.0,0,0.04201059416754151,L4,unknown,21,21
pilot-006-modal-l4-sub256-20260811T171244Z.csv,20260811T171244Z,NVIDIA L4,modal,64,8,1,64,compiled-gpu-host-visible,,9,0.40877344444444447,0.02235666768053276,0.415187,0.364208,0.442388,0.3668160140514374,22419.109409,101.364013671875,True,True,6.437301635742188e-06,3.861380264424952e-06,0.0,0,0.05469207450820893,L4,unknown,21,21
pilot-006-modal-l4-sub256-20260811T171244Z.csv,20260811T171244Z,NVIDIA L4,modal,64,8,1,64,compiled-gpu-resident,,9,0.425514,0.12616584545747708,0.376237,0.323933,0.701618,0.3270399868488312,22419.109409,91.854736328125,True,True,6.437301635742188e-06,3.861380264424952e-06,0.0,0,0.29650221956851497,L4,unknown,21,21
pilot-006-modal-l4-sub256-20260811T171244Z.csv,20260811T171244Z,NVIDIA L4,modal,128,8,1,1,compiled-cpu,1.0,9,8.615083555555556,0.15042076883787642,8.680504,8.266567,8.747148,,1697.978501,1059.6318359375,True,True,6.198883056640625e-06,5.0133430704590864e-06,0.0,0,0.017460163661544004,L4,unknown,21,21
pilot-006-modal-l4-sub256-20260811T171244Z.csv,20260811T171244Z,NVIDIA L4,modal,128,8,1,1,compiled-cpu,8.0,9,8.902217,0.21952624358547648,8.997628,8.482431,9.113226,,1697.978501,1098.34326171875,True,True,6.198883056640625e-06,5.0133430704590864e-06,0.0,0,0.024659727300005884,L4,unknown,21,21
pilot-006-modal-l4-sub256-20260811T171244Z.csv,20260811T171244Z,NVIDIA L4,modal,128,8,1,1,compiled-gpu-host-visible,,9,11.813163444444445,0.13130368553006305,11.814607,11.629312,11.981579,11.759231567382812,1852.379201,1442.2127685546875,True,True,6.198883056640625e-06,5.0133430704590864e-06,0.0,0,0.011115031646481893,L4,unknown,21,21
pilot-006-modal-l4-sub256-20260811T171244Z.csv,20260811T171244Z,NVIDIA L4,modal,128,8,1,1,compiled-gpu-resident,,9,7.839566777777778,0.09963374131384628,7.835984,7.724486,8.028162,7.777376174926758,1852.379201,956.541015625,True,True,6.198883056640625e-06,5.0133430704590864e-06,0.0,0,0.012709087649622483,L4,unknown,21,21
pilot-006-modal-l4-sub256-20260811T171244Z.csv,20260811T171244Z,NVIDIA L4,modal,128,8,1,64,compiled-cpu,1.0,9,1.1228325555555554,0.04636793942777462,1.127202,1.025375,1.181215,,29056.908966,137.597900390625,True,True,6.198883056640625e-06,5.0133430704590864e-06,0.0,0,0.04129550679516295,L4,unknown,21,21
pilot-006-modal-l4-sub256-20260811T171244Z.csv,20260811T171244Z,NVIDIA L4,modal,128,8,1,64,compiled-cpu,8.0,9,1.102858111111111,0.04435192480164884,1.103639,1.02341,1.184045,,29056.908966,134.7215576171875,True,True,6.198883056640625e-06,5.0133430704590864e-06,0.0,0,0.04021544054925163,L4,unknown,21,21
pilot-006-modal-l4-sub256-20260811T171244Z.csv,20260811T171244Z,NVIDIA L4,modal,128,8,1,64,compiled-gpu-host-visible,,9,0.42071122222222224,0.02858295217335754,0.415579,0.379358,0.457916,0.3645760118961334,23211.558514,50.7298583984375,True,True,6.198883056640625e-06,5.0133430704590864e-06,0.0,0,0.06793960004770172,L4,unknown,21,21
pilot-006-modal-l4-sub256-20260811T171244Z.csv,20260811T171244Z,NVIDIA L4,modal,128,8,1,64,compiled-gpu-resident,,9,0.3514467777777778,0.031600868436554796,0.349002,0.308317,0.415229,0.3032959997653961,23211.558514,42.602783203125,True,True,6.198883056640625e-06,5.0133430704590864e-06,0.0,0,0.08991651207152693,L4,unknown,21,21
pilot-006-modal-l4-sub256-20260811T171244Z.csv,20260811T171244Z,NVIDIA L4,modal,256,8,1,1,compiled-cpu,1.0,9,8.857096,0.09682414402151937,8.87428,8.680032,9.006393,,1733.869456,541.64306640625,True,True,6.437301635742188e-06,4.720264314528322e-06,0.0,0,0.010931816028811178,L4,unknown,21,21
pilot-006-modal-l4-sub256-20260811T171244Z.csv,20260811T171244Z,NVIDIA L4,modal,256,8,1,1,compiled-cpu,8.0,9,12.140671666666666,0.24244936368136782,12.047469,11.785713,12.423343,,1733.869456,735.3191528320312,True,True,6.437301635742188e-06,4.720264314528322e-06,0.0,0,0.019970012396186853,L4,unknown,21,21
pilot-006-modal-l4-sub256-20260811T171244Z.csv,20260811T171244Z,NVIDIA L4,modal,256,8,1,1,compiled-gpu-host-visible,,9,12.30573788888889,0.20820500491789576,12.222811,12.13509,12.690183,12.158432006835938,1870.70915,746.0211791992188,True,True,6.437301635742188e-06,4.720264314528322e-06,0.0,0,0.01691934338256046,L4,unknown,21,21
pilot-006-modal-l4-sub256-20260811T171244Z.csv,20260811T171244Z,NVIDIA L4,modal,256,8,1,1,compiled-gpu-resident,,9,7.832765333333334,0.1517102914233243,7.841887,7.625688,8.089947,7.769855976104736,1870.70915,478.63079833984375,True,True,6.437301635742188e-06,4.720264314528322e-06,0.0,0,0.01936867568056734,L4,unknown,21,21
pilot-006-modal-l4-sub256-20260811T171244Z.csv,20260811T171244Z,NVIDIA L4,modal,256,8,1,64,compiled-cpu,1.0,9,1.2997394444444446,0.030108741704491324,1.304556,1.231235,1.333282,,28864.778197,79.623779296875,True,True,6.437301635742188e-06,4.720264314528322e-06,0.0,0,0.02316521348427714,L4,unknown,21,21
pilot-006-modal-l4-sub256-20260811T171244Z.csv,20260811T171244Z,NVIDIA L4,modal,256,8,1,64,compiled-cpu,8.0,9,2.4582686666666667,0.08789759380665668,2.455093,2.344178,2.621077,,28864.778197,149.84698486328125,True,True,6.437301635742188e-06,4.720264314528322e-06,0.0,0,0.03575589397469846,L4,unknown,21,21
pilot-006-modal-l4-sub256-20260811T171244Z.csv,20260811T171244Z,NVIDIA L4,modal,256,8,1,64,compiled-gpu-host-visible,,9,0.41993477777777777,0.02221591822195167,0.423715,0.388632,0.453576,0.363647997379303,23696.372313,25.86151123046875,True,True,6.437301635742188e-06,4.720264314528322e-06,0.0,0,0.052903258785839236,L4,unknown,21,21
pilot-006-modal-l4-sub256-20260811T171244Z.csv,20260811T171244Z,NVIDIA L4,modal,256,8,1,64,compiled-gpu-resident,,9,0.37262711111111113,0.028416494714533506,0.366731,0.326621,0.425959,0.3153280019760132,23696.372313,22.38348388671875,True,True,6.437301635742188e-06,4.720264314528322e-06,0.0,0,0.07625986909487159,L4,unknown,21,21
pilot-007-modal-t4-sub256-20260811T173729Z.csv,20260811T173729Z,Tesla T4,modal,8,8,1,1,compiled-cpu,1.0,9,5.4374414444444445,0.3574750385621738,5.300078,5.023612,6.28061,,1371.229171,10351.71484375,True,True,6.67572021484375e-06,3.699329909068183e-06,0.0,0,0.06574324380585542,T4,unknown,24,24
pilot-007-modal-t4-sub256-20260811T173729Z.csv,20260811T173729Z,Tesla T4,modal,8,8,1,1,compiled-cpu,8.0,9,5.542832888888889,0.4527853271030999,5.357341,5.062069,6.499431,,1371.229171,10463.556640625,True,True,6.67572021484375e-06,3.699329909068183e-06,0.0,0,0.08168843192273559,T4,unknown,24,24
pilot-007-modal-t4-sub256-20260811T173729Z.csv,20260811T173729Z,Tesla T4,modal,8,8,1,1,compiled-gpu-host-visible,,9,8.445566777777778,0.19542021438158488,8.407663,8.195338,8.762851,8.363360404968262,1046.644484,16421.216796875,True,True,6.67572021484375e-06,3.699329909068183e-06,0.0,0,0.02313879216440278,T4,unknown,24,24
pilot-007-modal-t4-sub256-20260811T173729Z.csv,20260811T173729Z,Tesla T4,modal,8,8,1,1,compiled-gpu-resident,,9,5.965007222222223,0.12991476071522606,5.918934,5.827838,6.178227,5.876736164093018,1046.644484,11560.41796875,True,True,6.67572021484375e-06,3.699329909068183e-06,0.0,0,0.02177948087493299,T4,unknown,24,24
pilot-007-modal-t4-sub256-20260811T173729Z.csv,20260811T173729Z,Tesla T4,modal,8,8,1,64,compiled-cpu,1.0,9,0.7715884444444444,0.15607765669380028,0.725634,0.610353,1.042874,,18929.222211,1417.25390625,True,True,6.67572021484375e-06,3.699329909068183e-06,0.0,0,0.20228096703311646,T4,unknown,24,24
pilot-007-modal-t4-sub256-20260811T173729Z.csv,20260811T173729Z,Tesla T4,modal,8,8,1,64,compiled-cpu,8.0,9,0.6840092222222222,0.08466346284227007,0.646656,0.573124,0.805087,,18929.222211,1263.0,True,True,6.67572021484375e-06,3.699329909068183e-06,0.0,0,0.12377532362387425,T4,unknown,24,24
pilot-007-modal-t4-sub256-20260811T173729Z.csv,20260811T173729Z,Tesla T4,modal,8,8,1,64,compiled-gpu-host-visible,,9,0.32134444444444443,0.03948665078577542,0.295606,0.286357,0.380678,0.2626560032367706,13855.419386,577.35546875,True,True,6.67572021484375e-06,3.699329909068183e-06,0.0,0,0.1228795190594996,T4,unknown,24,24
pilot-007-modal-t4-sub256-20260811T173729Z.csv,20260811T173729Z,Tesla T4,modal,8,8,1,64,compiled-gpu-resident,,9,0.32388177777777777,0.0996884291590275,0.289272,0.224783,0.562287,0.2490240037441253,13855.419386,564.984375,True,True,6.67572021484375e-06,3.699329909068183e-06,0.0,0,0.30779264533809575,T4,unknown,24,24
pilot-007-modal-t4-sub256-20260811T173729Z.csv,20260811T173729Z,Tesla T4,modal,16,8,1,1,compiled-cpu,1.0,9,5.633060777777778,0.3104836525695748,5.47387,5.35395,6.161056,,23579.104494,5345.576171875,True,True,3.933906555175781e-06,3.540320903994143e-06,0.0,0,0.05511810804428414,T4,unknown,24,24
pilot-007-modal-t4-sub256-20260811T173729Z.csv,20260811T173729Z,Tesla T4,modal,16,8,1,1,compiled-cpu,8.0,9,6.665461888888888,0.2537982327683965,6.606423,6.410235,7.104826,,23579.104494,6451.5849609375,True,True,3.933906555175781e-06,3.540320903994143e-06,0.0,0,0.038076615994379934,T4,unknown,24,24
pilot-007-modal-t4-sub256-20260811T173729Z.csv,20260811T173729Z,Tesla T4,modal,16,8,1,1,compiled-gpu-host-visible,,9,8.447068555555555,0.14288611518278377,8.452889,8.151882,8.619315,8.41158390045166,1492.909506,8254.7744140625,True,True,3.933906555175781e-06,3.540320903994143e-06,0.0,0,0.016915467684799238,T4,unknown,24,24
pilot-007-modal-t4-sub256-20260811T173729Z.csv,20260811T173729Z,Tesla T4,modal,16,8,1,1,compiled-gpu-resident,,9,5.954959333333333,0.12501123459513555,5.942498,5.772342,6.233571,5.901599884033203,1492.909506,5803.220703125,True,True,3.933906555175781e-06,3.540320903994143e-06,0.0,0,0.020992794005389045,T4,unknown,24,24
pilot-007-modal-t4-sub256-20260811T173729Z.csv,20260811T173729Z,Tesla T4,modal,16,8,1,64,compiled-cpu,1.0,9,0.8040574444444445,0.11197431367629712,0.816425,0.599355,1.028256,,20538.317489,797.2900390625,True,True,3.933906555175781e-06,3.540320903994143e-06,0.0,0,0.1392615844178455,T4,unknown,24,24
pilot-007-modal-t4-sub256-20260811T173729Z.csv,20260811T173729Z,Tesla T4,modal,16,8,1,64,compiled-cpu,8.0,9,0.887726,0.13409256534107325,0.868891,0.767347,1.175116,,20538.317489,848.5263671875,True,True,3.933906555175781e-06,3.540320903994143e-06,0.0,0,0.15105174945993838,T4,unknown,24,24
pilot-007-modal-t4-sub256-20260811T173729Z.csv,20260811T173729Z,Tesla T4,modal,16,8,1,64,compiled-gpu-host-visible,,9,0.38515466666666665,0.11556052880849935,0.345058,0.297054,0.663313,0.2960320115089416,13997.222726,336.970703125,True,True,3.933906555175781e-06,3.540320903994143e-06,0.0,0,0.3000366834669865,T4,unknown,24,24
pilot-007-modal-t4-sub256-20260811T173729Z.csv,20260811T173729Z,Tesla T4,modal,16,8,1,64,compiled-gpu-resident,,9,0.30306388888888885,0.10378309648546392,0.277838,0.231953,0.56296,0.2369599938392639,13997.222726,271.326171875,True,True,3.933906555175781e-06,3.540320903994143e-06,0.0,0,0.34244626394111083,T4,unknown,24,24
pilot-007-modal-t4-sub256-20260811T173729Z.csv,20260811T173729Z,Tesla T4,modal,32,8,1,1,compiled-cpu,1.0,9,5.730637888888889,0.355049890950358,5.822219,5.346441,6.313102,,1406.371499,2842.88037109375,True,True,6.67572021484375e-06,3.344140623084968e-06,0.0,0,0.06195643449026204,T4,unknown,24,24
pilot-007-modal-t4-sub256-20260811T173729Z.csv,20260811T173729Z,Tesla T4,modal,32,8,1,1,compiled-cpu,8.0,9,5.884119222222222,0.7414539531160682,5.581858,5.192233,7.204429,,1406.371499,2725.5166015625,True,True,6.67572021484375e-06,3.344140623084968e-06,0.0,0,0.1260093354865858,T4,unknown,24,24
pilot-007-modal-t4-sub256-20260811T173729Z.csv,20260811T173729Z,Tesla T4,modal,32,8,1,1,compiled-gpu-host-visible,,9,8.602070222222222,0.46419496942361904,8.449202,8.224094,9.668588,8.398303985595703,1391.866144,4125.5869140625,True,True,6.67572021484375e-06,3.344140623084968e-06,0.0,0,0.053963169031617235,T4,unknown,24,24
pilot-007-modal-t4-sub256-20260811T173729Z.csv,20260811T173729Z,Tesla T4,modal,32,8,1,1,compiled-gpu-resident,,9,5.990832888888889,0.22481749286279093,5.966071,5.771677,6.492662,5.923327922821045,1391.866144,2913.12060546875,True,True,6.67572021484375e-06,3.344140623084968e-06,0.0,0,0.03752691771452291,T4,unknown,24,24
pilot-007-modal-t4-sub256-20260811T173729Z.csv,20260811T173729Z,Tesla T4,modal,32,8,1,64,compiled-cpu,1.0,9,0.7952996666666666,0.19829713787331868,0.709057,0.603368,1.12065,,19084.958981,346.21923828125,True,True,6.67572021484375e-06,3.344140623084968e-06,0.0,0,0.24933637744932038,T4,unknown,24,24
pilot-007-modal-t4-sub256-20260811T173729Z.csv,20260811T173729Z,Tesla T4,modal,32,8,1,64,compiled-cpu,8.0,9,0.8506444444444444,0.06687571457769835,0.878844,0.715104,0.92083,,19084.958981,429.123046875,True,True,6.67572021484375e-06,3.344140623084968e-06,0.0,0,0.07861770568709804,T4,unknown,24,24
pilot-007-modal-t4-sub256-20260811T173729Z.csv,20260811T173729Z,Tesla T4,modal,32,8,1,64,compiled-gpu-host-visible,,9,0.33903044444444447,0.09251057539021028,0.313514,0.268358,0.55915,0.2748799920082092,14729.344404,153.0830078125,True,True,6.67572021484375e-06,3.344140623084968e-06,0.0,0,0.27286804741622434,T4,unknown,24,24
pilot-007-modal-t4-sub256-20260811T173729Z.csv,20260811T173729Z,Tesla T4,modal,32,8,1,64,compiled-gpu-resident,,9,0.2270301111111111,0.010432609374509861,0.224767,0.208625,0.244931,0.1956800073385238,14729.344404,109.74951171875,True,True,6.67572021484375e-06,3.344140623084968e-06,0.0,0,0.04595253609070395,T4,unknown,24,24
pilot-007-modal-t4-sub256-20260811T173729Z.csv,20260811T173729Z,Tesla T4,modal,64,8,1,1,compiled-cpu,1.0,9,7.311211222222222,0.6594601536845834,7.040356,6.662043,8.853413,,1442.632387,1718.8369140625,True,True,6.437301635742188e-06,3.861380264424952e-06,0.0,0,0.09019848198068368,T4,unknown,24,24
pilot-007-modal-t4-sub256-20260811T173729Z.csv,20260811T173729Z,Tesla T4,modal,64,8,1,1,compiled-cpu,8.0,9,5.900522,0.2646534858985424,5.909848,5.55728,6.376928,,1442.632387,1442.833984375,True,True,6.437301635742188e-06,3.861380264424952e-06,0.0,0,0.04485255472287747,T4,unknown,24,24
pilot-007-modal-t4-sub256-20260811T173729Z.csv,20260811T173729Z,Tesla T4,modal,64,8,1,1,compiled-gpu-host-visible,,9,8.489850555555556,0.1922448179698942,8.402459,8.309953,8.854743,8.358624458312988,1313.440217,2051.381591796875,True,True,6.437301635742188e-06,3.861380264424952e-06,0.0,0,0.022644075618515308,T4,unknown,24,24
pilot-007-modal-t4-sub256-20260811T173729Z.csv,20260811T173729Z,Tesla T4,modal,64,8,1,1,compiled-gpu-resident,,9,5.969866555555556,0.28087589249618394,5.840889,5.739366,6.600778,5.792031764984131,1313.440217,1425.998291015625,True,True,6.437301635742188e-06,3.861380264424952e-06,0.0,0,0.04704893985189684,T4,unknown,24,24
pilot-007-modal-t4-sub256-20260811T173729Z.csv,20260811T173729Z,Tesla T4,modal,64,8,1,64,compiled-cpu,1.0,9,0.8027002222222221,0.12355692069121196,0.777098,0.695656,1.118042,,22664.734581,189.72119140625,True,True,6.437301635742188e-06,3.861380264424952e-06,0.0,0,0.15392660581200893,T4,unknown,24,24
pilot-007-modal-t4-sub256-20260811T173729Z.csv,20260811T173729Z,Tesla T4,modal,64,8,1,64,compiled-cpu,8.0,9,1.0388227777777779,0.102077950336713,1.033712,0.911348,1.218477,,22664.734581,252.37109375,True,True,6.437301635742188e-06,3.861380264424952e-06,0.0,0,0.09826310369808741,T4,unknown,24,24
pilot-007-modal-t4-sub256-20260811T173729Z.csv,20260811T173729Z,Tesla T4,modal,64,8,1,64,compiled-gpu-host-visible,,9,0.35243722222222224,0.05872599757300377,0.336411,0.257121,0.460584,0.2943679988384247,16425.996888,82.131591796875,True,True,6.437301635742188e-06,3.861380264424952e-06,0.0,0,0.16662824999788264,T4,unknown,24,24
pilot-007-modal-t4-sub256-20260811T173729Z.csv,20260811T173729Z,Tesla T4,modal,64,8,1,64,compiled-gpu-resident,,9,0.3759585555555556,0.12555362885348145,0.344416,0.248893,0.606775,0.3021120131015777,16425.996888,84.0859375,True,True,6.437301635742188e-06,3.861380264424952e-06,0.0,0,0.3339560358400418,T4,unknown,24,24
pilot-007-modal-t4-sub256-20260811T173729Z.csv,20260811T173729Z,Tesla T4,modal,128,8,1,1,compiled-cpu,1.0,9,7.155294777777779,0.2538236450863954,7.069794,6.769319,7.525019,,1547.311593,863.011962890625,True,True,6.198883056640625e-06,5.0133430704590864e-06,0.0,0,0.03547354133818446,T4,unknown,24,24
pilot-007-modal-t4-sub256-20260811T173729Z.csv,20260811T173729Z,Tesla T4,modal,128,8,1,1,compiled-cpu,8.0,9,5.867062888888889,0.47984102366524595,5.67332,5.227869,6.69825,,1547.311593,692.5439453125,True,True,6.198883056640625e-06,5.0133430704590864e-06,0.0,0,0.08178555995606837,T4,unknown,24,24
pilot-007-modal-t4-sub256-20260811T173729Z.csv,20260811T173729Z,Tesla T4,modal,128,8,1,1,compiled-gpu-host-visible,,9,8.559095777777777,0.17063013804701815,8.517304,8.26076,8.809085,8.47372817993164,1515.40296,1039.7099609375,True,True,6.198883056640625e-06,5.0133430704590864e-06,0.0,0,0.019935533200835305,T4,unknown,24,24
pilot-007-modal-t4-sub256-20260811T173729Z.csv,20260811T173729Z,Tesla T4,modal,128,8,1,1,compiled-gpu-resident,,9,6.021407,0.21919535697523349,5.927748,5.765605,6.476613,5.881184101104736,1515.40296,723.60205078125,True,True,6.198883056640625e-06,5.0133430704590864e-06,0.0,0,0.03640268079789881,T4,unknown,24,24
pilot-007-modal-t4-sub256-20260811T173729Z.csv,20260811T173729Z,Tesla T4,modal,128,8,1,64,compiled-cpu,1.0,9,0.8239198888888889,0.15959643719820665,0.765206,0.716541,1.153599,,21944.11937,93.408935546875,True,True,6.198883056640625e-06,5.0133430704590864e-06,0.0,0,0.19370382891646556,T4,unknown,24,24
pilot-007-modal-t4-sub256-20260811T173729Z.csv,20260811T173729Z,Tesla T4,modal,128,8,1,64,compiled-cpu,8.0,9,0.9708855555555557,0.0529992870567876,0.971825,0.890304,1.06256,,21944.11937,118.6309814453125,True,True,6.198883056640625e-06,5.0133430704590864e-06,0.0,0,0.054588603933303545,T4,unknown,24,24
pilot-007-modal-t4-sub256-20260811T173729Z.csv,20260811T173729Z,Tesla T4,modal,128,8,1,64,compiled-gpu-host-visible,,9,0.34072766666666665,0.09963354057745816,0.314841,0.258745,0.595974,0.2755520045757293,17863.899916,38.4327392578125,True,True,6.198883056640625e-06,5.0133430704590864e-06,0.0,0,0.29241400192761424,T4,unknown,24,24
pilot-007-modal-t4-sub256-20260811T173729Z.csv,20260811T173729Z,Tesla T4,modal,128,8,1,64,compiled-gpu-resident,,9,0.2806492222222222,0.023772916390179068,0.268127,0.258936,0.325486,0.2326720058917999,17863.899916,32.7303466796875,True,True,6.198883056640625e-06,5.0133430704590864e-06,0.0,0,0.08470686717725988,T4,unknown,24,24
pilot-007-modal-t4-sub256-20260811T173729Z.csv,20260811T173729Z,Tesla T4,modal,256,8,1,1,compiled-cpu,1.0,9,5.877663555555555,0.4839223835046046,5.777572,5.325052,6.772824,,1331.268658,352.635009765625,True,True,6.437301635742188e-06,4.720264314528322e-06,0.0,0,0.0823324402512291,T4,unknown,24,24
pilot-007-modal-t4-sub256-20260811T173729Z.csv,20260811T173729Z,Tesla T4,modal,256,8,1,1,compiled-cpu,8.0,9,7.932916,1.012280326403462,7.515325,6.940497,9.66635,,1331.268658,458.6990356445313,True,True,6.437301635742188e-06,4.720264314528322e-06,0.0,0,0.1276050731412588,T4,unknown,24,24
pilot-007-modal-t4-sub256-20260811T173729Z.csv,20260811T173729Z,Tesla T4,modal,256,8,1,1,compiled-gpu-host-visible,,9,8.567722333333332,0.29253096227664543,8.527623,8.270329,9.244443,8.481504440307617,1356.479161,520.4848022460938,True,True,6.437301635742188e-06,4.720264314528322e-06,0.0,0,0.0341433756715636,T4,unknown,24,24
pilot-007-modal-t4-sub256-20260811T173729Z.csv,20260811T173729Z,Tesla T4,modal,256,8,1,1,compiled-gpu-resident,,9,5.959995222222222,0.11827103124685463,5.958962,5.780099,6.18951,5.916927814483643,1356.479161,363.7061767578125,True,True,6.437301635742188e-06,4.720264314528322e-06,0.0,0,0.019844148667413953,T4,unknown,24,24
pilot-007-modal-t4-sub256-20260811T173729Z.csv,20260811T173729Z,Tesla T4,modal,256,8,1,64,compiled-cpu,1.0,9,0.8420337777777778,0.06532022995553861,0.819691,0.787588,0.981514,,21727.443413,50.02996826171875,True,True,6.437301635742188e-06,4.720264314528322e-06,0.0,0,0.0775743582732822,T4,unknown,24,24
pilot-007-modal-t4-sub256-20260811T173729Z.csv,20260811T173729Z,Tesla T4,modal,256,8,1,64,compiled-cpu,8.0,9,1.9166891111111108,0.20512782686744652,1.846843,1.662116,2.236938,,21727.443413,112.72235107421876,True,True,6.437301635742188e-06,4.720264314528322e-06,0.0,0,0.10702196077512709,T4,unknown,24,24
pilot-007-modal-t4-sub256-20260811T173729Z.csv,20260811T173729Z,Tesla T4,modal,256,8,1,64,compiled-gpu-host-visible,,9,0.36224455555555557,0.10521549958669482,0.330646,0.266979,0.623364,0.2897279858589172,16518.109565,20.1810302734375,True,True,6.437301635742188e-06,4.720264314528322e-06,0.0,0,0.29045432974232366,T4,unknown,24,24
pilot-007-modal-t4-sub256-20260811T173729Z.csv,20260811T173729Z,Tesla T4,modal,256,8,1,64,compiled-gpu-resident,,9,0.3154166666666667,0.10208899176943613,0.270594,0.236558,0.54794,0.2368640005588531,16518.109565,16.5157470703125,True,True,6.437301635742188e-06,4.720264314528322e-06,0.0,0,0.3236639104975518,T4,unknown,24,24
pilot-008-modal-a10-sub256-20260811T173724Z.csv,20260811T173724Z,NVIDIA A10,modal,8,8,1,1,compiled-cpu,1.0,9,4.105746444444445,0.1429143830490053,4.073898,3.924589,4.393905,,1211.818787,7956.83203125,True,True,6.67572021484375e-06,3.699329909068183e-06,0.0,0,0.034808380152745476,A10,unknown,24,24
pilot-008-modal-a10-sub256-20260811T173724Z.csv,20260811T173724Z,NVIDIA A10,modal,8,8,1,1,compiled-cpu,8.0,9,4.079678111111111,0.09999599874050473,4.074233,3.899388,4.258601,,1211.818787,7957.486328125001,True,True,6.67572021484375e-06,3.699329909068183e-06,0.0,0,0.024510756980596824,A10,unknown,24,24
pilot-008-modal-a10-sub256-20260811T173724Z.csv,20260811T173724Z,NVIDIA A10,modal,8,8,1,1,compiled-gpu-host-visible,,9,6.243691222222222,0.12100082383787471,6.193873,6.100929,6.48757,6.157663822174072,874.022557,12097.408203125,True,True,6.67572021484375e-06,3.699329909068183e-06,0.0,0,0.019379693763076376,A10,unknown,24,24
pilot-008-modal-a10-sub256-20260811T173724Z.csv,20260811T173724Z,NVIDIA A10,modal,8,8,1,1,compiled-gpu-resident,,9,4.585009333333334,0.08537451123578996,4.596974,4.471787,4.705528,4.562272071838379,874.022557,8978.46484375,True,True,6.67572021484375e-06,3.699329909068183e-06,0.0,0,0.01862035713103382,A10,unknown,24,24
pilot-008-modal-a10-sub256-20260811T173724Z.csv,20260811T173724Z,NVIDIA A10,modal,8,8,1,64,compiled-cpu,1.0,9,0.5787720000000001,0.09332327450320206,0.566975,0.457148,0.794077,,14944.22363,1107.373046875,True,True,6.67572021484375e-06,3.699329909068183e-06,0.0,0,0.16124358901813157,A10,unknown,24,24
pilot-008-modal-a10-sub256-20260811T173724Z.csv,20260811T173724Z,NVIDIA A10,modal,8,8,1,64,compiled-cpu,8.0,9,0.6034523333333334,0.09099948039412094,0.592822,0.463704,0.789431,,14944.22363,1157.85546875,True,True,6.67572021484375e-06,3.699329909068183e-06,0.0,0,0.15079812500095993,A10,unknown,24,24
pilot-008-modal-a10-sub256-20260811T173724Z.csv,20260811T173724Z,NVIDIA A10,modal,8,8,1,64,compiled-gpu-host-visible,,9,0.3194275555555556,0.06118959148235735,0.322071,0.209671,0.447874,0.2831679880619049,11132.026469,629.044921875,True,True,6.67572021484375e-06,3.699329909068183e-06,0.0,0,0.1915601532120015,A10,unknown,24,24
pilot-008-modal-a10-sub256-20260811T173724Z.csv,20260811T173724Z,NVIDIA A10,modal,8,8,1,64,compiled-gpu-resident,,9,0.27010233333333333,0.0716956870425272,0.259628,0.182551,0.442093,0.2193599939346313,11132.026469,507.08593750000006,True,True,6.67572021484375e-06,3.699329909068183e-06,0.0,0,0.2654389769896861,A10,unknown,24,24
pilot-008-modal-a10-sub256-20260811T173724Z.csv,20260811T173724Z,NVIDIA A10,modal,16,8,1,1,compiled-cpu,1.0,9,4.121080777777777,0.08191825138175521,4.102818,4.018739,4.291231,,17721.176213,4006.658203125,True,True,3.933906555175781e-06,3.540320903994143e-06,0.0,0,0.019877856270977594,A10,unknown,24,24
pilot-008-modal-a10-sub256-20260811T173724Z.csv,20260811T173724Z,NVIDIA A10,modal,16,8,1,1,compiled-cpu,8.0,9,3.9319283333333335,0.12400394122164017,3.86669,3.856093,4.151956,,17721.176213,3776.064453125,True,True,3.933906555175781e-06,3.540320903994143e-06,0.0,0,0.031537691104485246,A10,unknown,24,24
pilot-008-modal-a10-sub256-20260811T173724Z.csv,20260811T173724Z,NVIDIA A10,modal,16,8,1,1,compiled-gpu-host-visible,,9,6.224894333333333,0.12120541243174734,6.200513,6.100938,6.484881,6.16374397277832,1167.683536,6055.1884765625,True,True,3.933906555175781e-06,3.540320903994143e-06,0.0,0,0.01947107949812278,A10,unknown,24,24
pilot-008-modal-a10-sub256-20260811T173724Z.csv,20260811T173724Z,NVIDIA A10,modal,16,8,1,1,compiled-gpu-resident,,9,4.666389888888889,0.09271616753086331,4.641772,4.567258,4.876334,4.604383945465088,1167.683536,4532.98046875,True,True,3.933906555175781e-06,3.540320903994143e-06,0.0,0,0.019868928601878978,A10,unknown,24,24
pilot-008-modal-a10-sub256-20260811T173724Z.csv,20260811T173724Z,NVIDIA A10,modal,16,8,1,64,compiled-cpu,1.0,9,0.5473152222222222,0.05130402926617406,0.570463,0.459347,0.61524,,15421.579758,557.0927734375,True,True,3.933906555175781e-06,3.540320903994143e-06,0.0,0,0.09373762538134466,A10,unknown,24,24
pilot-008-modal-a10-sub256-20260811T173724Z.csv,20260811T173724Z,NVIDIA A10,modal,16,8,1,64,compiled-cpu,8.0,9,0.6071845555555555,0.08569248146586594,0.594873,0.467259,0.786832,,15421.579758,580.9306640625,True,True,3.933906555175781e-06,3.540320903994143e-06,0.0,0,0.14113086487758225,A10,unknown,24,24
pilot-008-modal-a10-sub256-20260811T173724Z.csv,20260811T173724Z,NVIDIA A10,modal,16,8,1,64,compiled-gpu-host-visible,,9,0.31271855555555556,0.09192230308541978,0.289935,0.223,0.529368,0.2544319927692413,10937.65878,283.1396484375,True,True,3.933906555175781e-06,3.540320903994143e-06,0.0,0,0.2939457907194428,A10,unknown,24,24
pilot-008-modal-a10-sub256-20260811T173724Z.csv,20260811T173724Z,NVIDIA A10,modal,16,8,1,64,compiled-gpu-resident,,9,0.2732372222222222,0.0904298683494256,0.270635,0.179721,0.472712,0.2316160053014755,10937.65878,264.2919921875,True,True,3.933906555175781e-06,3.540320903994143e-06,0.0,0,0.33095735498247575,A10,unknown,24,24
pilot-008-modal-a10-sub256-20260811T173724Z.csv,20260811T173724Z,NVIDIA A10,modal,32,8,1,1,compiled-cpu,1.0,9,4.583351888888888,0.1706879615544433,4.564054,4.412601,4.98331,,1116.770047,2228.5419921875,True,True,6.67572021484375e-06,3.344140623084968e-06,0.0,0,0.03724085902464322,A10,unknown,24,24
pilot-008-modal-a10-sub256-20260811T173724Z.csv,20260811T173724Z,NVIDIA A10,modal,32,8,1,1,compiled-cpu,8.0,9,4.567080444444445,0.06865023913307088,4.574522,4.451438,4.655499,,1116.770047,2233.6533203125,True,True,6.67572021484375e-06,3.344140623084968e-06,0.0,0,0.01503153709862488,A10,unknown,24,24
pilot-008-modal-a10-sub256-20260811T173724Z.csv,20260811T173724Z,NVIDIA A10,modal,32,8,1,1,compiled-gpu-host-visible,,9,6.326246777777778,0.14776659937108402,6.342271,6.164721,6.65907,6.303936004638672,1010.628444,3096.81201171875,True,True,6.67572021484375e-06,3.344140623084968e-06,0.0,0,0.02335770395333677,A10,unknown,24,24
pilot-008-modal-a10-sub256-20260811T173724Z.csv,20260811T173724Z,NVIDIA A10,modal,32,8,1,1,compiled-gpu-resident,,9,4.633531666666666,0.09920832031513303,4.602687,4.476142,4.816862,4.566239833831787,1010.628444,2247.40576171875,True,True,6.67572021484375e-06,3.344140623084968e-06,0.0,0,0.02141095118197452,A10,unknown,24,24
pilot-008-modal-a10-sub256-20260811T173724Z.csv,20260811T173724Z,NVIDIA A10,modal,32,8,1,64,compiled-cpu,1.0,9,0.636326,0.08705199915280523,0.624545,0.489898,0.818972,,15102.360182,304.95361328125,True,True,6.67572021484375e-06,3.344140623084968e-06,0.0,0,0.1368040896534249,A10,unknown,24,24
pilot-008-modal-a10-sub256-20260811T173724Z.csv,20260811T173724Z,NVIDIA A10,modal,32,8,1,64,compiled-cpu,8.0,9,0.6338903333333333,0.07604008102803417,0.640896,0.477405,0.74504,,15102.360182,312.9375,True,True,6.67572021484375e-06,3.344140623084968e-06,0.0,0,0.11995778611763155,A10,unknown,24,24
pilot-008-modal-a10-sub256-20260811T173724Z.csv,20260811T173724Z,NVIDIA A10,modal,32,8,1,64,compiled-gpu-host-visible,,9,0.30461133333333335,0.08059455784666854,0.282475,0.207032,0.490985,0.2469760030508041,12136.884192,137.92724609375,True,True,6.67572021484375e-06,3.344140623084968e-06,0.0,0,0.2645816127874489,A10,unknown,24,24
pilot-008-modal-a10-sub256-20260811T173724Z.csv,20260811T173724Z,NVIDIA A10,modal,32,8,1,64,compiled-gpu-resident,,9,0.22674611111111112,0.045943008201587233,0.211096,0.174153,0.332911,0.1844159960746765,12136.884192,103.07421875,True,True,6.67572021484375e-06,3.344140623084968e-06,0.0,0,0.20261872618875496,A10,unknown,24,24
pilot-008-modal-a10-sub256-20260811T173724Z.csv,20260811T173724Z,NVIDIA A10,modal,64,8,1,1,compiled-cpu,1.0,9,4.24489,0.1832759404756936,4.252063,3.953683,4.515216,,1139.607928,1038.101318359375,True,True,6.437301635742188e-06,3.861380264424952e-06,0.0,0,0.04317566308566149,A10,unknown,24,24
pilot-008-modal-a10-sub256-20260811T173724Z.csv,20260811T173724Z,NVIDIA A10,modal,64,8,1,1,compiled-cpu,8.0,9,4.368062666666667,0.21546466402927858,4.288563,4.102689,4.691383,,1139.607928,1047.012451171875,True,True,6.437301635742188e-06,3.861380264424952e-06,0.0,0,0.04932728316228641,A10,unknown,24,24
pilot-008-modal-a10-sub256-20260811T173724Z.csv,20260811T173724Z,NVIDIA A10,modal,64,8,1,1,compiled-gpu-host-visible,,9,6.291928555555556,0.12832056632912658,6.249572,6.152846,6.578976,6.212192058563232,1019.447701,1525.7744140625,True,True,6.437301635742188e-06,3.861380264424952e-06,0.0,0,0.0203944728863496,A10,unknown,24,24
pilot-008-modal-a10-sub256-20260811T173724Z.csv,20260811T173724Z,NVIDIA A10,modal,64,8,1,1,compiled-gpu-resident,,9,4.548390111111111,0.0985552305745926,4.532552,4.43333,4.770251,4.500480175018311,1019.447701,1106.580078125,True,True,6.437301635742188e-06,3.861380264424952e-06,0.0,0,0.02166815690101764,A10,unknown,24,24
pilot-008-modal-a10-sub256-20260811T173724Z.csv,20260811T173724Z,NVIDIA A10,modal,64,8,1,64,compiled-cpu,1.0,9,0.6615116666666666,0.07704686733573274,0.679624,0.504186,0.78411,,15954.00865,165.923828125,True,True,6.437301635742188e-06,3.861380264424952e-06,0.0,0,0.11647091233321571,A10,unknown,24,24
pilot-008-modal-a10-sub256-20260811T173724Z.csv,20260811T173724Z,NVIDIA A10,modal,64,8,1,64,compiled-cpu,8.0,9,0.5763634444444444,0.048041823237964014,0.57247,0.497483,0.664945,,15954.00865,139.76318359375,True,True,6.437301635742188e-06,3.861380264424952e-06,0.0,0,0.08335334883056546,A10,unknown,24,24
pilot-008-modal-a10-sub256-20260811T173724Z.csv,20260811T173724Z,NVIDIA A10,modal,64,8,1,64,compiled-gpu-host-visible,,9,0.23382488888888886,0.032977353048889636,0.219873,0.200351,0.289674,0.1940159946680069,12523.072363,53.679931640625,True,True,6.437301635742188e-06,3.861380264424952e-06,0.0,0,0.1410344005960808,A10,unknown,24,24
pilot-008-modal-a10-sub256-20260811T173724Z.csv,20260811T173724Z,NVIDIA A10,modal,64,8,1,64,compiled-gpu-resident,,9,0.21547566666666668,0.0990945263296616,0.177933,0.166716,0.475058,0.1536639928817749,12523.072363,43.440673828125,True,True,6.437301635742188e-06,3.861380264424952e-06,0.0,0,0.45988731749909084,A10,unknown,24,24
pilot-008-modal-a10-sub256-20260811T173724Z.csv,20260811T173724Z,NVIDIA A10,modal,128,8,1,1,compiled-cpu,1.0,9,4.646416111111112,0.1635365252110704,4.696279,4.309344,4.914231,,1063.745318,573.2762451171875,True,True,6.198883056640625e-06,5.0133430704590864e-06,0.0,0,0.03519627198691927,A10,unknown,24,24
pilot-008-modal-a10-sub256-20260811T173724Z.csv,20260811T173724Z,NVIDIA A10,modal,128,8,1,1,compiled-cpu,8.0,9,4.549800555555556,0.12535595893605442,4.602466,4.264583,4.649783,,1063.745318,561.824462890625,True,True,6.198883056640625e-06,5.0133430704590864e-06,0.0,0,0.02755196791714044,A10,unknown,24,24
pilot-008-modal-a10-sub256-20260811T173724Z.csv,20260811T173724Z,NVIDIA A10,modal,128,8,1,1,compiled-gpu-host-visible,,9,6.1661354444444445,0.07160259616471878,6.142099,6.068518,6.282712,6.09446382522583,1168.968099,749.7679443359375,True,True,6.198883056640625e-06,5.0133430704590864e-06,0.0,0,0.011612232136293922,A10,unknown,24,24
pilot-008-modal-a10-sub256-20260811T173724Z.csv,20260811T173724Z,NVIDIA A10,modal,128,8,1,1,compiled-gpu-resident,,9,4.6460814444444445,0.1572945701384118,4.600439,4.521455,5.036016,4.563648223876953,1168.968099,561.5770263671875,True,True,6.198883056640625e-06,5.0133430704590864e-06,0.0,0,0.03385531915857758,A10,unknown,24,24
pilot-008-modal-a10-sub256-20260811T173724Z.csv,20260811T173724Z,NVIDIA A10,modal,128,8,1,64,compiled-cpu,1.0,9,0.7108347777777778,0.08909674507631828,0.695621,0.555488,0.899522,,15757.155552,84.9146728515625,True,True,6.198883056640625e-06,5.0133430704590864e-06,0.0,0,0.12534100449453786,A10,unknown,24,24
pilot-008-modal-a10-sub256-20260811T173724Z.csv,20260811T173724Z,NVIDIA A10,modal,128,8,1,64,compiled-cpu,8.0,9,0.6520106666666667,0.0525161398024455,0.654017,0.556624,0.722755,,15757.155552,79.8360595703125,True,True,6.198883056640625e-06,5.0133430704590864e-06,0.0,0,0.08054490898274491,A10,unknown,24,24
pilot-008-modal-a10-sub256-20260811T173724Z.csv,20260811T173724Z,NVIDIA A10,modal,128,8,1,64,compiled-gpu-host-visible,,9,0.27788433333333334,0.059725590740067204,0.266246,0.203443,0.410175,0.2312639951705932,12698.466175,32.500732421875,True,True,6.198883056640625e-06,5.0133430704590864e-06,0.0,0,0.21492967963913234,A10,unknown,24,24
pilot-008-modal-a10-sub256-20260811T173724Z.csv,20260811T173724Z,NVIDIA A10,modal,128,8,1,64,compiled-gpu-resident,,9,0.22059177777777778,0.03534369421402415,0.208357,0.18056,0.294993,0.1820800006389618,12698.466175,25.4342041015625,True,True,6.198883056640625e-06,5.0133430704590864e-06,0.0,0,0.1602221740541439,A10,unknown,24,24
pilot-008-modal-a10-sub256-20260811T173724Z.csv,20260811T173724Z,NVIDIA A10,modal,256,8,1,1,compiled-cpu,1.0,9,4.756465666666667,0.10397987332532209,4.736964,4.565647,4.902344,,1029.171065,289.121337890625,True,True,6.437301635742188e-06,4.720264314528322e-06,0.0,0,0.021860742957531158,A10,unknown,24,24
pilot-008-modal-a10-sub256-20260811T173724Z.csv,20260811T173724Z,NVIDIA A10,modal,256,8,1,1,compiled-cpu,8.0,9,5.558812888888889,0.2926132474728564,5.496003,5.23825,5.994031,,1029.171065,335.44940185546875,True,True,6.437301635742188e-06,4.720264314528322e-06,0.0,0,0.0526395209411959,A10,unknown,24,24
pilot-008-modal-a10-sub256-20260811T173724Z.csv,20260811T173724Z,NVIDIA A10,modal,256,8,1,1,compiled-gpu-host-visible,,9,6.238530666666667,0.09422189025380444,6.20487,6.081348,6.399716,6.169663906097412,1119.684184,378.7152099609375,True,True,6.437301635742188e-06,4.720264314528322e-06,0.0,0,0.0151032182557417,A10,unknown,24,24
pilot-008-modal-a10-sub256-20260811T173724Z.csv,20260811T173724Z,NVIDIA A10,modal,256,8,1,1,compiled-gpu-resident,,9,4.6217442222222225,0.08519232169887411,4.598316,4.483228,4.772652,4.559999942779541,1119.684184,280.658935546875,True,True,6.437301635742188e-06,4.720264314528322e-06,0.0,0,0.018432937350633397,A10,unknown,24,24
pilot-008-modal-a10-sub256-20260811T173724Z.csv,20260811T173724Z,NVIDIA A10,modal,256,8,1,64,compiled-cpu,1.0,9,0.8163778888888888,0.08827779647998192,0.828578,0.661084,0.986991,,15286.935608,50.5723876953125,True,True,6.437301635742188e-06,4.720264314528322e-06,0.0,0,0.10813349758912537,A10,unknown,24,24
pilot-008-modal-a10-sub256-20260811T173724Z.csv,20260811T173724Z,NVIDIA A10,modal,256,8,1,64,compiled-cpu,8.0,9,1.3617736666666667,0.05817534791043369,1.34849,1.302315,1.470044,,15286.935608,82.3052978515625,True,True,6.437301635742188e-06,4.720264314528322e-06,0.0,0,0.042720276749685294,A10,unknown,24,24
pilot-008-modal-a10-sub256-20260811T173724Z.csv,20260811T173724Z,NVIDIA A10,modal,256,8,1,64,compiled-gpu-host-visible,,9,0.30463422222222225,0.08745229036562992,0.295795,0.217353,0.5077,0.2593919932842254,13135.472283,18.05389404296875,True,True,6.437301635742188e-06,4.720264314528322e-06,0.0,0,0.287073099429505,A10,unknown,24,24
pilot-008-modal-a10-sub256-20260811T173724Z.csv,20260811T173724Z,NVIDIA A10,modal,256,8,1,64,compiled-gpu-resident,,9,0.20878255555555555,0.03907197664922748,0.189749,0.16703,0.27677,0.1664000004529953,13135.472283,11.58135986328125,True,True,6.437301635742188e-06,4.720264314528322e-06,0.0,0,0.1871419599461254,A10,unknown,24,24
pilot-009-modal-l40s-sub256-20260811T174032Z.csv,20260811T174032Z,NVIDIA L40S,modal,8,8,1,1,compiled-cpu,1.0,9,5.591443777777778,0.4627187383329579,5.457189,5.121532,6.660266,,1431.962724,10658.572265625,True,True,6.67572021484375e-06,3.699329909068183e-06,0.0,0,0.08275478690708707,L40S,unknown,21,21
pilot-009-modal-l40s-sub256-20260811T174032Z.csv,20260811T174032Z,NVIDIA L40S,modal,8,8,1,1,compiled-cpu,8.0,9,5.495958333333333,0.36653233300283317,5.516821,5.060161,6.220216,,1431.962724,10775.041015625,True,True,6.67572021484375e-06,3.699329909068183e-06,0.0,0,0.06669125032840796,L40S,unknown,21,21
pilot-009-modal-l40s-sub256-20260811T174032Z.csv,20260811T174032Z,NVIDIA L40S,modal,8,8,1,1,compiled-gpu-host-visible,,9,8.248712222222222,0.19859066923560278,8.271192,7.950034,8.548458,8.231391906738281,811.862945,16154.671874999998,True,True,6.67572021484375e-06,3.699329909068183e-06,0.0,0,0.0240753542959827,L40S,unknown,21,21
pilot-009-modal-l40s-sub256-20260811T174032Z.csv,20260811T174032Z,NVIDIA L40S,modal,8,8,1,1,compiled-gpu-resident,,9,5.978383333333333,0.2243671035312437,5.93231,5.639464,6.290308,5.898528099060059,811.862945,11586.54296875,True,True,6.67572021484375e-06,3.699329909068183e-06,0.0,0,0.03752972852715093,L40S,unknown,21,21
pilot-009-modal-l40s-sub256-20260811T174032Z.csv,20260811T174032Z,NVIDIA L40S,modal,8,8,1,64,compiled-cpu,1.0,9,0.49516533333333335,0.13194039610843225,0.43915,0.390419,0.807078,,20115.316296,857.71484375,True,True,6.67572021484375e-06,3.699329909068183e-06,0.0,0,0.2664572562465983,L40S,unknown,21,21
pilot-009-modal-l40s-sub256-20260811T174032Z.csv,20260811T174032Z,NVIDIA L40S,modal,8,8,1,64,compiled-cpu,8.0,9,0.5532598888888889,0.12560003297316888,0.544272,0.412859,0.725976,,20115.316296,1063.03125,True,True,6.67572021484375e-06,3.699329909068183e-06,0.0,0,0.2270181437252053,L40S,unknown,21,21
pilot-009-modal-l40s-sub256-20260811T174032Z.csv,20260811T174032Z,NVIDIA L40S,modal,8,8,1,64,compiled-gpu-host-visible,,9,0.28819433333333333,0.11457475565542354,0.242795,0.226025,0.588613,0.2122559994459152,16202.503515,474.208984375,True,True,6.67572021484375e-06,3.699329909068183e-06,0.0,0,0.3975607512133255,L40S,unknown,21,21
pilot-009-modal-l40s-sub256-20260811T174032Z.csv,20260811T174032Z,NVIDIA L40S,modal,8,8,1,64,compiled-gpu-resident,,9,0.30435466666666666,0.12264793970548384,0.270406,0.196305,0.546292,0.2295040041208267,16202.503515,528.13671875,True,True,6.67572021484375e-06,3.699329909068183e-06,0.0,0,0.40297703021524395,L40S,unknown,21,21
pilot-009-modal-l40s-sub256-20260811T174032Z.csv,20260811T174032Z,NVIDIA L40S,modal,16,8,1,1,compiled-cpu,1.0,9,5.540428333333334,0.27224516394465126,5.670674,5.071862,5.839298,,14799.40484,5537.767578125,True,True,3.933906555175781e-06,3.540320903994143e-06,0.0,0,0.04913792717193368,L40S,unknown,21,21
pilot-009-modal-l40s-sub256-20260811T174032Z.csv,20260811T174032Z,NVIDIA L40S,modal,16,8,1,1,compiled-cpu,8.0,9,4.946595111111112,0.24993538977776075,4.885747,4.716924,5.49589,,14799.40484,4771.2373046875,True,True,3.933906555175781e-06,3.540320903994143e-06,0.0,0,0.050526753082408615,L40S,unknown,21,21
pilot-009-modal-l40s-sub256-20260811T174032Z.csv,20260811T174032Z,NVIDIA L40S,modal,16,8,1,1,compiled-gpu-host-visible,,9,8.38158388888889,0.22183210398826606,8.279191,8.119388,8.787873,8.245311737060547,1524.488745,8085.147460937501,True,True,3.933906555175781e-06,3.540320903994143e-06,0.0,0,0.02646660904776476,L40S,unknown,21,21
pilot-009-modal-l40s-sub256-20260811T174032Z.csv,20260811T174032Z,NVIDIA L40S,modal,16,8,1,1,compiled-gpu-resident,,9,5.841259222222223,0.12370390140652186,5.898299,5.591613,5.968851,5.839839935302734,1524.488745,5760.0576171875,True,True,3.933906555175781e-06,3.540320903994143e-06,0.0,0,0.021177608577258193,L40S,unknown,21,21
pilot-009-modal-l40s-sub256-20260811T174032Z.csv,20260811T174032Z,NVIDIA L40S,modal,16,8,1,64,compiled-cpu,1.0,9,0.5377627777777777,0.1573968916908604,0.4751,0.406979,0.827988,,19611.558342,463.96484375,True,True,3.933906555175781e-06,3.540320903994143e-06,0.0,0,0.2926883343270409,L40S,unknown,21,21
pilot-009-modal-l40s-sub256-20260811T174032Z.csv,20260811T174032Z,NVIDIA L40S,modal,16,8,1,64,compiled-cpu,8.0,9,0.5394885555555555,0.11774931397370332,0.523122,0.397849,0.786607,,19611.558342,510.861328125,True,True,3.933906555175781e-06,3.540320903994143e-06,0.0,0,0.2182610043552216,L40S,unknown,21,21
pilot-009-modal-l40s-sub256-20260811T174032Z.csv,20260811T174032Z,NVIDIA L40S,modal,16,8,1,64,compiled-gpu-host-visible,,9,0.2777741111111111,0.12814363294604655,0.230045,0.223815,0.616084,0.1979199945926666,14736.351372,224.6533203125,True,True,3.933906555175781e-06,3.540320903994143e-06,0.0,0,0.46132316807158613,L40S,unknown,21,21
pilot-009-modal-l40s-sub256-20260811T174032Z.csv,20260811T174032Z,NVIDIA L40S,modal,16,8,1,64,compiled-gpu-resident,,9,0.327244,0.11976645293236332,0.275876,0.199634,0.508392,0.2395199984312057,14736.351372,269.41015625,True,True,3.933906555175781e-06,3.540320903994143e-06,0.0,0,0.36598517599211394,L40S,unknown,21,21
pilot-009-modal-l40s-sub256-20260811T174032Z.csv,20260811T174032Z,NVIDIA L40S,modal,32,8,1,1,compiled-cpu,1.0,9,5.316624222222222,0.20596391320373225,5.317617,4.990019,5.621463,,1179.298146,2596.49267578125,True,True,6.67572021484375e-06,3.344140623084968e-06,0.0,0,0.03873960328865301,L40S,unknown,21,21
pilot-009-modal-l40s-sub256-20260811T174032Z.csv,20260811T174032Z,NVIDIA L40S,modal,32,8,1,1,compiled-cpu,8.0,9,5.310725222222222,0.17879320701635817,5.282486,5.02481,5.670894,,1179.298146,2579.3388671875,True,True,6.67572021484375e-06,3.344140623084968e-06,0.0,0,0.03366643905209313,L40S,unknown,21,21
pilot-009-modal-l40s-sub256-20260811T174032Z.csv,20260811T174032Z,NVIDIA L40S,modal,32,8,1,1,compiled-gpu-host-visible,,9,8.529876888888888,0.28039849349205004,8.561307,8.034196,9.017758,8.518815994262695,1240.578235,4180.32568359375,True,True,6.67572021484375e-06,3.344140623084968e-06,0.0,0,0.032872513536191854,L40S,unknown,21,21
pilot-009-modal-l40s-sub256-20260811T174032Z.csv,20260811T174032Z,NVIDIA L40S,modal,32,8,1,1,compiled-gpu-resident,,9,5.825545666666667,0.11501938155371895,5.814428,5.670944,5.998481,5.767168045043945,1240.578235,2839.076171875,True,True,6.67572021484375e-06,3.344140623084968e-06,0.0,0,0.01974396702644547,L40S,unknown,21,21
pilot-009-modal-l40s-sub256-20260811T174032Z.csv,20260811T174032Z,NVIDIA L40S,modal,32,8,1,64,compiled-cpu,1.0,9,0.5004331111111111,0.0738003862666796,0.481991,0.414519,0.611844,,20258.803148,235.34716796875,True,True,6.67572021484375e-06,3.344140623084968e-06,0.0,0,0.14747302811922394,L40S,unknown,21,21
pilot-009-modal-l40s-sub256-20260811T174032Z.csv,20260811T174032Z,NVIDIA L40S,modal,32,8,1,64,compiled-cpu,8.0,9,0.5108944444444444,0.12700823181305132,0.440879,0.42426,0.737496,,20258.803148,215.27294921875,True,True,6.67572021484375e-06,3.344140623084968e-06,0.0,0,0.2485997512679205,L40S,unknown,21,21
pilot-009-modal-l40s-sub256-20260811T174032Z.csv,20260811T174032Z,NVIDIA L40S,modal,32,8,1,64,compiled-gpu-host-visible,,9,0.3443697777777778,0.13504638889079726,0.301297,0.249426,0.669374,0.2648960053920746,15866.333395,147.11767578125,True,True,6.67572021484375e-06,3.344140623084968e-06,0.0,0,0.3921551704166759,L40S,unknown,21,21
pilot-009-modal-l40s-sub256-20260811T174032Z.csv,20260811T174032Z,NVIDIA L40S,modal,32,8,1,64,compiled-gpu-resident,,9,0.21035133333333333,0.0215224482866146,0.197365,0.192724,0.249765,0.1686719954013824,15866.333395,96.36962890625,True,True,6.67572021484375e-06,3.344140623084968e-06,0.0,0,0.10231667156827118,L40S,unknown,21,21
pilot-009-modal-l40s-sub256-20260811T174032Z.csv,20260811T174032Z,NVIDIA L40S,modal,64,8,1,1,compiled-cpu,1.0,9,5.491809222222222,0.29333244009433135,5.49998,5.089621,6.025952,,1136.082168,1342.7685546875,True,True,6.437301635742188e-06,3.861380264424952e-06,0.0,0,0.05341271486769463,L40S,unknown,21,21
pilot-009-modal-l40s-sub256-20260811T174032Z.csv,20260811T174032Z,NVIDIA L40S,modal,64,8,1,1,compiled-cpu,8.0,9,5.356841888888889,0.21007356261226948,5.310316,5.089761,5.720885,,1136.082168,1296.4638671875,True,True,6.437301635742188e-06,3.861380264424952e-06,0.0,0,0.039215934867893355,L40S,unknown,21,21
pilot-009-modal-l40s-sub256-20260811T174032Z.csv,20260811T174032Z,NVIDIA L40S,modal,64,8,1,1,compiled-gpu-host-visible,,9,8.473939,0.2545721206411849,8.412924,8.130688,8.924535,8.372096061706543,1221.10922,2053.9365234375,True,True,6.437301635742188e-06,3.861380264424952e-06,0.0,0,0.03004176931662889,L40S,unknown,21,21
pilot-009-modal-l40s-sub256-20260811T174032Z.csv,20260811T174032Z,NVIDIA L40S,modal,64,8,1,1,compiled-gpu-resident,,9,5.762494111111112,0.15908609767233314,5.722196,5.574252,6.013121,5.68012809753418,1221.10922,1397.0205078125,True,True,6.437301635742188e-06,3.861380264424952e-06,0.0,0,0.02760716012977556,L40S,unknown,21,21
pilot-009-modal-l40s-sub256-20260811T174032Z.csv,20260811T174032Z,NVIDIA L40S,modal,64,8,1,64,compiled-cpu,1.0,9,0.5877726666666666,0.16213174769920913,0.502311,0.45174,0.874909,,19555.158702,122.634521484375,True,True,6.437301635742188e-06,3.861380264424952e-06,0.0,0,0.27584091077027934,L40S,unknown,21,21
pilot-009-modal-l40s-sub256-20260811T174032Z.csv,20260811T174032Z,NVIDIA L40S,modal,64,8,1,64,compiled-cpu,8.0,9,0.5037998888888889,0.06402601251140908,0.488731,0.4212,0.583572,,19555.158702,119.319091796875,True,True,6.437301635742188e-06,3.861380264424952e-06,0.0,0,0.12708619815819325,L40S,unknown,21,21
pilot-009-modal-l40s-sub256-20260811T174032Z.csv,20260811T174032Z,NVIDIA L40S,modal,64,8,1,64,compiled-gpu-host-visible,,9,0.3542698888888889,0.12225926242154868,0.304187,0.264425,0.630763,0.266431987285614,15376.690793,74.264404296875,True,True,6.437301635742188e-06,3.861380264424952e-06,0.0,0,0.34510204297914054,L40S,unknown,21,21
pilot-009-modal-l40s-sub256-20260811T174032Z.csv,20260811T174032Z,NVIDIA L40S,modal,64,8,1,64,compiled-gpu-resident,,9,0.24081177777777776,0.09419955125659804,0.209624,0.190094,0.48802,0.1774400025606155,15376.690793,51.177734375,True,True,6.437301635742188e-06,3.861380264424952e-06,0.0,0,0.39117501696086404,L40S,unknown,21,21
pilot-009-modal-l40s-sub256-20260811T174032Z.csv,20260811T174032Z,NVIDIA L40S,modal,128,8,1,1,compiled-cpu,1.0,9,5.290801666666667,0.11798995854944612,5.317137,5.044651,5.426249,,1149.528719,649.0645751953125,True,True,6.198883056640625e-06,5.0133430704590864e-06,0.0,0,0.022300960418307016,L40S,unknown,21,21
pilot-009-modal-l40s-sub256-20260811T174032Z.csv,20260811T174032Z,NVIDIA L40S,modal,128,8,1,1,compiled-cpu,8.0,9,5.729393666666667,0.39768139553102044,5.646354,5.267226,6.644026,,1149.528719,689.252197265625,True,True,6.198883056640625e-06,5.0133430704590864e-06,0.0,0,0.06941072976791793,L40S,unknown,21,21
pilot-009-modal-l40s-sub256-20260811T174032Z.csv,20260811T174032Z,NVIDIA L40S,modal,128,8,1,1,compiled-gpu-host-visible,,9,8.494631666666667,0.08824554589892872,8.520687,8.368823,8.604809,8.478591918945312,1320.881742,1040.1229248046875,True,True,6.198883056640625e-06,5.0133430704590864e-06,0.0,0,0.010388389910442896,L40S,unknown,21,21
pilot-009-modal-l40s-sub256-20260811T174032Z.csv,20260811T174032Z,NVIDIA L40S,modal,128,8,1,1,compiled-gpu-resident,,9,6.248844555555555,0.21398663568206266,6.306958,5.853789,6.536773,6.242688179016113,1320.881742,769.892333984375,True,True,6.198883056640625e-06,5.0133430704590864e-06,0.0,0,0.034244192471041254,L40S,unknown,21,21
pilot-009-modal-l40s-sub256-20260811T174032Z.csv,20260811T174032Z,NVIDIA L40S,modal,128,8,1,64,compiled-cpu,1.0,9,0.5886217777777778,0.07099332331948155,0.596793,0.46627,0.675634,,20161.766147,72.8507080078125,True,True,6.198883056640625e-06,5.0133430704590864e-06,0.0,0,0.12060940658278471,L40S,unknown,21,21
pilot-009-modal-l40s-sub256-20260811T174032Z.csv,20260811T174032Z,NVIDIA L40S,modal,128,8,1,64,compiled-cpu,8.0,9,0.6330562222222222,0.07987977227962309,0.641724,0.489891,0.753526,,20161.766147,78.33544921875,True,True,6.198883056640625e-06,5.0133430704590864e-06,0.0,0,0.1261811660253816,L40S,unknown,21,21
pilot-009-modal-l40s-sub256-20260811T174032Z.csv,20260811T174032Z,NVIDIA L40S,modal,128,8,1,64,compiled-gpu-host-visible,,9,0.24671766666666667,0.019899049726054763,0.238855,0.229315,0.291636,0.2046400010585785,16268.279889,29.1571044921875,True,True,6.198883056640625e-06,5.0133430704590864e-06,0.0,0,0.08065514721708118,L40S,unknown,21,21
pilot-009-modal-l40s-sub256-20260811T174032Z.csv,20260811T174032Z,NVIDIA L40S,modal,128,8,1,64,compiled-gpu-resident,,9,0.21850355555555556,0.0250031297696464,0.209754,0.194974,0.272546,0.1769919991493225,16268.279889,25.604736328125,True,True,6.198883056640625e-06,5.0133430704590864e-06,0.0,0,0.11442893780869957,L40S,unknown,21,21
pilot-009-modal-l40s-sub256-20260811T174032Z.csv,20260811T174032Z,NVIDIA L40S,modal,256,8,1,1,compiled-cpu,1.0,9,5.418670111111111,0.16379608938283938,5.446479,5.149533,5.629314,,1191.69243,332.4266967773437,True,True,6.437301635742188e-06,4.720264314528322e-06,0.0,0,0.030228097674182382,L40S,unknown,21,21
pilot-009-modal-l40s-sub256-20260811T174032Z.csv,20260811T174032Z,NVIDIA L40S,modal,256,8,1,1,compiled-cpu,8.0,9,9.888882777777777,1.996112394431347,9.081229,7.839952,14.062759,,1191.69243,554.2742309570312,True,True,6.437301635742188e-06,4.720264314528322e-06,0.0,0,0.2018541870995777,L40S,unknown,21,21
pilot-009-modal-l40s-sub256-20260811T174032Z.csv,20260811T174032Z,NVIDIA L40S,modal,256,8,1,1,compiled-gpu-host-visible,,9,8.566638888888889,0.2761024398069695,8.616469,8.129318,8.908885,8.573568344116211,1351.593704,525.9075317382812,True,True,6.437301635742188e-06,4.720264314528322e-06,0.0,0,0.03222996129381387,L40S,unknown,21,21
pilot-009-modal-l40s-sub256-20260811T174032Z.csv,20260811T174032Z,NVIDIA L40S,modal,256,8,1,1,compiled-gpu-resident,,9,5.922298888888889,0.2431796321284146,5.89159,5.585722,6.495013,5.850592136383057,1351.593704,359.5941162109375,True,True,6.437301635742188e-06,4.720264314528322e-06,0.0,0,0.04106169524551617,L40S,unknown,21,21
pilot-009-modal-l40s-sub256-20260811T174032Z.csv,20260811T174032Z,NVIDIA L40S,modal,256,8,1,64,compiled-cpu,1.0,9,0.7276793333333332,0.13900558276918235,0.710326,0.536802,0.967961,,19876.299978,43.3548583984375,True,True,6.437301635742188e-06,4.720264314528322e-06,0.0,0,0.19102587692360237,L40S,unknown,21,21
pilot-009-modal-l40s-sub256-20260811T174032Z.csv,20260811T174032Z,NVIDIA L40S,modal,256,8,1,64,compiled-cpu,8.0,9,2.726415111111111,1.8650573411291167,2.119086,1.504563,7.523815,,19876.299978,129.3387451171875,True,True,6.437301635742188e-06,4.720264314528322e-06,0.0,0,0.6840694703929512,L40S,unknown,21,21
pilot-009-modal-l40s-sub256-20260811T174032Z.csv,20260811T174032Z,NVIDIA L40S,modal,256,8,1,64,compiled-gpu-host-visible,,9,0.38079277777777776,0.08498946422759968,0.356308,0.245215,0.552543,0.31836798787117,16039.955462,21.747314453125,True,True,6.437301635742188e-06,4.720264314528322e-06,0.0,0,0.2231908512645102,L40S,unknown,21,21
pilot-009-modal-l40s-sub256-20260811T174032Z.csv,20260811T174032Z,NVIDIA L40S,modal,256,8,1,64,compiled-gpu-resident,,9,0.254861,0.03573349602263959,0.248825,0.207605,0.329447,0.1994560062885284,16039.955462,15.18707275390625,True,True,6.437301635742188e-06,4.720264314528322e-06,0.0,0,0.14020778393963607,L40S,unknown,21,21
pilot-010-modal-a100-80gb-sub256-20260811T173809Z.csv,20260811T173809Z,NVIDIA A100 80GB PCIe,modal,8,8,1,1,compiled-cpu,1.0,9,6.243702888888889,0.4527832246717087,6.353115,5.311832,6.753922,,1595.48373,12408.427734375,True,True,6.67572021484375e-06,3.699329909068183e-06,0.0,0,0.07251838095586971,A100-80GB,unknown,24,24
pilot-010-modal-a100-80gb-sub256-20260811T173809Z.csv,20260811T173809Z,NVIDIA A100 80GB PCIe,modal,8,8,1,1,compiled-cpu,8.0,9,5.864766888888889,0.44564287716664,5.926989,5.225271,6.495491,,1595.48373,11576.150390625,True,True,6.67572021484375e-06,3.699329909068183e-06,0.0,0,0.07598646043561151,A100-80GB,unknown,24,24
pilot-010-modal-a100-80gb-sub256-20260811T173809Z.csv,20260811T173809Z,NVIDIA A100 80GB PCIe,modal,8,8,1,1,compiled-gpu-host-visible,,9,9.845354,0.29732749600104247,9.728547,9.491755,10.300174,9.688063621520996,1325.433576,19001.068359375,True,True,6.67572021484375e-06,3.699329909068183e-06,0.0,0,0.030199777072621507,A100-80GB,unknown,24,24
pilot-010-modal-a100-80gb-sub256-20260811T173809Z.csv,20260811T173809Z,NVIDIA A100 80GB PCIe,modal,8,8,1,1,compiled-gpu-resident,,9,7.717483222222222,0.3467957949300918,7.71416,7.241506,8.229263,7.659488201141357,1325.433576,15066.71875,True,True,6.67572021484375e-06,3.699329909068183e-06,0.0,0,0.04493638469229263,A100-80GB,unknown,24,24
pilot-010-modal-a100-80gb-sub256-20260811T173809Z.csv,20260811T173809Z,NVIDIA A100 80GB PCIe,modal,8,8,1,64,compiled-cpu,1.0,9,0.7933537777777777,0.267113113600202,0.730273,0.459437,1.42586,,27067.637832,1426.314453125,True,True,6.67572021484375e-06,3.699329909068183e-06,0.0,0,0.336688525450019,A100-80GB,unknown,24,24
pilot-010-modal-a100-80gb-sub256-20260811T173809Z.csv,20260811T173809Z,NVIDIA A100 80GB PCIe,modal,8,8,1,64,compiled-cpu,8.0,9,0.7601265555555555,0.17841035519492074,0.771773,0.403064,0.99493,,27067.637832,1507.369140625,True,True,6.67572021484375e-06,3.699329909068183e-06,0.0,0,0.23471138311241546,A100-80GB,unknown,24,24
pilot-010-modal-a100-80gb-sub256-20260811T173809Z.csv,20260811T173809Z,NVIDIA A100 80GB PCIe,modal,8,8,1,64,compiled-gpu-host-visible,,9,0.43964955555555557,0.25657857438663456,0.313356,0.295572,0.907376,0.2731840014457702,22315.463798,612.0234375,True,True,6.67572021484375e-06,3.699329909068183e-06,0.0,0,0.5835979387319372,A100-80GB,unknown,24,24
pilot-010-modal-a100-80gb-sub256-20260811T173809Z.csv,20260811T173809Z,NVIDIA A100 80GB PCIe,modal,8,8,1,64,compiled-gpu-resident,,9,0.4593052222222222,0.14608537126863336,0.445842,0.208279,0.636448,0.3900159895420074,22315.463798,870.78515625,True,True,6.67572021484375e-06,3.699329909068183e-06,0.0,0,0.318057283480992,A100-80GB,unknown,24,24
pilot-010-modal-a100-80gb-sub256-20260811T173809Z.csv,20260811T173809Z,NVIDIA A100 80GB PCIe,modal,16,8,1,1,compiled-cpu,1.0,9,5.9223052222222226,0.4097411344220208,5.78245,5.516133,6.650559,,17809.899286,5646.923828125,True,True,3.933906555175781e-06,3.540320903994143e-06,0.0,0,0.06918608870149957,A100-80GB,unknown,24,24
pilot-010-modal-a100-80gb-sub256-20260811T173809Z.csv,20260811T173809Z,NVIDIA A100 80GB PCIe,modal,16,8,1,1,compiled-cpu,8.0,9,6.780772,3.2494234217860094,5.780682,5.348063,15.431346,,17809.899286,5645.197265625,True,True,3.933906555175781e-06,3.540320903994143e-06,0.0,0,0.47921142633700253,A100-80GB,unknown,24,24
pilot-010-modal-a100-80gb-sub256-20260811T173809Z.csv,20260811T173809Z,NVIDIA A100 80GB PCIe,modal,16,8,1,1,compiled-gpu-host-visible,,9,10.632580333333333,0.33695942082022295,10.546719,10.090609,11.213158,10.495136260986328,2204.503426,10299.5302734375,True,True,3.933906555175781e-06,3.540320903994143e-06,0.0,0,0.03169121795993857,A100-80GB,unknown,24,24
pilot-010-modal-a100-80gb-sub256-20260811T173809Z.csv,20260811T173809Z,NVIDIA A100 80GB PCIe,modal,16,8,1,1,compiled-gpu-resident,,9,7.602991666666666,0.19873110427912372,7.580541,7.271874,7.95974,7.508063793182373,2204.503426,7402.8720703125,True,True,3.933906555175781e-06,3.540320903994143e-06,0.0,0,0.026138540326225583,A100-80GB,unknown,24,24
pilot-010-modal-a100-80gb-sub256-20260811T173809Z.csv,20260811T173809Z,NVIDIA A100 80GB PCIe,modal,16,8,1,64,compiled-cpu,1.0,9,0.8348768888888889,0.18465594012679667,0.857089,0.459647,1.03414,,28744.731326,837.0009765625,True,True,3.933906555175781e-06,3.540320903994143e-06,0.0,0,0.2211774485368129,A100-80GB,unknown,24,24
pilot-010-modal-a100-80gb-sub256-20260811T173809Z.csv,20260811T173809Z,NVIDIA A100 80GB PCIe,modal,16,8,1,64,compiled-cpu,8.0,9,0.7230954444444444,0.12468250632718199,0.698915,0.485096,0.891114,,28744.731326,682.5341796875,True,True,3.933906555175781e-06,3.540320903994143e-06,0.0,0,0.17242883672566323,A100-80GB,unknown,24,24
pilot-010-modal-a100-80gb-sub256-20260811T173809Z.csv,20260811T173809Z,NVIDIA A100 80GB PCIe,modal,16,8,1,64,compiled-gpu-host-visible,,9,0.5954611111111112,0.22865923433050137,0.61102,0.32174,0.966384,0.5447360277175903,22595.356651,596.69921875,True,True,3.933906555175781e-06,3.540320903994143e-06,0.0,0,0.38400364031133893,A100-80GB,unknown,24,24
pilot-010-modal-a100-80gb-sub256-20260811T173809Z.csv,20260811T173809Z,NVIDIA A100 80GB PCIe,modal,16,8,1,64,compiled-gpu-resident,,9,0.37351355555555554,0.09071934868057518,0.3537,0.231051,0.547351,0.3065919876098633,22595.356651,345.41015625,True,True,3.933906555175781e-06,3.540320903994143e-06,0.0,0,0.24288100747947766,A100-80GB,unknown,24,24
pilot-010-modal-a100-80gb-sub256-20260811T173809Z.csv,20260811T173809Z,NVIDIA A100 80GB PCIe,modal,32,8,1,1,compiled-cpu,1.0,9,6.108279444444444,0.44402041701342737,6.07334,5.476006,6.88595,,1659.455747,2965.498046875,True,True,6.67572021484375e-06,3.344140623084968e-06,0.0,0,0.07269156905014708,A100-80GB,unknown,24,24
pilot-010-modal-a100-80gb-sub256-20260811T173809Z.csv,20260811T173809Z,NVIDIA A100 80GB PCIe,modal,32,8,1,1,compiled-cpu,8.0,9,6.461538222222222,0.4442452560784353,6.615608,5.562449,6.982283,,1659.455747,3230.27734375,True,True,6.67572021484375e-06,3.344140623084968e-06,0.0,0,0.06875224455851822,A100-80GB,unknown,24,24
pilot-010-modal-a100-80gb-sub256-20260811T173809Z.csv,20260811T173809Z,NVIDIA A100 80GB PCIe,modal,32,8,1,1,compiled-gpu-host-visible,,9,12.159590666666666,3.9498957658721525,10.842459,9.932087,22.605388,10.787936210632324,1657.06722,5294.16943359375,True,True,6.67572021484375e-06,3.344140623084968e-06,0.0,0,0.32483788921448503,A100-80GB,unknown,24,24
pilot-010-modal-a100-80gb-sub256-20260811T173809Z.csv,20260811T173809Z,NVIDIA A100 80GB PCIe,modal,32,8,1,1,compiled-gpu-resident,,9,7.139574333333333,0.11019202520826982,7.112931,6.987517,7.324216,7.058047771453857,1657.06722,3473.11083984375,True,True,6.67572021484375e-06,3.344140623084968e-06,0.0,0,0.01543397688203958,A100-80GB,unknown,24,24
pilot-010-modal-a100-80gb-sub256-20260811T173809Z.csv,20260811T173809Z,NVIDIA A100 80GB PCIe,modal,32,8,1,64,compiled-cpu,1.0,9,0.8312487777777777,0.22215128445654875,0.807188,0.521744,1.25717,,28858.771239,394.134765625,True,True,6.67572021484375e-06,3.344140623084968e-06,0.0,0,0.26725005846076283,A100-80GB,unknown,24,24
pilot-010-modal-a100-80gb-sub256-20260811T173809Z.csv,20260811T173809Z,NVIDIA A100 80GB PCIe,modal,32,8,1,64,compiled-cpu,8.0,9,0.805549,0.1942717903280093,0.779236,0.510614,1.050684,,28858.771239,380.486328125,True,True,6.67572021484375e-06,3.344140623084968e-06,0.0,0,0.24116694369679473,A100-80GB,unknown,24,24
pilot-010-modal-a100-80gb-sub256-20260811T173809Z.csv,20260811T173809Z,NVIDIA A100 80GB PCIe,modal,32,8,1,64,compiled-gpu-host-visible,,9,0.4206094444444444,0.10172794692599363,0.423891,0.279201,0.63785,0.3785920143127441,22778.058226,206.97802734375,True,True,6.67572021484375e-06,3.344140623084968e-06,0.0,0,0.24185844676017543,A100-80GB,unknown,24,24
pilot-010-modal-a100-80gb-sub256-20260811T173809Z.csv,20260811T173809Z,NVIDIA A100 80GB PCIe,modal,32,8,1,64,compiled-gpu-resident,,9,0.4402034444444445,0.08243049306705486,0.46025,0.255867,0.534749,0.4072639942169189,22778.058226,224.7314453125,True,True,6.67572021484375e-06,3.344140623084968e-06,0.0,0,0.18725544769665683,A100-80GB,unknown,24,24
pilot-010-modal-a100-80gb-sub256-20260811T173809Z.csv,20260811T173809Z,NVIDIA A100 80GB PCIe,modal,64,8,1,1,compiled-cpu,1.0,9,6.198129777777777,0.29906874175504256,6.232398,5.660962,6.73255,,1517.340095,1521.58154296875,True,True,6.437301635742188e-06,3.861380264424952e-06,0.0,0,0.048251448820464685,A100-80GB,unknown,24,24
pilot-010-modal-a100-80gb-sub256-20260811T173809Z.csv,20260811T173809Z,NVIDIA A100 80GB PCIe,modal,64,8,1,1,compiled-cpu,8.0,9,6.357331444444444,0.41614695221192943,6.516569,5.548043,6.673783,,1517.340095,1590.959228515625,True,True,6.437301635742188e-06,3.861380264424952e-06,0.0,0,0.0654593764456929,A100-80GB,unknown,24,24
pilot-010-modal-a100-80gb-sub256-20260811T173809Z.csv,20260811T173809Z,NVIDIA A100 80GB PCIe,modal,64,8,1,1,compiled-gpu-host-visible,,9,11.374400999999999,0.29086134651969525,11.330377,10.948374,11.912843,11.267423629760742,1484.343655,2766.205322265625,True,True,6.437301635742188e-06,3.861380264424952e-06,0.0,0,0.02557157484773882,A100-80GB,unknown,24,24
pilot-010-modal-a100-80gb-sub256-20260811T173809Z.csv,20260811T173809Z,NVIDIA A100 80GB PCIe,modal,64,8,1,1,compiled-gpu-resident,,9,6.852315666666666,0.22945728550538533,6.770152,6.512942,7.23572,6.720704078674316,1484.343655,1652.869140625,True,True,6.437301635742188e-06,3.861380264424952e-06,0.0,0,0.03348609385022767,A100-80GB,unknown,24,24
pilot-010-modal-a100-80gb-sub256-20260811T173809Z.csv,20260811T173809Z,NVIDIA A100 80GB PCIe,modal,64,8,1,64,compiled-cpu,1.0,9,0.858700888888889,0.21416958089703378,0.786911,0.5512,1.157604,,27453.131865,192.116943359375,True,True,6.437301635742188e-06,3.861380264424952e-06,0.0,0,0.2494111554655047,A100-80GB,unknown,24,24
pilot-010-modal-a100-80gb-sub256-20260811T173809Z.csv,20260811T173809Z,NVIDIA A100 80GB PCIe,modal,64,8,1,64,compiled-cpu,8.0,9,0.7073665555555555,0.1795123445178013,0.666583,0.403363,0.9754,,27453.131865,162.739990234375,True,True,6.437301635742188e-06,3.861380264424952e-06,0.0,0,0.2537755610693453,A100-80GB,unknown,24,24
pilot-010-modal-a100-80gb-sub256-20260811T173809Z.csv,20260811T173809Z,NVIDIA A100 80GB PCIe,modal,64,8,1,64,compiled-gpu-host-visible,,9,0.5522617777777779,0.12203747188033864,0.56254,0.313174,0.693985,0.4970560073852539,21591.113005,137.3388671875,True,True,6.437301635742188e-06,3.861380264424952e-06,0.0,0,0.2209775812684338,A100-80GB,unknown,24,24
pilot-010-modal-a100-80gb-sub256-20260811T173809Z.csv,20260811T173809Z,NVIDIA A100 80GB PCIe,modal,64,8,1,64,compiled-gpu-resident,,9,0.2940227777777778,0.10595468094045891,0.254786,0.244866,0.573841,0.2152960002422332,21591.113005,62.20361328125,True,True,6.437301635742188e-06,3.861380264424952e-06,0.0,0,0.36036215201170363,A100-80GB,unknown,24,24
pilot-010-modal-a100-80gb-sub256-20260811T173809Z.csv,20260811T173809Z,NVIDIA A100 80GB PCIe,modal,128,8,1,1,compiled-cpu,1.0,9,6.492194222222222,0.292979267571008,6.508597,5.94829,6.943178,,1507.333261,794.5064697265625,True,True,6.198883056640625e-06,5.0133430704590864e-06,0.0,0,0.045127927098694176,A100-80GB,unknown,24,24
pilot-010-modal-a100-80gb-sub256-20260811T173809Z.csv,20260811T173809Z,NVIDIA A100 80GB PCIe,modal,128,8,1,1,compiled-cpu,8.0,9,6.818105666666667,0.4415572049151727,6.83824,5.993534,7.41728,,1507.333261,834.74609375,True,True,6.198883056640625e-06,5.0133430704590864e-06,0.0,0,0.06476244671213016,A100-80GB,unknown,24,24
pilot-010-modal-a100-80gb-sub256-20260811T173809Z.csv,20260811T173809Z,NVIDIA A100 80GB PCIe,modal,128,8,1,1,compiled-gpu-host-visible,,9,10.117808777777778,0.5271646641322749,10.160286,8.834052,10.647195,10.11843204498291,1691.41332,1240.269287109375,True,True,6.198883056640625e-06,5.0133430704590864e-06,0.0,0,0.052102651444659795,A100-80GB,unknown,24,24
pilot-010-modal-a100-80gb-sub256-20260811T173809Z.csv,20260811T173809Z,NVIDIA A100 80GB PCIe,modal,128,8,1,1,compiled-gpu-resident,,9,7.407050333333334,0.16765148580984907,7.35803,7.141245,7.683397,7.302656173706055,1691.41332,898.197021484375,True,True,6.198883056640625e-06,5.0133430704590864e-06,0.0,0,0.02263404165830776,A100-80GB,unknown,24,24
pilot-010-modal-a100-80gb-sub256-20260811T173809Z.csv,20260811T173809Z,NVIDIA A100 80GB PCIe,modal,128,8,1,64,compiled-cpu,1.0,9,1.022427888888889,0.294187119176063,1.204607,0.559154,1.286932,,26572.140947,147.0467529296875,True,True,6.198883056640625e-06,5.0133430704590864e-06,0.0,0,0.2877338562192071,A100-80GB,unknown,24,24
pilot-010-modal-a100-80gb-sub256-20260811T173809Z.csv,20260811T173809Z,NVIDIA A100 80GB PCIe,modal,128,8,1,64,compiled-cpu,8.0,9,0.7677255555555555,0.18602086124619943,0.725624,0.529548,1.06648,,26572.140947,88.5771484375,True,True,6.198883056640625e-06,5.0133430704590864e-06,0.0,0,0.24230124932025693,A100-80GB,unknown,24,24
pilot-010-modal-a100-80gb-sub256-20260811T173809Z.csv,20260811T173809Z,NVIDIA A100 80GB PCIe,modal,128,8,1,64,compiled-gpu-host-visible,,9,0.394063,0.07076288807524746,0.408212,0.306672,0.497949,0.340032011270523,23066.698703,49.83056640625,True,True,6.198883056640625e-06,5.0133430704590864e-06,0.0,0,0.17957252539631344,A100-80GB,unknown,24,24
pilot-010-modal-a100-80gb-sub256-20260811T173809Z.csv,20260811T173809Z,NVIDIA A100 80GB PCIe,modal,128,8,1,64,compiled-gpu-resident,,9,0.354665,0.17079262554191268,0.274883,0.243624,0.700447,0.2296960055828094,23066.698703,33.5550537109375,True,True,6.198883056640625e-06,5.0133430704590864e-06,0.0,0,0.48156041769532565,A100-80GB,unknown,24,24
pilot-010-modal-a100-80gb-sub256-20260811T173809Z.csv,20260811T173809Z,NVIDIA A100 80GB PCIe,modal,256,8,1,1,compiled-cpu,1.0,9,6.255313111111111,0.40486377916913097,6.24286,5.630876,6.966372,,1693.98404,381.033935546875,True,True,6.437301635742188e-06,4.720264314528322e-06,0.0,0,0.06472318363248428,A100-80GB,unknown,24,24
pilot-010-modal-a100-80gb-sub256-20260811T173809Z.csv,20260811T173809Z,NVIDIA A100 80GB PCIe,modal,256,8,1,1,compiled-cpu,8.0,9,9.919674333333333,0.23302771334972144,9.910743,9.637674,10.333963,,1693.98404,604.9037475585938,True,True,6.437301635742188e-06,4.720264314528322e-06,0.0,0,0.02349146811873375,A100-80GB,unknown,24,24
pilot-010-modal-a100-80gb-sub256-20260811T173809Z.csv,20260811T173809Z,NVIDIA A100 80GB PCIe,modal,256,8,1,1,compiled-gpu-host-visible,,9,10.660264111111111,0.3388378531412347,10.794139,10.148643,11.092255,10.7291841506958,2019.155518,658.8219604492188,True,True,6.437301635742188e-06,4.720264314528322e-06,0.0,0,0.03178512742363171,A100-80GB,unknown,24,24
pilot-010-modal-a100-80gb-sub256-20260811T173809Z.csv,20260811T173809Z,NVIDIA A100 80GB PCIe,modal,256,8,1,1,compiled-gpu-resident,,9,7.745424222222223,0.28847771038451914,7.768997,7.318476,8.265262,7.690944194793701,2019.155518,474.1819458007813,True,True,6.437301635742188e-06,4.720264314528322e-06,0.0,0,0.03724492062769838,A100-80GB,unknown,24,24
pilot-010-modal-a100-80gb-sub256-20260811T173809Z.csv,20260811T173809Z,NVIDIA A100 80GB PCIe,modal,256,8,1,64,compiled-cpu,1.0,9,0.9881686666666667,0.19807750684706732,0.967005,0.650965,1.275931,,26909.390377,59.02130126953125,True,True,6.437301635742188e-06,4.720264314528322e-06,0.0,0,0.20044908680947246,A100-80GB,unknown,24,24
pilot-010-modal-a100-80gb-sub256-20260811T173809Z.csv,20260811T173809Z,NVIDIA A100 80GB PCIe,modal,256,8,1,64,compiled-cpu,8.0,9,1.6015358888888889,0.13233546051932232,1.579797,1.386467,1.783858,,26909.390377,96.42315673828124,True,True,6.437301635742188e-06,4.720264314528322e-06,0.0,0,0.08263034343309897,A100-80GB,unknown,24,24
pilot-010-modal-a100-80gb-sub256-20260811T173809Z.csv,20260811T173809Z,NVIDIA A100 80GB PCIe,modal,256,8,1,64,compiled-gpu-host-visible,,9,0.5895391111111111,0.15127604930675945,0.658841,0.322262,0.753938,0.5949440002441406,23872.257934,40.21246337890625,True,True,6.437301635742188e-06,4.720264314528322e-06,0.0,0,0.2566005315943292,A100-80GB,unknown,24,24
pilot-010-modal-a100-80gb-sub256-20260811T173809Z.csv,20260811T173809Z,NVIDIA A100 80GB PCIe,modal,256,8,1,64,compiled-gpu-resident,,9,0.460672,0.15013450431446462,0.432048,0.280794,0.743269,0.3789759874343872,23872.257934,26.3701171875,True,True,6.437301635742188e-06,4.720264314528322e-06,0.0,0,0.3259032550588371,A100-80GB,unknown,24,24
pilot-011-modal-h100-sub256-20260811T173725Z.csv,20260811T173725Z,NVIDIA H100 80GB HBM3,modal,8,8,1,1,compiled-cpu,1.0,9,3.8293472222222227,0.14512488374394816,3.846417,3.61456,4.031164,,1194.252276,7512.533203125,True,True,6.67572021484375e-06,3.699329909068183e-06,0.0,0,0.037898073828815715,H100!,unknown,24,24
pilot-011-modal-h100-sub256-20260811T173725Z.csv,20260811T173725Z,NVIDIA H100 80GB HBM3,modal,8,8,1,1,compiled-cpu,8.0,9,3.7132724444444443,0.15293801298002335,3.743225,3.472706,3.876283,,1194.252276,7310.986328125,True,True,6.67572021484375e-06,3.699329909068183e-06,0.0,0,0.04118685479403463,H100!,unknown,24,24
pilot-011-modal-h100-sub256-20260811T173725Z.csv,20260811T173725Z,NVIDIA H100 80GB HBM3,modal,8,8,1,1,compiled-gpu-host-visible,,9,5.691225111111112,0.15578848651733257,5.668946,5.482699,6.004231,5.625152111053467,906.022334,11072.16015625,True,True,6.67572021484375e-06,3.699329909068183e-06,0.0,0,0.027373453601964026,H100!,unknown,24,24
pilot-011-modal-h100-sub256-20260811T173725Z.csv,20260811T173725Z,NVIDIA H100 80GB HBM3,modal,8,8,1,1,compiled-gpu-resident,,9,4.454699000000001,0.09705914325425502,4.487051,4.315003,4.564667,4.4418559074401855,906.022334,8763.771484375,True,True,6.67572021484375e-06,3.699329909068183e-06,0.0,0,0.021788036240889676,H100!,unknown,24,24
pilot-011-modal-h100-sub256-20260811T173725Z.csv,20260811T173725Z,NVIDIA H100 80GB HBM3,modal,8,8,1,64,compiled-cpu,1.0,9,0.618841,0.13280277548963348,0.657753,0.38291,0.783929,,15337.694402,1284.673828125,True,True,6.67572021484375e-06,3.699329909068183e-06,0.0,0,0.2145991870119037,H100!,unknown,24,24
pilot-011-modal-h100-sub256-20260811T173725Z.csv,20260811T173725Z,NVIDIA H100 80GB HBM3,modal,8,8,1,64,compiled-cpu,8.0,9,0.5723637777777778,0.09380136082538702,0.573467,0.377699,0.68583,,15337.694402,1120.052734375,True,True,6.67572021484375e-06,3.699329909068183e-06,0.0,0,0.1638841667961136,H100!,unknown,24,24
pilot-011-modal-h100-sub256-20260811T173725Z.csv,20260811T173725Z,NVIDIA H100 80GB HBM3,modal,8,8,1,64,compiled-gpu-host-visible,,9,0.36319344444444446,0.08019406110041927,0.386675,0.22268,0.471087,0.3466559946537018,11944.368852,755.224609375,True,True,6.67572021484375e-06,3.699329909068183e-06,0.0,0,0.220802611740659,H100!,unknown,24,24
pilot-011-modal-h100-sub256-20260811T173725Z.csv,20260811T173725Z,NVIDIA H100 80GB HBM3,modal,8,8,1,64,compiled-gpu-resident,,9,0.302274,0.056918389980743486,0.313086,0.18293,0.361452,0.2739839851856231,11944.368852,611.49609375,True,True,6.67572021484375e-06,3.699329909068183e-06,0.0,0,0.18830064769296562,H100!,unknown,24,24
pilot-011-modal-h100-sub256-20260811T173725Z.csv,20260811T173725Z,NVIDIA H100 80GB HBM3,modal,16,8,1,1,compiled-cpu,1.0,9,3.784599888888889,0.14552036601576124,3.785025,3.539274,3.986446,,24518.103531,3696.3134765625,True,True,3.933906555175781e-06,3.540320903994143e-06,0.0,0,0.03845066064790383,H100!,unknown,24,24
pilot-011-modal-h100-sub256-20260811T173725Z.csv,20260811T173725Z,NVIDIA H100 80GB HBM3,modal,16,8,1,1,compiled-cpu,8.0,9,3.6240134444444445,0.22757816828625663,3.679274,3.143627,3.894043,,24518.103531,3593.041015625,True,True,3.933906555175781e-06,3.540320903994143e-06,0.0,0,0.06279727483768868,H100!,unknown,24,24
pilot-011-modal-h100-sub256-20260811T173725Z.csv,20260811T173725Z,NVIDIA H100 80GB HBM3,modal,16,8,1,1,compiled-gpu-host-visible,,9,5.990142222222222,0.17857093242376962,6.04438,5.66907,6.205266,5.997600078582764,1441.591471,5902.71484375,True,True,3.933906555175781e-06,3.540320903994143e-06,0.0,0,0.029810800111107115,H100!,unknown,24,24
pilot-011-modal-h100-sub256-20260811T173725Z.csv,20260811T173725Z,NVIDIA H100 80GB HBM3,modal,16,8,1,1,compiled-gpu-resident,,9,4.474140888888889,0.20525672134393366,4.416298,4.114799,4.761503,4.368192195892334,1441.591471,4312.791015625,True,True,3.933906555175781e-06,3.540320903994143e-06,0.0,0,0.04587623108911692,H100!,unknown,24,24
pilot-011-modal-h100-sub256-20260811T173725Z.csv,20260811T173725Z,NVIDIA H100 80GB HBM3,modal,16,8,1,64,compiled-cpu,1.0,9,0.6050515555555556,0.1615143660716525,0.661791,0.382188,0.81456,,17108.617839,646.2802734375,True,True,3.933906555175781e-06,3.540320903994143e-06,0.0,0,0.266943146561041,H100!,unknown,24,24
pilot-011-modal-h100-sub256-20260811T173725Z.csv,20260811T173725Z,NVIDIA H100 80GB HBM3,modal,16,8,1,64,compiled-cpu,8.0,9,0.5808417777777778,0.09680362705082102,0.592258,0.386625,0.708636,,17108.617839,578.376953125,True,True,3.933906555175781e-06,3.540320903994143e-06,0.0,0,0.16666092342940383,H100!,unknown,24,24
pilot-011-modal-h100-sub256-20260811T173725Z.csv,20260811T173725Z,NVIDIA H100 80GB HBM3,modal,16,8,1,64,compiled-gpu-host-visible,,9,0.35136911111111113,0.17545016822408896,0.245123,0.197784,0.706783,0.2205120027065277,12475.872588,239.3779296875,True,True,3.933906555175781e-06,3.540320903994143e-06,0.0,0,0.4993329313133832,H100!,unknown,24,24
pilot-011-modal-h100-sub256-20260811T173725Z.csv,20260811T173725Z,NVIDIA H100 80GB HBM3,modal,16,8,1,64,compiled-gpu-resident,,9,0.22303322222222224,0.08958584267307218,0.177484,0.148555,0.384055,0.1405439972877502,12475.872588,173.32421875,True,True,3.933906555175781e-06,3.540320903994143e-06,0.0,0,0.4016703959189187,H100!,unknown,24,24
pilot-011-modal-h100-sub256-20260811T173725Z.csv,20260811T173725Z,NVIDIA H100 80GB HBM3,modal,32,8,1,1,compiled-cpu,1.0,9,3.8805541111111115,0.1872555403569173,3.95317,3.513532,4.038745,,1293.378327,1930.2587890625,True,True,6.67572021484375e-06,3.344140623084968e-06,0.0,0,0.04825484582749467,H100!,unknown,24,24
pilot-011-modal-h100-sub256-20260811T173725Z.csv,20260811T173725Z,NVIDIA H100 80GB HBM3,modal,32,8,1,1,compiled-cpu,8.0,9,3.853714222222222,0.2085438876458487,3.878554,3.53488,4.155243,,1293.378327,1893.8251953125,True,True,6.67572021484375e-06,3.344140623084968e-06,0.0,0,0.054115036979984744,H100!,unknown,24,24
pilot-011-modal-h100-sub256-20260811T173725Z.csv,20260811T173725Z,NVIDIA H100 80GB HBM3,modal,32,8,1,1,compiled-gpu-host-visible,,9,5.816249555555555,0.14039040369903427,5.806873,5.533397,5.98455,5.762464046478272,1291.812973,2835.38720703125,True,True,6.67572021484375e-06,3.344140623084968e-06,0.0,0,0.02413761692273613,H100!,unknown,24,24
pilot-011-modal-h100-sub256-20260811T173725Z.csv,20260811T173725Z,NVIDIA H100 80GB HBM3,modal,32,8,1,1,compiled-gpu-resident,,9,4.494343,0.2314711262323012,4.550545,4.18041,4.826619,4.493824005126953,1291.812973,2221.94580078125,True,True,6.67572021484375e-06,3.344140623084968e-06,0.0,0,0.051502772759511505,H100!,unknown,24,24
pilot-011-modal-h100-sub256-20260811T173725Z.csv,20260811T173725Z,NVIDIA H100 80GB HBM3,modal,32,8,1,64,compiled-cpu,1.0,9,0.6898420000000001,0.14952979184597293,0.693293,0.409271,0.984096,,14945.947953,338.52197265625,True,True,6.67572021484375e-06,3.344140623084968e-06,0.0,0,0.2167594780340613,H100!,unknown,24,24
pilot-011-modal-h100-sub256-20260811T173725Z.csv,20260811T173725Z,NVIDIA H100 80GB HBM3,modal,32,8,1,64,compiled-cpu,8.0,9,0.7102844444444444,0.1174823995532002,0.725459,0.460783,0.889964,,14945.947953,354.22802734375,True,True,6.67572021484375e-06,3.344140623084968e-06,0.0,0,0.16540190408518682,H100!,unknown,24,24
pilot-011-modal-h100-sub256-20260811T173725Z.csv,20260811T173725Z,NVIDIA H100 80GB HBM3,modal,32,8,1,64,compiled-gpu-host-visible,,9,0.3512438888888889,0.07415720472827379,0.372167,0.232672,0.457104,0.3306559920310974,12339.109467,181.72216796875,True,True,6.67572021484375e-06,3.344140623084968e-06,0.0,0,0.21112738776142062,H100!,unknown,24,24
pilot-011-modal-h100-sub256-20260811T173725Z.csv,20260811T173725Z,NVIDIA H100 80GB HBM3,modal,32,8,1,64,compiled-gpu-resident,,9,0.14843977777777778,0.006821225765538359,0.14711,0.142382,0.162181,0.1269759982824325,12339.109467,71.8310546875,True,True,6.67572021484375e-06,3.344140623084968e-06,0.0,0,0.04595281579948264,H100!,unknown,24,24
pilot-011-modal-h100-sub256-20260811T173725Z.csv,20260811T173725Z,NVIDIA H100 80GB HBM3,modal,64,8,1,1,compiled-cpu,1.0,9,3.862704888888889,0.16099848388140534,3.888769,3.577855,4.099147,,1199.958795,949.406494140625,True,True,6.437301635742188e-06,3.861380264424952e-06,0.0,0,0.04168024441745968,H100!,unknown,24,24
pilot-011-modal-h100-sub256-20260811T173725Z.csv,20260811T173725Z,NVIDIA H100 80GB HBM3,modal,64,8,1,1,compiled-cpu,8.0,9,3.8115406666666667,0.142718133510602,3.87141,3.532514,3.96492,,1199.958795,945.16845703125,True,True,6.437301635742188e-06,3.861380264424952e-06,0.0,0,0.03744368642284861,H100!,unknown,24,24
pilot-011-modal-h100-sub256-20260811T173725Z.csv,20260811T173725Z,NVIDIA H100 80GB HBM3,modal,64,8,1,1,compiled-gpu-host-visible,,9,5.743196,0.1494647348632779,5.726962,5.51445,5.961508,5.682752132415772,1183.640584,1398.18408203125,True,True,6.437301635742188e-06,3.861380264424952e-06,0.0,0,0.02602466202847298,H100!,unknown,24,24
pilot-011-modal-h100-sub256-20260811T173725Z.csv,20260811T173725Z,NVIDIA H100 80GB HBM3,modal,64,8,1,1,compiled-gpu-resident,,9,4.408079666666667,0.23787682404870822,4.378195,4.019951,4.844071,4.328832149505615,1183.640584,1068.895263671875,True,True,6.437301635742188e-06,3.861380264424952e-06,0.0,0,0.0539638214453115,H100!,unknown,24,24
pilot-011-modal-h100-sub256-20260811T173725Z.csv,20260811T173725Z,NVIDIA H100 80GB HBM3,modal,64,8,1,64,compiled-cpu,1.0,9,0.5681569999999999,0.17051867419362018,0.46167,0.444645,0.905048,,17551.940475,112.71240234375,True,True,6.437301635742188e-06,3.861380264424952e-06,0.0,0,0.3001259760834069,H100!,unknown,24,24
pilot-011-modal-h100-sub256-20260811T173725Z.csv,20260811T173725Z,NVIDIA H100 80GB HBM3,modal,64,8,1,64,compiled-cpu,8.0,9,0.5647035555555555,0.18734590423139164,0.461403,0.401317,0.932509,,17551.940475,112.647216796875,True,True,6.437301635742188e-06,3.861380264424952e-06,0.0,0,0.3317597390494216,H100!,unknown,24,24
pilot-011-modal-h100-sub256-20260811T173725Z.csv,20260811T173725Z,NVIDIA H100 80GB HBM3,modal,64,8,1,64,compiled-gpu-host-visible,,9,0.3438012222222222,0.06203569277798422,0.366154,0.203807,0.395487,0.3254719972610473,14034.628397,89.39306640625,True,True,6.437301635742188e-06,3.861380264424952e-06,0.0,0,0.18044058243017624,H100!,unknown,24,24
pilot-011-modal-h100-sub256-20260811T173725Z.csv,20260811T173725Z,NVIDIA H100 80GB HBM3,modal,64,8,1,64,compiled-gpu-resident,,9,0.23985944444444446,0.15999880639094713,0.186876,0.171047,0.664104,0.1647679954767227,14034.628397,45.6240234375,True,True,6.437301635742188e-06,3.861380264424952e-06,0.0,0,0.6670523512698521,H100!,unknown,24,24
pilot-011-modal-h100-sub256-20260811T173725Z.csv,20260811T173725Z,NVIDIA H100 80GB HBM3,modal,128,8,1,1,compiled-cpu,1.0,9,4.011346333333333,0.28147178858146693,4.135166,3.528254,4.292452,,1254.0099,504.781005859375,True,True,6.198883056640625e-06,5.0133430704590864e-06,0.0,0,0.0701689071927057,H100!,unknown,24,24
pilot-011-modal-h100-sub256-20260811T173725Z.csv,20260811T173725Z,NVIDIA H100 80GB HBM3,modal,128,8,1,1,compiled-cpu,8.0,9,3.957131888888889,0.12171300031780138,4.003235,3.731641,4.093144,,1254.0099,488.6761474609375,True,True,6.198883056640625e-06,5.0133430704590864e-06,0.0,0,0.030757883167744707,H100!,unknown,24,24
pilot-011-modal-h100-sub256-20260811T173725Z.csv,20260811T173725Z,NVIDIA H100 80GB HBM3,modal,128,8,1,1,compiled-gpu-host-visible,,9,5.656822666666667,0.20481877577385324,5.575439,5.455342,6.107271,5.5311360359191895,1282.274869,680.5955810546875,True,True,6.198883056640625e-06,5.0133430704590864e-06,0.0,0,0.036207388465748835,H100!,unknown,24,24
pilot-011-modal-h100-sub256-20260811T173725Z.csv,20260811T173725Z,NVIDIA H100 80GB HBM3,modal,128,8,1,1,compiled-gpu-resident,,9,4.328651777777778,0.10477975585338252,4.362748,4.138972,4.465719,4.318624019622803,1282.274869,532.56201171875,True,True,6.198883056640625e-06,5.0133430704590864e-06,0.0,0,0.024206094930365095,H100!,unknown,24,24
pilot-011-modal-h100-sub256-20260811T173725Z.csv,20260811T173725Z,NVIDIA H100 80GB HBM3,modal,128,8,1,64,compiled-cpu,1.0,9,0.7165347777777777,0.09683904419160924,0.756069,0.505435,0.802024,,17506.516584,92.2935791015625,True,True,6.198883056640625e-06,5.0133430704590864e-06,0.0,0,0.13514911933785073,H100!,unknown,24,24
pilot-011-modal-h100-sub256-20260811T173725Z.csv,20260811T173725Z,NVIDIA H100 80GB HBM3,modal,128,8,1,64,compiled-cpu,8.0,9,0.6503673333333333,0.2462058346541568,0.508066,0.44503,1.154504,,17506.516584,62.019775390625,True,True,6.198883056640625e-06,5.0133430704590864e-06,0.0,0,0.37856426981391567,H100!,unknown,24,24
pilot-011-modal-h100-sub256-20260811T173725Z.csv,20260811T173725Z,NVIDIA H100 80GB HBM3,modal,128,8,1,64,compiled-gpu-host-visible,,9,0.3095826666666667,0.06457300292304827,0.319818,0.193852,0.380783,0.2811839878559112,13562.401622,39.040283203125,True,True,6.198883056640625e-06,5.0133430704590864e-06,0.0,0,0.20858080853917832,H100!,unknown,24,24
pilot-011-modal-h100-sub256-20260811T173725Z.csv,20260811T173725Z,NVIDIA H100 80GB HBM3,modal,128,8,1,64,compiled-gpu-resident,,9,0.2570728888888889,0.14242520901989617,0.189234,0.141289,0.534367,0.1591999977827072,13562.401622,23.099853515625,True,True,6.198883056640625e-06,5.0133430704590864e-06,0.0,0,0.5540265627989059,H100!,unknown,24,24
pilot-011-modal-h100-sub256-20260811T173725Z.csv,20260811T173725Z,NVIDIA H100 80GB HBM3,modal,256,8,1,1,compiled-cpu,1.0,9,4.176632555555555,0.14386958887662038,4.215091,3.855311,4.31664,,1139.026811,257.26873779296875,True,True,6.437301635742188e-06,4.720264314528322e-06,0.0,0,0.03444631218162871,H100!,unknown,24,24
pilot-011-modal-h100-sub256-20260811T173725Z.csv,20260811T173725Z,NVIDIA H100 80GB HBM3,modal,256,8,1,1,compiled-cpu,8.0,9,5.8094835555555555,0.23359625477954024,5.710698,5.565956,6.19643,,1139.026811,348.5533447265625,True,True,6.437301635742188e-06,4.720264314528322e-06,0.0,0,0.04020947000635784,H100!,unknown,24,24
pilot-011-modal-h100-sub256-20260811T173725Z.csv,20260811T173725Z,NVIDIA H100 80GB HBM3,modal,256,8,1,1,compiled-gpu-host-visible,,9,5.943830222222222,0.15215201285620367,5.991017,5.685246,6.115533,5.945695877075195,1290.480384,365.6626586914063,True,True,6.437301635742188e-06,4.720264314528322e-06,0.0,0,0.025598310713410406,H100!,unknown,24,24
pilot-011-modal-h100-sub256-20260811T173725Z.csv,20260811T173725Z,NVIDIA H100 80GB HBM3,modal,256,8,1,1,compiled-gpu-resident,,9,4.408328666666667,0.10496339000218129,4.446104,4.235833,4.520829,4.407616138458252,1290.480384,271.36865234375,True,True,6.437301635742188e-06,4.720264314528322e-06,0.0,0,0.02381024599999908,H100!,unknown,24,24
pilot-011-modal-h100-sub256-20260811T173725Z.csv,20260811T173725Z,NVIDIA H100 80GB HBM3,modal,256,8,1,64,compiled-cpu,1.0,9,0.9273322222222222,0.1162081328154121,0.968841,0.623597,0.990063,,17096.27766,59.13336181640625,True,True,6.437301635742188e-06,4.720264314528322e-06,0.0,0,0.12531445584510753,H100!,unknown,24,24
pilot-011-modal-h100-sub256-20260811T173725Z.csv,20260811T173725Z,NVIDIA H100 80GB HBM3,modal,256,8,1,64,compiled-cpu,8.0,9,1.7545787777777777,0.6013191374606701,1.459636,1.352989,2.873596,,17096.27766,89.089111328125,True,True,6.437301635742188e-06,4.720264314528322e-06,0.0,0,0.3427142429149048,H100!,unknown,24,24
pilot-011-modal-h100-sub256-20260811T173725Z.csv,20260811T173725Z,NVIDIA H100 80GB HBM3,modal,256,8,1,64,compiled-gpu-host-visible,,9,0.435137,0.12060303354600994,0.447031,0.201889,0.669442,0.4025920033454895,14320.627948,27.28460693359375,True,True,6.437301635742188e-06,4.720264314528322e-06,0.0,0,0.27716106317323036,H100!,unknown,24,24
pilot-011-modal-h100-sub256-20260811T173725Z.csv,20260811T173725Z,NVIDIA H100 80GB HBM3,modal,256,8,1,64,compiled-gpu-resident,,9,0.32730744444444443,0.08958997698000475,0.322163,0.204666,0.51578,0.2814080119132995,14320.627948,19.66326904296875,True,True,6.437301635742188e-06,4.720264314528322e-06,0.0,0,0.2737181157980393,H100!,unknown,24,24
