source_file,run_id,hardware,provider,agent_count,state_width,action_count,observation_horizon,mode,threads,observations,wall_ms_mean,wall_ms_std,wall_ms_median,wall_ms_min,wall_ms_max,device_ms_median,compile_first_call_ms,ns_per_agent_step_median,shape_valid,action_match,max_state_abs_error,max_state_rel_error,max_budget_abs_error,execution_error_rows,wall_ms_cv,cpu8_wall_ms_median,cpu8_wall_ms_cv,cpu8_compile_first_call_ms,best_cpu_wall_ms_median,best_cpu_wall_ms_cv,best_cpu_compile_first_call_ms,best_cpu_threads,speedup_vs_cpu8,speedup_vs_best_cpu,steady_state_saved_ms_best_cpu,extra_compile_ms_vs_best_cpu,break_even_rollouts_best_cpu,break_even_agent_steps_best_cpu,stable_under_10pct_cv,speedup_bootstrap_ci_low,speedup_bootstrap_ci_high,speedup_vs_best_cpu_bootstrap_ci_low,speedup_vs_best_cpu_bootstrap_ci_high,requested_gpu,placement_replicate,cpu_vendor,cpu_family,cpu_model,cpu_logical_count
pilot-012-modal-t4-rep1-20260811T175408Z.csv,20260811T175408Z,Tesla T4,modal,8,8,1,1,compiled-gpu-resident,,30,6.133380399999999,0.07890244072209332,6.127168,5.987795,6.362423,6.081951856613159,1416.153887,11967.125,True,True,4.410743713378906e-06,3.2164530239242595e-06,0.0,0,0.012864429658087623,6.5449079999999995,0.023096702025098892,24764.342148,6.193443500000001,0.025693284884703148,24764.342148,1.0,1.06817831663829,1.0108166611393714,0.0662755000000006,0.0,0.0,0.0,True,1.0564749931629045,1.0749189064214424,1.0043362594904064,1.0228129807665607,T4,1,GenuineIntel,6,85,21
pilot-012-modal-t4-rep1-20260811T175408Z.csv,20260811T175408Z,Tesla T4,modal,8,8,1,64,compiled-gpu-resident,,30,0.2651033666666667,0.027654955549541692,0.2634935,0.227044,0.324375,0.22748799622058866,13535.398469,514.6357421875,True,True,4.410743713378906e-06,3.2164530239242595e-06,0.0,0,0.10431763239096935,0.8366845,0.062112834733082385,18716.334395,0.8366845,0.062112834733082385,18716.334395,8.0,3.175351574137503,3.175351574137503,0.573191,0.0,0.0,0.0,False,2.977283793953166,3.412909684870443,2.9828331471838236,3.4109521229452286,T4,1,GenuineIntel,6,85,21
pilot-012-modal-t4-rep1-20260811T175408Z.csv,20260811T175408Z,Tesla T4,modal,16,8,1,1,compiled-gpu-resident,,30,6.260592033333333,0.08082420727236214,6.2687295,6.074111,6.46234,6.224079847335815,1060.500713,6121.80615234375,True,True,2.1457672119140625e-06,3.260239054725389e-06,0.0,0,0.012909994269236679,7.369097,0.03003094770705314,1416.949053,7.3215924999999995,0.02195590518900958,1416.949053,1.0,1.1755327774152642,1.1679547665918588,1.0528629999999994,0.0,0.0,0.0,True,1.1566505085575485,1.1889897732337698,1.1502966519702358,1.1773507703083705,T4,1,GenuineIntel,6,85,21
pilot-012-modal-t4-rep1-20260811T175408Z.csv,20260811T175408Z,Tesla T4,modal,16,8,1,64,compiled-gpu-resident,,30,0.3056602666666667,0.0701285870855537,0.2902195,0.228929,0.56133,0.2512640058994293,13586.326986,283.41748046875,True,True,2.1457672119140625e-06,3.260239054725389e-06,0.0,0,0.2294331149099971,0.8807240000000001,0.05276523111340829,18712.196928,0.8366615,0.057945290892285645,18712.196928,1.0,3.0346823697236056,2.882857630173024,0.5464419999999999,0.0,0.0,0.0,False,2.8000859916874705,3.2711933651363636,2.7225846698812632,3.124668450771835,T4,1,GenuineIntel,6,85,21
pilot-012-modal-t4-rep1-20260811T175408Z.csv,20260811T175408Z,Tesla T4,modal,32,8,1,1,compiled-gpu-resident,,30,7.1341786,0.7335293935409766,6.875017,6.386881,8.91921,6.83137583732605,1212.342047,3356.94189453125,True,True,5.960464477539063e-06,3.8327552829287015e-06,0.0,0,0.10281903981783923,7.287225,0.016398556410173303,1337.540866,7.227349,0.017716613138987623,1337.540866,1.0,1.0599573790144812,1.0512481641863578,0.35233200000000053,0.0,0.0,0.0,False,1.037291546619725,1.1025815701839319,1.0236351601298637,1.0935251767312784,T4,1,GenuineIntel,6,85,21
pilot-012-modal-t4-rep1-20260811T175408Z.csv,20260811T175408Z,Tesla T4,modal,32,8,1,64,compiled-gpu-resident,,30,0.24696890000000002,0.02674666459818095,0.23452800000000001,0.225424,0.339676,0.20412799715995786,13776.696551,114.515625,True,True,5.960464477539063e-06,3.8327552829287015e-06,0.0,0,0.10829972761016042,0.8476079999999999,0.036863128609551515,19461.988721,0.8476079999999999,0.036863128609551515,19461.988721,8.0,3.6141015145313133,3.6141015145313133,0.6130799999999998,0.0,0.0,0.0,False,3.3681617147421243,3.71192961973564,3.3669174485394002,3.715757384858344,T4,1,GenuineIntel,6,85,21
pilot-012-modal-t4-rep1-20260811T175408Z.csv,20260811T175408Z,Tesla T4,modal,64,8,1,1,compiled-gpu-resident,,30,6.155459633333334,0.07487168213015429,6.1541855000000005,6.032137,6.409302,6.108752012252808,863.347145,1502.4866943359375,True,True,4.529953002929688e-06,4.605160484061344e-06,0.0,0,0.012163459203713341,7.656451499999999,0.025617994846060966,1405.5981,7.656451499999999,0.025617994846060966,1405.5981,8.0,1.2441047641479117,1.2441047641479117,1.5022659999999988,0.0,0.0,0.0,True,1.2321173098334175,1.2621260766351614,1.2321173098334175,1.2622217817621664,T4,1,GenuineIntel,6,85,21
pilot-012-modal-t4-rep1-20260811T175408Z.csv,20260811T175408Z,Tesla T4,modal,64,8,1,64,compiled-gpu-resident,,30,0.24623676666666666,0.027200657620959138,0.2379145,0.223335,0.351478,0.20377600193023682,14201.816628,58.0845947265625,True,True,4.529953002929688e-06,4.605160484061344e-06,0.0,0,0.1104654596840973,0.8727895,0.0508311858372104,19169.420582,0.8727895,0.0508311858372104,19169.420582,8.0,3.668500658850133,3.668500658850133,0.634875,0.0,0.0,0.0,False,3.4992159897455206,3.819481779132604,3.502312928501283,3.8109203858817438,T4,1,GenuineIntel,6,85,21
pilot-012-modal-t4-rep1-20260811T175408Z.csv,20260811T175408Z,Tesla T4,modal,128,8,1,1,compiled-gpu-resident,,30,6.674680666666666,0.21624250444451684,6.5721295,6.333426,7.001417,6.524399995803833,1452.268965,802.2619018554688,True,True,7.867813110351562e-06,4.265566531103104e-06,0.0,0,0.03239743071521477,7.261353,0.03624928457708459,1343.681384,7.261353,0.03624928457708459,1343.681384,8.0,1.1048706511337003,1.1048706511337003,0.6892234999999998,108.587581,157.550607313883,20166.477736177025,True,1.0564687619175195,1.1184938163896285,1.0584034962412634,1.1176684110272037,T4,1,GenuineIntel,6,85,21
pilot-012-modal-t4-rep1-20260811T175408Z.csv,20260811T175408Z,Tesla T4,modal,128,8,1,64,compiled-gpu-resident,,30,0.26442669999999996,0.034204555492275225,0.25939900000000005,0.224795,0.360019,0.21944000571966166,14318.622881,31.664916992187504,True,True,7.867813110351562e-06,4.265566531103104e-06,0.0,0,0.12935363748167347,0.955058,0.11290997458388981,19172.271478,0.955058,0.11290997458388981,19172.271478,8.0,3.681810646918453,3.681810646918453,0.6956589999999999,0.0,0.0,0.0,False,3.493515576594684,4.036527130990535,3.4925816643513907,4.03806237006237,T4,1,GenuineIntel,6,85,21
pilot-012-modal-t4-rep1-20260811T175408Z.csv,20260811T175408Z,Tesla T4,modal,256,8,1,1,compiled-gpu-resident,,30,6.227381766666666,0.10058920266855383,6.2192715,6.08325,6.589688,6.175679922103882,1406.887154,379.5942077636719,True,True,7.62939453125e-06,5.183574558031978e-06,0.0,0,0.01615272781363399,9.300787,0.018339592906562473,1347.927364,7.4661615,0.0145668230234609,1347.927364,1.0,1.4954785299210687,1.2004881118311044,1.2468900000000005,58.95979000000011,47.28547826993567,12105.082437103532,True,1.4903016755292464,1.5047280691069886,1.1907169663971744,1.2063617241382163,T4,1,GenuineIntel,6,85,21
pilot-012-modal-t4-rep1-20260811T175408Z.csv,20260811T175408Z,Tesla T4,modal,256,8,1,64,compiled-gpu-resident,,30,0.25210013333333336,0.02712707185887898,0.2426355,0.226819,0.340333,0.2114240005612373,17124.984973,14.809295654296875,True,True,7.62939453125e-06,5.183574558031978e-06,0.0,0,0.10760435347731792,2.235215,0.06427304710403124,19922.741458,1.16426,0.04092863405436996,19922.741458,1.0,9.212233988843348,4.798391002141072,0.9216245000000001,0.0,0.0,0.0,False,8.724722146167132,9.564453516169307,4.54524450911379,5.006981223945875,T4,1,GenuineIntel,6,85,21
pilot-013-modal-t4-rep2-20260811T175407Z.csv,20260811T175407Z,Tesla T4,modal,8,8,1,1,compiled-gpu-resident,,30,6.393023966666666,0.10041199324317684,6.399515,6.077303,6.649444,6.356688022613525,1028.363946,12499.052734375,True,True,6.437301635742188e-06,3.010847649420612e-06,0.0,0,0.01570649410462508,6.5513375,0.02423941125054147,1353.152974,6.4541745,0.025549724211723683,1353.152974,1.0,1.0237240634641844,1.008541194137368,0.05465949999999964,0.0,0.0,0.0,True,1.0166443419162636,1.031386302940649,0.9996187727698136,1.0226793960163745,T4,2,GenuineIntel,6,85,21
pilot-013-modal-t4-rep2-20260811T175407Z.csv,20260811T175407Z,Tesla T4,modal,8,8,1,64,compiled-gpu-resident,,30,0.2661746,0.02903567502775233,0.2625005,0.235492,0.350493,0.23091199994087214,13427.154652,512.6962890625,True,True,6.437301635742188e-06,3.010847649420612e-06,0.0,0,0.10908507058056002,0.817342,0.06736291339575677,18330.979183,0.817342,0.06736291339575677,18330.979183,8.0,3.113677878708802,3.113677878708802,0.5548415,0.0,0.0,0.0,False,2.9799908767422316,3.364660463512706,2.981696319223318,3.3700794544157606,T4,2,GenuineIntel,6,85,21
pilot-013-modal-t4-rep2-20260811T175407Z.csv,20260811T175407Z,Tesla T4,modal,16,8,1,1,compiled-gpu-resident,,30,6.611252966666667,0.11210008947656552,6.6070530000000005,6.411788,6.977537,6.558640003204346,1300.831993,6452.2001953125,True,True,7.62939453125e-06,3.954511612391798e-06,0.0,0,0.01695595222898956,7.300838000000001,0.018478599999735917,1407.107913,7.300838000000001,0.018478599999735917,1407.107913,8.0,1.1050067253887625,1.1050067253887625,0.6937850000000001,0.0,0.0,0.0,True,1.1008777460989105,1.115712877921393,1.1009575648316121,1.115734564650381,T4,2,GenuineIntel,6,85,21
pilot-013-modal-t4-rep2-20260811T175407Z.csv,20260811T175407Z,Tesla T4,modal,16,8,1,64,compiled-gpu-resident,,30,0.25866076666666665,0.031742888768312716,0.2414015,0.231241,0.343015,0.20920000225305554,14177.418554,235.74365234375,True,True,7.62939453125e-06,3.954511612391798e-06,0.0,0,0.12272015264386592,0.8142735000000001,0.050883519345811846,18959.992388,0.8142735000000001,0.050883519345811846,18959.992388,8.0,3.373108700650162,3.373108700650162,0.572872,0.0,0.0,0.0,False,3.097301604566985,3.598678452190382,3.095810015675524,3.5968272465838393,T4,2,GenuineIntel,6,85,21
pilot-013-modal-t4-rep2-20260811T175407Z.csv,20260811T175407Z,Tesla T4,modal,32,8,1,1,compiled-gpu-resident,,30,6.325423866666666,0.06000900689622561,6.330823499999999,6.133049,6.413652,6.289072036743164,1245.41291,3091.222412109375,True,True,9.5367431640625e-06,5.009530013921904e-06,0.0,0,0.009486954259691184,7.5084525,0.014761011173683477,1370.337039,7.295053,0.013714698283245433,1370.337039,1.0,1.1860151368933285,1.1523071208666615,0.964229500000001,0.0,0.0,0.0,True,1.179054814058611,1.1918558094339802,1.140860177277925,1.1579088333367558,T4,2,GenuineIntel,6,85,21
pilot-013-modal-t4-rep2-20260811T175407Z.csv,20260811T175407Z,Tesla T4,modal,32,8,1,64,compiled-gpu-resident,,30,0.2629807333333333,0.026913309153309445,0.25655550000000005,0.237954,0.354713,0.22291199862956995,14906.223338,125.271240234375,True,True,9.5367431640625e-06,5.009530013921904e-06,0.0,0,0.10233947107903257,0.8279894999999999,0.05538447698544896,19315.151102,0.8279894999999999,0.05538447698544896,19315.151102,8.0,3.2273309283956095,3.2273309283956095,0.5714339999999999,0.0,0.0,0.0,False,3.100632687135696,3.4195346665768644,3.1014963031775284,3.416759776464978,T4,2,GenuineIntel,6,85,21
pilot-013-modal-t4-rep2-20260811T175407Z.csv,20260811T175407Z,Tesla T4,modal,64,8,1,1,compiled-gpu-resident,,30,6.556389566666667,0.07196171608124317,6.562678999999999,6.390189,6.674691,6.515664100646973,828.737364,1602.216552734375,True,True,6.67572021484375e-06,3.825154180958634e-06,0.0,0,0.01097581456219497,7.547283,0.024723622736270427,1450.986003,7.547283,0.024723622736270427,1450.986003,8.0,1.1500308029693362,1.1500308029693362,0.9846040000000009,0.0,0.0,0.0,True,1.144068421417834,1.1590050647041072,1.143645300904529,1.1594311616654862,T4,2,GenuineIntel,6,85,21
pilot-013-modal-t4-rep2-20260811T175407Z.csv,20260811T175407Z,Tesla T4,modal,64,8,1,64,compiled-gpu-resident,,30,0.2521281666666667,0.02635469639373114,0.24391200000000002,0.231059,0.338391,0.2113759964704513,14760.724089,59.548828125,True,True,6.67572021484375e-06,3.825154180958634e-06,0.0,0,0.10452896533600754,0.8685685000000001,0.04559112802878513,40973.415942,0.8562015000000001,0.06176070933992662,40973.415942,1.0,3.5609912591426416,3.5102885466889697,0.6122895,0.0,0.0,0.0,False,3.4419046818921144,3.6745026971639554,3.3844745770639872,3.606516633844793,T4,2,GenuineIntel,6,85,21
pilot-013-modal-t4-rep2-20260811T175407Z.csv,20260811T175407Z,Tesla T4,modal,128,8,1,1,compiled-gpu-resident,,30,6.7914758666666675,0.5001726713669256,6.5946915,6.365019,8.842435,6.547343969345093,1359.082306,805.0160522460938,True,True,7.152557373046875e-06,3.788546109717572e-06,0.0,0,0.07364712489399096,7.4767790000000005,0.013578383870400694,1350.930797,7.4767790000000005,0.013578383870400694,1350.930797,8.0,1.133757204563701,1.133757204563701,0.8820875000000008,8.151509000000033,9.241156914705202,1182.868085082266,True,1.0942605867098818,1.1493618738799298,1.0939102206305247,1.1495945020071636,T4,2,GenuineIntel,6,85,21
pilot-013-modal-t4-rep2-20260811T175407Z.csv,20260811T175407Z,Tesla T4,modal,128,8,1,64,compiled-gpu-resident,,30,0.26485416666666667,0.029760015969224625,0.2631,0.230385,0.325192,0.22385599464178085,15159.977062,32.11669921875,True,True,7.152557373046875e-06,3.788546109717572e-06,0.0,0,0.11236378246855833,0.9777075,0.06498531839001595,20290.506455,0.9777075,0.06498531839001595,20290.506455,8.0,3.7161060433295323,3.7161060433295323,0.7146075,0.0,0.0,0.0,False,3.5181423984152946,4.170823485891613,3.5177569678186194,4.178453061604255,T4,2,GenuineIntel,6,85,21
pilot-013-modal-t4-rep2-20260811T175407Z.csv,20260811T175407Z,Tesla T4,modal,256,8,1,1,compiled-gpu-resident,,30,6.9986869,0.7906683170683391,6.7670645,6.417135,10.854285,6.7072319984436035,1395.130835,413.0288391113281,True,True,8.106231689453125e-06,5.083974883746123e-06,0.0,0,0.11297380899670466,9.195844000000001,0.04779870091340004,1329.151448,7.638473,0.016651886875620157,1329.151448,1.0,1.3589118294941627,1.128772010374661,0.8714085000000003,65.97938699999986,75.71579460149843,19383.2434179836,False,1.300256861434669,1.383327372187838,1.0785712334948816,1.1524750896484377,T4,2,GenuineIntel,6,85,21
pilot-013-modal-t4-rep2-20260811T175407Z.csv,20260811T175407Z,Tesla T4,modal,256,8,1,64,compiled-gpu-resident,,30,0.2687938666666667,0.032741945082336084,0.26058950000000003,0.236134,0.338552,0.22913599759340286,14629.158511,15.905120849609375,True,True,8.106231689453125e-06,5.083974883746123e-06,0.0,0,0.12181061081627884,2.30092,0.0442763496314505,18730.597785,1.161596,0.04969549333884484,18730.597785,1.0,8.829672722807327,4.45757023978326,0.9010065,0.0,0.0,0.0,False,8.394471694633967,9.497248752672274,4.24155950845604,4.786266150640056,T4,2,GenuineIntel,6,85,21
pilot-014-modal-t4-rep3-20260811T175413Z.csv,20260811T175413Z,Tesla T4,modal,8,8,1,1,compiled-gpu-resident,,30,6.163396133333333,0.07113510581534911,6.1604255000000006,6.048052,6.352026,6.115823984146118,1053.155891,12032.0810546875,True,True,3.337860107421875e-06,3.409520331842941e-06,0.0,0,0.011541543700336084,6.496247,0.01951431959168496,1337.106457,6.3286545,0.03064334430196117,1337.106457,1.0,1.054512711824857,1.0273080163050425,0.1682289999999993,0.0,0.0,0.0,True,1.0406168223103112,1.0597859610190452,1.0200111057606656,1.034749253267211,T4,3,GenuineIntel,6,85,24
pilot-014-modal-t4-rep3-20260811T175413Z.csv,20260811T175413Z,Tesla T4,modal,8,8,1,64,compiled-gpu-resident,,30,0.24845663333333334,0.024000991628196976,0.2415215,0.224358,0.312926,0.2072480022907257,12205.269781,471.7216796875,True,True,3.337860107421875e-06,3.409520331842941e-06,0.0,0,0.09660032540164411,0.825626,0.04610185263570898,17920.050294,0.79193,0.13927827715229185,17920.050294,1.0,3.418436867939293,3.2789213382659517,0.5504085000000001,0.0,0.0,0.0,False,3.1929844819386517,3.6079409694768576,3.0839264570322515,3.5556798065713915,T4,3,GenuineIntel,6,85,24
pilot-014-modal-t4-rep3-20260811T175413Z.csv,20260811T175413Z,Tesla T4,modal,16,8,1,1,compiled-gpu-resident,,30,6.2416452,0.23702441046053788,6.1963335,5.968289,7.147271,6.143680095672607,1054.951868,6051.10693359375,True,True,3.576278686523437e-06,4.270080353308003e-06,0.0,0,0.03797466899601052,6.9415695,0.024583509580842565,1338.748545,6.9415695,0.024583509580842565,1338.748545,8.0,1.1202704793084493,1.1202704793084493,0.7452360000000002,0.0,0.0,0.0,True,1.1051315225066265,1.1372819890983132,1.1056532157632635,1.1374502657139303,T4,3,GenuineIntel,6,85,24
pilot-014-modal-t4-rep3-20260811T175413Z.csv,20260811T175413Z,Tesla T4,modal,16,8,1,64,compiled-gpu-resident,,30,0.2594868,0.03140842882631876,0.25556049999999997,0.225032,0.322649,0.21999999880790705,12665.401716,249.57080078125,True,True,3.576278686523437e-06,4.270080353308003e-06,0.0,0,0.12104056478525596,0.7833895,0.062043576127344124,18548.899097,0.7705355,0.07276806801741646,18548.899097,1.0,3.065377865515211,3.0150805777888214,0.5149750000000001,0.0,0.0,0.0,False,2.903438584522291,3.3483942084329406,2.8169607012633056,3.3083589020638664,T4,3,GenuineIntel,6,85,24
pilot-014-modal-t4-rep3-20260811T175413Z.csv,20260811T175413Z,Tesla T4,modal,32,8,1,1,compiled-gpu-resident,,30,6.1289271,0.1552494438136183,6.1470365000000005,5.796518,6.475689,6.084352016448975,1297.63451,3001.482666015625,True,True,6.437301635742188e-06,3.752460088435328e-06,0.0,0,0.025330607018252557,7.20974,0.029529126331356542,1435.216754,7.080534,0.019785399351413883,1435.216754,1.0,1.172880623044942,1.1518613888171967,0.9334974999999996,0.0,0.0,0.0,True,1.1618924329775864,1.1937218819529798,1.136602987383663,1.1616914443586175,T4,3,GenuineIntel,6,85,24
pilot-014-modal-t4-rep3-20260811T175413Z.csv,20260811T175413Z,Tesla T4,modal,32,8,1,64,compiled-gpu-resident,,30,0.2478243,0.02337615691129274,0.2356355,0.227373,0.322224,0.2040160000324249,13511.924584,115.056396484375,True,True,6.437301635742188e-06,3.752460088435328e-06,0.0,0,0.09432552381381785,0.8052919999999999,0.10487060788597272,17958.667791,0.8052919999999999,0.10487060788597272,17958.667791,8.0,3.417532587407245,3.417532587407245,0.5696564999999999,0.0,0.0,0.0,False,3.2849533030728533,3.4505623459100843,3.2793624695616885,3.4501136425802357,T4,3,GenuineIntel,6,85,24
pilot-014-modal-t4-rep3-20260811T175413Z.csv,20260811T175413Z,Tesla T4,modal,64,8,1,1,compiled-gpu-resident,,30,6.179417166666667,0.1270024048607724,6.167933,5.923998,6.572025,6.121392011642456,1219.171403,1505.843017578125,True,True,1.239776611328125e-05,3.507115479806089e-06,0.0,0,0.020552489245402525,6.9298660000000005,0.013381445799094503,1432.060957,6.9298660000000005,0.013381445799094503,1432.060957,8.0,1.1235313353760492,1.1235313353760492,0.7619330000000009,0.0,0.0,0.0,True,1.114621291356724,1.1311183399899978,1.1149298071252867,1.1310691971384244,T4,3,GenuineIntel,6,85,24
pilot-014-modal-t4-rep3-20260811T175413Z.csv,20260811T175413Z,Tesla T4,modal,64,8,1,64,compiled-gpu-resident,,30,0.2574170666666667,0.03213902256408422,0.248214,0.226862,0.349014,0.21595200151205057,12771.693814,60.59912109375,True,True,1.239776611328125e-05,3.507115479806089e-06,0.0,0,0.12485194932976815,0.86056,0.1056080379875896,19178.44029,0.86056,0.1056080379875896,19178.44029,8.0,3.467008307347692,3.467008307347692,0.6123460000000001,0.0,0.0,0.0,False,3.2902099100711886,3.669488644090847,3.305749099075934,3.6714340360421627,T4,3,GenuineIntel,6,85,24
pilot-014-modal-t4-rep3-20260811T175413Z.csv,20260811T175413Z,Tesla T4,modal,128,8,1,1,compiled-gpu-resident,,30,6.051744233333333,0.2425896545337533,6.01282,5.85115,6.915649,5.966079950332642,1869.119735,733.98681640625,True,True,1.2874603271484377e-05,4.915643785352586e-06,0.0,0,0.04008590667093239,7.354642,0.020549960264164766,24630.394056,7.010752999999999,0.018811617652659488,24630.394056,1.0,1.2231601810797597,1.1659675493362516,0.9979329999999997,0.0,0.0,0.0,True,1.2102688311027323,1.2372434330307376,1.1512607053725858,1.1805491452995032,T4,3,GenuineIntel,6,85,24
pilot-014-modal-t4-rep3-20260811T175413Z.csv,20260811T175413Z,Tesla T4,modal,128,8,1,64,compiled-gpu-resident,,30,0.2512933333333333,0.028157085467480268,0.239045,0.226878,0.325227,0.20796800404787058,14866.082706,29.1802978515625,True,True,1.2874603271484377e-05,4.915643785352586e-06,0.0,0,0.1120486767157118,1.0120930000000001,0.07827267027325455,20492.819181,0.9811829999999999,0.1385456528848528,20492.819181,1.0,4.233901566650631,4.104595369072769,0.742138,0.0,0.0,0.0,False,3.9222636524240575,4.498020196735697,3.764063126662411,4.234271099744245,T4,3,GenuineIntel,6,85,24
pilot-014-modal-t4-rep3-20260811T175413Z.csv,20260811T175413Z,Tesla T4,modal,256,8,1,1,compiled-gpu-resident,,30,6.170761833333333,0.10814479887858008,6.158647,5.994553,6.512829,6.105792045593262,1394.871411,375.89398193359375,True,True,1.430511474609375e-05,4.785815235663904e-06,0.0,0,0.017525356155280787,9.150224000000001,0.06651345382373228,1325.609767,7.5292984999999994,0.025679600749897242,1325.609767,1.0,1.4857523089081095,1.2225572434984502,1.3706514999999992,69.26164400000016,50.53191420284456,12936.170035928208,True,1.4672459289409394,1.5214549395011367,1.206908586079905,1.2331438176500211,T4,3,GenuineIntel,6,85,24
pilot-014-modal-t4-rep3-20260811T175413Z.csv,20260811T175413Z,Tesla T4,modal,256,8,1,64,compiled-gpu-resident,,30,0.249051,0.025527643930074877,0.2406185,0.225986,0.339263,0.2095839977264404,13919.436891,14.686187744140625,True,True,1.430511474609375e-05,4.785815235663904e-06,0.0,0,0.10249966444653857,2.005461,0.1196808219167614,19680.189163,1.141483,0.06663744175375454,19680.189163,1.0,8.334608519295067,4.74395360290252,0.9008645,0.0,0.0,0.0,False,7.992841573935987,8.927294519037142,4.6625486646561844,4.83805213861397,T4,3,GenuineIntel,6,85,24
pilot-015-modal-l4-rep1-20260811T175410Z.csv,20260811T175410Z,NVIDIA L4,modal,8,8,1,1,compiled-gpu-resident,,30,7.924227566666667,0.6348214780380325,7.6732005,7.446813,10.050244,7.620543956756592,2002.218563,14986.7197265625,True,True,4.410743713378906e-06,3.2164530239242595e-06,0.0,0,0.08011146483329361,7.433847,0.029059628339727316,27496.641934,6.852423,0.04587928652253593,27496.641934,1.0,0.9688065625288952,0.893033226487435,-0.8207775000000002,0.0,,,True,0.9556341129126892,0.982619465890931,0.8832469133653549,0.9011332140013153,L4,1,GenuineIntel,6,85,24
pilot-015-modal-l4-rep1-20260811T175410Z.csv,20260811T175410Z,NVIDIA L4,modal,8,8,1,64,compiled-gpu-resident,,30,0.40669513333333335,0.10180684181118586,0.375464,0.31111,0.731068,0.3228159993886947,17590.162854,733.328125,True,True,4.410743713378906e-06,3.2164530239242595e-06,0.0,0,0.2503271700764205,0.911739,0.10474288752936073,23895.602233,0.9088105,0.10991549528039835,23895.602233,1.0,2.428299384228581,2.420499701702427,0.5333465,0.0,0.0,0.0,False,2.163853684981026,2.6322026200166095,2.21490337364065,2.6031401779854706,L4,1,GenuineIntel,6,85,24
pilot-015-modal-l4-rep1-20260811T175410Z.csv,20260811T175410Z,NVIDIA L4,modal,16,8,1,1,compiled-gpu-resident,,30,7.873554766666667,0.15050510933925,7.8605955000000005,7.586135,8.252901,7.80404806137085,1445.798969,7676.36279296875,True,True,2.1457672119140625e-06,3.260239054725389e-06,0.0,0,0.019115267982439847,8.50587,0.017432813152870815,1696.400496,8.4839465,0.02446344114346782,1696.400496,1.0,1.0820897729694905,1.0793007349125139,0.6233509999999995,0.0,0.0,0.0,True,1.0735713113492347,1.0903779932840747,1.0693286710337402,1.0902531158799418,L4,1,GenuineIntel,6,85,24
pilot-015-modal-l4-rep1-20260811T175410Z.csv,20260811T175410Z,NVIDIA L4,modal,16,8,1,64,compiled-gpu-resident,,30,0.377667,0.10422816811373412,0.34007,0.311431,0.800187,0.29179200530052185,17755.030736,332.099609375,True,True,2.1457672119140625e-06,3.260239054725389e-06,0.0,0,0.2759790188545309,0.9700845,0.07750352697852712,23182.158126,0.9700845,0.07750352697852712,23182.158126,8.0,2.852602405387126,2.852602405387126,0.6300145,0.0,0.0,0.0,False,2.6893464787786154,3.0374477524105568,2.6922136200875895,3.0388189788469955,L4,1,GenuineIntel,6,85,24
pilot-015-modal-l4-rep1-20260811T175410Z.csv,20260811T175410Z,NVIDIA L4,modal,32,8,1,1,compiled-gpu-resident,,30,7.972919133333333,0.15185433347301405,7.9641795,7.664699,8.399307,7.908783912658691,1605.06943,3888.759521484375,True,True,5.960464477539063e-06,3.8327552829287015e-06,0.0,0,0.019046265355701218,8.522224,0.014738646128948471,1621.791831,8.522224,0.014738646128948471,1621.791831,8.0,1.0700693021798415,1.0700693021798415,0.5580444999999994,0.0,0.0,0.0,True,1.061935915328052,1.0800261166580074,1.0614692975431221,1.0800183848211677,L4,1,GenuineIntel,6,85,24
pilot-015-modal-l4-rep1-20260811T175410Z.csv,20260811T175410Z,NVIDIA L4,modal,32,8,1,64,compiled-gpu-resident,,30,0.36012833333333333,0.05289477618581183,0.340736,0.297331,0.536483,0.3003839999437332,17950.560917,166.375,True,True,5.960464477539063e-06,3.8327552829287015e-06,0.0,0,0.14687757471404683,0.9110535,0.088033142871575,22718.708914,0.9110535,0.088033142871575,22718.708914,8.0,2.6737811678249437,2.6737811678249437,0.5703175,0.0,0.0,0.0,False,2.4972571420696497,2.7452743138075193,2.506586584090892,2.7414153491651976,L4,1,GenuineIntel,6,85,24
pilot-015-modal-l4-rep1-20260811T175410Z.csv,20260811T175410Z,NVIDIA L4,modal,64,8,1,1,compiled-gpu-resident,,30,7.723523633333333,0.1517941479312401,7.697405,7.399181,8.131571,7.644207954406738,1143.945849,1879.249267578125,True,True,4.529953002929688e-06,4.605160484061344e-06,0.0,0,0.01965348397150285,8.773817000000001,0.058722518398646235,1670.815418,8.6929805,0.022268637413486458,1670.815418,1.0,1.1398408944313052,1.1293391084397926,0.9955755000000011,0.0,0.0,0.0,True,1.1248813855832345,1.1517467355848192,1.1164576130098043,1.1378603547275044,L4,1,GenuineIntel,6,85,24
pilot-015-modal-l4-rep1-20260811T175410Z.csv,20260811T175410Z,NVIDIA L4,modal,64,8,1,64,compiled-gpu-resident,,30,0.362207,0.05739595799657696,0.347823,0.276337,0.530438,0.30135999619960785,18227.06148,84.917724609375,True,True,4.529953002929688e-06,4.605160484061344e-06,0.0,0,0.15846175804602605,1.0483565000000001,0.0793475338465514,23912.272723,0.947094,0.09383722428185116,23912.272723,1.0,3.0140516872087244,2.722919415909816,0.599271,0.0,0.0,0.0,False,2.7201211318033214,3.1753867751590255,2.4676939478111186,2.8535424425149643,L4,1,GenuineIntel,6,85,24
pilot-015-modal-l4-rep1-20260811T175410Z.csv,20260811T175410Z,NVIDIA L4,modal,128,8,1,1,compiled-gpu-resident,,30,8.231968566666668,0.20187200289047677,8.1677885,8.022033,8.780546,8.111088275909424,1924.480838,997.0444946289062,True,True,7.867813110351562e-06,4.265566531103104e-06,0.0,0,0.024522931696788517,8.911633,0.018333580834009513,1674.935986,8.6426005,0.01519226571008952,1674.935986,1.0,1.0910704898884196,1.0581322594237106,0.474812,249.544852,525.5655964887155,67272.39635055559,True,1.0753852681626763,1.1048780411430592,1.0428154249750503,1.0689429473946663,L4,1,GenuineIntel,6,85,24
pilot-015-modal-l4-rep1-20260811T175410Z.csv,20260811T175410Z,NVIDIA L4,modal,128,8,1,64,compiled-gpu-resident,,30,0.37975013333333335,0.08050897954575532,0.3549375,0.310564,0.731376,0.3111199885606766,18608.313496,43.32733154296875,True,True,7.867813110351562e-06,4.265566531103104e-06,0.0,0,0.21200513832364332,1.0944175,0.07097837762214611,24141.568335,1.0944175,0.07097837762214611,24141.568335,8.0,3.083409050889241,3.083409050889241,0.73948,0.0,0.0,0.0,False,2.694517170726539,3.2697848776663583,2.695698861274613,3.268222996795494,L4,1,GenuineIntel,6,85,24
pilot-015-modal-l4-rep1-20260811T175410Z.csv,20260811T175410Z,NVIDIA L4,modal,256,8,1,1,compiled-gpu-resident,,30,7.8545335666666665,0.8935243443671845,7.559446,7.460117,10.946407,7.50870418548584,1877.634241,461.3919677734375,True,True,7.62939453125e-06,5.183574558031978e-06,0.0,0,0.11375905861032323,12.090864,0.042983688619156274,1614.562761,8.861729,0.10821307942358958,1614.562761,1.0,1.599437842402737,1.1722722802702739,1.302283,263.07148000000007,202.00791993752514,51714.02750400644,False,1.5795126837976892,1.640349210733835,1.1612548084105427,1.1796841321669271,L4,1,GenuineIntel,6,85,24
pilot-015-modal-l4-rep1-20260811T175410Z.csv,20260811T175410Z,NVIDIA L4,modal,256,8,1,64,compiled-gpu-resident,,30,0.3803818,0.11266441840396393,0.332958,0.287526,0.76671,0.2943360060453415,19878.47207,20.3221435546875,True,True,7.62939453125e-06,5.183574558031978e-06,0.0,0,0.29618772087403744,2.7600144999999996,0.00998172989239005,23130.369999,1.3109950000000001,0.06200023426461933,23130.369999,1.0,8.289377338883583,3.937418533268461,0.9780370000000002,0.0,0.0,0.0,False,6.974245222374424,8.85618238407361,3.3108312007029355,4.239700553803148,L4,1,GenuineIntel,6,85,24
pilot-016-modal-l4-rep2-20260811T175411Z.csv,20260811T175411Z,NVIDIA L4,modal,8,8,1,1,compiled-gpu-resident,,30,7.515265833333333,0.12027778176545967,7.4946345,7.364888,7.917801,7.439823865890503,1256.17888,14637.9580078125,True,True,6.437301635742188e-06,3.010847649420612e-06,0.0,0,0.01600446137673236,6.959801000000001,0.015648106319789953,1567.127033,6.959801000000001,0.015648106319789953,1567.127033,8.0,0.928637814158916,0.928637814158916,-0.5348334999999995,0.0,,,True,0.920241439612192,0.9360109456997812,0.9203667370790611,0.9355762301832407,L4,2,GenuineIntel,6,85,21
pilot-016-modal-l4-rep2-20260811T175411Z.csv,20260811T175411Z,NVIDIA L4,modal,8,8,1,64,compiled-gpu-resident,,30,0.3381289,0.03181786100588246,0.33362899999999995,0.296504,0.421513,0.2939519882202148,15313.140651,651.619140625,True,True,6.437301635742188e-06,3.010847649420612e-06,0.0,0,0.09409979746150789,0.929026,0.04402725157605814,20626.186694,0.8624525000000001,0.05691259236770063,20626.186694,1.0,2.7846080526572936,2.58506454774615,0.5288235000000001,0.0,0.0,0.0,True,2.5824137871017303,2.8747557222157147,2.4066550083939564,2.6871441696713276,L4,2,GenuineIntel,6,85,21
pilot-016-modal-l4-rep2-20260811T175411Z.csv,20260811T175411Z,NVIDIA L4,modal,16,8,1,1,compiled-gpu-resident,,30,7.792933233333333,0.13627271376726657,7.760696,7.611721,8.155643,7.708672046661377,1228.2902,7578.8046875,True,True,7.62939453125e-06,3.954511612391798e-06,0.0,0,0.017486703618141686,8.026293,0.012452653504679476,1491.458088,8.026293,0.012452653504679476,1491.458088,8.0,1.034223348008993,1.034223348008993,0.2655970000000005,0.0,0.0,0.0,True,1.0280075378754752,1.0439083905280233,1.0282203953235838,1.0436319867515584,L4,2,GenuineIntel,6,85,21
pilot-016-modal-l4-rep2-20260811T175411Z.csv,20260811T175411Z,NVIDIA L4,modal,16,8,1,64,compiled-gpu-resident,,30,0.3326183,0.03499759177641051,0.328285,0.287927,0.443968,0.28671999275684357,15401.019565,320.5908203125,True,True,7.62939453125e-06,3.954511612391798e-06,0.0,0,0.10521847948958464,0.937347,0.044870890864717745,21268.236918,0.8934565000000001,0.06000509739569334,21268.236918,1.0,2.855284280427068,2.721587949495104,0.5651715000000002,0.0,0.0,0.0,False,2.720255481907986,2.951909913793298,2.6221371299374376,2.832412865551848,L4,2,GenuineIntel,6,85,21
pilot-016-modal-l4-rep2-20260811T175411Z.csv,20260811T175411Z,NVIDIA L4,modal,32,8,1,1,compiled-gpu-resident,,30,7.489947099999999,0.06600787907533552,7.497839,7.31681,7.595563,7.445456027984619,1443.519765,3661.05419921875,True,True,9.5367431640625e-06,5.009530013921904e-06,0.0,0,0.008812863187690008,8.4395715,0.01248791153177882,1483.095169,8.147870000000001,0.011226089019540976,1483.095169,1.0,1.1256005230307025,1.0866957799440613,0.6500310000000011,0.0,0.0,0.0,True,1.1188843426065411,1.1315097075172402,1.0799610553478554,1.0928239251704852,L4,2,GenuineIntel,6,85,21
pilot-016-modal-l4-rep2-20260811T175411Z.csv,20260811T175411Z,NVIDIA L4,modal,32,8,1,64,compiled-gpu-resident,,30,0.3298944,0.028733909603043263,0.3302165,0.291012,0.407829,0.2900959998369217,15944.166342,161.238525390625,True,True,9.5367431640625e-06,5.009530013921904e-06,0.0,0,0.0871003254466983,0.9134785000000001,0.04774593941903947,21544.690581,0.9080524999999999,0.043068429399383185,21544.690581,1.0,2.7663018050279136,2.7498701609398677,0.5778359999999999,0.0,0.0,0.0,True,2.726542239421669,2.940519545126952,2.7061267802248175,2.9238358284092554,L4,2,GenuineIntel,6,85,21
pilot-016-modal-l4-rep2-20260811T175411Z.csv,20260811T175411Z,NVIDIA L4,modal,64,8,1,1,compiled-gpu-resident,,30,7.609120666666667,0.16746461206997468,7.5958380000000005,7.35363,8.35337,7.546000003814697,1053.607343,1854.45263671875,True,True,6.67572021484375e-06,3.825154180958634e-06,0.0,0,0.02200840536063361,8.6801005,0.012043200280527359,1576.573194,8.529561999999999,0.011480439120513008,1576.573194,1.0,1.1427442897018076,1.1229257390692111,0.933723999999998,0.0,0.0,0.0,True,1.1367855863728615,1.1512968849993086,1.1164654553102362,1.1320330335137112,L4,2,GenuineIntel,6,85,21
pilot-016-modal-l4-rep2-20260811T175411Z.csv,20260811T175411Z,NVIDIA L4,modal,64,8,1,64,compiled-gpu-resident,,30,0.3334187,0.031241014658728635,0.3306395,0.283198,0.401169,0.2913760095834732,17296.361596,80.7225341796875,True,True,6.67572021484375e-06,3.825154180958634e-06,0.0,0,0.09369904765008272,0.9905165,0.04444611779363818,45624.497669,0.9387890000000001,0.03397268200449538,45624.497669,1.0,2.995759732276392,2.8393129072600223,0.6081495000000001,0.0,0.0,0.0,True,2.8679273366046885,3.1017463568957218,2.7609043253605696,2.906252310114396,L4,2,GenuineIntel,6,85,21
pilot-016-modal-l4-rep2-20260811T175411Z.csv,20260811T175411Z,NVIDIA L4,modal,128,8,1,1,compiled-gpu-resident,,30,7.6843297,0.09131220407996608,7.6841715,7.483886,7.836573,7.634160041809082,1654.46641,938.0092163085938,True,True,7.152557373046875e-06,3.788546109717572e-06,0.0,0,0.011882910760578907,8.627956000000001,0.013807574590589695,1507.984518,8.627956000000001,0.013807574590589695,1507.984518,8.0,1.1228218943317443,1.1228218943317443,0.9437845000000014,146.48189200000002,155.20692700505234,19866.4866566467,True,1.1141931672499141,1.1364170956321793,1.1143069032021462,1.1362558993278915,L4,2,GenuineIntel,6,85,21
pilot-016-modal-l4-rep2-20260811T175411Z.csv,20260811T175411Z,NVIDIA L4,modal,128,8,1,64,compiled-gpu-resident,,30,0.33328136666666663,0.0303680105901876,0.318911,0.301502,0.403045,0.2777920067310333,17300.505852,38.9295654296875,True,True,7.152557373046875e-06,3.788546109717572e-06,0.0,0,0.09111823710372728,1.0921159999999999,0.033831318610924074,21947.96435,1.0899109999999999,0.029546108824785988,21947.96435,1.0,3.424516557911141,3.4176024031783157,0.7709999999999999,0.0,0.0,0.0,True,3.2000781672186287,3.53350956980089,3.2037636541232826,3.5282179459960243,L4,2,GenuineIntel,6,85,21
pilot-016-modal-l4-rep2-20260811T175411Z.csv,20260811T175411Z,NVIDIA L4,modal,256,8,1,1,compiled-gpu-resident,,30,7.6487987,0.08038250965320921,7.6530565,7.49791,7.858367,7.602352142333984,1691.717245,467.1054992675781,True,True,8.106231689453125e-06,5.083974883746123e-06,0.0,0,0.010509167884521423,11.4910225,0.015730332525005324,1491.30097,8.903075999999999,0.014593713058330335,1491.30097,1.0,1.501494533589292,1.1633359821660796,1.2500194999999987,200.41627500000004,160.33051884390622,41044.61282403999,True,1.4945432711478752,1.5157258882410114,1.1533278123866566,1.1698231730527955,L4,2,GenuineIntel,6,85,21
pilot-016-modal-l4-rep2-20260811T175411Z.csv,20260811T175411Z,NVIDIA L4,modal,256,8,1,64,compiled-gpu-resident,,30,0.3457922,0.034177757500335255,0.33739549999999996,0.305374,0.4284,0.2930239886045456,17043.825695,20.592987060546875,True,True,8.106231689453125e-06,5.083974883746123e-06,0.0,0,0.09883900649099446,2.2505360000000003,0.029279721515532323,21178.739165,1.284937,0.022119657532100653,21178.739165,1.0,6.670320143570382,3.8083999342018497,0.9475415,0.0,0.0,0.0,True,6.240014356622965,7.045829979296328,3.5626826296142284,4.033752574148261,L4,2,GenuineIntel,6,85,21
pilot-017-modal-l4-rep3-20260811T175411Z.csv,20260811T175411Z,NVIDIA L4,modal,8,8,1,1,compiled-gpu-resident,,30,8.0156657,0.11813190423921377,8.013027000000001,7.797012,8.396136,7.960560083389282,1401.543692,15650.443359375,True,True,3.337860107421875e-06,3.409520331842941e-06,0.0,0,0.014737628621315104,7.312995,0.03680468299593312,1599.604789,7.312995,0.03680468299593312,1599.604789,8.0,0.9126382576771548,0.9126382576771548,-0.7000320000000011,0.0,,,True,0.9037074925580205,0.9202502884503433,0.9037840401788575,0.920321388426847,L4,3,GenuineIntel,6,85,24
pilot-017-modal-l4-rep3-20260811T175411Z.csv,20260811T175411Z,NVIDIA L4,modal,8,8,1,64,compiled-gpu-resident,,30,0.41061586666666666,0.08805169271737714,0.3945435,0.323578,0.77929,0.3452160060405731,17518.706168,770.5927734375,True,True,3.337860107421875e-06,3.409520331842941e-06,0.0,0,0.2144381156825986,0.924238,0.09529340684189287,22567.741345,0.8857444999999999,0.0497855244377009,22567.741345,1.0,2.3425503144773643,2.2449856606432497,0.49120099999999994,0.0,0.0,0.0,False,2.236918563060366,2.498425460278518,2.192835368219698,2.3897047648055985,L4,3,GenuineIntel,6,85,24
pilot-017-modal-l4-rep3-20260811T175411Z.csv,20260811T175411Z,NVIDIA L4,modal,16,8,1,1,compiled-gpu-resident,,30,8.086271700000001,0.24135184509630261,7.9936585000000004,7.832837,8.889296,7.940576076507568,1432.974208,7806.30712890625,True,True,3.576278686523437e-06,4.270080353308003e-06,0.0,0,0.02984711051649459,8.6598495,0.04262053196624223,1760.44429,8.4601085,0.01389380625972019,1760.44429,1.0,1.083339937526728,1.0583525053015461,0.46645000000000003,0.0,0.0,0.0,True,1.074893136914021,1.0941984989998392,1.0503714380626772,1.0693494242872834,L4,3,GenuineIntel,6,85,24
pilot-017-modal-l4-rep3-20260811T175411Z.csv,20260811T175411Z,NVIDIA L4,modal,16,8,1,64,compiled-gpu-resident,,30,0.38125006666666666,0.08374022455144502,0.352335,0.311431,0.720732,0.3014239966869354,17118.870606,344.0771484375,True,True,3.576278686523437e-06,4.270080353308003e-06,0.0,0,0.21964645221861823,0.9200265000000001,0.0396326138118347,22021.005047,0.906108,0.028659948109766735,22021.005047,1.0,2.611226531567968,2.5717229341393844,0.5537730000000001,0.0,0.0,0.0,False,2.4081350062842524,2.730133922636264,2.376920866405718,2.68352577847426,L4,3,GenuineIntel,6,85,24
pilot-017-modal-l4-rep3-20260811T175411Z.csv,20260811T175411Z,NVIDIA L4,modal,32,8,1,1,compiled-gpu-resident,,30,7.7702371,0.1257337790523406,7.7490369999999995,7.668763,8.387152,7.695919990539551,1544.713703,3783.70947265625,True,True,6.437301635742188e-06,3.752460088435328e-06,0.0,0,0.0161814597719728,8.833939,0.018345032330664403,1683.6768,8.833939,0.018345032330664403,1683.6768,8.0,1.1400047515581615,1.1400047515581615,1.0849020000000014,0.0,0.0,0.0,True,1.1351691173137664,1.148882104770232,1.1351903592274675,1.1484285929351832,L4,3,GenuineIntel,6,85,24
pilot-017-modal-l4-rep3-20260811T175411Z.csv,20260811T175411Z,NVIDIA L4,modal,32,8,1,64,compiled-gpu-resident,,30,0.33284543333333333,0.027487515922039362,0.3260845,0.306442,0.426691,0.2797439992427826,17349.258578,159.220947265625,True,True,6.437301635742188e-06,3.752460088435328e-06,0.0,0,0.08258342512547424,0.9690115,0.035776139580268006,22348.849296,0.967752,0.038331686057643644,22348.849296,1.0,2.9716576531543204,2.9677951573901855,0.6416675,0.0,0.0,0.0,True,2.8115964948333745,3.1165012978788074,2.8145329499147254,3.1088208681835234,L4,3,GenuineIntel,6,85,24
pilot-017-modal-l4-rep3-20260811T175411Z.csv,20260811T175411Z,NVIDIA L4,modal,64,8,1,1,compiled-gpu-resident,,30,7.970609166666667,0.27643481354824695,7.9255815,7.802877,9.387955,7.871984004974365,1675.184201,1934.9564208984375,True,True,1.239776611328125e-05,3.507115479806089e-06,0.0,0,0.034681767449382145,8.73175,0.013229719082339528,1664.89104,8.73175,0.013229719082339528,1664.89104,8.0,1.1017172683165266,1.1017172683165266,0.8061685000000001,10.293161000000055,12.76800197477333,817.1521263854931,True,1.0940687736449175,1.1093719417021983,1.0938915818340345,1.109489036677399,L4,3,GenuineIntel,6,85,24
pilot-017-modal-l4-rep3-20260811T175411Z.csv,20260811T175411Z,NVIDIA L4,modal,64,8,1,64,compiled-gpu-resident,,30,0.3503716333333333,0.029369847713649967,0.3484625,0.307696,0.425266,0.30348800122737885,16467.858887,85.0738525390625,True,True,1.239776611328125e-05,3.507115479806089e-06,0.0,0,0.08382484459210872,1.0330685000000002,0.09051015301006408,22796.444488,1.0330685000000002,0.09051015301006408,22796.444488,8.0,2.96464755891954,2.96464755891954,0.6846060000000002,0.0,0.0,0.0,True,2.8361166316901305,3.0832865578211024,2.836860545630799,3.0898759945416723,L4,3,GenuineIntel,6,85,24
pilot-017-modal-l4-rep3-20260811T175411Z.csv,20260811T175411Z,NVIDIA L4,modal,128,8,1,1,compiled-gpu-resident,,30,8.1113701,0.30311000466819854,8.028969,7.827717,9.359083,7.971776008605957,2677.713393,980.0987548828125,True,True,1.2874603271484377e-05,4.915643785352586e-06,0.0,0,0.03736853342053749,8.969655,0.018377947777876377,28737.53889,8.969655,0.018377947777876377,28737.53889,8.0,1.1171614935865364,1.1171614935865364,0.9406859999999995,0.0,0.0,0.0,True,1.1025588071461763,1.1282916970209886,1.1015342002136845,1.1281082180373707,L4,3,GenuineIntel,6,85,24
pilot-017-modal-l4-rep3-20260811T175411Z.csv,20260811T175411Z,NVIDIA L4,modal,128,8,1,64,compiled-gpu-resident,,30,0.3493683,0.02850987334016786,0.345892,0.311535,0.438535,0.30401600897312164,18960.771965,42.22314453125,True,True,1.2874603271484377e-05,4.915643785352586e-06,0.0,0,0.08160406465087948,1.077414,0.026511838348302588,25576.263287,1.077414,0.026511838348302588,25576.263287,8.0,3.114885571218762,3.114885571218762,0.7315220000000001,0.0,0.0,0.0,True,3.02690126156473,3.1799626824074845,3.0228905580710097,3.1789394917542104,L4,3,GenuineIntel,6,85,24
pilot-017-modal-l4-rep3-20260811T175411Z.csv,20260811T175411Z,NVIDIA L4,modal,256,8,1,1,compiled-gpu-resident,,30,8.001400533333333,0.13504338782284475,7.9778579999999994,7.730579,8.405434,7.925136089324951,1716.15437,486.9298095703125,True,True,1.430511474609375e-05,4.785815235663904e-06,0.0,0,0.01687746879565177,12.292562,0.039686589220074106,1584.616964,9.1568225,0.020737972402109117,1584.616964,1.0,1.540834895782803,1.1477795794309702,1.178964500000001,131.53740599999992,111.57028561928692,28561.99311853745,True,1.521337666996662,1.5621172023189958,1.1360737108355767,1.1574083142555687,L4,3,GenuineIntel,6,85,24
pilot-017-modal-l4-rep3-20260811T175411Z.csv,20260811T175411Z,NVIDIA L4,modal,256,8,1,64,compiled-gpu-resident,,30,0.38504429999999995,0.09822773608625535,0.3431225,0.307336,0.750376,0.3034079968929291,18238.520226,20.942535400390625,True,True,1.430511474609375e-05,4.785815235663904e-06,0.0,0,0.2551076229053523,2.8652249999999997,0.12156432275773021,22859.799312,1.258693,0.02236934975685233,22859.799312,1.0,8.350443354778541,3.668348767568434,0.9155705000000001,0.0,0.0,0.0,False,6.844504201449515,9.38988963686254,3.0305573746853245,3.945542747674297,L4,3,GenuineIntel,6,85,24
pilot-018-modal-a10-rep1-20260811T180124Z.csv,20260811T180124Z,NVIDIA A10,modal,8,8,1,1,compiled-gpu-resident,,30,4.780705866666667,0.1848456462516453,4.844595999999999,4.471037,5.232943,4.795520067214966,1210.512507,9462.1015625,True,True,4.410743713378906e-06,3.2164530239242595e-06,0.0,0,0.03866492760838441,4.1880305,0.022089917314173053,20921.577808,4.000907,0.04481809232071427,20921.577808,1.0,0.8644746641412412,0.8258494619571994,-0.8436889999999995,0.0,,,True,0.8592616472571513,0.9032216245863657,0.8165247833663798,0.8798983120279311,A10,1,GenuineIntel,6,106,24
pilot-018-modal-a10-rep1-20260811T180124Z.csv,20260811T180124Z,NVIDIA A10,modal,8,8,1,64,compiled-gpu-resident,,30,0.20682119999999998,0.07211763904057181,0.17092000000000002,0.161173,0.476346,0.14788799732923505,11180.546001,333.828125,True,True,4.410743713378906e-06,3.2164530239242595e-06,0.0,0,0.3486955836276543,0.47014049999999996,0.1679770912206304,14578.340324,0.47014049999999996,0.1679770912206304,14578.340324,8.0,2.7506465012871515,2.7506465012871515,0.29922049999999994,0.0,0.0,0.0,False,2.455468976524399,2.9007635055616703,2.450227007783871,2.9336411174067534,A10,1,GenuineIntel,6,106,24
pilot-018-modal-a10-rep1-20260811T180124Z.csv,20260811T180124Z,NVIDIA A10,modal,16,8,1,1,compiled-gpu-resident,,30,4.579099733333334,0.07511116912212192,4.5671420000000005,4.430922,4.716918,4.531680107116699,1578.100853,4460.099609375,True,True,2.1457672119140625e-06,3.260239054725389e-06,0.0,0,0.016403042846032334,4.200266,0.03530521996060195,1234.92414,4.200266,0.03530521996060195,1234.92414,8.0,0.9196705510798656,0.9196705510798656,-0.3668760000000004,343.17671299999984,,,True,0.9083513974318549,0.9280066948113174,0.9084244055262607,0.9281703633627449,A10,1,GenuineIntel,6,106,24
pilot-018-modal-a10-rep1-20260811T180124Z.csv,20260811T180124Z,NVIDIA A10,modal,16,8,1,64,compiled-gpu-resident,,30,0.2083582333333333,0.0667260481152721,0.1752675,0.159847,0.450395,0.15187200158834452,10490.127894,171.15966796875,True,True,2.1457672119140625e-06,3.260239054725389e-06,0.0,0,0.3202467550611412,0.5329965,0.15305908912519653,14550.472251,0.4855525,0.15243273507459446,14550.472251,1.0,3.0410458299456544,2.770351034846734,0.31028500000000003,0.0,0.0,0.0,False,2.469194324589299,3.4139736769245888,2.4070505872174546,2.9252315665879953,A10,1,GenuineIntel,6,106,24
pilot-018-modal-a10-rep1-20260811T180124Z.csv,20260811T180124Z,NVIDIA A10,modal,32,8,1,1,compiled-gpu-resident,,30,4.6698843666666665,0.10963120166785004,4.646224,4.437132,4.867986,4.603919982910156,1013.337855,2268.6640625,True,True,5.960464477539063e-06,3.8327552829287015e-06,0.0,0,0.023476213340610848,4.5620305000000005,0.046662387666339816,1073.01965,4.5620305000000005,0.046662387666339816,1073.01965,8.0,0.9818791560630741,0.9818791560630741,-0.08419349999999959,0.0,,,True,0.9526808616353734,0.9937780682855167,0.9526770020190186,0.9942622282277064,A10,1,GenuineIntel,6,106,24
pilot-018-modal-a10-rep1-20260811T180124Z.csv,20260811T180124Z,NVIDIA A10,modal,32,8,1,64,compiled-gpu-resident,,30,0.2228984,0.06776271764315692,0.2108295,0.161944,0.460152,0.1825600042939186,11878.076697,102.944091796875,True,True,5.960464477539063e-06,3.8327552829287015e-06,0.0,0,0.30400719629731265,0.5275894999999999,0.09524376848583645,14737.165971,0.48839449999999995,0.17057533274371214,14737.165971,1.0,2.50244628953728,2.3165377710424773,0.27756499999999995,0.0,0.0,0.0,False,2.1601941253807957,3.2194224748786473,2.0140305360801394,2.9211297806268006,A10,1,GenuineIntel,6,106,24
pilot-018-modal-a10-rep1-20260811T180124Z.csv,20260811T180124Z,NVIDIA A10,modal,64,8,1,1,compiled-gpu-resident,,30,4.935974833333333,0.3609241719128429,4.865754,4.535738,6.676413,4.812896013259888,741.804403,1187.92822265625,True,True,4.529953002929688e-06,4.605160484061344e-06,0.0,0,0.0731211531864934,4.632827000000001,0.0460203497899867,1401.692351,4.632827000000001,0.0460203497899867,1401.692351,8.0,0.9521293102775029,0.9521293102775029,-0.23292699999999922,0.0,,,True,0.9390184612668163,0.9754918018854476,0.9393345239110419,0.9749032771301015,A10,1,GenuineIntel,6,106,24
pilot-018-modal-a10-rep1-20260811T180124Z.csv,20260811T180124Z,NVIDIA A10,modal,64,8,1,64,compiled-gpu-resident,,30,0.19902703333333335,0.06840853893538959,0.166356,0.157974,0.478457,0.14257600158452985,11099.470422,40.6142578125,True,True,4.529953002929688e-06,4.605160484061344e-06,0.0,0,0.3437148099415117,0.5222485,0.13564189729642637,15490.323027,0.5222485,0.13564189729642637,15490.323027,8.0,3.1393427348577747,3.1393427348577747,0.3558925,0.0,0.0,0.0,False,2.8341147894435195,3.608920771483875,2.8241368958270785,3.603863264510178,A10,1,GenuineIntel,6,106,24
pilot-018-modal-a10-rep1-20260811T180124Z.csv,20260811T180124Z,NVIDIA A10,modal,128,8,1,1,compiled-gpu-resident,,30,4.746488533333333,0.08355480623652362,4.742312500000001,4.577762,4.946133,4.696303844451904,1206.677564,578.8955688476562,True,True,7.867813110351562e-06,4.265566531103104e-06,0.0,0,0.017603499018219535,4.9373005,0.05015480234266393,1143.943588,4.8268555,0.022148138067962883,1143.943588,1.0,1.0411166493140214,1.0178273785205,0.08454299999999915,62.733975999999984,742.0363128822092,94980.64804892278,True,1.0258280990373714,1.059494140132227,1.0083993305200636,1.03025665607602,A10,1,GenuineIntel,6,106,24
pilot-018-modal-a10-rep1-20260811T180124Z.csv,20260811T180124Z,NVIDIA A10,modal,128,8,1,64,compiled-gpu-resident,,30,0.2239922,0.06954887851764448,0.19273200000000001,0.166325,0.475422,0.16883199661970133,11475.604362,23.52685546875,True,True,7.867813110351562e-06,4.265566531103104e-06,0.0,0,0.31049687675572846,0.5953565,0.0964567161419253,15723.463415,0.5736195,0.14965632713668572,15723.463415,1.0,3.0890381462341483,2.976254591868501,0.38088749999999993,0.0,0.0,0.0,False,2.584941458863861,3.6698662302020737,2.4634202670822334,3.277319008109813,A10,1,GenuineIntel,6,106,24
pilot-018-modal-a10-rep1-20260811T180124Z.csv,20260811T180124Z,NVIDIA A10,modal,256,8,1,1,compiled-gpu-resident,,30,4.8894801999999995,0.09740607448182402,4.913696,4.577276,5.040511,4.855648040771484,1264.145493,299.908203125,True,True,7.62939453125e-06,5.183574558031978e-06,0.0,0,0.019921560267658723,6.0320265,0.03984978265799076,1203.393699,5.090106499999999,0.02915357118012644,1203.393699,1.0,1.2275945642546873,1.0359017936803578,0.17641049999999936,60.75179400000002,344.3774265137293,88160.6211875147,True,1.2069123339746486,1.2600984671998705,1.0258073633016425,1.0474461765289975,A10,1,GenuineIntel,6,106,24
pilot-018-modal-a10-rep1-20260811T180124Z.csv,20260811T180124Z,NVIDIA A10,modal,256,8,1,64,compiled-gpu-resident,,30,0.19633713333333333,0.05498383011064965,0.168572,0.160576,0.378135,0.144175998866558,11419.509197,10.288818359375,True,True,7.62939453125e-06,5.183574558031978e-06,0.0,0,0.2800480437763156,1.42329,0.05237475200690554,15059.642974,0.674909,0.1065519097268462,15059.642974,1.0,8.443217141636808,4.0036838858173365,0.506337,0.0,0.0,0.0,False,7.685105305295493,8.685652359728921,3.6560192826266644,4.121429879724037,A10,1,GenuineIntel,6,106,24
pilot-019-modal-a10-rep2-20260811T180342Z.csv,20260811T180342Z,NVIDIA A10,modal,8,8,1,1,compiled-gpu-resident,,30,4.550139333333333,0.1192351155526364,4.5104845000000005,4.367292,4.828598,4.475023984909058,867.711067,8809.5400390625,True,True,6.437301635742188e-06,3.010847649420612e-06,0.0,0,0.026204717442199148,4.1940675,0.0361658094722303,1117.056633,4.185608,0.019522264777551326,1117.056633,1.0,0.9298485561806054,0.9279730370429163,-0.32487650000000023,0.0,,,True,0.9220297431130419,0.9443446910564695,0.9132341709504987,0.933629672010517,A10,2,GenuineIntel,6,106,24
pilot-019-modal-a10-rep2-20260811T180342Z.csv,20260811T180342Z,NVIDIA A10,modal,8,8,1,64,compiled-gpu-resident,,30,0.23003823333333334,0.07215783054679192,0.219993,0.159541,0.451465,0.19240000098943705,10326.704295,429.673828125,True,True,6.437301635742188e-06,3.010847649420612e-06,0.0,0,0.3136775548186059,0.518681,0.16406919103064024,13855.611458,0.48409599999999997,0.11247691465332058,13855.611458,1.0,2.35771592732496,2.2005063797484463,0.264103,0.0,0.0,0.0,False,1.8143979887506485,3.2291291141400764,1.7973257415740658,2.913639627549722,A10,2,GenuineIntel,6,106,24
pilot-019-modal-a10-rep2-20260811T180342Z.csv,20260811T180342Z,NVIDIA A10,modal,16,8,1,1,compiled-gpu-resident,,30,4.711508666666666,0.0843960716876019,4.700626,4.544799,4.877269,4.660799980163574,879.5271,4590.455078125,True,True,7.62939453125e-06,3.954511612391798e-06,0.0,0,0.01791274890030311,4.1727005,0.02221699692369453,1074.735868,4.1727005,0.02221699692369453,1074.735868,8.0,0.8876903842169108,0.8876903842169108,-0.5279254999999994,0.0,,,True,0.874700761474053,0.8966447383832555,0.8749046683770345,0.8964196146354293,A10,2,GenuineIntel,6,106,24
pilot-019-modal-a10-rep2-20260811T180342Z.csv,20260811T180342Z,NVIDIA A10,modal,16,8,1,64,compiled-gpu-resident,,30,0.23304880000000003,0.07723127322725847,0.1967375,0.163966,0.459154,0.1713280007243156,10023.035143,192.12646484375,True,True,7.62939453125e-06,3.954511612391798e-06,0.0,0,0.33139528385153005,0.46667400000000003,0.18464922662177183,14467.915501,0.46667400000000003,0.18464922662177183,14467.915501,8.0,2.3720642988754053,2.3720642988754053,0.2699365,0.0,0.0,0.0,False,1.7364538399995526,2.724085284165138,1.7393547576761468,2.723513793362758,A10,2,GenuineIntel,6,106,24
pilot-019-modal-a10-rep2-20260811T180342Z.csv,20260811T180342Z,NVIDIA A10,modal,32,8,1,1,compiled-gpu-resident,,30,4.6667465,0.06556674732470248,4.6560425,4.533107,4.843627,4.619776010513306,991.576619,2273.458251953125,True,True,9.5367431640625e-06,5.009530013921904e-06,0.0,0,0.014049776932323723,4.2098895,0.03781406041052439,1085.075341,4.2098895,0.03781406041052439,1085.075341,8.0,0.9041776358355836,0.9041776358355836,-0.4461529999999998,0.0,,,True,0.8959540747156514,0.9189119874661672,0.8956560042674753,0.9191840098907892,A10,2,GenuineIntel,6,106,24
pilot-019-modal-a10-rep2-20260811T180342Z.csv,20260811T180342Z,NVIDIA A10,modal,32,8,1,64,compiled-gpu-resident,,30,0.24305273333333333,0.07395110735965718,0.252164,0.162121,0.463236,0.21972800046205515,10307.314069,123.126953125,True,True,9.5367431640625e-06,5.009530013921904e-06,0.0,0,0.30425951745310076,0.508072,0.18170930646702543,14087.494542,0.508072,0.18170930646702543,14087.494542,8.0,2.014847480211291,2.014847480211291,0.25590799999999997,0.0,0.0,0.0,False,1.758240788809706,2.9350092473671094,1.7551645808331904,2.9231859523146757,A10,2,GenuineIntel,6,106,24
pilot-019-modal-a10-rep2-20260811T180342Z.csv,20260811T180342Z,NVIDIA A10,modal,64,8,1,1,compiled-gpu-resident,,30,4.707309966666667,0.08623272525674774,4.7088255,4.493719,4.895753,4.665791988372803,958.222708,1149.6156005859375,True,True,6.67572021484375e-06,3.825154180958634e-06,0.0,0,0.018318896751515754,4.3888015,0.0453658877881253,1070.224733,4.3888015,0.0453658877881253,1070.224733,8.0,0.9320374050811608,0.9320374050811608,-0.3200240000000001,0.0,,,True,0.9166874259063706,0.9525383974475176,0.9167975418432525,0.9531315349059383,A10,2,GenuineIntel,6,106,24
pilot-019-modal-a10-rep2-20260811T180342Z.csv,20260811T180342Z,NVIDIA A10,modal,64,8,1,64,compiled-gpu-resident,,30,0.2041968,0.0708158157034975,0.1672555,0.157296,0.462709,0.14566399902105326,11588.32383,40.8338623046875,True,True,6.67572021484375e-06,3.825154180958634e-06,0.0,0,0.34680178976113973,0.5038849999999999,0.17238256195406232,31280.948629,0.497445,0.09330931808715232,31280.948629,1.0,3.012666250138261,2.9741622846483375,0.3301895,0.0,0.0,0.0,False,2.717325640038394,3.553299578927951,2.6910008163893573,3.0633267908298363,A10,2,GenuineIntel,6,106,24
pilot-019-modal-a10-rep2-20260811T180342Z.csv,20260811T180342Z,NVIDIA A10,modal,128,8,1,1,compiled-gpu-resident,,30,4.728348800000001,0.09197699810068695,4.7443729999999995,4.555355,4.909116,4.702704191207886,1178.025485,579.1470947265625,True,True,7.152557373046875e-06,3.788546109717572e-06,0.0,0,0.01945224474571058,4.7335265,0.058879193442702295,1138.081719,4.7335265,0.058879193442702295,1138.081719,8.0,0.9977138180324355,0.9977138180324355,-0.010846499999999537,39.94376599999987,,,True,0.9892089215003826,1.0164310482510643,0.9893035877645598,1.01699294982056,A10,2,GenuineIntel,6,106,24
pilot-019-modal-a10-rep2-20260811T180342Z.csv,20260811T180342Z,NVIDIA A10,modal,128,8,1,64,compiled-gpu-resident,,30,0.20918926666666668,0.06396186329903986,0.17652099999999998,0.162554,0.438717,0.15398400276899335,11434.734971,21.5479736328125,True,True,7.152557373046875e-06,3.788546109717572e-06,0.0,0,0.30576073198325276,0.5784294999999999,0.1532413481170485,14614.190115,0.5784294999999999,0.1532413481170485,14614.190115,8.0,3.2768310852533125,3.2768310852533125,0.40190849999999995,0.0,0.0,0.0,False,2.761229880146183,3.498085784974732,2.768974440185316,3.500621089169831,A10,2,GenuineIntel,6,106,24
pilot-019-modal-a10-rep2-20260811T180342Z.csv,20260811T180342Z,NVIDIA A10,modal,256,8,1,1,compiled-gpu-resident,,30,4.6824087,0.09831927802586615,4.678756,4.495532,4.938292,4.636175870895386,1153.783172,285.568603515625,True,True,8.106231689453125e-06,5.083974883746123e-06,0.0,0,0.02099758571392244,5.7820575000000005,0.02190983856303996,1073.987442,4.8585329999999995,0.04071990913690974,1073.987442,1.0,1.2358108651102986,1.0384241024751022,0.17977699999999963,79.79572999999982,443.8595037184956,113628.03295193487,True,1.2245592939211407,1.2552379018577062,1.0256504326639155,1.049856672403225,A10,2,GenuineIntel,6,106,24
pilot-019-modal-a10-rep2-20260811T180342Z.csv,20260811T180342Z,NVIDIA A10,modal,256,8,1,64,compiled-gpu-resident,,30,0.20802916666666665,0.06436811569300299,0.17365799999999998,0.162489,0.424346,0.14963199943304056,11550.1846,10.5992431640625,True,True,8.106231689453125e-06,5.083974883746123e-06,0.0,0,0.309418706638106,1.569773,0.05133670529619862,14043.101041,0.6777805,0.140686060075251,14043.101041,1.0,9.03945110504555,3.9029615681396774,0.5041225,0.0,0.0,0.0,False,7.677480067322695,9.493693798549947,3.4010712662317717,4.699946974606728,A10,2,GenuineIntel,6,106,24
pilot-020-modal-a10-rep3-20260811T180428Z.csv,20260811T180428Z,NVIDIA A10,modal,8,8,1,1,compiled-gpu-resident,,30,4.725034066666667,0.09420358274939951,4.736552,4.517859,4.956262,4.695199966430664,857.293089,9251.078125,True,True,3.337860107421875e-06,3.409520331842941e-06,0.0,0,0.019937122446157637,4.168322,0.02803862507632414,1107.134998,4.168322,0.02803862507632414,1107.134998,8.0,0.8800329860202105,0.8800329860202105,-0.5682299999999998,0.0,,,True,0.872455955302507,0.891086593595259,0.8722834066460897,0.8909925330502155,A10,3,GenuineIntel,6,106,24
pilot-020-modal-a10-rep3-20260811T180428Z.csv,20260811T180428Z,NVIDIA A10,modal,8,8,1,64,compiled-gpu-resident,,30,0.2066527,0.05649559220777224,0.18036049999999998,0.155527,0.352513,0.15579200536012644,9619.06822,352.2666015625,True,True,3.337860107421875e-06,3.409520331842941e-06,0.0,0,0.2733842442308871,0.450902,0.1507063337932825,13978.146133,0.4502925,0.1671531578332961,13978.146133,1.0,2.5000041583384394,2.4966248153004678,0.269932,0.0,0.0,0.0,False,1.956814615957272,2.77696335078534,1.977458921851005,2.7524191145621146,A10,3,GenuineIntel,6,106,24
pilot-020-modal-a10-rep3-20260811T180428Z.csv,20260811T180428Z,NVIDIA A10,modal,16,8,1,1,compiled-gpu-resident,,30,4.797630366666667,0.4487831328005871,4.706284999999999,4.498486,7.129355,4.667407989501953,851.431296,4595.9814453125,True,True,3.576278686523437e-06,4.270080353308003e-06,0.0,0,0.09354266554561518,4.161365,0.04759927874689372,1065.173934,4.161365,0.04759927874689372,1065.173934,8.0,0.8842144069048093,0.8842144069048093,-0.5449199999999994,0.0,,,True,0.8798066885343198,0.8905371198299166,0.8796517446042327,0.8905137152058363,A10,3,GenuineIntel,6,106,24
pilot-020-modal-a10-rep3-20260811T180428Z.csv,20260811T180428Z,NVIDIA A10,modal,16,8,1,64,compiled-gpu-resident,,30,0.20904373333333334,0.0677922846276026,0.184401,0.164989,0.487076,0.15721600502729416,11303.001235,180.0791015625,True,True,3.576278686523437e-06,4.270080353308003e-06,0.0,0,0.3242971389125717,0.4824585,0.0977377059420057,15549.294791,0.4824585,0.0977377059420057,15549.294791,8.0,2.6163551173800577,2.6163551173800577,0.2980575,0.0,0.0,0.0,False,2.385353645143376,2.774523999327552,2.3894967014679955,2.7706372703530264,A10,3,GenuineIntel,6,106,24
pilot-020-modal-a10-rep3-20260811T180428Z.csv,20260811T180428Z,NVIDIA A10,modal,32,8,1,1,compiled-gpu-resident,,30,4.994139733333333,0.15804645637758746,4.9724395,4.545438,5.385203,4.902031898498535,1380.76598,2427.948974609375,True,True,6.437301635742188e-06,3.752460088435328e-06,0.0,0,0.03164638252364227,4.5197585,0.03244372984341218,1331.216314,4.5197585,0.03244372984341218,1331.216314,8.0,0.9089619893816707,0.9089619893816707,-0.4526810000000001,49.54966599999989,,,True,0.890356998738524,0.9261432372875754,0.890577274181943,0.9251873337989034,A10,3,GenuineIntel,6,106,24
pilot-020-modal-a10-rep3-20260811T180428Z.csv,20260811T180428Z,NVIDIA A10,modal,32,8,1,64,compiled-gpu-resident,,30,0.2025690666666667,0.07033406619934138,0.1700855,0.160016,0.473608,0.14657599478960034,11366.25861,83.049560546875,True,True,6.437301635742188e-06,3.752460088435328e-06,0.0,0,0.34721029896967504,0.472359,0.15646446793236718,14807.802275,0.472359,0.15646446793236718,14807.802275,8.0,2.7771855919522825,2.7771855919522825,0.3022735,0.0,0.0,0.0,False,2.4684025796365057,2.9376911384057776,2.4908830380039277,2.9210331061173496,A10,3,GenuineIntel,6,106,24
pilot-020-modal-a10-rep3-20260811T180428Z.csv,20260811T180428Z,NVIDIA A10,modal,64,8,1,1,compiled-gpu-resident,,30,4.744770166666667,0.09173395467181106,4.7261524999999995,4.63751,5.087656,4.690576076507568,1191.039678,1153.8458251953125,True,True,1.239776611328125e-05,3.507115479806089e-06,0.0,0,0.019333698250816794,4.861276999999999,0.04511826902631706,1290.77477,4.539939,0.033645979118535306,1290.77477,1.0,1.0285908040419771,0.9605993458738373,-0.18621349999999914,0.0,,,True,1.0131374304997567,1.0463781895658437,0.9443398718317682,0.9767233350584611,A10,3,GenuineIntel,6,106,24
pilot-020-modal-a10-rep3-20260811T180428Z.csv,20260811T180428Z,NVIDIA A10,modal,64,8,1,64,compiled-gpu-resident,,30,0.2130943,0.0722505649476302,0.1735425,0.161085,0.470838,0.14972800016403195,10321.249518,42.3687744140625,True,True,1.239776611328125e-05,3.507115479806089e-06,0.0,0,0.33905442307762435,0.504076,0.17038630594144621,14532.970965,0.504076,0.17038630594144621,14532.970965,8.0,2.904625668064019,2.904625668064019,0.3305335,0.0,0.0,0.0,False,2.249283113641751,3.05326016702752,2.2395256987713075,3.0560675747910317,A10,3,GenuineIntel,6,106,24
pilot-020-modal-a10-rep3-20260811T180428Z.csv,20260811T180428Z,NVIDIA A10,modal,128,8,1,1,compiled-gpu-resident,,30,5.0154757666666665,0.1576209281428036,5.013662,4.676394,5.260239,4.966736078262329,1588.278974,612.019287109375,True,True,1.2874603271484377e-05,4.915643785352586e-06,0.0,0,0.03142691450936069,4.8080925,0.022917723868897535,18744.029242,4.709466,0.018198160962775628,18744.029242,1.0,0.9589981335000245,0.9393265840417643,-0.30419600000000013,0.0,,,True,0.9411181090764023,0.9734212836202618,0.9229493980194939,0.9533552977925671,A10,3,GenuineIntel,6,106,24
pilot-020-modal-a10-rep3-20260811T180428Z.csv,20260811T180428Z,NVIDIA A10,modal,128,8,1,64,compiled-gpu-resident,,30,0.2574286,0.08005001848051647,0.24711349999999999,0.170972,0.519992,0.21499200165271753,15022.707051,30.16522216796875,True,True,1.2874603271484377e-05,4.915643785352586e-06,0.0,0,0.3109600816712536,0.6926114999999999,0.1640553586060102,15179.011421,0.675536,0.13838022274454606,15179.011421,1.0,2.8028072120705665,2.733707385472668,0.42842250000000004,0.0,0.0,0.0,False,2.2714358343197123,3.486477791626816,2.4398559825772956,3.3766977390023345,A10,3,GenuineIntel,6,106,24
pilot-020-modal-a10-rep3-20260811T180428Z.csv,20260811T180428Z,NVIDIA A10,modal,256,8,1,1,compiled-gpu-resident,,30,4.7016653,0.05304623997214861,4.706925999999999,4.608503,4.805082,4.667536020278931,1190.690082,287.2879638671875,True,True,1.430511474609375e-05,4.785815235663904e-06,0.0,0,0.011282436453345287,6.2305915,0.034412893451399106,1092.082406,4.854751,0.024482038854542764,1092.082406,1.0,1.3237071286015547,1.031405847468178,0.14782500000000098,98.60767600000008,667.0568307119867,170766.5486622686,True,1.31491833659528,1.3352717125164637,1.0274718875169562,1.0470892630825084,A10,3,GenuineIntel,6,106,24
pilot-020-modal-a10-rep3-20260811T180428Z.csv,20260811T180428Z,NVIDIA A10,modal,256,8,1,64,compiled-gpu-resident,,30,0.2164372,0.044177037664223325,0.210405,0.164039,0.308913,0.18187199532985684,13173.601317,12.84210205078125,True,True,1.430511474609375e-05,4.785815235663904e-06,0.0,0,0.20411018837900013,1.437561,0.15240424042337528,15915.683154,0.7355715,0.13162910415822027,15915.683154,1.0,6.832351892778213,3.495979183004206,0.5251665000000001,0.0,0.0,0.0,False,5.86774416164058,8.240845121814301,2.9775367615531936,4.1496730160050435,A10,3,GenuineIntel,6,106,24
pilot-021-modal-l40s-rep1-20260811T175932Z.csv,20260811T175932Z,NVIDIA L40S,modal,8,8,1,1,compiled-gpu-resident,,30,3.309293666666667,0.12162453753573582,3.3456335,2.924238,3.442089,3.308016061782837,1068.123851,6534.4404296875,True,True,4.410743713378906e-06,3.2164530239242595e-06,0.0,0,0.0367524160097414,2.385468,0.051893067613119175,18710.819704,2.385468,0.051893067613119175,18710.819704,8.0,0.7130093598118263,0.7130093598118263,-0.9601655,0.0,,,True,0.7014444771874767,0.7315643572331937,0.7018406401348903,0.7320771132147839,L40S,1,GenuineIntel,6,143,24
pilot-021-modal-l40s-rep1-20260811T175932Z.csv,20260811T175932Z,NVIDIA L40S,modal,8,8,1,64,compiled-gpu-resident,,30,0.1790222,0.07251155866975446,0.17271399999999998,0.099854,0.29867,0.15296000242233276,7543.923608,337.33203125,True,True,4.410743713378906e-06,3.2164530239242595e-06,0.0,0,0.4050422722419592,0.264377,0.23856080145958633,10434.040991,0.264377,0.23856080145958633,10434.040991,8.0,1.5307213080584088,1.5307213080584088,0.091663,0.0,0.0,0.0,False,1.442738827388274,2.2411408268842887,1.4414988726512383,2.241741517002735,L40S,1,GenuineIntel,6,143,24
pilot-021-modal-l40s-rep1-20260811T175932Z.csv,20260811T175932Z,NVIDIA L40S,modal,16,8,1,1,compiled-gpu-resident,,30,3.2564927999999997,0.11139842104044141,3.2449760000000003,2.998322,3.643858,3.2054399251937866,1286.741885,3168.921875,True,True,2.1457672119140625e-06,3.260239054725389e-06,0.0,0,0.03420809683363692,2.3876635,0.039700979675046884,963.474384,2.3876635,0.039700979675046884,963.474384,8.0,0.7358031307473459,0.7358031307473459,-0.8573125000000004,323.2675009999999,,,True,0.72494855950815,0.7454063924597238,0.7251146347717681,0.7450963923035477,L40S,1,GenuineIntel,6,143,24
pilot-021-modal-l40s-rep1-20260811T175932Z.csv,20260811T175932Z,NVIDIA L40S,modal,16,8,1,64,compiled-gpu-resident,,30,0.14624376666666666,0.07312994414275857,0.105347,0.097491,0.323933,0.0906719975173473,8557.157639,102.8779296875,True,True,2.1457672119140625e-06,3.260239054725389e-06,0.0,0,0.5000551189948739,0.309803,0.2213447421004114,11963.11218,0.309803,0.2213447421004114,11963.11218,8.0,2.940786163820517,2.940786163820517,0.204456,0.0,0.0,0.0,False,2.494382733210045,3.331709150777752,2.485830234553776,3.3359160998842423,L40S,1,GenuineIntel,6,143,24
pilot-021-modal-l40s-rep1-20260811T175932Z.csv,20260811T175932Z,NVIDIA L40S,modal,32,8,1,1,compiled-gpu-resident,,30,3.0318962666666662,0.13342243143436366,3.025829,2.544475,3.219324,2.984560012817383,910.378131,1477.45556640625,True,True,5.960464477539063e-06,3.8327552829287015e-06,0.0,0,0.04400626528725247,2.8787965,0.0661516479241597,1007.169865,2.8787965,0.0661516479241597,1007.169865,8.0,0.9514075316219126,0.9514075316219126,-0.1470324999999999,0.0,,,True,0.9218911285494965,0.9632191347734397,0.9217871183357486,0.9630299087453065,L40S,1,GenuineIntel,6,143,24
pilot-021-modal-l40s-rep1-20260811T175932Z.csv,20260811T175932Z,NVIDIA L40S,modal,32,8,1,64,compiled-gpu-resident,,30,0.16914890000000002,0.09543082615112476,0.1093555,0.093365,0.432818,0.0896160006523132,9174.660815,53.396240234375,True,True,5.960464477539063e-06,3.8327552829287015e-06,0.0,0,0.5641823632972177,0.3204885,0.23712200033511935,12771.175986,0.3204885,0.23712200033511935,12771.175986,8.0,2.9307030739194646,2.9307030739194646,0.21113300000000002,0.0,0.0,0.0,False,1.6138748075358968,3.480123803002344,1.5967204278944362,3.45540953288753,L40S,1,GenuineIntel,6,143,24
pilot-021-modal-l40s-rep1-20260811T175932Z.csv,20260811T175932Z,NVIDIA L40S,modal,64,8,1,1,compiled-gpu-resident,,30,2.9684060000000003,0.15421426051125908,2.9254615,2.815317,3.391441,2.9029120206832886,678.169176,714.2239990234375,True,True,4.529953002929688e-06,4.605160484061344e-06,0.0,0,0.05195187602749053,2.453477,0.04589659387816394,1006.401297,2.453477,0.04589659387816394,1006.401297,8.0,0.8386632331343277,0.8386632331343277,-0.47198450000000003,0.0,,,True,0.8181315551095598,0.8527275800337345,0.8186985379556455,0.8534565188206337,L40S,1,GenuineIntel,6,143,24
pilot-021-modal-l40s-rep1-20260811T175932Z.csv,20260811T175932Z,NVIDIA L40S,modal,64,8,1,64,compiled-gpu-resident,,30,0.1439349,0.06282079964105344,0.112366,0.105308,0.314553,0.0955839976668357,9179.304891,27.43310546875,True,True,4.529953002929688e-06,4.605160484061344e-06,0.0,0,0.4364528661294338,0.359332,0.31067600741096346,11781.454492,0.359332,0.31067600741096346,11781.454492,8.0,3.1978712421906983,3.1978712421906983,0.246966,0.0,0.0,0.0,False,2.767106963111514,3.4493333358396367,2.768265698087813,3.4516853421478726,L40S,1,GenuineIntel,6,143,24
pilot-021-modal-l40s-rep1-20260811T175932Z.csv,20260811T175932Z,NVIDIA L40S,modal,128,8,1,1,compiled-gpu-resident,,30,2.701311,0.0935510861036493,2.719138,2.459548,2.87222,2.6817920207977295,1135.567,331.926025390625,True,True,7.867813110351562e-06,4.265566531103104e-06,0.0,0,0.03463173477753924,2.6910105,0.05102175151265918,951.950236,2.6910105,0.05102175151265918,951.950236,8.0,0.9896557291318057,0.9896557291318057,-0.028127500000000083,183.616764,,,True,0.9766319583573206,1.0179313011632918,0.9770974799583663,1.0176235348323657,L40S,1,GenuineIntel,6,143,24
pilot-021-modal-l40s-rep1-20260811T175932Z.csv,20260811T175932Z,NVIDIA L40S,modal,128,8,1,64,compiled-gpu-resident,,30,0.1579682,0.07484686736005587,0.1117355,0.102184,0.319615,0.0946080014109611,9096.416979,13.63958740234375,True,True,7.867813110351562e-06,4.265566531103104e-06,0.0,0,0.473809712081646,0.5865595,0.230790240534276,12024.356903,0.39568250000000005,0.2260774575183687,12024.356903,1.0,5.249535733943107,3.5412424878395856,0.28394700000000006,0.0,0.0,0.0,False,3.5367789222147192,5.807981990494984,2.491135682570353,4.0503695467925525,L40S,1,GenuineIntel,6,143,24
pilot-021-modal-l40s-rep1-20260811T175932Z.csv,20260811T175932Z,NVIDIA L40S,modal,256,8,1,1,compiled-gpu-resident,,30,3.2142031333333336,0.1514226267913597,3.249384,2.817816,3.3976,3.2093600034713745,1066.36386,198.32666015625,True,True,7.62939453125e-06,5.183574558031978e-06,0.0,0,0.04711047202369092,3.6380749999999997,0.02075831329118536,926.440122,2.7376575,0.0742875264446836,926.440122,1.0,1.1196199033416794,0.8425158430028584,-0.5117265,139.92373799999996,,,True,1.1073355990085982,1.1283341704150693,0.8288315468275347,0.8769494425712597,L40S,1,GenuineIntel,6,143,24
pilot-021-modal-l40s-rep1-20260811T175932Z.csv,20260811T175932Z,NVIDIA L40S,modal,256,8,1,64,compiled-gpu-resident,,30,0.1867990333333333,0.11941365940134128,0.12088199999999999,0.109748,0.567324,0.1008960008621215,8808.324582,7.3780517578125,True,True,7.62939453125e-06,5.183574558031978e-06,0.0,0,0.6392627267414908,1.13623,0.09069895240054911,10890.578714,0.498564,0.24169817845075134,10890.578714,1.0,9.399497030161646,4.12438576462997,0.377682,0.0,0.0,0.0,False,6.827888906169621,9.933947112485104,3.1000231030297507,5.193846000191428,L40S,1,GenuineIntel,6,143,24
pilot-022-modal-l40s-rep2-20260811T180107Z.csv,20260811T180107Z,NVIDIA L40S,modal,8,8,1,1,compiled-gpu-resident,,30,3.202311933333333,0.5820212369252477,3.072687,2.895968,6.209067,3.0493600368499756,842.818962,6001.341796875,True,True,6.437301635742188e-06,3.010847649420612e-06,0.0,0,0.18175032571527575,2.7856535,0.05810440297514163,1019.041848,2.7856535,0.05810440297514163,1019.041848,8.0,0.9065855064313416,0.9065855064313416,-0.28703350000000016,0.0,,,False,0.8666229683680703,0.9380332880262406,0.8635012002378876,0.9375479740304155,L40S,2,GenuineIntel,6,143,24
pilot-022-modal-l40s-rep2-20260811T180107Z.csv,20260811T180107Z,NVIDIA L40S,modal,8,8,1,64,compiled-gpu-resident,,30,0.18170993333333332,0.09636627751768817,0.1442115,0.105657,0.512612,0.1187200024724006,8110.727504,281.6630859375,True,True,6.437301635742188e-06,3.010847649420612e-06,0.0,0,0.5303302673107663,0.322423,0.23373386895358214,11622.995241,0.322423,0.23373386895358214,11622.995241,8.0,2.2357648315148237,2.2357648315148237,0.17821150000000002,0.0,0.0,0.0,False,1.6815560461809995,2.9075208336150213,1.680073294355178,2.913499360555403,L40S,2,GenuineIntel,6,143,24
pilot-022-modal-l40s-rep2-20260811T180107Z.csv,20260811T180107Z,NVIDIA L40S,modal,16,8,1,1,compiled-gpu-resident,,30,3.2813516666666667,0.13837574521029986,3.318921,2.935926,3.507768,3.280128002166748,882.237032,3241.1337890625,True,True,7.62939453125e-06,3.954511612391798e-06,0.0,0,0.0421703490716884,2.765607,0.05835064944662831,1000.121719,2.765607,0.05835064944662831,1000.121719,8.0,0.8332849742431351,0.8332849742431351,-0.5533139999999999,0.0,,,True,0.8062143704534405,0.8604524441653284,0.8056908694348965,0.8607450771051519,L40S,2,GenuineIntel,6,143,24
pilot-022-modal-l40s-rep2-20260811T180107Z.csv,20260811T180107Z,NVIDIA L40S,modal,16,8,1,64,compiled-gpu-resident,,30,0.16449803333333335,0.08335395701857246,0.1146915,0.104184,0.387349,0.09662400186061855,8169.625545,112.00341796875,True,True,7.62939453125e-06,3.954511612391798e-06,0.0,0,0.5067170429306396,0.35132850000000004,0.26362213406848595,11338.620944,0.319143,0.2838195165677301,11338.620944,1.0,3.063247930317417,2.782621205581931,0.2044515,0.0,0.0,0.0,False,2.1823033844698556,3.861622525089626,1.982269270388147,3.1009504135953434,L40S,2,GenuineIntel,6,143,24
pilot-022-modal-l40s-rep2-20260811T180107Z.csv,20260811T180107Z,NVIDIA L40S,modal,32,8,1,1,compiled-gpu-resident,,30,3.160763,0.1486024406858551,3.1962580000000003,2.743667,3.390846,3.1505759954452515,996.827445,1560.6728515625,True,True,9.5367431640625e-06,5.009530013921904e-06,0.0,0,0.04701473684862012,2.8234705,0.06610799388263423,1003.351539,2.7988280000000003,0.05913862779498755,1003.351539,1.0,0.8833675191426974,0.8756577222489549,-0.39742999999999995,0.0,,,True,0.8453676179831624,0.922562272695362,0.8406498822775641,0.90293051491667,L40S,2,GenuineIntel,6,143,24
pilot-022-modal-l40s-rep2-20260811T180107Z.csv,20260811T180107Z,NVIDIA L40S,modal,32,8,1,64,compiled-gpu-resident,,30,0.18488246666666666,0.07819918066231558,0.18031049999999998,0.101735,0.390146,0.15833599865436548,8222.831817,88.042236328125,True,True,9.5367431640625e-06,5.009530013921904e-06,0.0,0,0.42296699125777343,0.3293665,0.16828836915377246,11637.994043,0.3293665,0.16828836915377246,11637.994043,8.0,1.8266628953943338,1.8266628953943338,0.14905600000000002,0.0,0.0,0.0,False,1.5972651795895096,2.7526409589675738,1.6291798150399985,2.7878634840206855,L40S,2,GenuineIntel,6,143,24
pilot-022-modal-l40s-rep2-20260811T180107Z.csv,20260811T180107Z,NVIDIA L40S,modal,64,8,1,1,compiled-gpu-resident,,30,3.0655505333333335,0.15490332161878684,3.0662304999999996,2.754243,3.388503,3.0279840230941772,915.001809,748.5914306640625,True,True,6.67572021484375e-06,3.825154180958634e-06,0.0,0,0.050530343549859004,2.8782284999999996,0.04602621573522498,914.5246,2.8782284999999996,0.04602621573522498,914.5246,8.0,0.9386862794561596,0.9386862794561596,-0.188002,0.4772090000000162,,,True,0.900600098396163,0.9643767951196242,0.9018081147245984,0.9648064011264668,L40S,2,GenuineIntel,6,143,24
pilot-022-modal-l40s-rep2-20260811T180107Z.csv,20260811T180107Z,NVIDIA L40S,modal,64,8,1,64,compiled-gpu-resident,,30,0.1836332,0.10286084448499104,0.1281795,0.108035,0.510604,0.10678400099277491,9794.770873,31.2938232421875,True,True,6.67572021484375e-06,3.825154180958634e-06,0.0,0,0.5601429615395856,0.37911150000000005,0.23921965666004613,29838.413842,0.36956,0.20195668479074247,29838.413842,1.0,2.957660936421191,2.8831443405536765,0.2413805,0.0,0.0,0.0,False,1.9694775325433913,4.043838684404207,1.927361481975968,3.199958189610118,L40S,2,GenuineIntel,6,143,24
pilot-022-modal-l40s-rep2-20260811T180107Z.csv,20260811T180107Z,NVIDIA L40S,modal,128,8,1,1,compiled-gpu-resident,,30,3.1928053666666667,0.14175834041618343,3.2415209999999997,2.881005,3.478901,3.19923198223114,1106.366725,395.6934814453125,True,True,7.152557373046875e-06,3.788546109717572e-06,0.0,0,0.044399305355772786,2.9234035,0.05402131993458,908.854543,2.842003,0.06609182659665638,908.854543,1.0,0.9018616569196992,0.8767498344141532,-0.3995179999999996,197.51218200000005,,,True,0.8843422578474737,0.9302165557432983,0.8506780464154036,0.9111094117011329,L40S,2,GenuineIntel,6,143,24
pilot-022-modal-l40s-rep2-20260811T180107Z.csv,20260811T180107Z,NVIDIA L40S,modal,128,8,1,64,compiled-gpu-resident,,30,0.17446733333333334,0.0823301045356471,0.1230285,0.10822,0.374053,0.1037119999527931,9202.813979,15.01812744140625,True,True,7.152557373046875e-06,3.788546109717572e-06,0.0,0,0.4718940959471712,0.4432825,0.25569966291315543,11664.627579,0.431047,0.24394168486981566,11664.627579,1.0,3.6030879023965996,3.503635336527715,0.30801850000000003,0.0,0.0,0.0,False,2.4118790179137863,4.321418003682273,2.3960176110868625,4.606251062348742,L40S,2,GenuineIntel,6,143,24
pilot-022-modal-l40s-rep2-20260811T180107Z.csv,20260811T180107Z,NVIDIA L40S,modal,256,8,1,1,compiled-gpu-resident,,30,3.0988247666666666,0.149702763413944,3.1054370000000002,2.805572,3.319715,3.0687040090560913,1100.961318,189.54083251953125,True,True,8.106231689453125e-06,5.083974883746123e-06,0.0,0,0.04830952851037646,3.8352044999999997,0.05405803809710307,968.960832,3.0100935,0.05560297651217861,968.960832,1.0,1.2349967170481961,0.9692978798153045,-0.09534350000000025,132.0004859999999,,,True,1.1913607152940415,1.2865509393919865,0.9272445731304457,0.9940343318594934,L40S,2,GenuineIntel,6,143,24
pilot-022-modal-l40s-rep2-20260811T180107Z.csv,20260811T180107Z,NVIDIA L40S,modal,256,8,1,64,compiled-gpu-resident,,30,0.21003943333333333,0.0842359468613806,0.1951505,0.111135,0.424107,0.17235200107097626,9491.693269,11.911041259765625,True,True,8.106231689453125e-06,5.083974883746123e-06,0.0,0,0.4010482485338734,1.4265729999999999,0.14436517069439986,11647.866395,0.713434,0.22315853658509227,11647.866395,1.0,7.310117063497146,3.6558143586616483,0.5182835,0.0,0.0,0.0,False,5.649682184511198,9.592189789248282,2.7883699332686485,4.823427646646081,L40S,2,GenuineIntel,6,143,24
pilot-023-modal-l40s-rep3-20260811T180122Z.csv,20260811T180122Z,NVIDIA L40S,modal,8,8,1,1,compiled-gpu-resident,,30,5.884464533333333,0.16001902227757564,5.8395315,5.571655,6.261152,5.799440145492554,1013.485228,11405.3349609375,True,True,3.337860107421875e-06,3.409520331842941e-06,0.0,0,0.027193472128368958,5.176356,0.022892660026174752,1103.706494,5.176356,0.022892660026174752,1103.706494,8.0,0.886433440764897,0.886433440764897,-0.6631754999999995,0.0,,,True,0.8687508062299362,0.8995499052839675,0.8680107057496235,0.9001440371351543,L40S,3,AuthenticAMD,175,1,21
pilot-023-modal-l40s-rep3-20260811T180122Z.csv,20260811T180122Z,NVIDIA L40S,modal,8,8,1,64,compiled-gpu-resident,,30,0.21824600000000002,0.07888363031138619,0.1917255,0.181535,0.582816,0.161760002374649,11556.143761,374.4638671875,True,True,3.337860107421875e-06,3.409520331842941e-06,0.0,0,0.36144364758752134,0.4295715,0.22716871493136043,16645.277557,0.4295715,0.22716871493136043,16645.277557,8.0,2.2405548557703594,2.2405548557703594,0.237846,0.0,0.0,0.0,False,2.080983780789929,2.5979784754101094,2.0817322445680246,2.5794378428976312,L40S,3,AuthenticAMD,175,1,21
pilot-023-modal-l40s-rep3-20260811T180122Z.csv,20260811T180122Z,NVIDIA L40S,modal,16,8,1,1,compiled-gpu-resident,,30,5.984826466666666,0.22707494760202915,5.934937,5.607644,6.535309,5.89414381980896,997.618484,5795.8369140625,True,True,3.576278686523437e-06,4.270080353308003e-06,0.0,0,0.03794177640183137,5.228833,0.04005818724999103,1138.934375,5.228833,0.04005818724999103,1138.934375,8.0,0.8810258643015082,0.8810258643015082,-0.7061039999999998,0.0,,,True,0.8706618087464333,0.8939305818601692,0.870661240148502,0.8942032055403248,L40S,3,AuthenticAMD,175,1,21
pilot-023-modal-l40s-rep3-20260811T180122Z.csv,20260811T180122Z,NVIDIA L40S,modal,16,8,1,64,compiled-gpu-resident,,30,0.23883393333333333,0.06922874105951268,0.22226,0.187424,0.563343,0.18559999763965604,11832.629086,217.05078125,True,True,3.576278686523437e-06,4.270080353308003e-06,0.0,0,0.28986141162316414,0.4201895,0.250618401488379,16268.449663,0.4095345,0.25299193268072395,16268.449663,1.0,1.8905313596688562,1.8425920093584092,0.1872745,0.0,0.0,0.0,False,1.7253926862821594,2.0295216883375917,1.6810845440079358,1.9949385558048158,L40S,3,AuthenticAMD,175,1,21
pilot-023-modal-l40s-rep3-20260811T180122Z.csv,20260811T180122Z,NVIDIA L40S,modal,32,8,1,1,compiled-gpu-resident,,30,5.806115466666666,0.22694460371728456,5.698961499999999,5.552593,6.313961,5.659375905990601,1166.856395,2782.696044921875,True,True,6.437301635742188e-06,3.752460088435328e-06,0.0,0,0.03908716680200215,5.349743999999999,0.038632325553407745,1097.648006,5.116289,0.031631415328024215,1097.648006,1.0,0.9387226076189495,0.8977581266341246,-0.5826724999999993,69.20838900000012,,,True,0.9087294210908109,0.9490981660264567,0.8724802705749719,0.9138246509767579,L40S,3,AuthenticAMD,175,1,21
pilot-023-modal-l40s-rep3-20260811T180122Z.csv,20260811T180122Z,NVIDIA L40S,modal,32,8,1,64,compiled-gpu-resident,,30,0.28305046666666667,0.06461862211453916,0.281763,0.195906,0.511204,0.2359040006995201,12557.868012,137.57958984375,True,True,6.437301635742188e-06,3.752460088435328e-06,0.0,0,0.2282936427398194,0.5402,0.2550662794606745,16290.452297,0.5097389999999999,0.22648648352120304,16290.452297,1.0,1.917214112569784,1.809105524855996,0.22797599999999996,0.0,0.0,0.0,False,1.5238253776686503,2.20912170490965,1.514430807785381,2.0876287353751106,L40S,3,AuthenticAMD,175,1,21
pilot-023-modal-l40s-rep3-20260811T180122Z.csv,20260811T180122Z,NVIDIA L40S,modal,64,8,1,1,compiled-gpu-resident,,30,5.889569,0.12486552649288264,5.8663,5.667005,6.160398,5.825872182846069,1140.861069,1432.2021484375,True,True,1.239776611328125e-05,3.507115479806089e-06,0.0,0,0.02120113143981888,5.237457,0.03275055059144678,1124.132288,5.237457,0.03275055059144678,1124.132288,8.0,0.8928041525322605,0.8928041525322605,-0.6288429999999998,16.728781000000026,,,True,0.8769687252950958,0.9016109396205567,0.8759923122495082,0.901757630001814,L40S,3,AuthenticAMD,175,1,21
pilot-023-modal-l40s-rep3-20260811T180122Z.csv,20260811T180122Z,NVIDIA L40S,modal,64,8,1,64,compiled-gpu-resident,,30,0.25974763333333334,0.07602430582680203,0.252046,0.185375,0.491312,0.2140479981899261,11988.489162,61.53466796875,True,True,1.239776611328125e-05,3.507115479806089e-06,0.0,0,0.2926852685862214,0.4407705,0.21032032769606998,17108.474614,0.4407705,0.21032032769606998,17108.474614,8.0,1.7487700657816432,1.7487700657816432,0.18872450000000002,0.0,0.0,0.0,False,1.5545199342243718,2.075117234877517,1.5650274288662436,2.0656615841865693,L40S,3,AuthenticAMD,175,1,21
pilot-023-modal-l40s-rep3-20260811T180122Z.csv,20260811T180122Z,NVIDIA L40S,modal,128,8,1,1,compiled-gpu-resident,,30,5.814271833333334,0.23268663786185498,5.7719135,5.419091,6.28122,5.7325119972229,1680.567755,704.5792846679688,True,True,1.2874603271484377e-05,4.915643785352586e-06,0.0,0,0.04001991040870465,5.3245485,0.03371375580614278,15946.183253,5.02542,0.03189922053570093,15946.183253,1.0,0.9224927747098081,0.8706679336064201,-0.7464934999999997,0.0,,,True,0.9010274219752012,0.9474889323455572,0.846215201379453,0.88906735465925,L40S,3,AuthenticAMD,175,1,21
pilot-023-modal-l40s-rep3-20260811T180122Z.csv,20260811T180122Z,NVIDIA L40S,modal,128,8,1,64,compiled-gpu-resident,,30,0.23317916666666666,0.08119193259103898,0.1999095,0.183604,0.517191,0.16587200015783304,13258.76909,24.40301513671875,True,True,1.2874603271484377e-05,4.915643785352586e-06,0.0,0,0.3481954831200857,0.600329,0.171801522067842,16388.835588,0.485582,0.17216709021538093,16388.835588,1.0,3.0030038592463093,2.4290091266298,0.2856725,0.0,0.0,0.0,False,2.644304724986409,3.206181610278509,2.276700096199528,2.5839621357967237,L40S,3,AuthenticAMD,175,1,21
pilot-023-modal-l40s-rep3-20260811T180122Z.csv,20260811T180122Z,NVIDIA L40S,modal,256,8,1,1,compiled-gpu-resident,,30,5.969664266666666,0.16873993629699074,5.930697,5.621814,6.400185,5.887727975845337,1279.685807,361.98101806640625,True,True,1.430511474609375e-05,4.785815235663904e-06,0.0,0,0.028266235546812676,6.9393095,0.01833806966572685,1098.38762,5.3745965,0.032706122457427066,1098.38762,1.0,1.1700664356988733,0.906233533765087,-0.5561005000000003,181.2981870000001,,,True,1.1496908834899175,1.1795582016175783,0.8893658973344106,0.9253861314246058,L40S,3,AuthenticAMD,175,1,21
pilot-023-modal-l40s-rep3-20260811T180122Z.csv,20260811T180122Z,NVIDIA L40S,modal,256,8,1,64,compiled-gpu-resident,,30,0.21285273333333335,0.0730816650480974,0.187224,0.179114,0.553392,0.15952000021934504,13045.463724,11.42724609375,True,True,1.430511474609375e-05,4.785815235663904e-06,0.0,0,0.34334379410411175,1.280253,0.2260098951489315,17000.783067,0.570039,0.19166954612824177,17000.783067,1.0,6.838081656197923,3.0446897833611075,0.38281499999999996,0.0,0.0,0.0,False,6.576646042843556,6.930268277698136,2.8789640235519935,3.788318999887616,L40S,3,AuthenticAMD,175,1,21
pilot-024-modal-a100-rep1-20260811T175434Z.csv,20260811T175434Z,NVIDIA A100-SXM4-80GB,modal,8,8,1,1,compiled-gpu-resident,,30,6.5229636,0.32663194334355333,6.507452499999999,6.069732,7.70538,6.455375909805298,2329.91689,12709.8681640625,True,True,4.410743713378906e-06,3.2164530239242595e-06,0.0,0,0.050074163121737084,5.667766,0.05056961195364931,19640.070948,5.3736645,0.05648576806139123,19640.070948,1.0,0.8709654046648825,0.8257708373591663,-1.1337879999999991,0.0,,,True,0.8487075520844076,0.9165215692855486,0.8028046975904045,0.8573640286549153,A100-80GB,1,AuthenticAMD,143,49,24
pilot-024-modal-a100-rep1-20260811T175434Z.csv,20260811T175434Z,NVIDIA A100-SXM4-80GB,modal,8,8,1,64,compiled-gpu-resident,,30,0.29417713333333334,0.14208263261669934,0.223787,0.218037,0.723298,0.1909119933843612,15831.122934,437.083984375,True,True,4.410743713378906e-06,3.2164530239242595e-06,0.0,0,0.482983265921301,0.5595245,0.24127626093840646,21131.376235,0.5595245,0.24127626093840646,21131.376235,8.0,2.5002547064842906,2.5002547064842906,0.33573749999999997,0.0,0.0,0.0,False,2.2564622217907333,2.8142704652980757,2.2569222350580653,2.8207491945466,A100-80GB,1,AuthenticAMD,143,49,24
pilot-024-modal-a100-rep1-20260811T175434Z.csv,20260811T175434Z,NVIDIA A100-SXM4-80GB,modal,16,8,1,1,compiled-gpu-resident,,30,6.449848633333334,0.30361763565521194,6.416543,6.084458,7.218412,6.3717920780181885,1290.447852,6266.1552734375,True,True,2.1457672119140625e-06,3.260239054725389e-06,0.0,0,0.04707360636125501,5.7030465,0.03691059876505712,1452.290545,5.6672395,0.0446026390153539,1452.290545,1.0,0.8888035972017955,0.8832231779635857,-0.7493034999999999,0.0,,,True,0.8619734152740242,0.9164549103774475,0.862072839925683,0.9111160841728961,A100-80GB,1,AuthenticAMD,143,49,24
pilot-024-modal-a100-rep1-20260811T175434Z.csv,20260811T175434Z,NVIDIA A100-SXM4-80GB,modal,16,8,1,64,compiled-gpu-resident,,30,0.31751803333333334,0.14832311139221635,0.2594935,0.213178,0.718509,0.2270400002598762,15457.405036,253.41162109375,True,True,2.1457672119140625e-06,3.260239054725389e-06,0.0,0,0.4671328737933615,0.566371,0.22915447417828216,21513.263839,0.566371,0.22915447417828216,21513.263839,8.0,2.182601876347577,2.182601876347577,0.30687749999999997,0.0,0.0,0.0,False,1.828117856889902,2.588241979048204,1.8278937178673644,2.58391104821407,A100-80GB,1,AuthenticAMD,143,49,24
pilot-024-modal-a100-rep1-20260811T175434Z.csv,20260811T175434Z,NVIDIA A100-SXM4-80GB,modal,32,8,1,1,compiled-gpu-resident,,30,6.5782142666666665,0.21136058326127705,6.5548195,6.231442,6.94963,6.504688024520874,1481.458759,3200.595458984375,True,True,5.960464477539063e-06,3.8327552829287015e-06,0.0,0,0.03213038899208407,5.6581895,0.02915407844187035,1458.952255,5.639184,0.051944339789020307,1458.952255,1.0,0.8632105735329554,0.8603111039136929,-0.9156354999999996,22.506504000000177,,,True,0.8474089878233265,0.8811852255189175,0.8441372630359516,0.8945032905780715,A100-80GB,1,AuthenticAMD,143,49,24
pilot-024-modal-a100-rep1-20260811T175434Z.csv,20260811T175434Z,NVIDIA A100-SXM4-80GB,modal,32,8,1,64,compiled-gpu-resident,,30,0.29335733333333336,0.14553990024503016,0.23682150000000002,0.216664,0.724591,0.19795200228691096,16395.395228,115.635498046875,True,True,5.960464477539063e-06,3.8327552829287015e-06,0.0,0,0.4961181593495651,0.6431185,0.20652033942856646,22300.227595,0.6431185,0.20652033942856646,22300.227595,8.0,2.7156254816391248,2.7156254816391248,0.406297,0.0,0.0,0.0,False,2.251714531492925,2.945163483256946,2.2538115243723946,2.945818423496582,A100-80GB,1,AuthenticAMD,143,49,24
pilot-024-modal-a100-rep1-20260811T175434Z.csv,20260811T175434Z,NVIDIA A100-SXM4-80GB,modal,64,8,1,1,compiled-gpu-resident,,30,6.266891866666667,0.15146189598428386,6.248209,5.973813,6.671032,6.205968141555786,1304.8963,1525.441650390625,True,True,4.529953002929688e-06,4.605160484061344e-06,0.0,0,0.024168582960542737,5.7187695,0.03226758077900409,1514.393378,5.715054500000001,0.037905743824964734,1514.393378,1.0,0.9152653984525805,0.9146708280724926,-0.5331544999999993,0.0,,,True,0.9030009597863993,0.9341921742290556,0.9028795511407336,0.9314710478576307,A100-80GB,1,AuthenticAMD,143,49,24
pilot-024-modal-a100-rep1-20260811T175434Z.csv,20260811T175434Z,NVIDIA A100-SXM4-80GB,modal,64,8,1,64,compiled-gpu-resident,,30,0.2863250666666667,0.13117143707533743,0.2306145,0.213418,0.744348,0.19931200146675104,17948.152784,56.3023681640625,True,True,4.529953002929688e-06,4.605160484061344e-06,0.0,0,0.45812068989420446,0.5899844999999999,0.2859526769271153,22962.344929,0.5899844999999999,0.2859526769271153,22962.344929,8.0,2.5583148501069966,2.5583148501069966,0.3593699999999999,0.0,0.0,0.0,False,2.1318834799725432,2.6911977327250143,2.1139309059878086,2.686461103817628,A100-80GB,1,AuthenticAMD,143,49,24
pilot-024-modal-a100-rep1-20260811T175434Z.csv,20260811T175434Z,NVIDIA A100-SXM4-80GB,modal,128,8,1,1,compiled-gpu-resident,,30,6.9272642,0.9526273008880232,6.677212,6.334678,11.605999,6.6279520988464355,1798.367101,815.08935546875,True,True,7.867813110351562e-06,4.265566531103104e-06,0.0,0,0.1375185460499721,5.7937565,0.03173019718588418,1504.488545,5.7543185,0.03103951464338674,1504.488545,1.0,0.8676909614371986,0.8617846041132138,-0.9228934999999998,293.8785560000001,,,False,0.8375104166526532,0.8838609265330868,0.8334265799506135,0.880623903524557,A100-80GB,1,AuthenticAMD,143,49,24
pilot-024-modal-a100-rep1-20260811T175434Z.csv,20260811T175434Z,NVIDIA A100-SXM4-80GB,modal,128,8,1,64,compiled-gpu-resident,,30,0.3478232333333333,0.1669942192779559,0.30684100000000003,0.217255,0.733205,0.2704640030860901,16714.506844,37.4561767578125,True,True,7.867813110351562e-06,4.265566531103104e-06,0.0,0,0.4801123193456099,0.628657,0.19643423482121647,21787.396384,0.628657,0.19643423482121647,21787.396384,8.0,2.048803777852373,2.048803777852373,0.321816,0.0,0.0,0.0,False,1.9143242973732233,2.542890393651831,1.9157554519135238,2.5429128621361694,A100-80GB,1,AuthenticAMD,143,49,24
pilot-024-modal-a100-rep1-20260811T175434Z.csv,20260811T175434Z,NVIDIA A100-SXM4-80GB,modal,256,8,1,1,compiled-gpu-resident,,30,6.529892133333333,0.33027906960522313,6.4488585,6.204142,7.77518,6.406735897064209,1639.231518,393.6070861816406,True,True,7.62939453125e-06,5.183574558031978e-06,0.0,0,0.05057955979383454,8.515222,0.016664574659594214,1359.142422,5.907975499999999,0.04446567583721919,1359.142422,1.0,1.3204231415528809,0.9161273270300471,-0.5408830000000009,280.08909600000015,,,True,1.2695648865849094,1.3555506820878571,0.8682828276502914,0.9604510795480088,A100-80GB,1,AuthenticAMD,143,49,24
pilot-024-modal-a100-rep1-20260811T175434Z.csv,20260811T175434Z,NVIDIA A100-SXM4-80GB,modal,256,8,1,64,compiled-gpu-resident,,30,0.2960665333333333,0.14937380129029537,0.2257105,0.217024,0.699904,0.193743996322155,17179.587251,13.776275634765625,True,True,7.62939453125e-06,5.183574558031978e-06,0.0,0,0.504527815449237,1.873492,0.22513233777796415,21584.136674,0.7380205,0.21581318650172587,21584.136674,1.0,8.300420228567123,3.2697659169599995,0.5123099999999999,0.0,0.0,0.0,False,7.170118940661551,8.768860887093096,2.9226054795972876,3.7844182540705438,A100-80GB,1,AuthenticAMD,143,49,24
pilot-025-modal-a100-rep2-20260811T175950Z.csv,20260811T175950Z,NVIDIA A100 80GB PCIe,modal,8,8,1,1,compiled-gpu-resident,,30,7.462748166666667,0.2163673462821461,7.504296500000001,7.050269,7.791703,7.43451189994812,1295.619335,14656.8291015625,True,True,6.437301635742188e-06,3.010847649420612e-06,0.0,0,0.028992985084044364,6.374999,0.05110116265929678,1535.996645,6.374999,0.05110116265929678,1535.996645,8.0,0.849513208866414,0.849513208866414,-1.1292975000000007,0.0,,,True,0.8366440154718641,0.8738589153549474,0.8365765928916353,0.873678958107661,A100-80GB,2,AuthenticAMD,175,1,24
pilot-025-modal-a100-rep2-20260811T175950Z.csv,20260811T175950Z,NVIDIA A100 80GB PCIe,modal,8,8,1,64,compiled-gpu-resident,,30,0.37206730000000005,0.17648293466941103,0.2884285,0.263501,1.004304,0.24897600710391993,17470.291548,563.3369140625,True,True,6.437301635742188e-06,3.010847649420612e-06,0.0,0,0.47433067799672535,0.5419959999999999,0.29898458651119064,22907.454028,0.507938,0.30833659850568335,22907.454028,1.0,1.8791346902265205,1.7610534326531533,0.21950950000000002,0.0,0.0,0.0,False,1.4421148636989847,2.641042871517756,1.4462274309969068,2.4565707152285965,A100-80GB,2,AuthenticAMD,175,1,24
pilot-025-modal-a100-rep2-20260811T175950Z.csv,20260811T175950Z,NVIDIA A100 80GB PCIe,modal,16,8,1,1,compiled-gpu-resident,,30,7.860788766666667,0.2097561081817748,7.8487565,7.480739,8.382783,7.803679943084717,1475.708967,7664.80126953125,True,True,7.62939453125e-06,3.954511612391798e-06,0.0,0,0.02668384998096329,6.2023365,0.0270108376522618,1540.075621,6.2023365,0.0270108376522618,1540.075621,8.0,0.7902317392570403,0.7902317392570403,-1.64642,0.0,,,True,0.7742584163300402,0.8046846662847807,0.7744536574463857,0.8053493878677838,A100-80GB,2,AuthenticAMD,175,1,24
pilot-025-modal-a100-rep2-20260811T175950Z.csv,20260811T175950Z,NVIDIA A100 80GB PCIe,modal,16,8,1,64,compiled-gpu-resident,,30,0.31639466666666666,0.15498690334800003,0.263131,0.251038,0.97568,0.22551999986171722,16513.604013,256.9638671875,True,True,7.62939453125e-06,3.954511612391798e-06,0.0,0,0.48985308437984637,0.773308,0.24180403643144027,22322.412499,0.535685,0.26602822853440394,22322.412499,1.0,2.9388707525909146,2.0358110598903205,0.27255399999999996,0.0,0.0,0.0,False,2.2720235970801093,3.0000464492476477,1.8339035393366998,2.6555706043251823,A100-80GB,2,AuthenticAMD,175,1,24
pilot-025-modal-a100-rep2-20260811T175950Z.csv,20260811T175950Z,NVIDIA A100 80GB PCIe,modal,32,8,1,1,compiled-gpu-resident,,30,7.4690216666666664,0.27023857367382703,7.4334645,6.866908,8.207589,7.381759881973267,1547.964379,3629.621337890625,True,True,9.5367431640625e-06,5.009530013921904e-06,0.0,0,0.03618125448475653,6.7508425,0.16423427028042795,1546.520398,6.226672,0.03271915134790895,1546.520398,1.0,0.9081690643709941,0.8376540978974204,-1.2067925000000006,1.4439810000001216,,,True,0.872013046018109,0.9647637072043977,0.817144298774256,0.8515307162410652,A100-80GB,2,AuthenticAMD,175,1,24
pilot-025-modal-a100-rep2-20260811T175950Z.csv,20260811T175950Z,NVIDIA A100 80GB PCIe,modal,32,8,1,64,compiled-gpu-resident,,30,0.4092363,0.15213868482977788,0.404915,0.265987,0.943751,0.3514399975538254,16683.33722,197.71240234375,True,True,9.5367431640625e-06,5.009530013921904e-06,0.0,0,0.37176243854657537,0.6420535,0.2652736169386248,22692.002059,0.5503325,0.27160628130408854,22692.002059,1.0,1.5856500747070372,1.3591309287134337,0.14541749999999998,0.0,0.0,0.0,False,1.2575238009249021,2.1373712593250063,1.247708615375007,1.983613859928698,A100-80GB,2,AuthenticAMD,175,1,24
pilot-025-modal-a100-rep2-20260811T175950Z.csv,20260811T175950Z,NVIDIA A100 80GB PCIe,modal,64,8,1,1,compiled-gpu-resident,,30,7.7543177,0.1986850214490695,7.708695499999999,7.503161,8.368927,7.664911985397339,1510.230972,1882.0057373046875,True,True,6.67572021484375e-06,3.825154180958634e-06,0.0,0,0.025622502086685137,6.417275,0.07060295624358298,1561.447993,6.382009,0.039217914289479704,1561.447993,1.0,0.8324722386556844,0.8278974049500335,-1.3266864999999992,0.0,,,True,0.8160810520081127,0.8454318740877111,0.8148755124179436,0.8468457238790015,A100-80GB,2,AuthenticAMD,175,1,24
pilot-025-modal-a100-rep2-20260811T175950Z.csv,20260811T175950Z,NVIDIA A100 80GB PCIe,modal,64,8,1,64,compiled-gpu-resident,,30,0.3551562,0.13534756041198473,0.286089,0.247542,0.832995,0.25051199644804,19732.043653,69.845947265625,True,True,6.67572021484375e-06,3.825154180958634e-06,0.0,0,0.3810930526117374,0.5469755000000001,0.256933422130865,38832.970666,0.5469755000000001,0.256933422130865,38832.970666,8.0,1.9119067842524533,1.9119067842524533,0.2608865000000001,0.0,0.0,0.0,False,1.4036439117889883,2.5820565802555238,1.4027699009543593,2.584730477265788,A100-80GB,2,AuthenticAMD,175,1,24
pilot-025-modal-a100-rep2-20260811T175950Z.csv,20260811T175950Z,NVIDIA A100 80GB PCIe,modal,128,8,1,1,compiled-gpu-resident,,30,7.9034279666666665,0.22343682183723193,7.8571115,7.573713,8.539415,7.81059193611145,2105.412372,959.1200561523438,True,True,7.152557373046875e-06,3.788546109717572e-06,0.0,0,0.02827087471152953,6.631873000000001,0.042900699144731644,1612.874011,6.494168,0.046136120234713196,1612.874011,1.0,0.8440599322028204,0.8265337713484148,-1.3629435,492.53836099999967,,,True,0.8293501984564149,0.8584422740682724,0.7987541395439807,0.8401790044411572,A100-80GB,2,AuthenticAMD,175,1,24
pilot-025-modal-a100-rep2-20260811T175950Z.csv,20260811T175950Z,NVIDIA A100 80GB PCIe,modal,128,8,1,64,compiled-gpu-resident,,30,0.3426089,0.11382522442349335,0.29097300000000004,0.261999,0.666964,0.24391999840736384,18496.389585,35.5191650390625,True,True,7.152557373046875e-06,3.788546109717572e-06,0.0,0,0.3322307868344732,0.6896774999999999,0.22792780728251183,21664.352574,0.6896774999999999,0.22792780728251183,21664.352574,8.0,2.3702456928993407,2.3702456928993407,0.3987044999999999,0.0,0.0,0.0,False,1.87319923615132,2.9395937531897522,1.8605775714025319,2.9430221558010357,A100-80GB,2,AuthenticAMD,175,1,24
pilot-025-modal-a100-rep2-20260811T175950Z.csv,20260811T175950Z,NVIDIA A100 80GB PCIe,modal,256,8,1,1,compiled-gpu-resident,,30,7.927672266666666,0.7984800981805427,7.7351545,7.519903,12.053578,7.688143968582153,1749.201373,472.1163635253906,True,True,8.106231689453125e-06,5.083974883746123e-06,0.0,0,0.10072062407749836,10.1736185,0.03287397737133462,1469.659681,6.6559455,0.06760842086008555,1469.659681,1.0,1.315244381996507,0.8604799684350195,-1.0792090000000005,279.541692,,,False,1.295117225321428,1.3386854391338734,0.8291503623471201,0.8682766428557445,A100-80GB,2,AuthenticAMD,175,1,24
pilot-025-modal-a100-rep2-20260811T175950Z.csv,20260811T175950Z,NVIDIA A100 80GB PCIe,modal,256,8,1,64,compiled-gpu-resident,,30,0.31707579999999996,0.09234744074283664,0.28132,0.255066,0.607594,0.24460799992084495,18132.689787,17.17041015625,True,True,8.106231689453125e-06,5.083974883746123e-06,0.0,0,0.29124720569288687,1.6338285,0.08691109017410534,21041.588449,0.9107395,0.2450787553742113,21041.588449,1.0,5.8077225223944255,3.237379141191526,0.6294195,0.0,0.0,0.0,False,5.4685447035874235,6.497886379584491,2.7601261412299944,3.5037777750243944,A100-80GB,2,AuthenticAMD,175,1,24
pilot-026-modal-a100-rep3-20260811T180100Z.csv,20260811T180100Z,NVIDIA A100-SXM4-80GB,modal,8,8,1,1,compiled-gpu-resident,,30,7.654204866666666,1.2069659605055503,7.3283195,7.013486,13.620588,7.278543949127197,1851.034223,14313.1240234375,True,True,3.337860107421875e-06,3.409520331842941e-06,0.0,0,0.15768665479046323,6.1729785,0.040907425870291586,1840.516854,6.1729785,0.040907425870291586,1840.516854,8.0,0.8423457110460317,0.8423457110460317,-1.155341,10.517369000000144,,,False,0.8162661815540204,0.8652033592791062,0.8162226938539795,0.8657861479444495,A100-80GB,3,AuthenticAMD,143,49,24
pilot-026-modal-a100-rep3-20260811T180100Z.csv,20260811T180100Z,NVIDIA A100-SXM4-80GB,modal,8,8,1,64,compiled-gpu-resident,,30,0.6198373666666667,0.2932929340364144,0.4913015,0.289688,1.378767,0.445839986205101,19457.333764,959.5732421875,True,True,3.337860107421875e-06,3.409520331842941e-06,0.0,0,0.4731772394001863,0.7539279999999999,0.2732069708851981,23812.859169,0.6839234999999999,0.28732636159722635,23812.859169,1.0,1.5345526117872628,1.3920647504638188,0.1926219999999999,0.0,0.0,0.0,False,1.1100822303222893,1.8704704735598408,0.9405426124843493,1.6413411053827291,A100-80GB,3,AuthenticAMD,143,49,24
pilot-026-modal-a100-rep3-20260811T180100Z.csv,20260811T180100Z,NVIDIA A100-SXM4-80GB,modal,16,8,1,1,compiled-gpu-resident,,30,7.2705791,0.27919282271494983,7.2105175,6.877866,8.05029,7.156208038330078,1786.893861,7041.52099609375,True,True,3.576278686523437e-06,4.270080353308003e-06,0.0,0,0.0384003555803347,6.799640999999999,0.13343240330381106,1780.463203,6.493403000000001,0.07547315238684134,1780.463203,1.0,0.9430170580683008,0.9005460426384099,-0.7171144999999992,6.430657999999994,,,True,0.9279727911955551,0.9945834304125649,0.8749746451142788,0.9294590703609057,A100-80GB,3,AuthenticAMD,143,49,24
pilot-026-modal-a100-rep3-20260811T180100Z.csv,20260811T180100Z,NVIDIA A100-SXM4-80GB,modal,16,8,1,64,compiled-gpu-resident,,30,0.3024210333333333,0.15872688365075907,0.24194349999999998,0.23172,0.774496,0.20745600014925,16594.914149,236.27294921875,True,True,3.576278686523437e-06,4.270080353308003e-06,0.0,0,0.5248539822156079,0.6089089999999999,0.23789731854977436,22762.89129,0.6089089999999999,0.23789731854977436,22762.89129,8.0,2.5167404786654735,2.5167404786654735,0.36696549999999994,0.0,0.0,0.0,False,2.3243045636553763,2.5627533149862396,2.3161905490833457,2.5630328944179492,A100-80GB,3,AuthenticAMD,143,49,24
pilot-026-modal-a100-rep3-20260811T180100Z.csv,20260811T180100Z,NVIDIA A100-SXM4-80GB,modal,32,8,1,1,compiled-gpu-resident,,30,6.878827366666667,0.19403610462639412,6.864095000000001,6.619021,7.413835,6.81990385055542,1611.234747,3351.60888671875,True,True,6.437301635742188e-06,3.752460088435328e-06,0.0,0,0.028207729934705408,6.3016375,0.05274188037811689,1531.880952,6.3016375,0.05274188037811689,1531.880952,8.0,0.9180580251293141,0.9180580251293141,-0.5624575000000007,79.35379499999999,,,True,0.9045713690933264,0.9605573147249699,0.9044774019314659,0.9615049737973308,A100-80GB,3,AuthenticAMD,143,49,24
pilot-026-modal-a100-rep3-20260811T180100Z.csv,20260811T180100Z,NVIDIA A100-SXM4-80GB,modal,32,8,1,64,compiled-gpu-resident,,30,0.3502378333333333,0.18529732937504245,0.2571775,0.234365,0.837804,0.2151519954204559,18961.397205,125.574951171875,True,True,6.437301635742188e-06,3.752460088435328e-06,0.0,0,0.5290614312323269,1.111431,0.23139210905940735,23815.163438,0.6283704999999999,0.2771078004779873,23815.163438,1.0,4.321649444449845,2.443333884185047,0.37119299999999994,0.0,0.0,0.0,False,3.4363205625646778,5.145937750338677,2.1824250213669423,2.9419981531702066,A100-80GB,3,AuthenticAMD,143,49,24
pilot-026-modal-a100-rep3-20260811T180100Z.csv,20260811T180100Z,NVIDIA A100-SXM4-80GB,modal,64,8,1,1,compiled-gpu-resident,,30,7.192129933333334,0.189226081731102,7.121763,6.932567,7.64019,7.073375940322876,1724.480808,1738.711669921875,True,True,1.239776611328125e-05,3.507115479806089e-06,0.0,0,0.02631015894945066,6.300407,0.06264469606392133,1606.448165,6.300407,0.06264469606392133,1606.448165,8.0,0.8846695684762327,0.8846695684762327,-0.8213559999999998,118.03264300000001,,,True,0.8604484837675334,0.9129851491062866,0.8605200064970442,0.9130567925654268,A100-80GB,3,AuthenticAMD,143,49,24
pilot-026-modal-a100-rep3-20260811T180100Z.csv,20260811T180100Z,NVIDIA A100-SXM4-80GB,modal,64,8,1,64,compiled-gpu-resident,,30,0.34175876666666666,0.19137966167689918,0.2538855,0.234254,0.807387,0.2150880023837089,20455.957029,61.9837646484375,True,True,1.239776611328125e-05,3.507115479806089e-06,0.0,0,0.5599846451446284,0.663165,0.3106942236282129,28614.945923,0.663165,0.3106942236282129,28614.945923,8.0,2.612063312004821,2.612063312004821,0.4092795,0.0,0.0,0.0,False,2.4150608203070214,3.1192957015668688,2.393805215637295,3.1262286644085804,A100-80GB,3,AuthenticAMD,143,49,24
pilot-026-modal-a100-rep3-20260811T180100Z.csv,20260811T180100Z,NVIDIA A100-SXM4-80GB,modal,128,8,1,1,compiled-gpu-resident,,30,7.319520333333333,0.3273921845254829,7.305225500000001,6.880503,7.990472,7.2501280307769775,2783.232053,891.7511596679688,True,True,1.2874603271484377e-05,4.915643785352586e-06,0.0,0,0.04472863925721038,6.4630659999999995,0.04028768067240947,21008.738553,6.1430755,0.03917691929373352,21008.738553,1.0,0.8847182061662572,0.840915246216561,-1.1621500000000005,0.0,,,True,0.8554115012382708,0.917392550793912,0.8220317590645327,0.8725817743938202,A100-80GB,3,AuthenticAMD,143,49,24
pilot-026-modal-a100-rep3-20260811T180100Z.csv,20260811T180100Z,NVIDIA A100-SXM4-80GB,modal,128,8,1,64,compiled-gpu-resident,,30,0.4439076666666667,0.24061338739582205,0.30189449999999995,0.236309,0.965882,0.26553599536418915,18450.946005,36.85235595703125,True,True,1.2874603271484377e-05,4.915643785352586e-06,0.0,0,0.5420347641269739,0.6782935,0.22408482323869688,24013.602135,0.6782935,0.22408482323869688,24013.602135,8.0,2.246789855396505,2.246789855396505,0.37639900000000004,0.0,0.0,0.0,False,1.2500315352101032,2.7713637565294986,1.2958722036155952,2.823355178116327,A100-80GB,3,AuthenticAMD,143,49,24
pilot-026-modal-a100-rep3-20260811T180100Z.csv,20260811T180100Z,NVIDIA A100-SXM4-80GB,modal,256,8,1,1,compiled-gpu-resident,,30,7.3260829,0.507911000958208,7.1993165,6.897573,9.678289,7.1535680294036865,2168.413399,439.4114074707031,True,True,1.430511474609375e-05,4.785815235663904e-06,0.0,0,0.06932913644182322,9.719486,0.025816168806179457,1824.496846,6.790283499999999,0.044039297590290835,1824.496846,1.0,1.35005677275058,0.9431844675810542,-0.40903300000000087,343.916553,,,True,1.3296554133376635,1.3720712616254782,0.9097419625574291,0.9757937516213032,A100-80GB,3,AuthenticAMD,143,49,24
pilot-026-modal-a100-rep3-20260811T180100Z.csv,20260811T180100Z,NVIDIA A100-SXM4-80GB,modal,256,8,1,64,compiled-gpu-resident,,30,0.3661602666666666,0.19368179382918774,0.2637695,0.235056,0.877098,0.2316159978508949,22305.88699,16.099212646484375,True,True,1.430511474609375e-05,4.785815235663904e-06,0.0,0,0.5289536070976965,2.3151095,0.2884050814966598,22968.286238,1.462302,0.22632581421680614,22968.286238,1.0,8.777017433782147,5.543863107751275,1.1985325,0.0,0.0,0.0,False,6.66957012879806,9.67971075336398,3.7425345035276263,6.073317580044443,A100-80GB,3,AuthenticAMD,143,49,24
pilot-027-modal-h100-rep1-20260811T175410Z.csv,20260811T175410Z,NVIDIA H100 80GB HBM3,modal,8,8,1,1,compiled-gpu-resident,,30,3.4101364333333333,0.0865010623672786,3.4062970000000004,3.214402,3.54203,3.3724639415740967,1196.249806,6652.923828125,True,True,4.410743713378906e-06,3.2164530239242595e-06,0.0,0,0.025365865577033738,2.9068195,0.043174555644111635,18889.117889,2.7008375,0.0751413412938737,18889.117889,1.0,0.8533664269439805,0.7928954815155578,-0.7054595000000004,0.0,,,True,0.8303882240340543,0.8765884003707728,0.7740612524755717,0.811251454472932,H100!,1,GenuineIntel,6,143,24
pilot-027-modal-h100-rep1-20260811T175410Z.csv,20260811T175410Z,NVIDIA H100 80GB HBM3,modal,8,8,1,64,compiled-gpu-resident,,30,0.19053853333333332,0.07967878313740413,0.145126,0.117788,0.344323,0.12508799508213994,9284.654267,283.44921875,True,True,4.410743713378906e-06,3.2164530239242595e-06,0.0,0,0.41817674222364193,0.4166035,0.29694218375550163,12472.536164,0.332879,0.33179670630078884,12472.536164,1.0,2.8706331050259775,2.2937240742527183,0.18775299999999998,0.0,0.0,0.0,False,1.6310635108883085,3.63412480722136,1.5807355333377728,2.6840970203568526,H100!,1,GenuineIntel,6,143,24
pilot-027-modal-h100-rep1-20260811T175410Z.csv,20260811T175410Z,NVIDIA H100 80GB HBM3,modal,16,8,1,1,compiled-gpu-resident,,30,3.3642938666666664,0.10636865602161039,3.359126,3.103763,3.532944,3.3276480436325073,819.722435,3280.396484375,True,True,2.1457672119140625e-06,3.260239054725389e-06,0.0,0,0.03161693366786659,2.8259225,0.03783993641348638,989.011656,2.8259225,0.03783993641348638,989.011656,8.0,0.8412671927162005,0.8412671927162005,-0.5332034999999999,0.0,,,True,0.8203689757402088,0.8612529589126177,0.8208354958057722,0.8611435664169269,H100!,1,GenuineIntel,6,143,24
pilot-027-modal-h100-rep1-20260811T175410Z.csv,20260811T175410Z,NVIDIA H100 80GB HBM3,modal,16,8,1,64,compiled-gpu-resident,,30,0.1732282,0.08677425185657878,0.118436,0.114395,0.382373,0.100016001611948,9578.293049,115.66015625,True,True,2.1457672119140625e-06,3.260239054725389e-06,0.0,0,0.5009245137718846,0.34681799999999996,0.21760835052435584,13061.97327,0.340237,0.3042664544031922,13061.97327,1.0,2.9283157148164407,2.8727498395758047,0.22180100000000003,0.0,0.0,0.0,False,2.4880009705412194,2.984486463004543,2.4349447389134817,3.3845211823062615,H100!,1,GenuineIntel,6,143,24
pilot-027-modal-h100-rep1-20260811T175410Z.csv,20260811T175410Z,NVIDIA H100 80GB HBM3,modal,32,8,1,1,compiled-gpu-resident,,30,3.3632437333333334,0.10541634280382396,3.3327755000000003,3.189973,3.563183,3.3042880296707153,968.338068,1627.331787109375,True,True,5.960464477539063e-06,3.8327552829287015e-06,0.0,0,0.03134365248615066,2.818701,0.04483334769754509,996.165679,2.818701,0.04483334769754509,996.165679,8.0,0.8457518365698499,0.8457518365698499,-0.5140745000000004,0.0,,,True,0.823354639636784,0.857847963718154,0.8246462335707068,0.8579316431810574,H100!,1,GenuineIntel,6,143,24
pilot-027-modal-h100-rep1-20260811T175410Z.csv,20260811T175410Z,NVIDIA H100 80GB HBM3,modal,32,8,1,64,compiled-gpu-resident,,30,0.18637403333333333,0.11422098859651134,0.1233975,0.114474,0.472483,0.10353599861264226,9958.765089,60.252685546875,True,True,5.960464477539063e-06,3.8327552829287015e-06,0.0,0,0.6128589189902063,0.3551875,0.3276942482246996,13832.123692,0.3501465,0.35322678653290196,13832.123692,1.0,2.8784011021292977,2.83754938309123,0.22674900000000003,0.0,0.0,0.0,False,2.486214312982945,3.0466029371576138,2.4467282428497796,2.9833128996197855,H100!,1,GenuineIntel,6,143,24
pilot-027-modal-h100-rep1-20260811T175410Z.csv,20260811T175410Z,NVIDIA H100 80GB HBM3,modal,64,8,1,1,compiled-gpu-resident,,30,3.0986344,0.11764742907242694,3.0610365,3.015795,3.529663,3.0389280319213867,699.364512,747.3233642578125,True,True,4.529953002929688e-06,4.605160484061344e-06,0.0,0,0.037967508871787826,2.951833,0.035921995123437085,1159.340842,2.9359705,0.052809874327743464,1159.340842,1.0,0.9643246658443961,0.959142597613586,-0.12506600000000034,0.0,,,True,0.9558889567701073,0.9771368955368886,0.933552515147137,1.022516155387852,H100!,1,GenuineIntel,6,143,24
pilot-027-modal-h100-rep1-20260811T175410Z.csv,20260811T175410Z,NVIDIA H100 80GB HBM3,modal,64,8,1,64,compiled-gpu-resident,,30,0.1726966,0.09378793968000729,0.123946,0.112327,0.493538,0.1028959974646568,10650.156415,30.26025390625,True,True,4.529953002929688e-06,4.605160484061344e-06,0.0,0,0.5430792481149442,0.3759345,0.27658650735086276,13009.59934,0.3759345,0.27658650735086276,13009.59934,8.0,3.0330506833621094,3.0330506833621094,0.2519885,0.0,0.0,0.0,False,2.1882249125782636,3.2377717954377787,2.2480765537604723,3.221272376002325,H100!,1,GenuineIntel,6,143,24
pilot-027-modal-h100-rep1-20260811T175410Z.csv,20260811T175410Z,NVIDIA H100 80GB HBM3,modal,128,8,1,1,compiled-gpu-resident,,30,3.3737161999999996,0.12475924832567,3.3530914999999997,3.133593,3.673345,3.3236160278320312,1095.126797,409.31292724609375,True,True,7.867813110351562e-06,4.265566531103104e-06,0.0,0,0.03697976976417578,2.9734555,0.03929761863659917,1042.399654,2.9734555,0.03929761863659917,1042.399654,8.0,0.8867803040865423,0.8867803040865423,-0.37963599999999964,52.72714299999984,,,True,0.8642357672387174,0.9027342751554104,0.8651728589803317,0.9028043186997693,H100!,1,GenuineIntel,6,143,24
pilot-027-modal-h100-rep1-20260811T175410Z.csv,20260811T175410Z,NVIDIA H100 80GB HBM3,modal,128,8,1,64,compiled-gpu-resident,,30,0.17658303333333333,0.08881174777350719,0.1210665,0.113806,0.389558,0.10099200159311295,9992.602531,14.77862548828125,True,True,7.867813110351562e-06,4.265566531103104e-06,0.0,0,0.5029460990505157,0.4359335,0.27922159674511565,13285.372849,0.43473649999999997,0.261425191741198,13285.372849,1.0,3.600777258779266,3.590890130630686,0.31367,0.0,0.0,0.0,False,2.6385151772731255,3.7314633597894615,2.8644710506444735,3.683302074567703,H100!,1,GenuineIntel,6,143,24
pilot-027-modal-h100-rep1-20260811T175410Z.csv,20260811T175410Z,NVIDIA H100 80GB HBM3,modal,256,8,1,1,compiled-gpu-resident,,30,3.359806933333333,0.09867172793940097,3.3296445,3.184631,3.520345,3.300784111022949,1119.263204,203.22537231445312,True,True,7.62939453125e-06,5.183574558031978e-06,0.0,0,0.029368273206552,3.9203415,0.04926156831696077,972.077691,3.143855,0.05290429316758858,972.077691,1.0,1.177405425714367,0.9442014004798409,-0.18578950000000027,147.18551300000013,,,True,1.1554406175768472,1.1984738970822626,0.9093503373250774,0.964727974533342,H100!,1,GenuineIntel,6,143,24
pilot-027-modal-h100-rep1-20260811T175410Z.csv,20260811T175410Z,NVIDIA H100 80GB HBM3,modal,256,8,1,64,compiled-gpu-resident,,30,0.17686006666666668,0.10268904154136926,0.11978749999999999,0.113037,0.485083,0.10044800117611885,10661.211023,7.311248779296875,True,True,7.62939453125e-06,5.183574558031978e-06,0.0,0,0.5806231077301938,1.150698,0.03288425787014671,12551.977277,0.5884915,0.25841679447262533,12551.977277,1.0,9.606160909944695,4.912795575498278,0.46870399999999995,0.0,0.0,0.0,False,8.39842144711345,9.964042173452365,4.225656165204873,6.438326835949847,H100!,1,GenuineIntel,6,143,24
pilot-028-modal-h100-rep2-20260811T175412Z.csv,20260811T175412Z,NVIDIA H100 80GB HBM3,modal,8,8,1,1,compiled-gpu-resident,,30,3.2016143666666665,0.11805643391440006,3.162528,3.085242,3.579159,3.1363519430160522,839.83258,6176.8125,True,True,6.437301635742188e-06,3.010847649420612e-06,0.0,0,0.03687403303268954,2.7008115,0.043087855770972405,1024.90211,2.7008115,0.043087855770972405,1024.90211,8.0,0.8540039803600158,0.8540039803600158,-0.4617165000000001,0.0,,,True,0.8456202620670094,0.8599796778711574,0.84544350423005,0.8600454159880636,H100!,2,GenuineIntel,6,143,24
pilot-028-modal-h100-rep2-20260811T175412Z.csv,20260811T175412Z,NVIDIA H100 80GB HBM3,modal,8,8,1,64,compiled-gpu-resident,,30,0.1768601,0.10098314601076273,0.12149499999999999,0.111691,0.496762,0.10143999755382535,11674.901025,237.294921875,True,True,6.437301635742188e-06,3.010847649420612e-06,0.0,0,0.5709775467206155,0.340874,0.3381743478954773,14682.191577,0.340874,0.3381743478954773,14682.191577,8.0,2.805662784476728,2.805662784476728,0.21937900000000002,0.0,0.0,0.0,False,2.4841658643619025,2.969746276441214,2.3829055190658,2.9739699790269185,H100!,2,GenuineIntel,6,143,24
pilot-028-modal-h100-rep2-20260811T175412Z.csv,20260811T175412Z,NVIDIA H100 80GB HBM3,modal,16,8,1,1,compiled-gpu-resident,,30,3.2608162666666667,0.10183039599489999,3.2329945,3.101449,3.461579,3.203679919242859,844.079163,3157.22119140625,True,True,7.62939453125e-06,3.954511612391798e-06,0.0,0,0.031228498531441325,2.7659955,0.05478228593362761,986.677576,2.7189975,0.06552259910163412,986.677576,1.0,0.8555521823498307,0.841015195045955,-0.5139970000000003,0.0,,,True,0.8451224815175691,0.8875863591019694,0.8330990900227193,0.8669827157979781,H100!,2,GenuineIntel,6,143,24
pilot-028-modal-h100-rep2-20260811T175412Z.csv,20260811T175412Z,NVIDIA H100 80GB HBM3,modal,16,8,1,64,compiled-gpu-resident,,30,0.17920806666666664,0.10198198985011278,0.1237305,0.1135,0.439665,0.10353599861264226,9669.322746,120.83056640625,True,True,7.62939453125e-06,3.954511612391798e-06,0.0,0,0.5690703088706542,0.3547575,0.34904977392096564,13007.546349,0.3547575,0.34904977392096564,13007.546349,8.0,2.8671790706414346,2.8671790706414346,0.231027,0.0,0.0,0.0,False,2.59064363317116,3.0849204837827315,2.5910236271825204,3.0959453647447606,H100!,2,GenuineIntel,6,143,24
pilot-028-modal-h100-rep2-20260811T175412Z.csv,20260811T175412Z,NVIDIA H100 80GB HBM3,modal,32,8,1,1,compiled-gpu-resident,,30,3.1587005666666665,0.07528387890840502,3.137487,3.041565,3.324786,3.1115520000457764,912.057728,1531.97607421875,True,True,9.5367431640625e-06,5.009530013921904e-06,0.0,0,0.023833813088478678,2.8059575,0.050244313605085446,1004.750213,2.776634,0.05711696938857336,1004.750213,1.0,0.894332789267334,0.8849866150839828,-0.3608530000000001,0.0,,,True,0.8775806536031288,0.9126861200694873,0.8712024192540618,0.9083525590993032,H100!,2,GenuineIntel,6,143,24
pilot-028-modal-h100-rep2-20260811T175412Z.csv,20260811T175412Z,NVIDIA H100 80GB HBM3,modal,32,8,1,64,compiled-gpu-resident,,30,0.1822887,0.1082321861294281,0.121587,0.112406,0.473119,0.10379200056195255,9807.140323,59.36865234375,True,True,9.5367431640625e-06,5.009530013921904e-06,0.0,0,0.5937405123270291,0.36179150000000004,0.3844255828222695,13357.943192,0.36179150000000004,0.3844255828222695,13357.943192,8.0,2.9755771587423,2.9755771587423,0.24020450000000004,0.0,0.0,0.0,False,2.557953422724065,3.213254277281526,2.546294375527251,3.214793747087562,H100!,2,GenuineIntel,6,143,24
pilot-028-modal-h100-rep2-20260811T175412Z.csv,20260811T175412Z,NVIDIA H100 80GB HBM3,modal,64,8,1,1,compiled-gpu-resident,,30,3.3566987999999998,0.08816462953353917,3.3431604999999998,3.162923,3.53983,3.3145439624786377,944.725131,816.2012939453125,True,True,6.67572021484375e-06,3.825154180958634e-06,0.0,0,0.026265278711792423,2.858694,0.04779574259412806,1041.883779,2.858694,0.04779574259412806,1041.883779,8.0,0.8550872744518249,0.8550872744518249,-0.4844664999999999,0.0,,,True,0.8436258510545611,0.8717761032529289,0.8453959771206049,0.8719320612316614,H100!,2,GenuineIntel,6,143,24
pilot-028-modal-h100-rep2-20260811T175412Z.csv,20260811T175412Z,NVIDIA H100 80GB HBM3,modal,64,8,1,64,compiled-gpu-resident,,30,0.1605906,0.07733584190671677,0.116264,0.108709,0.306909,0.09819199889898295,13351.370696,28.384765625,True,True,6.67572021484375e-06,3.825154180958634e-06,0.0,0,0.4815714114444854,0.40281049999999996,0.2831779262376444,34222.033676,0.390038,0.25837752973022293,34222.033676,1.0,3.46461931466318,3.354761577100392,0.27377399999999996,0.0,0.0,0.0,False,3.0796880405044185,4.708808330536205,3.0216296617653895,3.471432138993077,H100!,2,GenuineIntel,6,143,24
pilot-028-modal-h100-rep2-20260811T175412Z.csv,20260811T175412Z,NVIDIA H100 80GB HBM3,modal,128,8,1,1,compiled-gpu-resident,,30,3.3399576,0.10001263591118599,3.3101545000000003,3.195234,3.579694,3.2832000255584717,1098.099665,404.07159423828125,True,True,7.152557373046875e-06,3.788546109717572e-06,0.0,0,0.02994428309843993,2.952923,0.05331350733508918,1017.327376,2.952923,0.05331350733508918,1017.327376,8.0,0.8920801128769065,0.8920801128769065,-0.35723150000000015,80.772289,,,True,0.8758185617278367,0.9111484570801945,0.8756542318325025,0.9114654887150272,H100!,2,GenuineIntel,6,143,24
pilot-028-modal-h100-rep2-20260811T175412Z.csv,20260811T175412Z,NVIDIA H100 80GB HBM3,modal,128,8,1,64,compiled-gpu-resident,,30,0.1758299,0.09683630056364054,0.120021,0.112289,0.437401,0.10200000181794161,10726.152752,14.6510009765625,True,True,7.152557373046875e-06,3.788546109717572e-06,0.0,0,0.5507385294744553,0.4478835,0.27227338645678223,13820.852954,0.4478835,0.27227338645678223,13820.852954,8.0,3.7317094508461017,3.7317094508461017,0.3278625,0.0,0.0,0.0,False,3.167522266500793,3.833029889079426,3.2126590593749778,3.831643628451042,H100!,2,GenuineIntel,6,143,24
pilot-028-modal-h100-rep2-20260811T175412Z.csv,20260811T175412Z,NVIDIA H100 80GB HBM3,modal,256,8,1,1,compiled-gpu-resident,,30,3.334287766666667,0.11086417472424771,3.3009575,3.159238,3.586166,3.27182400226593,1052.57974,201.47445678710938,True,True,8.106231689453125e-06,5.083974883746123e-06,0.0,0,0.033249732021504594,3.9997685,0.07140796098540164,1023.763067,3.0580675,0.04529150281359574,1023.763067,1.0,1.2116994841648219,0.9264183195330445,-0.24289000000000005,28.816672999999923,,,True,1.143309541102903,1.2747636149079262,0.90375573275134,0.9438983385429734,H100!,2,GenuineIntel,6,143,24
pilot-028-modal-h100-rep2-20260811T175412Z.csv,20260811T175412Z,NVIDIA H100 80GB HBM3,modal,256,8,1,64,compiled-gpu-resident,,30,0.17993226666666665,0.10444091370390123,0.122803,0.113541,0.477416,0.1044160015881061,10687.902738,7.49530029296875,True,True,8.106231689453125e-06,5.083974883746123e-06,0.0,0,0.5804457179288646,1.1526655,0.037796438537368894,12455.889036,0.55495,0.28223110420998304,12455.889036,1.0,9.386297566020374,4.519026408149639,0.43214700000000006,0.0,0.0,0.0,False,8.34324789823129,9.859205742354732,4.020255218652768,4.931237818169831,H100!,2,GenuineIntel,6,143,24
pilot-029-modal-h100-rep3-20260811T175422Z.csv,20260811T175422Z,NVIDIA H100 80GB HBM3,modal,8,8,1,1,compiled-gpu-resident,,30,3.9855701999999997,0.13912448656890744,4.0230715,3.581732,4.229299,3.9757920503616333,917.556329,7857.5615234375,True,True,3.337860107421875e-06,3.409520331842941e-06,0.0,0,0.034907047069176564,3.420794,0.04189133907303744,1084.105436,3.420794,0.04189133907303744,1084.105436,8.0,0.8502941098610849,0.8502941098610849,-0.6022775000000005,0.0,,,True,0.8333106868813546,0.8688236968519905,0.8345465535088844,0.8683012719719835,H100!,3,GenuineIntel,6,143,24
pilot-029-modal-h100-rep3-20260811T175422Z.csv,20260811T175422Z,NVIDIA H100 80GB HBM3,modal,8,8,1,64,compiled-gpu-resident,,30,0.2387952,0.08624140928987332,0.21611550000000002,0.133527,0.424932,0.1901600062847137,15690.606,422.1005859375,True,True,3.337860107421875e-06,3.409520331842941e-06,0.0,0,0.3611521893650849,0.379575,0.26232613639706753,13790.612451,0.374575,0.2875903080677139,13790.612451,1.0,1.7563525059516785,1.7332167290175853,0.15845949999999998,1899.993548999999,11990.404797440351,6139087.25628946,False,1.3964632235157024,2.386042247084305,1.3432804648156385,1.9629819542883615,H100!,3,GenuineIntel,6,143,24
pilot-029-modal-h100-rep3-20260811T175422Z.csv,20260811T175422Z,NVIDIA H100 80GB HBM3,modal,16,8,1,1,compiled-gpu-resident,,30,4.071795333333333,0.11775319354665853,4.0527415,3.833551,4.398333,4.003087997436523,899.427538,3957.75537109375,True,True,3.576278686523437e-06,4.270080353308003e-06,0.0,0,0.028919231912931415,3.4269439999999998,0.05172594498792239,1080.974844,3.4269439999999998,0.05172594498792239,1080.974844,8.0,0.8455866232771077,0.8455866232771077,-0.6257975,0.0,,,True,0.8149944821600797,0.8636720231568056,0.8147482034323115,0.8641840029170722,H100!,3,GenuineIntel,6,143,24
pilot-029-modal-h100-rep3-20260811T175422Z.csv,20260811T175422Z,NVIDIA H100 80GB HBM3,modal,16,8,1,64,compiled-gpu-resident,,30,0.18681856666666666,0.10130927090935483,0.14442549999999998,0.125877,0.548862,0.12208000198006624,9290.349141,141.04052734375,True,True,3.576278686523437e-06,4.270080353308003e-06,0.0,0,0.5422869510080182,0.339463,0.2876530392837485,13640.778041,0.339463,0.2876530392837485,13640.778041,8.0,2.3504367303557894,2.3504367303557894,0.19503750000000003,0.0,0.0,0.0,False,2.0940080000246724,2.537091667195011,2.0822952274520117,2.545055784364939,H100!,3,GenuineIntel,6,143,24
pilot-029-modal-h100-rep3-20260811T175422Z.csv,20260811T175422Z,NVIDIA H100 80GB HBM3,modal,32,8,1,1,compiled-gpu-resident,,30,3.8823000666666667,0.13642864368218618,3.9088935,3.544685,4.169255,3.865216016769409,1033.064881,1908.639404296875,True,True,6.437301635742188e-06,3.752460088435328e-06,0.0,0,0.03514118984608098,3.416369,0.05863414139226654,1128.961779,3.416369,0.05863414139226654,1128.961779,8.0,0.8739989974144857,0.8739989974144857,-0.49252450000000003,0.0,,,True,0.8311421407832622,0.9013243785012358,0.8314460655005885,0.9012941769995253,H100!,3,GenuineIntel,6,143,24
pilot-029-modal-h100-rep3-20260811T175422Z.csv,20260811T175422Z,NVIDIA H100 80GB HBM3,modal,32,8,1,64,compiled-gpu-resident,,30,0.19873519999999997,0.10830863016825638,0.1478225,0.120768,0.550467,0.1246879994869232,10383.929225,72.178955078125,True,True,6.437301635742188e-06,3.752460088435328e-06,0.0,0,0.5449896654858143,0.402459,0.29018809368052473,13187.440973,0.39514950000000004,0.25542889067603536,13187.440973,1.0,2.7225828273774293,2.6731350098936226,0.24732700000000005,0.0,0.0,0.0,False,2.2646010688011486,3.5218320303602413,2.247505069380939,2.918229776214174,H100!,3,GenuineIntel,6,143,24
pilot-029-modal-h100-rep3-20260811T175422Z.csv,20260811T175422Z,NVIDIA H100 80GB HBM3,modal,64,8,1,1,compiled-gpu-resident,,30,3.9517701,0.1945015630413837,4.0177095000000005,3.422618,4.22389,3.966944098472595,1077.569241,980.8861083984375,True,True,1.239776611328125e-05,3.507115479806089e-06,0.0,0,0.049218845762658024,3.542669,0.04514316619311978,1139.238877,3.4131375,0.05316753204380823,1139.238877,1.0,0.8817633529751217,0.8495232171464859,-0.6045720000000006,0.0,,,True,0.8571035253838045,0.9059402657272205,0.8206957138959358,0.8796567495591605,H100!,3,GenuineIntel,6,143,24
pilot-029-modal-h100-rep3-20260811T175422Z.csv,20260811T175422Z,NVIDIA H100 80GB HBM3,modal,64,8,1,64,compiled-gpu-resident,,30,0.1992233,0.10495934762437545,0.15031299999999997,0.124793,0.501041,0.12523200362920758,9535.903357,36.697509765625,True,True,1.239776611328125e-05,3.507115479806089e-06,0.0,0,0.5268427318710986,0.424066,0.26267533788260805,13698.310797,0.41691449999999997,0.26706789514015583,13698.310797,1.0,2.8212197215144403,2.773642332998477,0.2666015,0.0,0.0,0.0,False,2.407543258113388,3.0520198159051293,2.370902332349088,3.0123228337080916,H100!,3,GenuineIntel,6,143,24
pilot-029-modal-h100-rep3-20260811T175422Z.csv,20260811T175422Z,NVIDIA H100 80GB HBM3,modal,128,8,1,1,compiled-gpu-resident,,30,3.9024521,0.12772559639464975,3.894715,3.552348,4.234756,3.8501919507980347,1347.915694,475.4290771484375,True,True,1.2874603271484377e-05,4.915643785352586e-06,0.0,0,0.03272957441159874,3.391282,0.06651268458937645,22164.496739,3.095579,0.05238781317530876,22164.496739,1.0,0.8707394507685414,0.7948152817343502,-0.7991360000000003,0.0,,,True,0.8421822689398282,0.8942620915529798,0.7798170540476821,0.8057086604600531,H100!,3,GenuineIntel,6,143,24
pilot-029-modal-h100-rep3-20260811T175422Z.csv,20260811T175422Z,NVIDIA H100 80GB HBM3,modal,128,8,1,64,compiled-gpu-resident,,30,0.20300126666666665,0.10215246167369343,0.1610625,0.121479,0.526852,0.13743999600410461,11876.230841,19.66094970703125,True,True,1.2874603271484377e-05,4.915643785352586e-06,0.0,0,0.5032109570105807,0.5533490000000001,0.20502884180866,14073.874492,0.4765465,0.2719355428440401,14073.874492,1.0,3.4356166084594495,2.958767559177338,0.315484,0.0,0.0,0.0,False,2.947009543185944,3.8836538892013253,2.6809862871669403,3.2551263349113726,H100!,3,GenuineIntel,6,143,24
pilot-029-modal-h100-rep3-20260811T175422Z.csv,20260811T175422Z,NVIDIA H100 80GB HBM3,modal,256,8,1,1,compiled-gpu-resident,,30,3.9588026333333333,0.12997434991287585,3.978358,3.630026,4.19775,3.9259519577026367,1221.648932,242.8197021484375,True,True,1.430511474609375e-05,4.785815235663904e-06,0.0,0,0.032831732710917376,4.9075865,0.09806451034866055,1084.198662,3.399228,0.05410888782690195,1084.198662,1.0,1.233570860138781,0.8544298929357287,-0.5791300000000001,137.45027000000005,,,True,1.173503072980948,1.2894247851065015,0.8254990301722371,0.8849433290594532,H100!,3,GenuineIntel,6,143,24
pilot-029-modal-h100-rep3-20260811T175422Z.csv,20260811T175422Z,NVIDIA H100 80GB HBM3,modal,256,8,1,64,compiled-gpu-resident,,30,0.23230193333333335,0.10943597130929664,0.1812455,0.132395,0.510923,0.16048000007867808,11022.776131,11.062347412109375,True,True,1.430511474609375e-05,4.785815235663904e-06,0.0,0,0.4710936742496474,1.2906115,0.04636991743987106,14190.636435,0.6514805,0.22406030804760171,14190.636435,1.0,7.120791964490153,3.5944644142889066,0.470235,0.0,0.0,0.0,False,6.2018576501240155,7.789369901766289,2.9377178695753634,4.327806779670999,H100!,3,GenuineIntel,6,143,24
