target_active_sessions,window_ms,grouping,threshold_k,repetitions,eligible_share_mean,eligible_share_std,eligible_share_min,eligible_share_max,cohort_size_event_mean,cohort_size_event_p50,cohort_size_event_p90,cohort_size_event_p99,cohort_size_max,wait_ms_mean,wait_ms_p95,mean_active_sessions,active_population_ratio,event_rate_hz
100,1,event_class,32,5,0.0,0.0,0.0,0.0,1.0060790224838558,1.0,1.0,1.2,2,0.4930524489920728,0.9419528978709989,98.35978567599355,0.9835978567599355,10.6
100,1,event_class,64,5,0.0,0.0,0.0,0.0,1.0060790224838558,1.0,1.0,1.2,2,0.4930524489920728,0.9419528978709989,98.35978567599355,0.9835978567599355,10.6
100,1,event_class,128,5,0.0,0.0,0.0,0.0,1.0060790224838558,1.0,1.0,1.2,2,0.4930524489920728,0.9419528978709989,98.35978567599355,0.9835978567599355,10.6
100,1,event_class,256,5,0.0,0.0,0.0,0.0,1.0060790224838558,1.0,1.0,1.2,2,0.4930524489920728,0.9419528978709989,98.35978567599355,0.9835978567599355,10.6
100,1,event_class,512,5,0.0,0.0,0.0,0.0,1.0060790224838558,1.0,1.0,1.2,2,0.4930524489920728,0.9419528978709989,98.35978567599355,0.9835978567599355,10.6
100,1,event_class,1024,5,0.0,0.0,0.0,0.0,1.0060790224838558,1.0,1.0,1.2,2,0.4930524489920728,0.9419528978709989,98.35978567599355,0.9835978567599355,10.6
100,1,event_class,4096,5,0.0,0.0,0.0,0.0,1.0060790224838558,1.0,1.0,1.2,2,0.4930524489920728,0.9419528978709989,98.35978567599355,0.9835978567599355,10.6
100,1,pooled,32,5,0.0,0.0,0.0,0.0,1.01275625987323,1.0,1.0,1.5539999999999963,2,0.4930524489920728,0.9419528978709989,98.35978567599355,0.9835978567599355,10.6
100,1,pooled,64,5,0.0,0.0,0.0,0.0,1.01275625987323,1.0,1.0,1.5539999999999963,2,0.4930524489920728,0.9419528978709989,98.35978567599355,0.9835978567599355,10.6
100,1,pooled,128,5,0.0,0.0,0.0,0.0,1.01275625987323,1.0,1.0,1.5539999999999963,2,0.4930524489920728,0.9419528978709989,98.35978567599355,0.9835978567599355,10.6
100,1,pooled,256,5,0.0,0.0,0.0,0.0,1.01275625987323,1.0,1.0,1.5539999999999963,2,0.4930524489920728,0.9419528978709989,98.35978567599355,0.9835978567599355,10.6
100,1,pooled,512,5,0.0,0.0,0.0,0.0,1.01275625987323,1.0,1.0,1.5539999999999963,2,0.4930524489920728,0.9419528978709989,98.35978567599355,0.9835978567599355,10.6
100,1,pooled,1024,5,0.0,0.0,0.0,0.0,1.01275625987323,1.0,1.0,1.5539999999999963,2,0.4930524489920728,0.9419528978709989,98.35978567599355,0.9835978567599355,10.6
100,1,pooled,4096,5,0.0,0.0,0.0,0.0,1.01275625987323,1.0,1.0,1.5539999999999963,2,0.4930524489920728,0.9419528978709989,98.35978567599355,0.9835978567599355,10.6
100,1,route_key,32,5,0.0,0.0,0.0,0.0,1.0042642721934958,1.0,1.0,1.0,2,0.4930524489920728,0.9419528978709989,98.35978567599355,0.9835978567599355,10.6
100,1,route_key,64,5,0.0,0.0,0.0,0.0,1.0042642721934958,1.0,1.0,1.0,2,0.4930524489920728,0.9419528978709989,98.35978567599355,0.9835978567599355,10.6
100,1,route_key,128,5,0.0,0.0,0.0,0.0,1.0042642721934958,1.0,1.0,1.0,2,0.4930524489920728,0.9419528978709989,98.35978567599355,0.9835978567599355,10.6
100,1,route_key,256,5,0.0,0.0,0.0,0.0,1.0042642721934958,1.0,1.0,1.0,2,0.4930524489920728,0.9419528978709989,98.35978567599355,0.9835978567599355,10.6
100,1,route_key,512,5,0.0,0.0,0.0,0.0,1.0042642721934958,1.0,1.0,1.0,2,0.4930524489920728,0.9419528978709989,98.35978567599355,0.9835978567599355,10.6
100,1,route_key,1024,5,0.0,0.0,0.0,0.0,1.0042642721934958,1.0,1.0,1.0,2,0.4930524489920728,0.9419528978709989,98.35978567599355,0.9835978567599355,10.6
100,1,route_key,4096,5,0.0,0.0,0.0,0.0,1.0042642721934958,1.0,1.0,1.0,2,0.4930524489920728,0.9419528978709989,98.35978567599355,0.9835978567599355,10.6
100,5,event_class,32,5,0.0,0.0,0.0,0.0,1.029438276893994,1.0,1.0,1.8,2,2.464039683491801,4.712967187536101,98.35978567599355,0.9835978567599355,10.6
100,5,event_class,64,5,0.0,0.0,0.0,0.0,1.029438276893994,1.0,1.0,1.8,2,2.464039683491801,4.712967187536101,98.35978567599355,0.9835978567599355,10.6
100,5,event_class,128,5,0.0,0.0,0.0,0.0,1.029438276893994,1.0,1.0,1.8,2,2.464039683491801,4.712967187536101,98.35978567599355,0.9835978567599355,10.6
100,5,event_class,256,5,0.0,0.0,0.0,0.0,1.029438276893994,1.0,1.0,1.8,2,2.464039683491801,4.712967187536101,98.35978567599355,0.9835978567599355,10.6
100,5,event_class,512,5,0.0,0.0,0.0,0.0,1.029438276893994,1.0,1.0,1.8,2,2.464039683491801,4.712967187536101,98.35978567599355,0.9835978567599355,10.6
100,5,event_class,1024,5,0.0,0.0,0.0,0.0,1.029438276893994,1.0,1.0,1.8,2,2.464039683491801,4.712967187536101,98.35978567599355,0.9835978567599355,10.6
100,5,event_class,4096,5,0.0,0.0,0.0,0.0,1.029438276893994,1.0,1.0,1.8,2,2.464039683491801,4.712967187536101,98.35978567599355,0.9835978567599355,10.6
100,5,pooled,32,5,0.0,0.0,0.0,0.0,1.0601131447283203,1.0,1.0,2.0,3,2.464039683491801,4.712967187536101,98.35978567599355,0.9835978567599355,10.6
100,5,pooled,64,5,0.0,0.0,0.0,0.0,1.0601131447283203,1.0,1.0,2.0,3,2.464039683491801,4.712967187536101,98.35978567599355,0.9835978567599355,10.6
100,5,pooled,128,5,0.0,0.0,0.0,0.0,1.0601131447283203,1.0,1.0,2.0,3,2.464039683491801,4.712967187536101,98.35978567599355,0.9835978567599355,10.6
100,5,pooled,256,5,0.0,0.0,0.0,0.0,1.0601131447283203,1.0,1.0,2.0,3,2.464039683491801,4.712967187536101,98.35978567599355,0.9835978567599355,10.6
100,5,pooled,512,5,0.0,0.0,0.0,0.0,1.0601131447283203,1.0,1.0,2.0,3,2.464039683491801,4.712967187536101,98.35978567599355,0.9835978567599355,10.6
100,5,pooled,1024,5,0.0,0.0,0.0,0.0,1.0601131447283203,1.0,1.0,2.0,3,2.464039683491801,4.712967187536101,98.35978567599355,0.9835978567599355,10.6
100,5,pooled,4096,5,0.0,0.0,0.0,0.0,1.0601131447283203,1.0,1.0,2.0,3,2.464039683491801,4.712967187536101,98.35978567599355,0.9835978567599355,10.6
100,5,route_key,32,5,0.0,0.0,0.0,0.0,1.0184459341811187,1.0,1.0,1.6460000000000037,2,2.464039683491801,4.712967187536101,98.35978567599355,0.9835978567599355,10.6
100,5,route_key,64,5,0.0,0.0,0.0,0.0,1.0184459341811187,1.0,1.0,1.6460000000000037,2,2.464039683491801,4.712967187536101,98.35978567599355,0.9835978567599355,10.6
100,5,route_key,128,5,0.0,0.0,0.0,0.0,1.0184459341811187,1.0,1.0,1.6460000000000037,2,2.464039683491801,4.712967187536101,98.35978567599355,0.9835978567599355,10.6
100,5,route_key,256,5,0.0,0.0,0.0,0.0,1.0184459341811187,1.0,1.0,1.6460000000000037,2,2.464039683491801,4.712967187536101,98.35978567599355,0.9835978567599355,10.6
100,5,route_key,512,5,0.0,0.0,0.0,0.0,1.0184459341811187,1.0,1.0,1.6460000000000037,2,2.464039683491801,4.712967187536101,98.35978567599355,0.9835978567599355,10.6
100,5,route_key,1024,5,0.0,0.0,0.0,0.0,1.0184459341811187,1.0,1.0,1.6460000000000037,2,2.464039683491801,4.712967187536101,98.35978567599355,0.9835978567599355,10.6
100,5,route_key,4096,5,0.0,0.0,0.0,0.0,1.0184459341811187,1.0,1.0,1.6460000000000037,2,2.464039683491801,4.712967187536101,98.35978567599355,0.9835978567599355,10.6
100,10,event_class,32,5,0.0,0.0,0.0,0.0,1.0633856991068313,1.0,1.0,2.0,3,4.961684670317281,9.513707961786553,98.35978567599355,0.9835978567599355,10.6
100,10,event_class,64,5,0.0,0.0,0.0,0.0,1.0633856991068313,1.0,1.0,2.0,3,4.961684670317281,9.513707961786553,98.35978567599355,0.9835978567599355,10.6
100,10,event_class,128,5,0.0,0.0,0.0,0.0,1.0633856991068313,1.0,1.0,2.0,3,4.961684670317281,9.513707961786553,98.35978567599355,0.9835978567599355,10.6
100,10,event_class,256,5,0.0,0.0,0.0,0.0,1.0633856991068313,1.0,1.0,2.0,3,4.961684670317281,9.513707961786553,98.35978567599355,0.9835978567599355,10.6
100,10,event_class,512,5,0.0,0.0,0.0,0.0,1.0633856991068313,1.0,1.0,2.0,3,4.961684670317281,9.513707961786553,98.35978567599355,0.9835978567599355,10.6
100,10,event_class,1024,5,0.0,0.0,0.0,0.0,1.0633856991068313,1.0,1.0,2.0,3,4.961684670317281,9.513707961786553,98.35978567599355,0.9835978567599355,10.6
100,10,event_class,4096,5,0.0,0.0,0.0,0.0,1.0633856991068313,1.0,1.0,2.0,3,4.961684670317281,9.513707961786553,98.35978567599355,0.9835978567599355,10.6
100,10,pooled,32,5,0.0,0.0,0.0,0.0,1.129128693900169,1.0,1.8,2.2,4,4.961684670317281,9.513707961786553,98.35978567599355,0.9835978567599355,10.6
100,10,pooled,64,5,0.0,0.0,0.0,0.0,1.129128693900169,1.0,1.8,2.2,4,4.961684670317281,9.513707961786553,98.35978567599355,0.9835978567599355,10.6
100,10,pooled,128,5,0.0,0.0,0.0,0.0,1.129128693900169,1.0,1.8,2.2,4,4.961684670317281,9.513707961786553,98.35978567599355,0.9835978567599355,10.6
100,10,pooled,256,5,0.0,0.0,0.0,0.0,1.129128693900169,1.0,1.8,2.2,4,4.961684670317281,9.513707961786553,98.35978567599355,0.9835978567599355,10.6
100,10,pooled,512,5,0.0,0.0,0.0,0.0,1.129128693900169,1.0,1.8,2.2,4,4.961684670317281,9.513707961786553,98.35978567599355,0.9835978567599355,10.6
100,10,pooled,1024,5,0.0,0.0,0.0,0.0,1.129128693900169,1.0,1.8,2.2,4,4.961684670317281,9.513707961786553,98.35978567599355,0.9835978567599355,10.6
100,10,pooled,4096,5,0.0,0.0,0.0,0.0,1.129128693900169,1.0,1.8,2.2,4,4.961684670317281,9.513707961786553,98.35978567599355,0.9835978567599355,10.6
100,10,route_key,32,5,0.0,0.0,0.0,0.0,1.0372200705916659,1.0,1.0,2.0,2,4.961684670317281,9.513707961786553,98.35978567599355,0.9835978567599355,10.6
100,10,route_key,64,5,0.0,0.0,0.0,0.0,1.0372200705916659,1.0,1.0,2.0,2,4.961684670317281,9.513707961786553,98.35978567599355,0.9835978567599355,10.6
100,10,route_key,128,5,0.0,0.0,0.0,0.0,1.0372200705916659,1.0,1.0,2.0,2,4.961684670317281,9.513707961786553,98.35978567599355,0.9835978567599355,10.6
100,10,route_key,256,5,0.0,0.0,0.0,0.0,1.0372200705916659,1.0,1.0,2.0,2,4.961684670317281,9.513707961786553,98.35978567599355,0.9835978567599355,10.6
100,10,route_key,512,5,0.0,0.0,0.0,0.0,1.0372200705916659,1.0,1.0,2.0,2,4.961684670317281,9.513707961786553,98.35978567599355,0.9835978567599355,10.6
100,10,route_key,1024,5,0.0,0.0,0.0,0.0,1.0372200705916659,1.0,1.0,2.0,2,4.961684670317281,9.513707961786553,98.35978567599355,0.9835978567599355,10.6
100,10,route_key,4096,5,0.0,0.0,0.0,0.0,1.0372200705916659,1.0,1.0,2.0,2,4.961684670317281,9.513707961786553,98.35978567599355,0.9835978567599355,10.6
100,25,event_class,32,5,0.0,0.0,0.0,0.0,1.1318694752932934,1.0,1.8,2.2460000000000035,3,12.493852607941605,23.687443799351314,98.35978567599355,0.9835978567599355,10.6
100,25,event_class,64,5,0.0,0.0,0.0,0.0,1.1318694752932934,1.0,1.8,2.2460000000000035,3,12.493852607941605,23.687443799351314,98.35978567599355,0.9835978567599355,10.6
100,25,event_class,128,5,0.0,0.0,0.0,0.0,1.1318694752932934,1.0,1.8,2.2460000000000035,3,12.493852607941605,23.687443799351314,98.35978567599355,0.9835978567599355,10.6
100,25,event_class,256,5,0.0,0.0,0.0,0.0,1.1318694752932934,1.0,1.8,2.2460000000000035,3,12.493852607941605,23.687443799351314,98.35978567599355,0.9835978567599355,10.6
100,25,event_class,512,5,0.0,0.0,0.0,0.0,1.1318694752932934,1.0,1.8,2.2460000000000035,3,12.493852607941605,23.687443799351314,98.35978567599355,0.9835978567599355,10.6
100,25,event_class,1024,5,0.0,0.0,0.0,0.0,1.1318694752932934,1.0,1.8,2.2460000000000035,3,12.493852607941605,23.687443799351314,98.35978567599355,0.9835978567599355,10.6
100,25,event_class,4096,5,0.0,0.0,0.0,0.0,1.1318694752932934,1.0,1.8,2.2460000000000035,3,12.493852607941605,23.687443799351314,98.35978567599355,0.9835978567599355,10.6
100,25,pooled,32,5,0.0,0.0,0.0,0.0,1.2793656741598036,1.0,2.0,3.0,5,12.493852607941605,23.687443799351314,98.35978567599355,0.9835978567599355,10.6
100,25,pooled,64,5,0.0,0.0,0.0,0.0,1.2793656741598036,1.0,2.0,3.0,5,12.493852607941605,23.687443799351314,98.35978567599355,0.9835978567599355,10.6
100,25,pooled,128,5,0.0,0.0,0.0,0.0,1.2793656741598036,1.0,2.0,3.0,5,12.493852607941605,23.687443799351314,98.35978567599355,0.9835978567599355,10.6
100,25,pooled,256,5,0.0,0.0,0.0,0.0,1.2793656741598036,1.0,2.0,3.0,5,12.493852607941605,23.687443799351314,98.35978567599355,0.9835978567599355,10.6
100,25,pooled,512,5,0.0,0.0,0.0,0.0,1.2793656741598036,1.0,2.0,3.0,5,12.493852607941605,23.687443799351314,98.35978567599355,0.9835978567599355,10.6
100,25,pooled,1024,5,0.0,0.0,0.0,0.0,1.2793656741598036,1.0,2.0,3.0,5,12.493852607941605,23.687443799351314,98.35978567599355,0.9835978567599355,10.6
100,25,pooled,4096,5,0.0,0.0,0.0,0.0,1.2793656741598036,1.0,2.0,3.0,5,12.493852607941605,23.687443799351314,98.35978567599355,0.9835978567599355,10.6
100,25,route_key,32,5,0.0,0.0,0.0,0.0,1.0737491164314301,1.0,1.0,2.0,3,12.493852607941605,23.687443799351314,98.35978567599355,0.9835978567599355,10.6
100,25,route_key,64,5,0.0,0.0,0.0,0.0,1.0737491164314301,1.0,1.0,2.0,3,12.493852607941605,23.687443799351314,98.35978567599355,0.9835978567599355,10.6
100,25,route_key,128,5,0.0,0.0,0.0,0.0,1.0737491164314301,1.0,1.0,2.0,3,12.493852607941605,23.687443799351314,98.35978567599355,0.9835978567599355,10.6
100,25,route_key,256,5,0.0,0.0,0.0,0.0,1.0737491164314301,1.0,1.0,2.0,3,12.493852607941605,23.687443799351314,98.35978567599355,0.9835978567599355,10.6
100,25,route_key,512,5,0.0,0.0,0.0,0.0,1.0737491164314301,1.0,1.0,2.0,3,12.493852607941605,23.687443799351314,98.35978567599355,0.9835978567599355,10.6
100,25,route_key,1024,5,0.0,0.0,0.0,0.0,1.0737491164314301,1.0,1.0,2.0,3,12.493852607941605,23.687443799351314,98.35978567599355,0.9835978567599355,10.6
100,25,route_key,4096,5,0.0,0.0,0.0,0.0,1.0737491164314301,1.0,1.0,2.0,3,12.493852607941605,23.687443799351314,98.35978567599355,0.9835978567599355,10.6
100,50,event_class,32,5,0.0,0.0,0.0,0.0,1.2573220368697182,1.0,2.0,2.953999999999996,4,24.917992051404234,47.451463130062606,98.35978567599355,0.9835978567599355,10.6
100,50,event_class,64,5,0.0,0.0,0.0,0.0,1.2573220368697182,1.0,2.0,2.953999999999996,4,24.917992051404234,47.451463130062606,98.35978567599355,0.9835978567599355,10.6
100,50,event_class,128,5,0.0,0.0,0.0,0.0,1.2573220368697182,1.0,2.0,2.953999999999996,4,24.917992051404234,47.451463130062606,98.35978567599355,0.9835978567599355,10.6
100,50,event_class,256,5,0.0,0.0,0.0,0.0,1.2573220368697182,1.0,2.0,2.953999999999996,4,24.917992051404234,47.451463130062606,98.35978567599355,0.9835978567599355,10.6
100,50,event_class,512,5,0.0,0.0,0.0,0.0,1.2573220368697182,1.0,2.0,2.953999999999996,4,24.917992051404234,47.451463130062606,98.35978567599355,0.9835978567599355,10.6
100,50,event_class,1024,5,0.0,0.0,0.0,0.0,1.2573220368697182,1.0,2.0,2.953999999999996,4,24.917992051404234,47.451463130062606,98.35978567599355,0.9835978567599355,10.6
100,50,event_class,4096,5,0.0,0.0,0.0,0.0,1.2573220368697182,1.0,2.0,2.953999999999996,4,24.917992051404234,47.451463130062606,98.35978567599355,0.9835978567599355,10.6
100,50,pooled,32,5,0.0,0.0,0.0,0.0,1.544236978020114,1.0,2.6,3.8,5,24.917992051404234,47.451463130062606,98.35978567599355,0.9835978567599355,10.6
100,50,pooled,64,5,0.0,0.0,0.0,0.0,1.544236978020114,1.0,2.6,3.8,5,24.917992051404234,47.451463130062606,98.35978567599355,0.9835978567599355,10.6
100,50,pooled,128,5,0.0,0.0,0.0,0.0,1.544236978020114,1.0,2.6,3.8,5,24.917992051404234,47.451463130062606,98.35978567599355,0.9835978567599355,10.6
100,50,pooled,256,5,0.0,0.0,0.0,0.0,1.544236978020114,1.0,2.6,3.8,5,24.917992051404234,47.451463130062606,98.35978567599355,0.9835978567599355,10.6
100,50,pooled,512,5,0.0,0.0,0.0,0.0,1.544236978020114,1.0,2.6,3.8,5,24.917992051404234,47.451463130062606,98.35978567599355,0.9835978567599355,10.6
100,50,pooled,1024,5,0.0,0.0,0.0,0.0,1.544236978020114,1.0,2.6,3.8,5,24.917992051404234,47.451463130062606,98.35978567599355,0.9835978567599355,10.6
100,50,pooled,4096,5,0.0,0.0,0.0,0.0,1.544236978020114,1.0,2.6,3.8,5,24.917992051404234,47.451463130062606,98.35978567599355,0.9835978567599355,10.6
100,50,route_key,32,5,0.0,0.0,0.0,0.0,1.1438503544878444,1.0,1.8,2.4460000000000037,3,24.917992051404234,47.451463130062606,98.35978567599355,0.9835978567599355,10.6
100,50,route_key,64,5,0.0,0.0,0.0,0.0,1.1438503544878444,1.0,1.8,2.4460000000000037,3,24.917992051404234,47.451463130062606,98.35978567599355,0.9835978567599355,10.6
100,50,route_key,128,5,0.0,0.0,0.0,0.0,1.1438503544878444,1.0,1.8,2.4460000000000037,3,24.917992051404234,47.451463130062606,98.35978567599355,0.9835978567599355,10.6
100,50,route_key,256,5,0.0,0.0,0.0,0.0,1.1438503544878444,1.0,1.8,2.4460000000000037,3,24.917992051404234,47.451463130062606,98.35978567599355,0.9835978567599355,10.6
100,50,route_key,512,5,0.0,0.0,0.0,0.0,1.1438503544878444,1.0,1.8,2.4460000000000037,3,24.917992051404234,47.451463130062606,98.35978567599355,0.9835978567599355,10.6
100,50,route_key,1024,5,0.0,0.0,0.0,0.0,1.1438503544878444,1.0,1.8,2.4460000000000037,3,24.917992051404234,47.451463130062606,98.35978567599355,0.9835978567599355,10.6
100,50,route_key,4096,5,0.0,0.0,0.0,0.0,1.1438503544878444,1.0,1.8,2.4460000000000037,3,24.917992051404234,47.451463130062606,98.35978567599355,0.9835978567599355,10.6
100,100,event_class,32,5,0.0,0.0,0.0,0.0,1.524129192089035,1.0,2.4,3.6,5,49.05238068481991,94.71863725107247,98.35978567599355,0.9835978567599355,10.6
100,100,event_class,64,5,0.0,0.0,0.0,0.0,1.524129192089035,1.0,2.4,3.6,5,49.05238068481991,94.71863725107247,98.35978567599355,0.9835978567599355,10.6
100,100,event_class,128,5,0.0,0.0,0.0,0.0,1.524129192089035,1.0,2.4,3.6,5,49.05238068481991,94.71863725107247,98.35978567599355,0.9835978567599355,10.6
100,100,event_class,256,5,0.0,0.0,0.0,0.0,1.524129192089035,1.0,2.4,3.6,5,49.05238068481991,94.71863725107247,98.35978567599355,0.9835978567599355,10.6
100,100,event_class,512,5,0.0,0.0,0.0,0.0,1.524129192089035,1.0,2.4,3.6,5,49.05238068481991,94.71863725107247,98.35978567599355,0.9835978567599355,10.6
100,100,event_class,1024,5,0.0,0.0,0.0,0.0,1.524129192089035,1.0,2.4,3.6,5,49.05238068481991,94.71863725107247,98.35978567599355,0.9835978567599355,10.6
100,100,event_class,4096,5,0.0,0.0,0.0,0.0,1.524129192089035,1.0,2.4,3.6,5,49.05238068481991,94.71863725107247,98.35978567599355,0.9835978567599355,10.6
100,100,pooled,32,5,0.0,0.0,0.0,0.0,2.0778067176206343,2.0,3.6,5.046000000000004,6,49.05238068481991,94.71863725107247,98.35978567599355,0.9835978567599355,10.6
100,100,pooled,64,5,0.0,0.0,0.0,0.0,2.0778067176206343,2.0,3.6,5.046000000000004,6,49.05238068481991,94.71863725107247,98.35978567599355,0.9835978567599355,10.6
100,100,pooled,128,5,0.0,0.0,0.0,0.0,2.0778067176206343,2.0,3.6,5.046000000000004,6,49.05238068481991,94.71863725107247,98.35978567599355,0.9835978567599355,10.6
100,100,pooled,256,5,0.0,0.0,0.0,0.0,2.0778067176206343,2.0,3.6,5.046000000000004,6,49.05238068481991,94.71863725107247,98.35978567599355,0.9835978567599355,10.6
100,100,pooled,512,5,0.0,0.0,0.0,0.0,2.0778067176206343,2.0,3.6,5.046000000000004,6,49.05238068481991,94.71863725107247,98.35978567599355,0.9835978567599355,10.6
100,100,pooled,1024,5,0.0,0.0,0.0,0.0,2.0778067176206343,2.0,3.6,5.046000000000004,6,49.05238068481991,94.71863725107247,98.35978567599355,0.9835978567599355,10.6
100,100,pooled,4096,5,0.0,0.0,0.0,0.0,2.0778067176206343,2.0,3.6,5.046000000000004,6,49.05238068481991,94.71863725107247,98.35978567599355,0.9835978567599355,10.6
100,100,route_key,32,5,0.0,0.0,0.0,0.0,1.2846815281391801,1.0,2.0,3.2,4,49.05238068481991,94.71863725107247,98.35978567599355,0.9835978567599355,10.6
100,100,route_key,64,5,0.0,0.0,0.0,0.0,1.2846815281391801,1.0,2.0,3.2,4,49.05238068481991,94.71863725107247,98.35978567599355,0.9835978567599355,10.6
100,100,route_key,128,5,0.0,0.0,0.0,0.0,1.2846815281391801,1.0,2.0,3.2,4,49.05238068481991,94.71863725107247,98.35978567599355,0.9835978567599355,10.6
100,100,route_key,256,5,0.0,0.0,0.0,0.0,1.2846815281391801,1.0,2.0,3.2,4,49.05238068481991,94.71863725107247,98.35978567599355,0.9835978567599355,10.6
100,100,route_key,512,5,0.0,0.0,0.0,0.0,1.2846815281391801,1.0,2.0,3.2,4,49.05238068481991,94.71863725107247,98.35978567599355,0.9835978567599355,10.6
100,100,route_key,1024,5,0.0,0.0,0.0,0.0,1.2846815281391801,1.0,2.0,3.2,4,49.05238068481991,94.71863725107247,98.35978567599355,0.9835978567599355,10.6
100,100,route_key,4096,5,0.0,0.0,0.0,0.0,1.2846815281391801,1.0,2.0,3.2,4,49.05238068481991,94.71863725107247,98.35978567599355,0.9835978567599355,10.6
100,250,event_class,32,5,0.0,0.0,0.0,0.0,2.2877055266415858,2.0,3.8,5.246000000000004,7,124.310276214516,236.38420811537054,98.35978567599355,0.9835978567599355,10.6
100,250,event_class,64,5,0.0,0.0,0.0,0.0,2.2877055266415858,2.0,3.8,5.246000000000004,7,124.310276214516,236.38420811537054,98.35978567599355,0.9835978567599355,10.6
100,250,event_class,128,5,0.0,0.0,0.0,0.0,2.2877055266415858,2.0,3.8,5.246000000000004,7,124.310276214516,236.38420811537054,98.35978567599355,0.9835978567599355,10.6
100,250,event_class,256,5,0.0,0.0,0.0,0.0,2.2877055266415858,2.0,3.8,5.246000000000004,7,124.310276214516,236.38420811537054,98.35978567599355,0.9835978567599355,10.6
100,250,event_class,512,5,0.0,0.0,0.0,0.0,2.2877055266415858,2.0,3.8,5.246000000000004,7,124.310276214516,236.38420811537054,98.35978567599355,0.9835978567599355,10.6
100,250,event_class,1024,5,0.0,0.0,0.0,0.0,2.2877055266415858,2.0,3.8,5.246000000000004,7,124.310276214516,236.38420811537054,98.35978567599355,0.9835978567599355,10.6
100,250,event_class,4096,5,0.0,0.0,0.0,0.0,2.2877055266415858,2.0,3.8,5.246000000000004,7,124.310276214516,236.38420811537054,98.35978567599355,0.9835978567599355,10.6
100,250,pooled,32,5,0.0,0.0,0.0,0.0,3.628236894387798,3.6,5.6,8.2,10,124.310276214516,236.38420811537054,98.35978567599355,0.9835978567599355,10.6
100,250,pooled,64,5,0.0,0.0,0.0,0.0,3.628236894387798,3.6,5.6,8.2,10,124.310276214516,236.38420811537054,98.35978567599355,0.9835978567599355,10.6
100,250,pooled,128,5,0.0,0.0,0.0,0.0,3.628236894387798,3.6,5.6,8.2,10,124.310276214516,236.38420811537054,98.35978567599355,0.9835978567599355,10.6
100,250,pooled,256,5,0.0,0.0,0.0,0.0,3.628236894387798,3.6,5.6,8.2,10,124.310276214516,236.38420811537054,98.35978567599355,0.9835978567599355,10.6
100,250,pooled,512,5,0.0,0.0,0.0,0.0,3.628236894387798,3.6,5.6,8.2,10,124.310276214516,236.38420811537054,98.35978567599355,0.9835978567599355,10.6
100,250,pooled,1024,5,0.0,0.0,0.0,0.0,3.628236894387798,3.6,5.6,8.2,10,124.310276214516,236.38420811537054,98.35978567599355,0.9835978567599355,10.6
100,250,pooled,4096,5,0.0,0.0,0.0,0.0,3.628236894387798,3.6,5.6,8.2,10,124.310276214516,236.38420811537054,98.35978567599355,0.9835978567599355,10.6
100,250,route_key,32,5,0.0,0.0,0.0,0.0,1.7221979511166416,1.0,3.4,4.6,7,124.310276214516,236.38420811537054,98.35978567599355,0.9835978567599355,10.6
100,250,route_key,64,5,0.0,0.0,0.0,0.0,1.7221979511166416,1.0,3.4,4.6,7,124.310276214516,236.38420811537054,98.35978567599355,0.9835978567599355,10.6
100,250,route_key,128,5,0.0,0.0,0.0,0.0,1.7221979511166416,1.0,3.4,4.6,7,124.310276214516,236.38420811537054,98.35978567599355,0.9835978567599355,10.6
100,250,route_key,256,5,0.0,0.0,0.0,0.0,1.7221979511166416,1.0,3.4,4.6,7,124.310276214516,236.38420811537054,98.35978567599355,0.9835978567599355,10.6
100,250,route_key,512,5,0.0,0.0,0.0,0.0,1.7221979511166416,1.0,3.4,4.6,7,124.310276214516,236.38420811537054,98.35978567599355,0.9835978567599355,10.6
100,250,route_key,1024,5,0.0,0.0,0.0,0.0,1.7221979511166416,1.0,3.4,4.6,7,124.310276214516,236.38420811537054,98.35978567599355,0.9835978567599355,10.6
100,250,route_key,4096,5,0.0,0.0,0.0,0.0,1.7221979511166416,1.0,3.4,4.6,7,124.310276214516,236.38420811537054,98.35978567599355,0.9835978567599355,10.6
100,500,event_class,32,5,0.0,0.0,0.0,0.0,3.6393250314508316,3.4,5.6,8.0,11,252.69725125752603,470.18700535510317,98.35978567599355,0.9835978567599355,10.6
100,500,event_class,64,5,0.0,0.0,0.0,0.0,3.6393250314508316,3.4,5.6,8.0,11,252.69725125752603,470.18700535510317,98.35978567599355,0.9835978567599355,10.6
100,500,event_class,128,5,0.0,0.0,0.0,0.0,3.6393250314508316,3.4,5.6,8.0,11,252.69725125752603,470.18700535510317,98.35978567599355,0.9835978567599355,10.6
100,500,event_class,256,5,0.0,0.0,0.0,0.0,3.6393250314508316,3.4,5.6,8.0,11,252.69725125752603,470.18700535510317,98.35978567599355,0.9835978567599355,10.6
100,500,event_class,512,5,0.0,0.0,0.0,0.0,3.6393250314508316,3.4,5.6,8.0,11,252.69725125752603,470.18700535510317,98.35978567599355,0.9835978567599355,10.6
100,500,event_class,1024,5,0.0,0.0,0.0,0.0,3.6393250314508316,3.4,5.6,8.0,11,252.69725125752603,470.18700535510317,98.35978567599355,0.9835978567599355,10.6
100,500,event_class,4096,5,0.0,0.0,0.0,0.0,3.6393250314508316,3.4,5.6,8.0,11,252.69725125752603,470.18700535510317,98.35978567599355,0.9835978567599355,10.6
100,500,pooled,32,5,0.0,0.0,0.0,0.0,6.357765814013068,6.2,9.8,12.8,15,252.69725125752603,470.18700535510317,98.35978567599355,0.9835978567599355,10.6
100,500,pooled,64,5,0.0,0.0,0.0,0.0,6.357765814013068,6.2,9.8,12.8,15,252.69725125752603,470.18700535510317,98.35978567599355,0.9835978567599355,10.6
100,500,pooled,128,5,0.0,0.0,0.0,0.0,6.357765814013068,6.2,9.8,12.8,15,252.69725125752603,470.18700535510317,98.35978567599355,0.9835978567599355,10.6
100,500,pooled,256,5,0.0,0.0,0.0,0.0,6.357765814013068,6.2,9.8,12.8,15,252.69725125752603,470.18700535510317,98.35978567599355,0.9835978567599355,10.6
100,500,pooled,512,5,0.0,0.0,0.0,0.0,6.357765814013068,6.2,9.8,12.8,15,252.69725125752603,470.18700535510317,98.35978567599355,0.9835978567599355,10.6
100,500,pooled,1024,5,0.0,0.0,0.0,0.0,6.357765814013068,6.2,9.8,12.8,15,252.69725125752603,470.18700535510317,98.35978567599355,0.9835978567599355,10.6
100,500,pooled,4096,5,0.0,0.0,0.0,0.0,6.357765814013068,6.2,9.8,12.8,15,252.69725125752603,470.18700535510317,98.35978567599355,0.9835978567599355,10.6
100,500,route_key,32,5,0.0,0.0,0.0,0.0,2.4742988822214826,2.0,4.8,7.6460000000000035,11,252.69725125752603,470.18700535510317,98.35978567599355,0.9835978567599355,10.6
100,500,route_key,64,5,0.0,0.0,0.0,0.0,2.4742988822214826,2.0,4.8,7.6460000000000035,11,252.69725125752603,470.18700535510317,98.35978567599355,0.9835978567599355,10.6
100,500,route_key,128,5,0.0,0.0,0.0,0.0,2.4742988822214826,2.0,4.8,7.6460000000000035,11,252.69725125752603,470.18700535510317,98.35978567599355,0.9835978567599355,10.6
100,500,route_key,256,5,0.0,0.0,0.0,0.0,2.4742988822214826,2.0,4.8,7.6460000000000035,11,252.69725125752603,470.18700535510317,98.35978567599355,0.9835978567599355,10.6
100,500,route_key,512,5,0.0,0.0,0.0,0.0,2.4742988822214826,2.0,4.8,7.6460000000000035,11,252.69725125752603,470.18700535510317,98.35978567599355,0.9835978567599355,10.6
100,500,route_key,1024,5,0.0,0.0,0.0,0.0,2.4742988822214826,2.0,4.8,7.6460000000000035,11,252.69725125752603,470.18700535510317,98.35978567599355,0.9835978567599355,10.6
100,500,route_key,4096,5,0.0,0.0,0.0,0.0,2.4742988822214826,2.0,4.8,7.6460000000000035,11,252.69725125752603,470.18700535510317,98.35978567599355,0.9835978567599355,10.6
100,1000,event_class,32,5,0.0,0.0,0.0,0.0,6.404607545727108,6.2,9.6,12.6,17,505.5787867969137,946.5501130761804,98.35978567599355,0.9835978567599355,10.6
100,1000,event_class,64,5,0.0,0.0,0.0,0.0,6.404607545727108,6.2,9.6,12.6,17,505.5787867969137,946.5501130761804,98.35978567599355,0.9835978567599355,10.6
100,1000,event_class,128,5,0.0,0.0,0.0,0.0,6.404607545727108,6.2,9.6,12.6,17,505.5787867969137,946.5501130761804,98.35978567599355,0.9835978567599355,10.6
100,1000,event_class,256,5,0.0,0.0,0.0,0.0,6.404607545727108,6.2,9.6,12.6,17,505.5787867969137,946.5501130761804,98.35978567599355,0.9835978567599355,10.6
100,1000,event_class,512,5,0.0,0.0,0.0,0.0,6.404607545727108,6.2,9.6,12.6,17,505.5787867969137,946.5501130761804,98.35978567599355,0.9835978567599355,10.6
100,1000,event_class,1024,5,0.0,0.0,0.0,0.0,6.404607545727108,6.2,9.6,12.6,17,505.5787867969137,946.5501130761804,98.35978567599355,0.9835978567599355,10.6
100,1000,event_class,4096,5,0.0,0.0,0.0,0.0,6.404607545727108,6.2,9.6,12.6,17,505.5787867969137,946.5501130761804,98.35978567599355,0.9835978567599355,10.6
100,1000,pooled,32,5,0.0,0.0,0.0,0.0,11.798139374272589,11.4,17.0,21.4,26,505.5787867969137,946.5501130761804,98.35978567599355,0.9835978567599355,10.6
100,1000,pooled,64,5,0.0,0.0,0.0,0.0,11.798139374272589,11.4,17.0,21.4,26,505.5787867969137,946.5501130761804,98.35978567599355,0.9835978567599355,10.6
100,1000,pooled,128,5,0.0,0.0,0.0,0.0,11.798139374272589,11.4,17.0,21.4,26,505.5787867969137,946.5501130761804,98.35978567599355,0.9835978567599355,10.6
100,1000,pooled,256,5,0.0,0.0,0.0,0.0,11.798139374272589,11.4,17.0,21.4,26,505.5787867969137,946.5501130761804,98.35978567599355,0.9835978567599355,10.6
100,1000,pooled,512,5,0.0,0.0,0.0,0.0,11.798139374272589,11.4,17.0,21.4,26,505.5787867969137,946.5501130761804,98.35978567599355,0.9835978567599355,10.6
100,1000,pooled,1024,5,0.0,0.0,0.0,0.0,11.798139374272589,11.4,17.0,21.4,26,505.5787867969137,946.5501130761804,98.35978567599355,0.9835978567599355,10.6
100,1000,pooled,4096,5,0.0,0.0,0.0,0.0,11.798139374272589,11.4,17.0,21.4,26,505.5787867969137,946.5501130761804,98.35978567599355,0.9835978567599355,10.6
100,1000,route_key,32,5,0.0,0.0,0.0,0.0,4.037093767237886,3.2,8.6,12.4,17,505.5787867969137,946.5501130761804,98.35978567599355,0.9835978567599355,10.6
100,1000,route_key,64,5,0.0,0.0,0.0,0.0,4.037093767237886,3.2,8.6,12.4,17,505.5787867969137,946.5501130761804,98.35978567599355,0.9835978567599355,10.6
100,1000,route_key,128,5,0.0,0.0,0.0,0.0,4.037093767237886,3.2,8.6,12.4,17,505.5787867969137,946.5501130761804,98.35978567599355,0.9835978567599355,10.6
100,1000,route_key,256,5,0.0,0.0,0.0,0.0,4.037093767237886,3.2,8.6,12.4,17,505.5787867969137,946.5501130761804,98.35978567599355,0.9835978567599355,10.6
100,1000,route_key,512,5,0.0,0.0,0.0,0.0,4.037093767237886,3.2,8.6,12.4,17,505.5787867969137,946.5501130761804,98.35978567599355,0.9835978567599355,10.6
100,1000,route_key,1024,5,0.0,0.0,0.0,0.0,4.037093767237886,3.2,8.6,12.4,17,505.5787867969137,946.5501130761804,98.35978567599355,0.9835978567599355,10.6
100,1000,route_key,4096,5,0.0,0.0,0.0,0.0,4.037093767237886,3.2,8.6,12.4,17,505.5787867969137,946.5501130761804,98.35978567599355,0.9835978567599355,10.6
1000,1,event_class,32,5,0.0,0.0,0.0,0.0,1.0526500757554078,1.0,1.0,2.0,3,0.5014428562555857,0.9500677098638111,999.5487093839192,0.9995487093839192,108.92
1000,1,event_class,64,5,0.0,0.0,0.0,0.0,1.0526500757554078,1.0,1.0,2.0,3,0.5014428562555857,0.9500677098638111,999.5487093839192,0.9995487093839192,108.92
1000,1,event_class,128,5,0.0,0.0,0.0,0.0,1.0526500757554078,1.0,1.0,2.0,3,0.5014428562555857,0.9500677098638111,999.5487093839192,0.9995487093839192,108.92
1000,1,event_class,256,5,0.0,0.0,0.0,0.0,1.0526500757554078,1.0,1.0,2.0,3,0.5014428562555857,0.9500677098638111,999.5487093839192,0.9995487093839192,108.92
1000,1,event_class,512,5,0.0,0.0,0.0,0.0,1.0526500757554078,1.0,1.0,2.0,3,0.5014428562555857,0.9500677098638111,999.5487093839192,0.9995487093839192,108.92
1000,1,event_class,1024,5,0.0,0.0,0.0,0.0,1.0526500757554078,1.0,1.0,2.0,3,0.5014428562555857,0.9500677098638111,999.5487093839192,0.9995487093839192,108.92
1000,1,event_class,4096,5,0.0,0.0,0.0,0.0,1.0526500757554078,1.0,1.0,2.0,3,0.5014428562555857,0.9500677098638111,999.5487093839192,0.9995487093839192,108.92
1000,1,pooled,32,5,0.0,0.0,0.0,0.0,1.1063234528558872,1.0,1.8,2.0,3,0.5014428562555857,0.9500677098638111,999.5487093839192,0.9995487093839192,108.92
1000,1,pooled,64,5,0.0,0.0,0.0,0.0,1.1063234528558872,1.0,1.8,2.0,3,0.5014428562555857,0.9500677098638111,999.5487093839192,0.9995487093839192,108.92
1000,1,pooled,128,5,0.0,0.0,0.0,0.0,1.1063234528558872,1.0,1.8,2.0,3,0.5014428562555857,0.9500677098638111,999.5487093839192,0.9995487093839192,108.92
1000,1,pooled,256,5,0.0,0.0,0.0,0.0,1.1063234528558872,1.0,1.8,2.0,3,0.5014428562555857,0.9500677098638111,999.5487093839192,0.9995487093839192,108.92
1000,1,pooled,512,5,0.0,0.0,0.0,0.0,1.1063234528558872,1.0,1.8,2.0,3,0.5014428562555857,0.9500677098638111,999.5487093839192,0.9995487093839192,108.92
1000,1,pooled,1024,5,0.0,0.0,0.0,0.0,1.1063234528558872,1.0,1.8,2.0,3,0.5014428562555857,0.9500677098638111,999.5487093839192,0.9995487093839192,108.92
1000,1,pooled,4096,5,0.0,0.0,0.0,0.0,1.1063234528558872,1.0,1.8,2.0,3,0.5014428562555857,0.9500677098638111,999.5487093839192,0.9995487093839192,108.92
1000,1,route_key,32,5,0.0,0.0,0.0,0.0,1.0263810360779284,1.0,1.0,2.0,3,0.5014428562555857,0.9500677098638111,999.5487093839192,0.9995487093839192,108.92
1000,1,route_key,64,5,0.0,0.0,0.0,0.0,1.0263810360779284,1.0,1.0,2.0,3,0.5014428562555857,0.9500677098638111,999.5487093839192,0.9995487093839192,108.92
1000,1,route_key,128,5,0.0,0.0,0.0,0.0,1.0263810360779284,1.0,1.0,2.0,3,0.5014428562555857,0.9500677098638111,999.5487093839192,0.9995487093839192,108.92
1000,1,route_key,256,5,0.0,0.0,0.0,0.0,1.0263810360779284,1.0,1.0,2.0,3,0.5014428562555857,0.9500677098638111,999.5487093839192,0.9995487093839192,108.92
1000,1,route_key,512,5,0.0,0.0,0.0,0.0,1.0263810360779284,1.0,1.0,2.0,3,0.5014428562555857,0.9500677098638111,999.5487093839192,0.9995487093839192,108.92
1000,1,route_key,1024,5,0.0,0.0,0.0,0.0,1.0263810360779284,1.0,1.0,2.0,3,0.5014428562555857,0.9500677098638111,999.5487093839192,0.9995487093839192,108.92
1000,1,route_key,4096,5,0.0,0.0,0.0,0.0,1.0263810360779284,1.0,1.0,2.0,3,0.5014428562555857,0.9500677098638111,999.5487093839192,0.9995487093839192,108.92
1000,5,event_class,32,5,0.0,0.0,0.0,0.0,1.2703148888193596,1.0,2.0,3.0,5,2.484709299087075,4.747320974550009,999.5487093839192,0.9995487093839192,108.92
1000,5,event_class,64,5,0.0,0.0,0.0,0.0,1.2703148888193596,1.0,2.0,3.0,5,2.484709299087075,4.747320974550009,999.5487093839192,0.9995487093839192,108.92
1000,5,event_class,128,5,0.0,0.0,0.0,0.0,1.2703148888193596,1.0,2.0,3.0,5,2.484709299087075,4.747320974550009,999.5487093839192,0.9995487093839192,108.92
1000,5,event_class,256,5,0.0,0.0,0.0,0.0,1.2703148888193596,1.0,2.0,3.0,5,2.484709299087075,4.747320974550009,999.5487093839192,0.9995487093839192,108.92
1000,5,event_class,512,5,0.0,0.0,0.0,0.0,1.2703148888193596,1.0,2.0,3.0,5,2.484709299087075,4.747320974550009,999.5487093839192,0.9995487093839192,108.92
1000,5,event_class,1024,5,0.0,0.0,0.0,0.0,1.2703148888193596,1.0,2.0,3.0,5,2.484709299087075,4.747320974550009,999.5487093839192,0.9995487093839192,108.92
1000,5,event_class,4096,5,0.0,0.0,0.0,0.0,1.2703148888193596,1.0,2.0,3.0,5,2.484709299087075,4.747320974550009,999.5487093839192,0.9995487093839192,108.92
1000,5,pooled,32,5,0.0,0.0,0.0,0.0,1.5473609148375367,1.0,2.4,4.0,5,2.484709299087075,4.747320974550009,999.5487093839192,0.9995487093839192,108.92
1000,5,pooled,64,5,0.0,0.0,0.0,0.0,1.5473609148375367,1.0,2.4,4.0,5,2.484709299087075,4.747320974550009,999.5487093839192,0.9995487093839192,108.92
1000,5,pooled,128,5,0.0,0.0,0.0,0.0,1.5473609148375367,1.0,2.4,4.0,5,2.484709299087075,4.747320974550009,999.5487093839192,0.9995487093839192,108.92
1000,5,pooled,256,5,0.0,0.0,0.0,0.0,1.5473609148375367,1.0,2.4,4.0,5,2.484709299087075,4.747320974550009,999.5487093839192,0.9995487093839192,108.92
1000,5,pooled,512,5,0.0,0.0,0.0,0.0,1.5473609148375367,1.0,2.4,4.0,5,2.484709299087075,4.747320974550009,999.5487093839192,0.9995487093839192,108.92
1000,5,pooled,1024,5,0.0,0.0,0.0,0.0,1.5473609148375367,1.0,2.4,4.0,5,2.484709299087075,4.747320974550009,999.5487093839192,0.9995487093839192,108.92
1000,5,pooled,4096,5,0.0,0.0,0.0,0.0,1.5473609148375367,1.0,2.4,4.0,5,2.484709299087075,4.747320974550009,999.5487093839192,0.9995487093839192,108.92
1000,5,route_key,32,5,0.0,0.0,0.0,0.0,1.1415939215137627,1.0,2.0,3.0,4,2.484709299087075,4.747320974550009,999.5487093839192,0.9995487093839192,108.92
1000,5,route_key,64,5,0.0,0.0,0.0,0.0,1.1415939215137627,1.0,2.0,3.0,4,2.484709299087075,4.747320974550009,999.5487093839192,0.9995487093839192,108.92
1000,5,route_key,128,5,0.0,0.0,0.0,0.0,1.1415939215137627,1.0,2.0,3.0,4,2.484709299087075,4.747320974550009,999.5487093839192,0.9995487093839192,108.92
1000,5,route_key,256,5,0.0,0.0,0.0,0.0,1.1415939215137627,1.0,2.0,3.0,4,2.484709299087075,4.747320974550009,999.5487093839192,0.9995487093839192,108.92
1000,5,route_key,512,5,0.0,0.0,0.0,0.0,1.1415939215137627,1.0,2.0,3.0,4,2.484709299087075,4.747320974550009,999.5487093839192,0.9995487093839192,108.92
1000,5,route_key,1024,5,0.0,0.0,0.0,0.0,1.1415939215137627,1.0,2.0,3.0,4,2.484709299087075,4.747320974550009,999.5487093839192,0.9995487093839192,108.92
1000,5,route_key,4096,5,0.0,0.0,0.0,0.0,1.1415939215137627,1.0,2.0,3.0,4,2.484709299087075,4.747320974550009,999.5487093839192,0.9995487093839192,108.92
1000,10,event_class,32,5,0.0,0.0,0.0,0.0,1.541123628081922,1.0,2.6,4.0,6,4.97997573777616,9.506136801167067,999.5487093839192,0.9995487093839192,108.92
1000,10,event_class,64,5,0.0,0.0,0.0,0.0,1.541123628081922,1.0,2.6,4.0,6,4.97997573777616,9.506136801167067,999.5487093839192,0.9995487093839192,108.92
1000,10,event_class,128,5,0.0,0.0,0.0,0.0,1.541123628081922,1.0,2.6,4.0,6,4.97997573777616,9.506136801167067,999.5487093839192,0.9995487093839192,108.92
1000,10,event_class,256,5,0.0,0.0,0.0,0.0,1.541123628081922,1.0,2.6,4.0,6,4.97997573777616,9.506136801167067,999.5487093839192,0.9995487093839192,108.92
1000,10,event_class,512,5,0.0,0.0,0.0,0.0,1.541123628081922,1.0,2.6,4.0,6,4.97997573777616,9.506136801167067,999.5487093839192,0.9995487093839192,108.92
1000,10,event_class,1024,5,0.0,0.0,0.0,0.0,1.541123628081922,1.0,2.6,4.0,6,4.97997573777616,9.506136801167067,999.5487093839192,0.9995487093839192,108.92
1000,10,event_class,4096,5,0.0,0.0,0.0,0.0,1.541123628081922,1.0,2.6,4.0,6,4.97997573777616,9.506136801167067,999.5487093839192,0.9995487093839192,108.92
1000,10,pooled,32,5,0.0,0.0,0.0,0.0,2.0967650699716307,2.0,3.4,5.0,9,4.97997573777616,9.506136801167067,999.5487093839192,0.9995487093839192,108.92
1000,10,pooled,64,5,0.0,0.0,0.0,0.0,2.0967650699716307,2.0,3.4,5.0,9,4.97997573777616,9.506136801167067,999.5487093839192,0.9995487093839192,108.92
1000,10,pooled,128,5,0.0,0.0,0.0,0.0,2.0967650699716307,2.0,3.4,5.0,9,4.97997573777616,9.506136801167067,999.5487093839192,0.9995487093839192,108.92
1000,10,pooled,256,5,0.0,0.0,0.0,0.0,2.0967650699716307,2.0,3.4,5.0,9,4.97997573777616,9.506136801167067,999.5487093839192,0.9995487093839192,108.92
1000,10,pooled,512,5,0.0,0.0,0.0,0.0,2.0967650699716307,2.0,3.4,5.0,9,4.97997573777616,9.506136801167067,999.5487093839192,0.9995487093839192,108.92
1000,10,pooled,1024,5,0.0,0.0,0.0,0.0,2.0967650699716307,2.0,3.4,5.0,9,4.97997573777616,9.506136801167067,999.5487093839192,0.9995487093839192,108.92
1000,10,pooled,4096,5,0.0,0.0,0.0,0.0,2.0967650699716307,2.0,3.4,5.0,9,4.97997573777616,9.506136801167067,999.5487093839192,0.9995487093839192,108.92
1000,10,route_key,32,5,0.0,0.0,0.0,0.0,1.2857329804709277,1.0,2.0,3.2,6,4.97997573777616,9.506136801167067,999.5487093839192,0.9995487093839192,108.92
1000,10,route_key,64,5,0.0,0.0,0.0,0.0,1.2857329804709277,1.0,2.0,3.2,6,4.97997573777616,9.506136801167067,999.5487093839192,0.9995487093839192,108.92
1000,10,route_key,128,5,0.0,0.0,0.0,0.0,1.2857329804709277,1.0,2.0,3.2,6,4.97997573777616,9.506136801167067,999.5487093839192,0.9995487093839192,108.92
1000,10,route_key,256,5,0.0,0.0,0.0,0.0,1.2857329804709277,1.0,2.0,3.2,6,4.97997573777616,9.506136801167067,999.5487093839192,0.9995487093839192,108.92
1000,10,route_key,512,5,0.0,0.0,0.0,0.0,1.2857329804709277,1.0,2.0,3.2,6,4.97997573777616,9.506136801167067,999.5487093839192,0.9995487093839192,108.92
1000,10,route_key,1024,5,0.0,0.0,0.0,0.0,1.2857329804709277,1.0,2.0,3.2,6,4.97997573777616,9.506136801167067,999.5487093839192,0.9995487093839192,108.92
1000,10,route_key,4096,5,0.0,0.0,0.0,0.0,1.2857329804709277,1.0,2.0,3.2,6,4.97997573777616,9.506136801167067,999.5487093839192,0.9995487093839192,108.92
1000,25,event_class,32,5,0.0,0.0,0.0,0.0,2.3539108325127627,2.0,4.0,5.818000000000029,8,12.519624710840448,23.778262503908323,999.5487093839192,0.9995487093839192,108.92
1000,25,event_class,64,5,0.0,0.0,0.0,0.0,2.3539108325127627,2.0,4.0,5.818000000000029,8,12.519624710840448,23.778262503908323,999.5487093839192,0.9995487093839192,108.92
1000,25,event_class,128,5,0.0,0.0,0.0,0.0,2.3539108325127627,2.0,4.0,5.818000000000029,8,12.519624710840448,23.778262503908323,999.5487093839192,0.9995487093839192,108.92
1000,25,event_class,256,5,0.0,0.0,0.0,0.0,2.3539108325127627,2.0,4.0,5.818000000000029,8,12.519624710840448,23.778262503908323,999.5487093839192,0.9995487093839192,108.92
1000,25,event_class,512,5,0.0,0.0,0.0,0.0,2.3539108325127627,2.0,4.0,5.818000000000029,8,12.519624710840448,23.778262503908323,999.5487093839192,0.9995487093839192,108.92
1000,25,event_class,1024,5,0.0,0.0,0.0,0.0,2.3539108325127627,2.0,4.0,5.818000000000029,8,12.519624710840448,23.778262503908323,999.5487093839192,0.9995487093839192,108.92
1000,25,event_class,4096,5,0.0,0.0,0.0,0.0,2.3539108325127627,2.0,4.0,5.818000000000029,8,12.519624710840448,23.778262503908323,999.5487093839192,0.9995487093839192,108.92
1000,25,pooled,32,5,0.0,0.0,0.0,0.0,3.717296672432339,3.8,6.0,8.0,11,12.519624710840448,23.778262503908323,999.5487093839192,0.9995487093839192,108.92
1000,25,pooled,64,5,0.0,0.0,0.0,0.0,3.717296672432339,3.8,6.0,8.0,11,12.519624710840448,23.778262503908323,999.5487093839192,0.9995487093839192,108.92
1000,25,pooled,128,5,0.0,0.0,0.0,0.0,3.717296672432339,3.8,6.0,8.0,11,12.519624710840448,23.778262503908323,999.5487093839192,0.9995487093839192,108.92
1000,25,pooled,256,5,0.0,0.0,0.0,0.0,3.717296672432339,3.8,6.0,8.0,11,12.519624710840448,23.778262503908323,999.5487093839192,0.9995487093839192,108.92
1000,25,pooled,512,5,0.0,0.0,0.0,0.0,3.717296672432339,3.8,6.0,8.0,11,12.519624710840448,23.778262503908323,999.5487093839192,0.9995487093839192,108.92
1000,25,pooled,1024,5,0.0,0.0,0.0,0.0,3.717296672432339,3.8,6.0,8.0,11,12.519624710840448,23.778262503908323,999.5487093839192,0.9995487093839192,108.92
1000,25,pooled,4096,5,0.0,0.0,0.0,0.0,3.717296672432339,3.8,6.0,8.0,11,12.519624710840448,23.778262503908323,999.5487093839192,0.9995487093839192,108.92
1000,25,route_key,32,5,0.0,0.0,0.0,0.0,1.714902205657832,1.0,3.0,5.0,7,12.519624710840448,23.778262503908323,999.5487093839192,0.9995487093839192,108.92
1000,25,route_key,64,5,0.0,0.0,0.0,0.0,1.714902205657832,1.0,3.0,5.0,7,12.519624710840448,23.778262503908323,999.5487093839192,0.9995487093839192,108.92
1000,25,route_key,128,5,0.0,0.0,0.0,0.0,1.714902205657832,1.0,3.0,5.0,7,12.519624710840448,23.778262503908323,999.5487093839192,0.9995487093839192,108.92
1000,25,route_key,256,5,0.0,0.0,0.0,0.0,1.714902205657832,1.0,3.0,5.0,7,12.519624710840448,23.778262503908323,999.5487093839192,0.9995487093839192,108.92
1000,25,route_key,512,5,0.0,0.0,0.0,0.0,1.714902205657832,1.0,3.0,5.0,7,12.519624710840448,23.778262503908323,999.5487093839192,0.9995487093839192,108.92
1000,25,route_key,1024,5,0.0,0.0,0.0,0.0,1.714902205657832,1.0,3.0,5.0,7,12.519624710840448,23.778262503908323,999.5487093839192,0.9995487093839192,108.92
1000,25,route_key,4096,5,0.0,0.0,0.0,0.0,1.714902205657832,1.0,3.0,5.0,7,12.519624710840448,23.778262503908323,999.5487093839192,0.9995487093839192,108.92
1000,50,event_class,32,5,0.0,0.0,0.0,0.0,3.7057268400403123,3.6,6.0,8.4,11,25.049912204026853,47.565006106528564,999.5487093839192,0.9995487093839192,108.92
1000,50,event_class,64,5,0.0,0.0,0.0,0.0,3.7057268400403123,3.6,6.0,8.4,11,25.049912204026853,47.565006106528564,999.5487093839192,0.9995487093839192,108.92
1000,50,event_class,128,5,0.0,0.0,0.0,0.0,3.7057268400403123,3.6,6.0,8.4,11,25.049912204026853,47.565006106528564,999.5487093839192,0.9995487093839192,108.92
1000,50,event_class,256,5,0.0,0.0,0.0,0.0,3.7057268400403123,3.6,6.0,8.4,11,25.049912204026853,47.565006106528564,999.5487093839192,0.9995487093839192,108.92
1000,50,event_class,512,5,0.0,0.0,0.0,0.0,3.7057268400403123,3.6,6.0,8.4,11,25.049912204026853,47.565006106528564,999.5487093839192,0.9995487093839192,108.92
1000,50,event_class,1024,5,0.0,0.0,0.0,0.0,3.7057268400403123,3.6,6.0,8.4,11,25.049912204026853,47.565006106528564,999.5487093839192,0.9995487093839192,108.92
1000,50,event_class,4096,5,0.0,0.0,0.0,0.0,3.7057268400403123,3.6,6.0,8.4,11,25.049912204026853,47.565006106528564,999.5487093839192,0.9995487093839192,108.92
1000,50,pooled,32,5,0.0,0.0,0.0,0.0,6.457633519929334,6.2,9.8,12.8,17,25.049912204026853,47.565006106528564,999.5487093839192,0.9995487093839192,108.92
1000,50,pooled,64,5,0.0,0.0,0.0,0.0,6.457633519929334,6.2,9.8,12.8,17,25.049912204026853,47.565006106528564,999.5487093839192,0.9995487093839192,108.92
1000,50,pooled,128,5,0.0,0.0,0.0,0.0,6.457633519929334,6.2,9.8,12.8,17,25.049912204026853,47.565006106528564,999.5487093839192,0.9995487093839192,108.92
1000,50,pooled,256,5,0.0,0.0,0.0,0.0,6.457633519929334,6.2,9.8,12.8,17,25.049912204026853,47.565006106528564,999.5487093839192,0.9995487093839192,108.92
1000,50,pooled,512,5,0.0,0.0,0.0,0.0,6.457633519929334,6.2,9.8,12.8,17,25.049912204026853,47.565006106528564,999.5487093839192,0.9995487093839192,108.92
1000,50,pooled,1024,5,0.0,0.0,0.0,0.0,6.457633519929334,6.2,9.8,12.8,17,25.049912204026853,47.565006106528564,999.5487093839192,0.9995487093839192,108.92
1000,50,pooled,4096,5,0.0,0.0,0.0,0.0,6.457633519929334,6.2,9.8,12.8,17,25.049912204026853,47.565006106528564,999.5487093839192,0.9995487093839192,108.92
1000,50,route_key,32,5,0.0,0.0,0.0,0.0,2.438099161945696,2.0,5.0,7.305999999999949,10,25.049912204026853,47.565006106528564,999.5487093839192,0.9995487093839192,108.92
1000,50,route_key,64,5,0.0,0.0,0.0,0.0,2.438099161945696,2.0,5.0,7.305999999999949,10,25.049912204026853,47.565006106528564,999.5487093839192,0.9995487093839192,108.92
1000,50,route_key,128,5,0.0,0.0,0.0,0.0,2.438099161945696,2.0,5.0,7.305999999999949,10,25.049912204026853,47.565006106528564,999.5487093839192,0.9995487093839192,108.92
1000,50,route_key,256,5,0.0,0.0,0.0,0.0,2.438099161945696,2.0,5.0,7.305999999999949,10,25.049912204026853,47.565006106528564,999.5487093839192,0.9995487093839192,108.92
1000,50,route_key,512,5,0.0,0.0,0.0,0.0,2.438099161945696,2.0,5.0,7.305999999999949,10,25.049912204026853,47.565006106528564,999.5487093839192,0.9995487093839192,108.92
1000,50,route_key,1024,5,0.0,0.0,0.0,0.0,2.438099161945696,2.0,5.0,7.305999999999949,10,25.049912204026853,47.565006106528564,999.5487093839192,0.9995487093839192,108.92
1000,50,route_key,4096,5,0.0,0.0,0.0,0.0,2.438099161945696,2.0,5.0,7.305999999999949,10,25.049912204026853,47.565006106528564,999.5487093839192,0.9995487093839192,108.92
1000,100,event_class,32,5,0.0,0.0,0.0,0.0,6.414713241536724,6.2,9.8,12.8,17,50.213010526760826,95.0690663857569,999.5487093839192,0.9995487093839192,108.92
1000,100,event_class,64,5,0.0,0.0,0.0,0.0,6.414713241536724,6.2,9.8,12.8,17,50.213010526760826,95.0690663857569,999.5487093839192,0.9995487093839192,108.92
1000,100,event_class,128,5,0.0,0.0,0.0,0.0,6.414713241536724,6.2,9.8,12.8,17,50.213010526760826,95.0690663857569,999.5487093839192,0.9995487093839192,108.92
1000,100,event_class,256,5,0.0,0.0,0.0,0.0,6.414713241536724,6.2,9.8,12.8,17,50.213010526760826,95.0690663857569,999.5487093839192,0.9995487093839192,108.92
1000,100,event_class,512,5,0.0,0.0,0.0,0.0,6.414713241536724,6.2,9.8,12.8,17,50.213010526760826,95.0690663857569,999.5487093839192,0.9995487093839192,108.92
1000,100,event_class,1024,5,0.0,0.0,0.0,0.0,6.414713241536724,6.2,9.8,12.8,17,50.213010526760826,95.0690663857569,999.5487093839192,0.9995487093839192,108.92
1000,100,event_class,4096,5,0.0,0.0,0.0,0.0,6.414713241536724,6.2,9.8,12.8,17,50.213010526760826,95.0690663857569,999.5487093839192,0.9995487093839192,108.92
1000,100,pooled,32,5,0.0,0.0,0.0,0.0,11.915748966179923,11.6,16.4,21.2,26,50.213010526760826,95.0690663857569,999.5487093839192,0.9995487093839192,108.92
1000,100,pooled,64,5,0.0,0.0,0.0,0.0,11.915748966179923,11.6,16.4,21.2,26,50.213010526760826,95.0690663857569,999.5487093839192,0.9995487093839192,108.92
1000,100,pooled,128,5,0.0,0.0,0.0,0.0,11.915748966179923,11.6,16.4,21.2,26,50.213010526760826,95.0690663857569,999.5487093839192,0.9995487093839192,108.92
1000,100,pooled,256,5,0.0,0.0,0.0,0.0,11.915748966179923,11.6,16.4,21.2,26,50.213010526760826,95.0690663857569,999.5487093839192,0.9995487093839192,108.92
1000,100,pooled,512,5,0.0,0.0,0.0,0.0,11.915748966179923,11.6,16.4,21.2,26,50.213010526760826,95.0690663857569,999.5487093839192,0.9995487093839192,108.92
1000,100,pooled,1024,5,0.0,0.0,0.0,0.0,11.915748966179923,11.6,16.4,21.2,26,50.213010526760826,95.0690663857569,999.5487093839192,0.9995487093839192,108.92
1000,100,pooled,4096,5,0.0,0.0,0.0,0.0,11.915748966179923,11.6,16.4,21.2,26,50.213010526760826,95.0690663857569,999.5487093839192,0.9995487093839192,108.92
1000,100,route_key,32,5,0.0,0.0,0.0,0.0,3.871331863638571,3.0,8.0,11.6,17,50.213010526760826,95.0690663857569,999.5487093839192,0.9995487093839192,108.92
1000,100,route_key,64,5,0.0,0.0,0.0,0.0,3.871331863638571,3.0,8.0,11.6,17,50.213010526760826,95.0690663857569,999.5487093839192,0.9995487093839192,108.92
1000,100,route_key,128,5,0.0,0.0,0.0,0.0,3.871331863638571,3.0,8.0,11.6,17,50.213010526760826,95.0690663857569,999.5487093839192,0.9995487093839192,108.92
1000,100,route_key,256,5,0.0,0.0,0.0,0.0,3.871331863638571,3.0,8.0,11.6,17,50.213010526760826,95.0690663857569,999.5487093839192,0.9995487093839192,108.92
1000,100,route_key,512,5,0.0,0.0,0.0,0.0,3.871331863638571,3.0,8.0,11.6,17,50.213010526760826,95.0690663857569,999.5487093839192,0.9995487093839192,108.92
1000,100,route_key,1024,5,0.0,0.0,0.0,0.0,3.871331863638571,3.0,8.0,11.6,17,50.213010526760826,95.0690663857569,999.5487093839192,0.9995487093839192,108.92
1000,100,route_key,4096,5,0.0,0.0,0.0,0.0,3.871331863638571,3.0,8.0,11.6,17,50.213010526760826,95.0690663857569,999.5487093839192,0.9995487093839192,108.92
1000,250,event_class,32,5,0.0,0.0,0.0,0.0,14.515463420673214,14.4,19.8,23.8,30,125.07868404238086,237.06418613820415,999.5487093839192,0.9995487093839192,108.92
1000,250,event_class,64,5,0.0,0.0,0.0,0.0,14.515463420673214,14.4,19.8,23.8,30,125.07868404238086,237.06418613820415,999.5487093839192,0.9995487093839192,108.92
1000,250,event_class,128,5,0.0,0.0,0.0,0.0,14.515463420673214,14.4,19.8,23.8,30,125.07868404238086,237.06418613820415,999.5487093839192,0.9995487093839192,108.92
1000,250,event_class,256,5,0.0,0.0,0.0,0.0,14.515463420673214,14.4,19.8,23.8,30,125.07868404238086,237.06418613820415,999.5487093839192,0.9995487093839192,108.92
1000,250,event_class,512,5,0.0,0.0,0.0,0.0,14.515463420673214,14.4,19.8,23.8,30,125.07868404238086,237.06418613820415,999.5487093839192,0.9995487093839192,108.92
1000,250,event_class,1024,5,0.0,0.0,0.0,0.0,14.515463420673214,14.4,19.8,23.8,30,125.07868404238086,237.06418613820415,999.5487093839192,0.9995487093839192,108.92
1000,250,event_class,4096,5,0.0,0.0,0.0,0.0,14.515463420673214,14.4,19.8,23.8,30,125.07868404238086,237.06418613820415,999.5487093839192,0.9995487093839192,108.92
1000,250,pooled,32,5,0.24684394234398574,0.062119583968622404,0.17992424242424243,0.34321849105974706,28.223901964734296,27.8,35.0,40.6,49,125.07868404238086,237.06418613820415,999.5487093839192,0.9995487093839192,108.92
1000,250,pooled,64,5,0.0,0.0,0.0,0.0,28.223901964734296,27.8,35.0,40.6,49,125.07868404238086,237.06418613820415,999.5487093839192,0.9995487093839192,108.92
1000,250,pooled,128,5,0.0,0.0,0.0,0.0,28.223901964734296,27.8,35.0,40.6,49,125.07868404238086,237.06418613820415,999.5487093839192,0.9995487093839192,108.92
1000,250,pooled,256,5,0.0,0.0,0.0,0.0,28.223901964734296,27.8,35.0,40.6,49,125.07868404238086,237.06418613820415,999.5487093839192,0.9995487093839192,108.92
1000,250,pooled,512,5,0.0,0.0,0.0,0.0,28.223901964734296,27.8,35.0,40.6,49,125.07868404238086,237.06418613820415,999.5487093839192,0.9995487093839192,108.92
1000,250,pooled,1024,5,0.0,0.0,0.0,0.0,28.223901964734296,27.8,35.0,40.6,49,125.07868404238086,237.06418613820415,999.5487093839192,0.9995487093839192,108.92
1000,250,pooled,4096,5,0.0,0.0,0.0,0.0,28.223901964734296,27.8,35.0,40.6,49,125.07868404238086,237.06418613820415,999.5487093839192,0.9995487093839192,108.92
1000,250,route_key,32,5,0.0,0.0,0.0,0.0,8.171676470650285,7.4,16.6,22.6,26,125.07868404238086,237.06418613820415,999.5487093839192,0.9995487093839192,108.92
1000,250,route_key,64,5,0.0,0.0,0.0,0.0,8.171676470650285,7.4,16.6,22.6,26,125.07868404238086,237.06418613820415,999.5487093839192,0.9995487093839192,108.92
1000,250,route_key,128,5,0.0,0.0,0.0,0.0,8.171676470650285,7.4,16.6,22.6,26,125.07868404238086,237.06418613820415,999.5487093839192,0.9995487093839192,108.92
1000,250,route_key,256,5,0.0,0.0,0.0,0.0,8.171676470650285,7.4,16.6,22.6,26,125.07868404238086,237.06418613820415,999.5487093839192,0.9995487093839192,108.92
1000,250,route_key,512,5,0.0,0.0,0.0,0.0,8.171676470650285,7.4,16.6,22.6,26,125.07868404238086,237.06418613820415,999.5487093839192,0.9995487093839192,108.92
1000,250,route_key,1024,5,0.0,0.0,0.0,0.0,8.171676470650285,7.4,16.6,22.6,26,125.07868404238086,237.06418613820415,999.5487093839192,0.9995487093839192,108.92
1000,250,route_key,4096,5,0.0,0.0,0.0,0.0,8.171676470650285,7.4,16.6,22.6,26,125.07868404238086,237.06418613820415,999.5487093839192,0.9995487093839192,108.92
1000,500,event_class,32,5,0.2560447524003693,0.07715685536410308,0.18181818181818182,0.37679895333624075,28.037816352774918,28.2,35.2,42.4,53,249.19660513061666,475.0090523669264,999.5487093839192,0.9995487093839192,108.92
1000,500,event_class,64,5,0.0,0.0,0.0,0.0,28.037816352774918,28.2,35.2,42.4,53,249.19660513061666,475.0090523669264,999.5487093839192,0.9995487093839192,108.92
1000,500,event_class,128,5,0.0,0.0,0.0,0.0,28.037816352774918,28.2,35.2,42.4,53,249.19660513061666,475.0090523669264,999.5487093839192,0.9995487093839192,108.92
1000,500,event_class,256,5,0.0,0.0,0.0,0.0,28.037816352774918,28.2,35.2,42.4,53,249.19660513061666,475.0090523669264,999.5487093839192,0.9995487093839192,108.92
1000,500,event_class,512,5,0.0,0.0,0.0,0.0,28.037816352774918,28.2,35.2,42.4,53,249.19660513061666,475.0090523669264,999.5487093839192,0.9995487093839192,108.92
1000,500,event_class,1024,5,0.0,0.0,0.0,0.0,28.037816352774918,28.2,35.2,42.4,53,249.19660513061666,475.0090523669264,999.5487093839192,0.9995487093839192,108.92
1000,500,event_class,4096,5,0.0,0.0,0.0,0.0,28.037816352774918,28.2,35.2,42.4,53,249.19660513061666,475.0090523669264,999.5487093839192,0.9995487093839192,108.92
1000,500,pooled,32,5,0.9990146217418945,0.0022033727686743524,0.9950731087094723,1.0,55.46904784423715,55.2,64.6,76.2,85,249.19660513061666,475.0090523669264,999.5487093839192,0.9995487093839192,108.92
1000,500,pooled,64,5,0.14037004763926536,0.08219088148996016,0.08280938506364055,0.26631777874691087,55.46904784423715,55.2,64.6,76.2,85,249.19660513061666,475.0090523669264,999.5487093839192,0.9995487093839192,108.92
1000,500,pooled,128,5,0.0,0.0,0.0,0.0,55.46904784423715,55.2,64.6,76.2,85,249.19660513061666,475.0090523669264,999.5487093839192,0.9995487093839192,108.92
1000,500,pooled,256,5,0.0,0.0,0.0,0.0,55.46904784423715,55.2,64.6,76.2,85,249.19660513061666,475.0090523669264,999.5487093839192,0.9995487093839192,108.92
1000,500,pooled,512,5,0.0,0.0,0.0,0.0,55.46904784423715,55.2,64.6,76.2,85,249.19660513061666,475.0090523669264,999.5487093839192,0.9995487093839192,108.92
1000,500,pooled,1024,5,0.0,0.0,0.0,0.0,55.46904784423715,55.2,64.6,76.2,85,249.19660513061666,475.0090523669264,999.5487093839192,0.9995487093839192,108.92
1000,500,pooled,4096,5,0.0,0.0,0.0,0.0,55.46904784423715,55.2,64.6,76.2,85,249.19660513061666,475.0090523669264,999.5487093839192,0.9995487093839192,108.92
1000,500,route_key,32,5,0.09030084090090672,0.020459855639121595,0.057506517405305935,0.1097543247565053,15.369611339108625,14.2,31.1,38.8,45,249.19660513061666,475.0090523669264,999.5487093839192,0.9995487093839192,108.92
1000,500,route_key,64,5,0.0,0.0,0.0,0.0,15.369611339108625,14.2,31.1,38.8,45,249.19660513061666,475.0090523669264,999.5487093839192,0.9995487093839192,108.92
1000,500,route_key,128,5,0.0,0.0,0.0,0.0,15.369611339108625,14.2,31.1,38.8,45,249.19660513061666,475.0090523669264,999.5487093839192,0.9995487093839192,108.92
1000,500,route_key,256,5,0.0,0.0,0.0,0.0,15.369611339108625,14.2,31.1,38.8,45,249.19660513061666,475.0090523669264,999.5487093839192,0.9995487093839192,108.92
1000,500,route_key,512,5,0.0,0.0,0.0,0.0,15.369611339108625,14.2,31.1,38.8,45,249.19660513061666,475.0090523669264,999.5487093839192,0.9995487093839192,108.92
1000,500,route_key,1024,5,0.0,0.0,0.0,0.0,15.369611339108625,14.2,31.1,38.8,45,249.19660513061666,475.0090523669264,999.5487093839192,0.9995487093839192,108.92
1000,500,route_key,4096,5,0.0,0.0,0.0,0.0,15.369611339108625,14.2,31.1,38.8,45,249.19660513061666,475.0090523669264,999.5487093839192,0.9995487093839192,108.92
1000,1000,event_class,32,5,0.9941083345243624,0.0009347933980837713,0.9926891290527654,0.9950927771814139,55.03455541134762,54.8,65.8,75.0,81,499.1657796609039,951.5302111669265,999.5487093839192,0.9995487093839192,108.92
1000,1000,event_class,64,5,0.15915148810757687,0.08377286475709762,0.07607323232323232,0.28245384503561566,55.03455541134762,54.8,65.8,75.0,81,499.1657796609039,951.5302111669265,999.5487093839192,0.9995487093839192,108.92
1000,1000,event_class,128,5,0.0,0.0,0.0,0.0,55.03455541134762,54.8,65.8,75.0,81,499.1657796609039,951.5302111669265,999.5487093839192,0.9995487093839192,108.92
1000,1000,event_class,256,5,0.0,0.0,0.0,0.0,55.03455541134762,54.8,65.8,75.0,81,499.1657796609039,951.5302111669265,999.5487093839192,0.9995487093839192,108.92
1000,1000,event_class,512,5,0.0,0.0,0.0,0.0,55.03455541134762,54.8,65.8,75.0,81,499.1657796609039,951.5302111669265,999.5487093839192,0.9995487093839192,108.92
1000,1000,event_class,1024,5,0.0,0.0,0.0,0.0,55.03455541134762,54.8,65.8,75.0,81,499.1657796609039,951.5302111669265,999.5487093839192,0.9995487093839192,108.92
1000,1000,event_class,4096,5,0.0,0.0,0.0,0.0,55.03455541134762,54.8,65.8,75.0,81,499.1657796609039,951.5302111669265,999.5487093839192,0.9995487093839192,108.92
1000,1000,pooled,32,5,1.0,0.0,1.0,1.0,109.83944526226401,111.0,122.4,131.0,135,499.1657796609039,951.5302111669265,999.5487093839192,0.9995487093839192,108.92
1000,1000,pooled,64,5,1.0,0.0,1.0,1.0,109.83944526226401,111.0,122.4,131.0,135,499.1657796609039,951.5302111669265,999.5487093839192,0.9995487093839192,108.92
1000,1000,pooled,128,5,0.05088310881936257,0.05122604232380773,0.0,0.13359499927315016,109.83944526226401,111.0,122.4,131.0,135,499.1657796609039,951.5302111669265,999.5487093839192,0.9995487093839192,108.92
1000,1000,pooled,256,5,0.0,0.0,0.0,0.0,109.83944526226401,111.0,122.4,131.0,135,499.1657796609039,951.5302111669265,999.5487093839192,0.9995487093839192,108.92
1000,1000,pooled,512,5,0.0,0.0,0.0,0.0,109.83944526226401,111.0,122.4,131.0,135,499.1657796609039,951.5302111669265,999.5487093839192,0.9995487093839192,108.92
1000,1000,pooled,1024,5,0.0,0.0,0.0,0.0,109.83944526226401,111.0,122.4,131.0,135,499.1657796609039,951.5302111669265,999.5487093839192,0.9995487093839192,108.92
1000,1000,pooled,4096,5,0.0,0.0,0.0,0.0,109.83944526226401,111.0,122.4,131.0,135,499.1657796609039,951.5302111669265,999.5487093839192,0.9995487093839192,108.92
1000,1000,route_key,32,5,0.47618636545735615,0.014942575930953635,0.46388590706946786,0.5020517676767676,29.69973941895629,26.8,58.0,72.2,75,499.1657796609039,951.5302111669265,999.5487093839192,0.9995487093839192,108.92
1000,1000,route_key,64,5,0.04596278000343513,0.015135686969307973,0.02085569697899095,0.05960168629161215,29.69973941895629,26.8,58.0,72.2,75,499.1657796609039,951.5302111669265,999.5487093839192,0.9995487093839192,108.92
1000,1000,route_key,128,5,0.0,0.0,0.0,0.0,29.69973941895629,26.8,58.0,72.2,75,499.1657796609039,951.5302111669265,999.5487093839192,0.9995487093839192,108.92
1000,1000,route_key,256,5,0.0,0.0,0.0,0.0,29.69973941895629,26.8,58.0,72.2,75,499.1657796609039,951.5302111669265,999.5487093839192,0.9995487093839192,108.92
1000,1000,route_key,512,5,0.0,0.0,0.0,0.0,29.69973941895629,26.8,58.0,72.2,75,499.1657796609039,951.5302111669265,999.5487093839192,0.9995487093839192,108.92
1000,1000,route_key,1024,5,0.0,0.0,0.0,0.0,29.69973941895629,26.8,58.0,72.2,75,499.1657796609039,951.5302111669265,999.5487093839192,0.9995487093839192,108.92
1000,1000,route_key,4096,5,0.0,0.0,0.0,0.0,29.69973941895629,26.8,58.0,72.2,75,499.1657796609039,951.5302111669265,999.5487093839192,0.9995487093839192,108.92
10000,1,event_class,32,5,0.0,0.0,0.0,0.0,1.5347142033522239,1.0,2.6,4.0,7,0.4998898333404858,0.9502028255653094,9990.535812370068,0.9990535812370067,1086.3333333333335
10000,1,event_class,64,5,0.0,0.0,0.0,0.0,1.5347142033522239,1.0,2.6,4.0,7,0.4998898333404858,0.9502028255653094,9990.535812370068,0.9990535812370067,1086.3333333333335
10000,1,event_class,128,5,0.0,0.0,0.0,0.0,1.5347142033522239,1.0,2.6,4.0,7,0.4998898333404858,0.9502028255653094,9990.535812370068,0.9990535812370067,1086.3333333333335
10000,1,event_class,256,5,0.0,0.0,0.0,0.0,1.5347142033522239,1.0,2.6,4.0,7,0.4998898333404858,0.9502028255653094,9990.535812370068,0.9990535812370067,1086.3333333333335
10000,1,event_class,512,5,0.0,0.0,0.0,0.0,1.5347142033522239,1.0,2.6,4.0,7,0.4998898333404858,0.9502028255653094,9990.535812370068,0.9990535812370067,1086.3333333333335
10000,1,event_class,1024,5,0.0,0.0,0.0,0.0,1.5347142033522239,1.0,2.6,4.0,7,0.4998898333404858,0.9502028255653094,9990.535812370068,0.9990535812370067,1086.3333333333335
10000,1,event_class,4096,5,0.0,0.0,0.0,0.0,1.5347142033522239,1.0,2.6,4.0,7,0.4998898333404858,0.9502028255653094,9990.535812370068,0.9990535812370067,1086.3333333333335
10000,1,pooled,32,5,0.0,0.0,0.0,0.0,2.083502988981445,2.0,3.2,5.0,10,0.4998898333404858,0.9502028255653094,9990.535812370068,0.9990535812370067,1086.3333333333335
10000,1,pooled,64,5,0.0,0.0,0.0,0.0,2.083502988981445,2.0,3.2,5.0,10,0.4998898333404858,0.9502028255653094,9990.535812370068,0.9990535812370067,1086.3333333333335
10000,1,pooled,128,5,0.0,0.0,0.0,0.0,2.083502988981445,2.0,3.2,5.0,10,0.4998898333404858,0.9502028255653094,9990.535812370068,0.9990535812370067,1086.3333333333335
10000,1,pooled,256,5,0.0,0.0,0.0,0.0,2.083502988981445,2.0,3.2,5.0,10,0.4998898333404858,0.9502028255653094,9990.535812370068,0.9990535812370067,1086.3333333333335
10000,1,pooled,512,5,0.0,0.0,0.0,0.0,2.083502988981445,2.0,3.2,5.0,10,0.4998898333404858,0.9502028255653094,9990.535812370068,0.9990535812370067,1086.3333333333335
10000,1,pooled,1024,5,0.0,0.0,0.0,0.0,2.083502988981445,2.0,3.2,5.0,10,0.4998898333404858,0.9502028255653094,9990.535812370068,0.9990535812370067,1086.3333333333335
10000,1,pooled,4096,5,0.0,0.0,0.0,0.0,2.083502988981445,2.0,3.2,5.0,10,0.4998898333404858,0.9502028255653094,9990.535812370068,0.9990535812370067,1086.3333333333335
10000,1,route_key,32,5,0.0,0.0,0.0,0.0,1.2877516376800446,1.0,2.0,3.0,7,0.4998898333404858,0.9502028255653094,9990.535812370068,0.9990535812370067,1086.3333333333335
10000,1,route_key,64,5,0.0,0.0,0.0,0.0,1.2877516376800446,1.0,2.0,3.0,7,0.4998898333404858,0.9502028255653094,9990.535812370068,0.9990535812370067,1086.3333333333335
10000,1,route_key,128,5,0.0,0.0,0.0,0.0,1.2877516376800446,1.0,2.0,3.0,7,0.4998898333404858,0.9502028255653094,9990.535812370068,0.9990535812370067,1086.3333333333335
10000,1,route_key,256,5,0.0,0.0,0.0,0.0,1.2877516376800446,1.0,2.0,3.0,7,0.4998898333404858,0.9502028255653094,9990.535812370068,0.9990535812370067,1086.3333333333335
10000,1,route_key,512,5,0.0,0.0,0.0,0.0,1.2877516376800446,1.0,2.0,3.0,7,0.4998898333404858,0.9502028255653094,9990.535812370068,0.9990535812370067,1086.3333333333335
10000,1,route_key,1024,5,0.0,0.0,0.0,0.0,1.2877516376800446,1.0,2.0,3.0,7,0.4998898333404858,0.9502028255653094,9990.535812370068,0.9990535812370067,1086.3333333333335
10000,1,route_key,4096,5,0.0,0.0,0.0,0.0,1.2877516376800446,1.0,2.0,3.0,7,0.4998898333404858,0.9502028255653094,9990.535812370068,0.9990535812370067,1086.3333333333335
10000,5,event_class,32,5,0.0,0.0,0.0,0.0,3.6886972455945575,3.6,6.0,8.0,14,2.500034505729436,4.749328628744562,9990.535812370068,0.9990535812370067,1086.3333333333335
10000,5,event_class,64,5,0.0,0.0,0.0,0.0,3.6886972455945575,3.6,6.0,8.0,14,2.500034505729436,4.749328628744562,9990.535812370068,0.9990535812370067,1086.3333333333335
10000,5,event_class,128,5,0.0,0.0,0.0,0.0,3.6886972455945575,3.6,6.0,8.0,14,2.500034505729436,4.749328628744562,9990.535812370068,0.9990535812370067,1086.3333333333335
10000,5,event_class,256,5,0.0,0.0,0.0,0.0,3.6886972455945575,3.6,6.0,8.0,14,2.500034505729436,4.749328628744562,9990.535812370068,0.9990535812370067,1086.3333333333335
10000,5,event_class,512,5,0.0,0.0,0.0,0.0,3.6886972455945575,3.6,6.0,8.0,14,2.500034505729436,4.749328628744562,9990.535812370068,0.9990535812370067,1086.3333333333335
10000,5,event_class,1024,5,0.0,0.0,0.0,0.0,3.6886972455945575,3.6,6.0,8.0,14,2.500034505729436,4.749328628744562,9990.535812370068,0.9990535812370067,1086.3333333333335
10000,5,event_class,4096,5,0.0,0.0,0.0,0.0,3.6886972455945575,3.6,6.0,8.0,14,2.500034505729436,4.749328628744562,9990.535812370068,0.9990535812370067,1086.3333333333335
10000,5,pooled,32,5,0.0,0.0,0.0,0.0,6.436045572402991,6.0,9.580000000000291,12.4,18,2.500034505729436,4.749328628744562,9990.535812370068,0.9990535812370067,1086.3333333333335
10000,5,pooled,64,5,0.0,0.0,0.0,0.0,6.436045572402991,6.0,9.580000000000291,12.4,18,2.500034505729436,4.749328628744562,9990.535812370068,0.9990535812370067,1086.3333333333335
10000,5,pooled,128,5,0.0,0.0,0.0,0.0,6.436045572402991,6.0,9.580000000000291,12.4,18,2.500034505729436,4.749328628744562,9990.535812370068,0.9990535812370067,1086.3333333333335
10000,5,pooled,256,5,0.0,0.0,0.0,0.0,6.436045572402991,6.0,9.580000000000291,12.4,18,2.500034505729436,4.749328628744562,9990.535812370068,0.9990535812370067,1086.3333333333335
10000,5,pooled,512,5,0.0,0.0,0.0,0.0,6.436045572402991,6.0,9.580000000000291,12.4,18,2.500034505729436,4.749328628744562,9990.535812370068,0.9990535812370067,1086.3333333333335
10000,5,pooled,1024,5,0.0,0.0,0.0,0.0,6.436045572402991,6.0,9.580000000000291,12.4,18,2.500034505729436,4.749328628744562,9990.535812370068,0.9990535812370067,1086.3333333333335
10000,5,pooled,4096,5,0.0,0.0,0.0,0.0,6.436045572402991,6.0,9.580000000000291,12.4,18,2.500034505729436,4.749328628744562,9990.535812370068,0.9990535812370067,1086.3333333333335
10000,5,route_key,32,5,0.0,0.0,0.0,0.0,2.448432893797598,2.0,5.0,7.0,14,2.500034505729436,4.749328628744562,9990.535812370068,0.9990535812370067,1086.3333333333335
10000,5,route_key,64,5,0.0,0.0,0.0,0.0,2.448432893797598,2.0,5.0,7.0,14,2.500034505729436,4.749328628744562,9990.535812370068,0.9990535812370067,1086.3333333333335
10000,5,route_key,128,5,0.0,0.0,0.0,0.0,2.448432893797598,2.0,5.0,7.0,14,2.500034505729436,4.749328628744562,9990.535812370068,0.9990535812370067,1086.3333333333335
10000,5,route_key,256,5,0.0,0.0,0.0,0.0,2.448432893797598,2.0,5.0,7.0,14,2.500034505729436,4.749328628744562,9990.535812370068,0.9990535812370067,1086.3333333333335
10000,5,route_key,512,5,0.0,0.0,0.0,0.0,2.448432893797598,2.0,5.0,7.0,14,2.500034505729436,4.749328628744562,9990.535812370068,0.9990535812370067,1086.3333333333335
10000,5,route_key,1024,5,0.0,0.0,0.0,0.0,2.448432893797598,2.0,5.0,7.0,14,2.500034505729436,4.749328628744562,9990.535812370068,0.9990535812370067,1086.3333333333335
10000,5,route_key,4096,5,0.0,0.0,0.0,0.0,2.448432893797598,2.0,5.0,7.0,14,2.500034505729436,4.749328628744562,9990.535812370068,0.9990535812370067,1086.3333333333335
10000,10,event_class,32,5,0.0,0.0,0.0,0.0,6.3752825948205425,6.0,9.4,12.8,18,5.002995999229209,9.501450698428675,9990.535812370068,0.9990535812370067,1086.3333333333335
10000,10,event_class,64,5,0.0,0.0,0.0,0.0,6.3752825948205425,6.0,9.4,12.8,18,5.002995999229209,9.501450698428675,9990.535812370068,0.9990535812370067,1086.3333333333335
10000,10,event_class,128,5,0.0,0.0,0.0,0.0,6.3752825948205425,6.0,9.4,12.8,18,5.002995999229209,9.501450698428675,9990.535812370068,0.9990535812370067,1086.3333333333335
10000,10,event_class,256,5,0.0,0.0,0.0,0.0,6.3752825948205425,6.0,9.4,12.8,18,5.002995999229209,9.501450698428675,9990.535812370068,0.9990535812370067,1086.3333333333335
10000,10,event_class,512,5,0.0,0.0,0.0,0.0,6.3752825948205425,6.0,9.4,12.8,18,5.002995999229209,9.501450698428675,9990.535812370068,0.9990535812370067,1086.3333333333335
10000,10,event_class,1024,5,0.0,0.0,0.0,0.0,6.3752825948205425,6.0,9.4,12.8,18,5.002995999229209,9.501450698428675,9990.535812370068,0.9990535812370067,1086.3333333333335
10000,10,event_class,4096,5,0.0,0.0,0.0,0.0,6.3752825948205425,6.0,9.4,12.8,18,5.002995999229209,9.501450698428675,9990.535812370068,0.9990535812370067,1086.3333333333335
10000,10,pooled,32,5,0.0,0.0,0.0,0.0,11.864271187233175,12.0,16.0,20.0,26,5.002995999229209,9.501450698428675,9990.535812370068,0.9990535812370067,1086.3333333333335
10000,10,pooled,64,5,0.0,0.0,0.0,0.0,11.864271187233175,12.0,16.0,20.0,26,5.002995999229209,9.501450698428675,9990.535812370068,0.9990535812370067,1086.3333333333335
10000,10,pooled,128,5,0.0,0.0,0.0,0.0,11.864271187233175,12.0,16.0,20.0,26,5.002995999229209,9.501450698428675,9990.535812370068,0.9990535812370067,1086.3333333333335
10000,10,pooled,256,5,0.0,0.0,0.0,0.0,11.864271187233175,12.0,16.0,20.0,26,5.002995999229209,9.501450698428675,9990.535812370068,0.9990535812370067,1086.3333333333335
10000,10,pooled,512,5,0.0,0.0,0.0,0.0,11.864271187233175,12.0,16.0,20.0,26,5.002995999229209,9.501450698428675,9990.535812370068,0.9990535812370067,1086.3333333333335
10000,10,pooled,1024,5,0.0,0.0,0.0,0.0,11.864271187233175,12.0,16.0,20.0,26,5.002995999229209,9.501450698428675,9990.535812370068,0.9990535812370067,1086.3333333333335
10000,10,pooled,4096,5,0.0,0.0,0.0,0.0,11.864271187233175,12.0,16.0,20.0,26,5.002995999229209,9.501450698428675,9990.535812370068,0.9990535812370067,1086.3333333333335
10000,10,route_key,32,5,0.0,0.0,0.0,0.0,3.9007976089332397,3.0,8.0,11.2,16,5.002995999229209,9.501450698428675,9990.535812370068,0.9990535812370067,1086.3333333333335
10000,10,route_key,64,5,0.0,0.0,0.0,0.0,3.9007976089332397,3.0,8.0,11.2,16,5.002995999229209,9.501450698428675,9990.535812370068,0.9990535812370067,1086.3333333333335
10000,10,route_key,128,5,0.0,0.0,0.0,0.0,3.9007976089332397,3.0,8.0,11.2,16,5.002995999229209,9.501450698428675,9990.535812370068,0.9990535812370067,1086.3333333333335
10000,10,route_key,256,5,0.0,0.0,0.0,0.0,3.9007976089332397,3.0,8.0,11.2,16,5.002995999229209,9.501450698428675,9990.535812370068,0.9990535812370067,1086.3333333333335
10000,10,route_key,512,5,0.0,0.0,0.0,0.0,3.9007976089332397,3.0,8.0,11.2,16,5.002995999229209,9.501450698428675,9990.535812370068,0.9990535812370067,1086.3333333333335
10000,10,route_key,1024,5,0.0,0.0,0.0,0.0,3.9007976089332397,3.0,8.0,11.2,16,5.002995999229209,9.501450698428675,9990.535812370068,0.9990535812370067,1086.3333333333335
10000,10,route_key,4096,5,0.0,0.0,0.0,0.0,3.9007976089332397,3.0,8.0,11.2,16,5.002995999229209,9.501450698428675,9990.535812370068,0.9990535812370067,1086.3333333333335
10000,25,event_class,32,5,0.0,0.0,0.0,0.0,14.435650002900278,14.2,19.4,24.0,30,12.505994755740602,23.744211934724767,9990.535812370068,0.9990535812370067,1086.3333333333335
10000,25,event_class,64,5,0.0,0.0,0.0,0.0,14.435650002900278,14.2,19.4,24.0,30,12.505994755740602,23.744211934724767,9990.535812370068,0.9990535812370067,1086.3333333333335
10000,25,event_class,128,5,0.0,0.0,0.0,0.0,14.435650002900278,14.2,19.4,24.0,30,12.505994755740602,23.744211934724767,9990.535812370068,0.9990535812370067,1086.3333333333335
10000,25,event_class,256,5,0.0,0.0,0.0,0.0,14.435650002900278,14.2,19.4,24.0,30,12.505994755740602,23.744211934724767,9990.535812370068,0.9990535812370067,1086.3333333333335
10000,25,event_class,512,5,0.0,0.0,0.0,0.0,14.435650002900278,14.2,19.4,24.0,30,12.505994755740602,23.744211934724767,9990.535812370068,0.9990535812370067,1086.3333333333335
10000,25,event_class,1024,5,0.0,0.0,0.0,0.0,14.435650002900278,14.2,19.4,24.0,30,12.505994755740602,23.744211934724767,9990.535812370068,0.9990535812370067,1086.3333333333335
10000,25,event_class,4096,5,0.0,0.0,0.0,0.0,14.435650002900278,14.2,19.4,24.0,30,12.505994755740602,23.744211934724767,9990.535812370068,0.9990535812370067,1086.3333333333335
10000,25,pooled,32,5,0.25315546710503634,0.023610846008072766,0.23034912288937923,0.28788083547306936,28.151463959814343,27.8,35.2,40.8,50,12.505994755740602,23.744211934724767,9990.535812370068,0.9990535812370067,1086.3333333333335
10000,25,pooled,64,5,0.0,0.0,0.0,0.0,28.151463959814343,27.8,35.2,40.8,50,12.505994755740602,23.744211934724767,9990.535812370068,0.9990535812370067,1086.3333333333335
10000,25,pooled,128,5,0.0,0.0,0.0,0.0,28.151463959814343,27.8,35.2,40.8,50,12.505994755740602,23.744211934724767,9990.535812370068,0.9990535812370067,1086.3333333333335
10000,25,pooled,256,5,0.0,0.0,0.0,0.0,28.151463959814343,27.8,35.2,40.8,50,12.505994755740602,23.744211934724767,9990.535812370068,0.9990535812370067,1086.3333333333335
10000,25,pooled,512,5,0.0,0.0,0.0,0.0,28.151463959814343,27.8,35.2,40.8,50,12.505994755740602,23.744211934724767,9990.535812370068,0.9990535812370067,1086.3333333333335
10000,25,pooled,1024,5,0.0,0.0,0.0,0.0,28.151463959814343,27.8,35.2,40.8,50,12.505994755740602,23.744211934724767,9990.535812370068,0.9990535812370067,1086.3333333333335
10000,25,pooled,4096,5,0.0,0.0,0.0,0.0,28.151463959814343,27.8,35.2,40.8,50,12.505994755740602,23.744211934724767,9990.535812370068,0.9990535812370067,1086.3333333333335
10000,25,route_key,32,5,0.0,0.0,0.0,0.0,8.244110148542266,8.0,16.8,21.6,30,12.505994755740602,23.744211934724767,9990.535812370068,0.9990535812370067,1086.3333333333335
10000,25,route_key,64,5,0.0,0.0,0.0,0.0,8.244110148542266,8.0,16.8,21.6,30,12.505994755740602,23.744211934724767,9990.535812370068,0.9990535812370067,1086.3333333333335
10000,25,route_key,128,5,0.0,0.0,0.0,0.0,8.244110148542266,8.0,16.8,21.6,30,12.505994755740602,23.744211934724767,9990.535812370068,0.9990535812370067,1086.3333333333335
10000,25,route_key,256,5,0.0,0.0,0.0,0.0,8.244110148542266,8.0,16.8,21.6,30,12.505994755740602,23.744211934724767,9990.535812370068,0.9990535812370067,1086.3333333333335
10000,25,route_key,512,5,0.0,0.0,0.0,0.0,8.244110148542266,8.0,16.8,21.6,30,12.505994755740602,23.744211934724767,9990.535812370068,0.9990535812370067,1086.3333333333335
10000,25,route_key,1024,5,0.0,0.0,0.0,0.0,8.244110148542266,8.0,16.8,21.6,30,12.505994755740602,23.744211934724767,9990.535812370068,0.9990535812370067,1086.3333333333335
10000,25,route_key,4096,5,0.0,0.0,0.0,0.0,8.244110148542266,8.0,16.8,21.6,30,12.505994755740602,23.744211934724767,9990.535812370068,0.9990535812370067,1086.3333333333335
10000,50,event_class,32,5,0.2485804210887951,0.0336527882980343,0.20466957732813795,0.28944246737841045,27.87643073867534,27.6,34.6,41.4,48,24.994397319200097,47.47838466224668,9990.535812370068,0.9990535812370067,1086.3333333333335
10000,50,event_class,64,5,0.0,0.0,0.0,0.0,27.87643073867534,27.6,34.6,41.4,48,24.994397319200097,47.47838466224668,9990.535812370068,0.9990535812370067,1086.3333333333335
10000,50,event_class,128,5,0.0,0.0,0.0,0.0,27.87643073867534,27.6,34.6,41.4,48,24.994397319200097,47.47838466224668,9990.535812370068,0.9990535812370067,1086.3333333333335
10000,50,event_class,256,5,0.0,0.0,0.0,0.0,27.87643073867534,27.6,34.6,41.4,48,24.994397319200097,47.47838466224668,9990.535812370068,0.9990535812370067,1086.3333333333335
10000,50,event_class,512,5,0.0,0.0,0.0,0.0,27.87643073867534,27.6,34.6,41.4,48,24.994397319200097,47.47838466224668,9990.535812370068,0.9990535812370067,1086.3333333333335
10000,50,event_class,1024,5,0.0,0.0,0.0,0.0,27.87643073867534,27.6,34.6,41.4,48,24.994397319200097,47.47838466224668,9990.535812370068,0.9990535812370067,1086.3333333333335
10000,50,event_class,4096,5,0.0,0.0,0.0,0.0,27.87643073867534,27.6,34.6,41.4,48,24.994397319200097,47.47838466224668,9990.535812370068,0.9990535812370067,1086.3333333333335
10000,50,pooled,32,5,0.9996192303249437,0.0006251413826260622,0.9985603179819413,1.0,55.29674119445167,55.2,64.6,74.0,82,24.994397319200097,47.47838466224668,9990.535812370068,0.9990535812370067,1086.3333333333335
10000,50,pooled,64,5,0.12663364848543454,0.026960019488885514,0.09764512934769154,0.16051774103938615,55.29674119445167,55.2,64.6,74.0,82,24.994397319200097,47.47838466224668,9990.535812370068,0.9990535812370067,1086.3333333333335
10000,50,pooled,128,5,0.0,0.0,0.0,0.0,55.29674119445167,55.2,64.6,74.0,82,24.994397319200097,47.47838466224668,9990.535812370068,0.9990535812370067,1086.3333333333335
10000,50,pooled,256,5,0.0,0.0,0.0,0.0,55.29674119445167,55.2,64.6,74.0,82,24.994397319200097,47.47838466224668,9990.535812370068,0.9990535812370067,1086.3333333333335
10000,50,pooled,512,5,0.0,0.0,0.0,0.0,55.29674119445167,55.2,64.6,74.0,82,24.994397319200097,47.47838466224668,9990.535812370068,0.9990535812370067,1086.3333333333335
10000,50,pooled,1024,5,0.0,0.0,0.0,0.0,55.29674119445167,55.2,64.6,74.0,82,24.994397319200097,47.47838466224668,9990.535812370068,0.9990535812370067,1086.3333333333335
10000,50,pooled,4096,5,0.0,0.0,0.0,0.0,55.29674119445167,55.2,64.6,74.0,82,24.994397319200097,47.47838466224668,9990.535812370068,0.9990535812370067,1086.3333333333335
10000,50,route_key,32,5,0.08573159048183937,0.015339526625616199,0.07320470087476331,0.108903942389845,15.497785487787676,14.4,30.8,37.6,47,24.994397319200097,47.47838466224668,9990.535812370068,0.9990535812370067,1086.3333333333335
10000,50,route_key,64,5,0.0,0.0,0.0,0.0,15.497785487787676,14.4,30.8,37.6,47,24.994397319200097,47.47838466224668,9990.535812370068,0.9990535812370067,1086.3333333333335
10000,50,route_key,128,5,0.0,0.0,0.0,0.0,15.497785487787676,14.4,30.8,37.6,47,24.994397319200097,47.47838466224668,9990.535812370068,0.9990535812370067,1086.3333333333335
10000,50,route_key,256,5,0.0,0.0,0.0,0.0,15.497785487787676,14.4,30.8,37.6,47,24.994397319200097,47.47838466224668,9990.535812370068,0.9990535812370067,1086.3333333333335
10000,50,route_key,512,5,0.0,0.0,0.0,0.0,15.497785487787676,14.4,30.8,37.6,47,24.994397319200097,47.47838466224668,9990.535812370068,0.9990535812370067,1086.3333333333335
10000,50,route_key,1024,5,0.0,0.0,0.0,0.0,15.497785487787676,14.4,30.8,37.6,47,24.994397319200097,47.47838466224668,9990.535812370068,0.9990535812370067,1086.3333333333335
10000,50,route_key,4096,5,0.0,0.0,0.0,0.0,15.497785487787676,14.4,30.8,37.6,47,24.994397319200097,47.47838466224668,9990.535812370068,0.9990535812370067,1086.3333333333335
10000,100,event_class,32,5,0.99339817038798,0.00048277661385269456,0.9928485360624697,0.9940387705151884,54.77243330632458,54.6,64.8,74.2,89,49.986614407384735,95.00085956423482,9990.535812370068,0.9990535812370067,1086.3333333333335
10000,100,event_class,64,5,0.13484746750104531,0.0237793583485318,0.10919675132622882,0.16733486493385588,54.77243330632458,54.6,64.8,74.2,89,49.986614407384735,95.00085956423482,9990.535812370068,0.9990535812370067,1086.3333333333335
10000,100,event_class,128,5,0.0,0.0,0.0,0.0,54.77243330632458,54.6,64.8,74.2,89,49.986614407384735,95.00085956423482,9990.535812370068,0.9990535812370067,1086.3333333333335
10000,100,event_class,256,5,0.0,0.0,0.0,0.0,54.77243330632458,54.6,64.8,74.2,89,49.986614407384735,95.00085956423482,9990.535812370068,0.9990535812370067,1086.3333333333335
10000,100,event_class,512,5,0.0,0.0,0.0,0.0,54.77243330632458,54.6,64.8,74.2,89,49.986614407384735,95.00085956423482,9990.535812370068,0.9990535812370067,1086.3333333333335
10000,100,event_class,1024,5,0.0,0.0,0.0,0.0,54.77243330632458,54.6,64.8,74.2,89,49.986614407384735,95.00085956423482,9990.535812370068,0.9990535812370067,1086.3333333333335
10000,100,event_class,4096,5,0.0,0.0,0.0,0.0,54.77243330632458,54.6,64.8,74.2,89,49.986614407384735,95.00085956423482,9990.535812370068,0.9990535812370067,1086.3333333333335
10000,100,pooled,32,5,1.0,0.0,1.0,1.0,109.6201147108065,109.8,122.8,135.0,150,49.986614407384735,95.00085956423482,9990.535812370068,0.9990535812370067,1086.3333333333335
10000,100,pooled,64,5,1.0,0.0,1.0,1.0,109.6201147108065,109.8,122.8,135.0,150,49.986614407384735,95.00085956423482,9990.535812370068,0.9990535812370067,1086.3333333333335
10000,100,pooled,128,5,0.045993399086552984,0.015402855407702993,0.02470932507081045,0.06279751006957159,109.6201147108065,109.8,122.8,135.0,150,49.986614407384735,95.00085956423482,9990.535812370068,0.9990535812370067,1086.3333333333335
10000,100,pooled,256,5,0.0,0.0,0.0,0.0,109.6201147108065,109.8,122.8,135.0,150,49.986614407384735,95.00085956423482,9990.535812370068,0.9990535812370067,1086.3333333333335
10000,100,pooled,512,5,0.0,0.0,0.0,0.0,109.6201147108065,109.8,122.8,135.0,150,49.986614407384735,95.00085956423482,9990.535812370068,0.9990535812370067,1086.3333333333335
10000,100,pooled,1024,5,0.0,0.0,0.0,0.0,109.6201147108065,109.8,122.8,135.0,150,49.986614407384735,95.00085956423482,9990.535812370068,0.9990535812370067,1086.3333333333335
10000,100,pooled,4096,5,0.0,0.0,0.0,0.0,109.6201147108065,109.8,122.8,135.0,150,49.986614407384735,95.00085956423482,9990.535812370068,0.9990535812370067,1086.3333333333335
10000,100,route_key,32,5,0.4794274305483105,0.004585042140300129,0.474687231693855,0.48462101794214574,30.018326279839016,26.2,58.4,67.8,81,49.986614407384735,95.00085956423482,9990.535812370068,0.9990535812370067,1086.3333333333335
10000,100,route_key,64,5,0.03495423747731916,0.010756060948786807,0.02484837232330734,0.05332295862321494,30.018326279839016,26.2,58.4,67.8,81,49.986614407384735,95.00085956423482,9990.535812370068,0.9990535812370067,1086.3333333333335
10000,100,route_key,128,5,0.0,0.0,0.0,0.0,30.018326279839016,26.2,58.4,67.8,81,49.986614407384735,95.00085956423482,9990.535812370068,0.9990535812370067,1086.3333333333335
10000,100,route_key,256,5,0.0,0.0,0.0,0.0,30.018326279839016,26.2,58.4,67.8,81,49.986614407384735,95.00085956423482,9990.535812370068,0.9990535812370067,1086.3333333333335
10000,100,route_key,512,5,0.0,0.0,0.0,0.0,30.018326279839016,26.2,58.4,67.8,81,49.986614407384735,95.00085956423482,9990.535812370068,0.9990535812370067,1086.3333333333335
10000,100,route_key,1024,5,0.0,0.0,0.0,0.0,30.018326279839016,26.2,58.4,67.8,81,49.986614407384735,95.00085956423482,9990.535812370068,0.9990535812370067,1086.3333333333335
10000,100,route_key,4096,5,0.0,0.0,0.0,0.0,30.018326279839016,26.2,58.4,67.8,81,49.986614407384735,95.00085956423482,9990.535812370068,0.9990535812370067,1086.3333333333335
10000,250,event_class,32,5,0.9942078437273617,0.0002669857105838185,0.9937956430251269,0.9944892412571137,135.38640078960856,135.6,152.2,165.2,182,124.92718017842394,237.60297950537847,9990.535812370068,0.9990535812370067,1086.3333333333335
10000,250,event_class,64,5,0.9942078437273617,0.0002669857105838185,0.9937956430251269,0.9944892412571137,135.38640078960856,135.6,152.2,165.2,182,124.92718017842394,237.60297950537847,9990.535812370068,0.9990535812370067,1086.3333333333335
10000,250,event_class,128,5,0.747212016873313,0.0468561845271752,0.694771763453985,0.8113728846644743,135.38640078960856,135.6,152.2,165.2,182,124.92718017842394,237.60297950537847,9990.535812370068,0.9990535812370067,1086.3333333333335
10000,250,event_class,256,5,0.0,0.0,0.0,0.0,135.38640078960856,135.6,152.2,165.2,182,124.92718017842394,237.60297950537847,9990.535812370068,0.9990535812370067,1086.3333333333335
10000,250,event_class,512,5,0.0,0.0,0.0,0.0,135.38640078960856,135.6,152.2,165.2,182,124.92718017842394,237.60297950537847,9990.535812370068,0.9990535812370067,1086.3333333333335
10000,250,event_class,1024,5,0.0,0.0,0.0,0.0,135.38640078960856,135.6,152.2,165.2,182,124.92718017842394,237.60297950537847,9990.535812370068,0.9990535812370067,1086.3333333333335
10000,250,event_class,4096,5,0.0,0.0,0.0,0.0,135.38640078960856,135.6,152.2,165.2,182,124.92718017842394,237.60297950537847,9990.535812370068,0.9990535812370067,1086.3333333333335
10000,250,pooled,32,5,1.0,0.0,1.0,1.0,272.5309735561791,272.6,293.2,308.6,331,124.92718017842394,237.60297950537847,9990.535812370068,0.9990535812370067,1086.3333333333335
10000,250,pooled,64,5,1.0,0.0,1.0,1.0,272.5309735561791,272.6,293.2,308.6,331,124.92718017842394,237.60297950537847,9990.535812370068,0.9990535812370067,1086.3333333333335
10000,250,pooled,128,5,1.0,0.0,1.0,1.0,272.5309735561791,272.6,293.2,308.6,331,124.92718017842394,237.60297950537847,9990.535812370068,0.9990535812370067,1086.3333333333335
10000,250,pooled,256,5,0.8414766330467977,0.05805490594335898,0.772185969359811,0.9249665900866405,272.5309735561791,272.6,293.2,308.6,331,124.92718017842394,237.60297950537847,9990.535812370068,0.9990535812370067,1086.3333333333335
10000,250,pooled,512,5,0.0,0.0,0.0,0.0,272.5309735561791,272.6,293.2,308.6,331,124.92718017842394,237.60297950537847,9990.535812370068,0.9990535812370067,1086.3333333333335
10000,250,pooled,1024,5,0.0,0.0,0.0,0.0,272.5309735561791,272.6,293.2,308.6,331,124.92718017842394,237.60297950537847,9990.535812370068,0.9990535812370067,1086.3333333333335
10000,250,pooled,4096,5,0.0,0.0,0.0,0.0,272.5309735561791,272.6,293.2,308.6,331,124.92718017842394,237.60297950537847,9990.535812370068,0.9990535812370067,1086.3333333333335
10000,250,route_key,32,5,0.6605785329279532,0.0038007536718906183,0.6569207653624433,0.6646832662028561,73.54336653572662,59.2,139.6,153.8279999999999,167,124.92718017842394,237.60297950537847,9990.535812370068,0.9990535812370067,1086.3333333333335
10000,250,route_key,64,5,0.48501304113243415,0.0066290809195888286,0.47812155034956455,0.49415659709508114,73.54336653572662,59.2,139.6,153.8279999999999,167,124.92718017842394,237.60297950537847,9990.535812370068,0.9990535812370067,1086.3333333333335
10000,250,route_key,128,5,0.29721879745885804,0.03000192382870553,0.2709957915583612,0.3365067740754302,73.54336653572662,59.2,139.6,153.8279999999999,167,124.92718017842394,237.60297950537847,9990.535812370068,0.9990535812370067,1086.3333333333335
10000,250,route_key,256,5,0.0,0.0,0.0,0.0,73.54336653572662,59.2,139.6,153.8279999999999,167,124.92718017842394,237.60297950537847,9990.535812370068,0.9990535812370067,1086.3333333333335
10000,250,route_key,512,5,0.0,0.0,0.0,0.0,73.54336653572662,59.2,139.6,153.8279999999999,167,124.92718017842394,237.60297950537847,9990.535812370068,0.9990535812370067,1086.3333333333335
10000,250,route_key,1024,5,0.0,0.0,0.0,0.0,73.54336653572662,59.2,139.6,153.8279999999999,167,124.92718017842394,237.60297950537847,9990.535812370068,0.9990535812370067,1086.3333333333335
10000,250,route_key,4096,5,0.0,0.0,0.0,0.0,73.54336653572662,59.2,139.6,153.8279999999999,167,124.92718017842394,237.60297950537847,9990.535812370068,0.9990535812370067,1086.3333333333335
10000,500,event_class,32,5,0.9942078437273617,0.0002669857105838185,0.9937956430251269,0.9944892412571137,269.8098549862742,271.0,295.8,318.7439999999944,332,249.88691301908221,474.8246409651277,9990.535812370068,0.9990535812370067,1086.3333333333335
10000,500,event_class,64,5,0.9942078437273617,0.0002669857105838185,0.9937956430251269,0.9944892412571137,269.8098549862742,271.0,295.8,318.7439999999944,332,249.88691301908221,474.8246409651277,9990.535812370068,0.9990535812370067,1086.3333333333335
10000,500,event_class,128,5,0.9942078437273617,0.0002669857105838185,0.9937956430251269,0.9944892412571137,269.8098549862742,271.0,295.8,318.7439999999944,332,249.88691301908221,474.8246409651277,9990.535812370068,0.9990535812370067,1086.3333333333335
10000,500,event_class,256,5,0.7794101668698707,0.05433426767525041,0.7143013630033018,0.8543177620613541,269.8098549862742,271.0,295.8,318.7439999999944,332,249.88691301908221,474.8246409651277,9990.535812370068,0.9990535812370067,1086.3333333333335
10000,500,event_class,512,5,0.0,0.0,0.0,0.0,269.8098549862742,271.0,295.8,318.7439999999944,332,249.88691301908221,474.8246409651277,9990.535812370068,0.9990535812370067,1086.3333333333335
10000,500,event_class,1024,5,0.0,0.0,0.0,0.0,269.8098549862742,271.0,295.8,318.7439999999944,332,249.88691301908221,474.8246409651277,9990.535812370068,0.9990535812370067,1086.3333333333335
10000,500,event_class,4096,5,0.0,0.0,0.0,0.0,269.8098549862742,271.0,295.8,318.7439999999944,332,249.88691301908221,474.8246409651277,9990.535812370068,0.9990535812370067,1086.3333333333335
10000,500,pooled,32,5,1.0,0.0,1.0,1.0,544.0412943270788,545.0,570.6,591.8,612,249.88691301908221,474.8246409651277,9990.535812370068,0.9990535812370067,1086.3333333333335
10000,500,pooled,64,5,1.0,0.0,1.0,1.0,544.0412943270788,545.0,570.6,591.8,612,249.88691301908221,474.8246409651277,9990.535812370068,0.9990535812370067,1086.3333333333335
10000,500,pooled,128,5,1.0,0.0,1.0,1.0,544.0412943270788,545.0,570.6,591.8,612,249.88691301908221,474.8246409651277,9990.535812370068,0.9990535812370067,1086.3333333333335
10000,500,pooled,256,5,1.0,0.0,1.0,1.0,544.0412943270788,545.0,570.6,591.8,612,249.88691301908221,474.8246409651277,9990.535812370068,0.9990535812370067,1086.3333333333335
10000,500,pooled,512,5,0.9275732453183612,0.031388700350406584,0.899363097194185,0.9772662432241692,544.0412943270788,545.0,570.6,591.8,612,249.88691301908221,474.8246409651277,9990.535812370068,0.9990535812370067,1086.3333333333335
10000,500,pooled,1024,5,0.0,0.0,0.0,0.0,544.0412943270788,545.0,570.6,591.8,612,249.88691301908221,474.8246409651277,9990.535812370068,0.9990535812370067,1086.3333333333335
10000,500,pooled,4096,5,0.0,0.0,0.0,0.0,544.0412943270788,545.0,570.6,591.8,612,249.88691301908221,474.8246409651277,9990.535812370068,0.9990535812370067,1086.3333333333335
10000,500,route_key,32,5,0.6624069338601529,0.0030719861743359746,0.6594965043542255,0.6666819235933114,146.11538285714266,111.2,272.6,291.2,328,249.88691301908221,474.8246409651277,9990.535812370068,0.9990535812370067,1086.3333333333335
10000,500,route_key,64,5,0.660759028751384,0.003809805765768348,0.6573960505335459,0.6651104601489076,146.11538285714266,111.2,272.6,291.2,328,249.88691301908221,474.8246409651277,9990.535812370068,0.9990535812370067,1086.3333333333335
10000,500,route_key,128,5,0.47872544974309134,0.004434167313994349,0.47389522050542815,0.4839802270230685,146.11538285714266,111.2,272.6,291.2,328,249.88691301908221,474.8246409651277,9990.535812370068,0.9990535812370067,1086.3333333333335
10000,500,route_key,256,5,0.298416278045634,0.03589165703386713,0.27220944243619233,0.34864933855879393,146.11538285714266,111.2,272.6,291.2,328,249.88691301908221,474.8246409651277,9990.535812370068,0.9990535812370067,1086.3333333333335
10000,500,route_key,512,5,0.0,0.0,0.0,0.0,146.11538285714266,111.2,272.6,291.2,328,249.88691301908221,474.8246409651277,9990.535812370068,0.9990535812370067,1086.3333333333335
10000,500,route_key,1024,5,0.0,0.0,0.0,0.0,146.11538285714266,111.2,272.6,291.2,328,249.88691301908221,474.8246409651277,9990.535812370068,0.9990535812370067,1086.3333333333335
10000,500,route_key,4096,5,0.0,0.0,0.0,0.0,146.11538285714266,111.2,272.6,291.2,328,249.88691301908221,474.8246409651277,9990.535812370068,0.9990535812370067,1086.3333333333335
10000,1000,event_class,32,5,0.9942078437273617,0.0002669857105838185,0.9937956430251269,0.9944892412571137,538.727703181817,543.2,582.6,604.2,626,499.28839955000456,949.6368649999956,9990.535812370068,0.9990535812370067,1086.3333333333335
10000,1000,event_class,64,5,0.9942078437273617,0.0002669857105838185,0.9937956430251269,0.9944892412571137,538.727703181817,543.2,582.6,604.2,626,499.28839955000456,949.6368649999956,9990.535812370068,0.9990535812370067,1086.3333333333335
10000,1000,event_class,128,5,0.9942078437273617,0.0002669857105838185,0.9937956430251269,0.9944892412571137,538.727703181817,543.2,582.6,604.2,626,499.28839955000456,949.6368649999956,9990.535812370068,0.9990535812370067,1086.3333333333335
10000,1000,event_class,256,5,0.9942078437273617,0.0002669857105838185,0.9937956430251269,0.9944892412571137,538.727703181817,543.2,582.6,604.2,626,499.28839955000456,949.6368649999956,9990.535812370068,0.9990535812370067,1086.3333333333335
10000,1000,event_class,512,5,0.8050198930866468,0.05610624220715953,0.7467411545623837,0.8825172305058786,538.727703181817,543.2,582.6,604.2,626,499.28839955000456,949.6368649999956,9990.535812370068,0.9990535812370067,1086.3333333333335
10000,1000,event_class,1024,5,0.0,0.0,0.0,0.0,538.727703181817,543.2,582.6,604.2,626,499.28839955000456,949.6368649999956,9990.535812370068,0.9990535812370067,1086.3333333333335
10000,1000,event_class,4096,5,0.0,0.0,0.0,0.0,538.727703181817,543.2,582.6,604.2,626,499.28839955000456,949.6368649999956,9990.535812370068,0.9990535812370067,1086.3333333333335
10000,1000,pooled,32,5,1.0,0.0,1.0,1.0,1087.2048094033487,1086.4,1122.2,1169.4,1197,499.28839955000456,949.6368649999956,9990.535812370068,0.9990535812370067,1086.3333333333335
10000,1000,pooled,64,5,1.0,0.0,1.0,1.0,1087.2048094033487,1086.4,1122.2,1169.4,1197,499.28839955000456,949.6368649999956,9990.535812370068,0.9990535812370067,1086.3333333333335
10000,1000,pooled,128,5,1.0,0.0,1.0,1.0,1087.2048094033487,1086.4,1122.2,1169.4,1197,499.28839955000456,949.6368649999956,9990.535812370068,0.9990535812370067,1086.3333333333335
10000,1000,pooled,256,5,1.0,0.0,1.0,1.0,1087.2048094033487,1086.4,1122.2,1169.4,1197,499.28839955000456,949.6368649999956,9990.535812370068,0.9990535812370067,1086.3333333333335
10000,1000,pooled,512,5,1.0,0.0,1.0,1.0,1087.2048094033487,1086.4,1122.2,1169.4,1197,499.28839955000456,949.6368649999956,9990.535812370068,0.9990535812370067,1086.3333333333335
10000,1000,pooled,1024,5,0.9718687607602728,0.03890437407910563,0.9219598453906702,1.0,1087.2048094033487,1086.4,1122.2,1169.4,1197,499.28839955000456,949.6368649999956,9990.535812370068,0.9990535812370067,1086.3333333333335
10000,1000,pooled,4096,5,0.0,0.0,0.0,0.0,1087.2048094033487,1086.4,1122.2,1169.4,1197,499.28839955000456,949.6368649999956,9990.535812370068,0.9990535812370067,1086.3333333333335
10000,1000,route_key,32,5,0.7402144593675053,0.003686569472945018,0.7367840058874034,0.7458348590259978,291.3511829843919,215.2,539.8,571.0,612,499.28839955000456,949.6368649999956,9990.535812370068,0.9990535812370067,1086.3333333333335
10000,1000,route_key,64,5,0.6611594889347165,0.0033851672914307065,0.6583772844351773,0.6651104601489076,291.3511829843919,215.2,539.8,571.0,612,499.28839955000456,949.6368649999956,9990.535812370068,0.9990535812370067,1086.3333333333335
10000,1000,route_key,128,5,0.660759028751384,0.003809805765768348,0.6573960505335459,0.6651104601489076,291.3511829843919,215.2,539.8,571.0,612,499.28839955000456,949.6368649999956,9990.535812370068,0.9990535812370067,1086.3333333333335
10000,1000,route_key,256,5,0.47792707702184895,0.004153686931407921,0.47389522050542815,0.4828098837300283,291.3511829843919,215.2,539.8,571.0,612,499.28839955000456,949.6368649999956,9990.535812370068,0.9990535812370067,1086.3333333333335
10000,1000,route_key,512,5,0.3010795662580771,0.048522062561613566,0.254332219334076,0.3619232097541931,291.3511829843919,215.2,539.8,571.0,612,499.28839955000456,949.6368649999956,9990.535812370068,0.9990535812370067,1086.3333333333335
10000,1000,route_key,1024,5,0.0,0.0,0.0,0.0,291.3511829843919,215.2,539.8,571.0,612,499.28839955000456,949.6368649999956,9990.535812370068,0.9990535812370067,1086.3333333333335
10000,1000,route_key,4096,5,0.0,0.0,0.0,0.0,291.3511829843919,215.2,539.8,571.0,612,499.28839955000456,949.6368649999956,9990.535812370068,0.9990535812370067,1086.3333333333335
100000,1,event_class,32,5,0.0,0.0,0.0,0.0,6.382686104639449,6.0,9.4,12.4,20,0.5001967643251127,0.9501231119180531,100031.69538052795,1.0003169538052794,10874.673333333334
100000,1,event_class,64,5,0.0,0.0,0.0,0.0,6.382686104639449,6.0,9.4,12.4,20,0.5001967643251127,0.9501231119180531,100031.69538052795,1.0003169538052794,10874.673333333334
100000,1,event_class,128,5,0.0,0.0,0.0,0.0,6.382686104639449,6.0,9.4,12.4,20,0.5001967643251127,0.9501231119180531,100031.69538052795,1.0003169538052794,10874.673333333334
100000,1,event_class,256,5,0.0,0.0,0.0,0.0,6.382686104639449,6.0,9.4,12.4,20,0.5001967643251127,0.9501231119180531,100031.69538052795,1.0003169538052794,10874.673333333334
100000,1,event_class,512,5,0.0,0.0,0.0,0.0,6.382686104639449,6.0,9.4,12.4,20,0.5001967643251127,0.9501231119180531,100031.69538052795,1.0003169538052794,10874.673333333334
100000,1,event_class,1024,5,0.0,0.0,0.0,0.0,6.382686104639449,6.0,9.4,12.4,20,0.5001967643251127,0.9501231119180531,100031.69538052795,1.0003169538052794,10874.673333333334
100000,1,event_class,4096,5,0.0,0.0,0.0,0.0,6.382686104639449,6.0,9.4,12.4,20,0.5001967643251127,0.9501231119180531,100031.69538052795,1.0003169538052794,10874.673333333334
100000,1,pooled,32,5,0.0,0.0,0.0,0.0,11.878521192898656,12.0,16.0,20.0,28,0.5001967643251127,0.9501231119180531,100031.69538052795,1.0003169538052794,10874.673333333334
100000,1,pooled,64,5,0.0,0.0,0.0,0.0,11.878521192898656,12.0,16.0,20.0,28,0.5001967643251127,0.9501231119180531,100031.69538052795,1.0003169538052794,10874.673333333334
100000,1,pooled,128,5,0.0,0.0,0.0,0.0,11.878521192898656,12.0,16.0,20.0,28,0.5001967643251127,0.9501231119180531,100031.69538052795,1.0003169538052794,10874.673333333334
100000,1,pooled,256,5,0.0,0.0,0.0,0.0,11.878521192898656,12.0,16.0,20.0,28,0.5001967643251127,0.9501231119180531,100031.69538052795,1.0003169538052794,10874.673333333334
100000,1,pooled,512,5,0.0,0.0,0.0,0.0,11.878521192898656,12.0,16.0,20.0,28,0.5001967643251127,0.9501231119180531,100031.69538052795,1.0003169538052794,10874.673333333334
100000,1,pooled,1024,5,0.0,0.0,0.0,0.0,11.878521192898656,12.0,16.0,20.0,28,0.5001967643251127,0.9501231119180531,100031.69538052795,1.0003169538052794,10874.673333333334
100000,1,pooled,4096,5,0.0,0.0,0.0,0.0,11.878521192898656,12.0,16.0,20.0,28,0.5001967643251127,0.9501231119180531,100031.69538052795,1.0003169538052794,10874.673333333334
100000,1,route_key,32,5,0.0,0.0,0.0,0.0,3.9076832672779225,3.0,8.0,11.0,20,0.5001967643251127,0.9501231119180531,100031.69538052795,1.0003169538052794,10874.673333333334
100000,1,route_key,64,5,0.0,0.0,0.0,0.0,3.9076832672779225,3.0,8.0,11.0,20,0.5001967643251127,0.9501231119180531,100031.69538052795,1.0003169538052794,10874.673333333334
100000,1,route_key,128,5,0.0,0.0,0.0,0.0,3.9076832672779225,3.0,8.0,11.0,20,0.5001967643251127,0.9501231119180531,100031.69538052795,1.0003169538052794,10874.673333333334
100000,1,route_key,256,5,0.0,0.0,0.0,0.0,3.9076832672779225,3.0,8.0,11.0,20,0.5001967643251127,0.9501231119180531,100031.69538052795,1.0003169538052794,10874.673333333334
100000,1,route_key,512,5,0.0,0.0,0.0,0.0,3.9076832672779225,3.0,8.0,11.0,20,0.5001967643251127,0.9501231119180531,100031.69538052795,1.0003169538052794,10874.673333333334
100000,1,route_key,1024,5,0.0,0.0,0.0,0.0,3.9076832672779225,3.0,8.0,11.0,20,0.5001967643251127,0.9501231119180531,100031.69538052795,1.0003169538052794,10874.673333333334
100000,1,route_key,4096,5,0.0,0.0,0.0,0.0,3.9076832672779225,3.0,8.0,11.0,20,0.5001967643251127,0.9501231119180531,100031.69538052795,1.0003169538052794,10874.673333333334
100000,5,event_class,32,5,0.25179997242896335,0.007305211613117793,0.24433755676273752,0.2598204136436805,27.912584532935323,28.0,35.0,41.0,52,2.501631843050666,4.750822592670437,100031.69538052795,1.0003169538052794,10874.673333333334
100000,5,event_class,64,5,0.0,0.0,0.0,0.0,27.912584532935323,28.0,35.0,41.0,52,2.501631843050666,4.750822592670437,100031.69538052795,1.0003169538052794,10874.673333333334
100000,5,event_class,128,5,0.0,0.0,0.0,0.0,27.912584532935323,28.0,35.0,41.0,52,2.501631843050666,4.750822592670437,100031.69538052795,1.0003169538052794,10874.673333333334
100000,5,event_class,256,5,0.0,0.0,0.0,0.0,27.912584532935323,28.0,35.0,41.0,52,2.501631843050666,4.750822592670437,100031.69538052795,1.0003169538052794,10874.673333333334
100000,5,event_class,512,5,0.0,0.0,0.0,0.0,27.912584532935323,28.0,35.0,41.0,52,2.501631843050666,4.750822592670437,100031.69538052795,1.0003169538052794,10874.673333333334
100000,5,event_class,1024,5,0.0,0.0,0.0,0.0,27.912584532935323,28.0,35.0,41.0,52,2.501631843050666,4.750822592670437,100031.69538052795,1.0003169538052794,10874.673333333334
100000,5,event_class,4096,5,0.0,0.0,0.0,0.0,27.912584532935323,28.0,35.0,41.0,52,2.501631843050666,4.750822592670437,100031.69538052795,1.0003169538052794,10874.673333333334
100000,5,pooled,32,5,0.999769926563,0.00011278536749664912,0.99962923122697,0.9999082059308149,55.38496851770503,55.2,65.0,73.0,88,2.501631843050666,4.750822592670437,100031.69538052795,1.0003169538052794,10874.673333333334
100000,5,pooled,64,5,0.1380757763783262,0.007667854813812434,0.13015421684522463,0.1482754674661845,55.38496851770503,55.2,65.0,73.0,88,2.501631843050666,4.750822592670437,100031.69538052795,1.0003169538052794,10874.673333333334
100000,5,pooled,128,5,0.0,0.0,0.0,0.0,55.38496851770503,55.2,65.0,73.0,88,2.501631843050666,4.750822592670437,100031.69538052795,1.0003169538052794,10874.673333333334
100000,5,pooled,256,5,0.0,0.0,0.0,0.0,55.38496851770503,55.2,65.0,73.0,88,2.501631843050666,4.750822592670437,100031.69538052795,1.0003169538052794,10874.673333333334
100000,5,pooled,512,5,0.0,0.0,0.0,0.0,55.38496851770503,55.2,65.0,73.0,88,2.501631843050666,4.750822592670437,100031.69538052795,1.0003169538052794,10874.673333333334
100000,5,pooled,1024,5,0.0,0.0,0.0,0.0,55.38496851770503,55.2,65.0,73.0,88,2.501631843050666,4.750822592670437,100031.69538052795,1.0003169538052794,10874.673333333334
100000,5,pooled,4096,5,0.0,0.0,0.0,0.0,55.38496851770503,55.2,65.0,73.0,88,2.501631843050666,4.750822592670437,100031.69538052795,1.0003169538052794,10874.673333333334
100000,5,route_key,32,5,0.09040543896640443,0.0025941467478358595,0.08751952536346627,0.09336365801747255,15.539953689467463,14.6,31.0,38.0,49,2.501631843050666,4.750822592670437,100031.69538052795,1.0003169538052794,10874.673333333334
100000,5,route_key,64,5,0.0,0.0,0.0,0.0,15.539953689467463,14.6,31.0,38.0,49,2.501631843050666,4.750822592670437,100031.69538052795,1.0003169538052794,10874.673333333334
100000,5,route_key,128,5,0.0,0.0,0.0,0.0,15.539953689467463,14.6,31.0,38.0,49,2.501631843050666,4.750822592670437,100031.69538052795,1.0003169538052794,10874.673333333334
100000,5,route_key,256,5,0.0,0.0,0.0,0.0,15.539953689467463,14.6,31.0,38.0,49,2.501631843050666,4.750822592670437,100031.69538052795,1.0003169538052794,10874.673333333334
100000,5,route_key,512,5,0.0,0.0,0.0,0.0,15.539953689467463,14.6,31.0,38.0,49,2.501631843050666,4.750822592670437,100031.69538052795,1.0003169538052794,10874.673333333334
100000,5,route_key,1024,5,0.0,0.0,0.0,0.0,15.539953689467463,14.6,31.0,38.0,49,2.501631843050666,4.750822592670437,100031.69538052795,1.0003169538052794,10874.673333333334
100000,5,route_key,4096,5,0.0,0.0,0.0,0.0,15.539953689467463,14.6,31.0,38.0,49,2.501631843050666,4.750822592670437,100031.69538052795,1.0003169538052794,10874.673333333334
100000,10,event_class,32,5,0.9938319159196561,0.0001874792109221258,0.9935964716820211,0.994074692834096,54.81660652023701,55.0,65.0,73.6,87,5.0030083719457314,9.501801419226828,100031.69538052795,1.0003169538052794,10874.673333333334
100000,10,event_class,64,5,0.1357283805783554,0.008503300530263278,0.12722690496131298,0.14588301711181806,54.81660652023701,55.0,65.0,73.6,87,5.0030083719457314,9.501801419226828,100031.69538052795,1.0003169538052794,10874.673333333334
100000,10,event_class,128,5,0.0,0.0,0.0,0.0,54.81660652023701,55.0,65.0,73.6,87,5.0030083719457314,9.501801419226828,100031.69538052795,1.0003169538052794,10874.673333333334
100000,10,event_class,256,5,0.0,0.0,0.0,0.0,54.81660652023701,55.0,65.0,73.6,87,5.0030083719457314,9.501801419226828,100031.69538052795,1.0003169538052794,10874.673333333334
100000,10,event_class,512,5,0.0,0.0,0.0,0.0,54.81660652023701,55.0,65.0,73.6,87,5.0030083719457314,9.501801419226828,100031.69538052795,1.0003169538052794,10874.673333333334
100000,10,event_class,1024,5,0.0,0.0,0.0,0.0,54.81660652023701,55.0,65.0,73.6,87,5.0030083719457314,9.501801419226828,100031.69538052795,1.0003169538052794,10874.673333333334
100000,10,event_class,4096,5,0.0,0.0,0.0,0.0,54.81660652023701,55.0,65.0,73.6,87,5.0030083719457314,9.501801419226828,100031.69538052795,1.0003169538052794,10874.673333333334
100000,10,pooled,32,5,1.0,0.0,1.0,1.0,109.74292540543756,109.6,123.2,134.4,151,5.0030083719457314,9.501801419226828,100031.69538052795,1.0003169538052794,10874.673333333334
100000,10,pooled,64,5,1.0,0.0,1.0,1.0,109.74292540543756,109.6,123.2,134.4,151,5.0030083719457314,9.501801419226828,100031.69538052795,1.0003169538052794,10874.673333333334
100000,10,pooled,128,5,0.04539165590033581,0.0037302959344089636,0.04169993953185656,0.05077090914639263,109.74292540543756,109.6,123.2,134.4,151,5.0030083719457314,9.501801419226828,100031.69538052795,1.0003169538052794,10874.673333333334
100000,10,pooled,256,5,0.0,0.0,0.0,0.0,109.74292540543756,109.6,123.2,134.4,151,5.0030083719457314,9.501801419226828,100031.69538052795,1.0003169538052794,10874.673333333334
100000,10,pooled,512,5,0.0,0.0,0.0,0.0,109.74292540543756,109.6,123.2,134.4,151,5.0030083719457314,9.501801419226828,100031.69538052795,1.0003169538052794,10874.673333333334
100000,10,pooled,1024,5,0.0,0.0,0.0,0.0,109.74292540543756,109.6,123.2,134.4,151,5.0030083719457314,9.501801419226828,100031.69538052795,1.0003169538052794,10874.673333333334
100000,10,pooled,4096,5,0.0,0.0,0.0,0.0,109.74292540543756,109.6,123.2,134.4,151,5.0030083719457314,9.501801419226828,100031.69538052795,1.0003169538052794,10874.673333333334
100000,10,route_key,32,5,0.48042022872228607,0.0018375948534989505,0.4773995352160297,0.4822116529770183,30.07441725873172,26.0,59.0,68.0,87,5.0030083719457314,9.501801419226828,100031.69538052795,1.0003169538052794,10874.673333333334
100000,10,route_key,64,5,0.03576045462730074,0.0025079478998385136,0.03291282586251729,0.0388529054997368,30.07441725873172,26.0,59.0,68.0,87,5.0030083719457314,9.501801419226828,100031.69538052795,1.0003169538052794,10874.673333333334
100000,10,route_key,128,5,0.0,0.0,0.0,0.0,30.07441725873172,26.0,59.0,68.0,87,5.0030083719457314,9.501801419226828,100031.69538052795,1.0003169538052794,10874.673333333334
100000,10,route_key,256,5,0.0,0.0,0.0,0.0,30.07441725873172,26.0,59.0,68.0,87,5.0030083719457314,9.501801419226828,100031.69538052795,1.0003169538052794,10874.673333333334
100000,10,route_key,512,5,0.0,0.0,0.0,0.0,30.07441725873172,26.0,59.0,68.0,87,5.0030083719457314,9.501801419226828,100031.69538052795,1.0003169538052794,10874.673333333334
100000,10,route_key,1024,5,0.0,0.0,0.0,0.0,30.07441725873172,26.0,59.0,68.0,87,5.0030083719457314,9.501801419226828,100031.69538052795,1.0003169538052794,10874.673333333334
100000,10,route_key,4096,5,0.0,0.0,0.0,0.0,30.07441725873172,26.0,59.0,68.0,87,5.0030083719457314,9.501801419226828,100031.69538052795,1.0003169538052794,10874.673333333334
100000,25,event_class,32,5,0.9942065790562815,0.00011133392808630578,0.9940738028211994,0.9943393816863073,135.54723716179348,136.0,152.8,166.4,190,12.510313517958123,23.752775517536726,100031.69538052795,1.0003169538052794,10874.673333333334
100000,25,event_class,64,5,0.9942065790562815,0.00011133392808630578,0.9940738028211994,0.9943393816863073,135.54723716179348,136.0,152.8,166.4,190,12.510313517958123,23.752775517536726,100031.69538052795,1.0003169538052794,10874.673333333334
100000,25,event_class,128,5,0.7483408458901858,0.009618536958079201,0.7360480914069075,0.7628086878905088,135.54723716179348,136.0,152.8,166.4,190,12.510313517958123,23.752775517536726,100031.69538052795,1.0003169538052794,10874.673333333334
100000,25,event_class,256,5,0.0,0.0,0.0,0.0,135.54723716179348,136.0,152.8,166.4,190,12.510313517958123,23.752775517536726,100031.69538052795,1.0003169538052794,10874.673333333334
100000,25,event_class,512,5,0.0,0.0,0.0,0.0,135.54723716179348,136.0,152.8,166.4,190,12.510313517958123,23.752775517536726,100031.69538052795,1.0003169538052794,10874.673333333334
100000,25,event_class,1024,5,0.0,0.0,0.0,0.0,135.54723716179348,136.0,152.8,166.4,190,12.510313517958123,23.752775517536726,100031.69538052795,1.0003169538052794,10874.673333333334
100000,25,event_class,4096,5,0.0,0.0,0.0,0.0,135.54723716179348,136.0,152.8,166.4,190,12.510313517958123,23.752775517536726,100031.69538052795,1.0003169538052794,10874.673333333334
100000,25,pooled,32,5,1.0,0.0,1.0,1.0,272.8619529094438,272.8,294.0,311.4,355,12.510313517958123,23.752775517536726,100031.69538052795,1.0003169538052794,10874.673333333334
100000,25,pooled,64,5,1.0,0.0,1.0,1.0,272.8619529094438,272.8,294.0,311.4,355,12.510313517958123,23.752775517536726,100031.69538052795,1.0003169538052794,10874.673333333334
100000,25,pooled,128,5,1.0,0.0,1.0,1.0,272.8619529094438,272.8,294.0,311.4,355,12.510313517958123,23.752775517536726,100031.69538052795,1.0003169538052794,10874.673333333334
100000,25,pooled,256,5,0.8555554263655744,0.014579541437067224,0.8376453427989826,0.8774189610845368,272.8619529094438,272.8,294.0,311.4,355,12.510313517958123,23.752775517536726,100031.69538052795,1.0003169538052794,10874.673333333334
100000,25,pooled,512,5,0.0,0.0,0.0,0.0,272.8619529094438,272.8,294.0,311.4,355,12.510313517958123,23.752775517536726,100031.69538052795,1.0003169538052794,10874.673333333334
100000,25,pooled,1024,5,0.0,0.0,0.0,0.0,272.8619529094438,272.8,294.0,311.4,355,12.510313517958123,23.752775517536726,100031.69538052795,1.0003169538052794,10874.673333333334
100000,25,pooled,4096,5,0.0,0.0,0.0,0.0,272.8619529094438,272.8,294.0,311.4,355,12.510313517958123,23.752775517536726,100031.69538052795,1.0003169538052794,10874.673333333334
100000,25,route_key,32,5,0.6592445845788044,0.0014333606623268085,0.6574306534054835,0.6607144229217731,73.69955547489674,58.6,140.2,155.4,174,12.510313517958123,23.752775517536726,100031.69538052795,1.0003169538052794,10874.673333333334
100000,25,route_key,64,5,0.48463385083791427,0.0017614279486674257,0.4822493218713139,0.48641348478488017,73.69955547489674,58.6,140.2,155.4,174,12.510313517958123,23.752775517536726,100031.69538052795,1.0003169538052794,10874.673333333334
100000,25,route_key,128,5,0.29483611809279564,0.010162742864550368,0.2817267076374195,0.3050831941043188,73.69955547489674,58.6,140.2,155.4,174,12.510313517958123,23.752775517536726,100031.69538052795,1.0003169538052794,10874.673333333334
100000,25,route_key,256,5,0.0,0.0,0.0,0.0,73.69955547489674,58.6,140.2,155.4,174,12.510313517958123,23.752775517536726,100031.69538052795,1.0003169538052794,10874.673333333334
100000,25,route_key,512,5,0.0,0.0,0.0,0.0,73.69955547489674,58.6,140.2,155.4,174,12.510313517958123,23.752775517536726,100031.69538052795,1.0003169538052794,10874.673333333334
100000,25,route_key,1024,5,0.0,0.0,0.0,0.0,73.69955547489674,58.6,140.2,155.4,174,12.510313517958123,23.752775517536726,100031.69538052795,1.0003169538052794,10874.673333333334
100000,25,route_key,4096,5,0.0,0.0,0.0,0.0,73.69955547489674,58.6,140.2,155.4,174,12.510313517958123,23.752775517536726,100031.69538052795,1.0003169538052794,10874.673333333334
100000,50,event_class,32,5,0.9942065790562815,0.00011133392808630578,0.9940738028211994,0.9943393816863073,270.0979492745315,271.4,296.4,315.2,339,25.009968730338755,47.50653268792716,100031.69538052795,1.0003169538052794,10874.673333333334
100000,50,event_class,64,5,0.9942065790562815,0.00011133392808630578,0.9940738028211994,0.9943393816863073,270.0979492745315,271.4,296.4,315.2,339,25.009968730338755,47.50653268792716,100031.69538052795,1.0003169538052794,10874.673333333334
100000,50,event_class,128,5,0.9942065790562815,0.00011133392808630578,0.9940738028211994,0.9943393816863073,270.0979492745315,271.4,296.4,315.2,339,25.009968730338755,47.50653268792716,100031.69538052795,1.0003169538052794,10874.673333333334
100000,50,event_class,256,5,0.788124945609278,0.012616565968675667,0.771965860886343,0.8067318182164954,270.0979492745315,271.4,296.4,315.2,339,25.009968730338755,47.50653268792716,100031.69538052795,1.0003169538052794,10874.673333333334
100000,50,event_class,512,5,0.0,0.0,0.0,0.0,270.0979492745315,271.4,296.4,315.2,339,25.009968730338755,47.50653268792716,100031.69538052795,1.0003169538052794,10874.673333333334
100000,50,event_class,1024,5,0.0,0.0,0.0,0.0,270.0979492745315,271.4,296.4,315.2,339,25.009968730338755,47.50653268792716,100031.69538052795,1.0003169538052794,10874.673333333334
100000,50,event_class,4096,5,0.0,0.0,0.0,0.0,270.0979492745315,271.4,296.4,315.2,339,25.009968730338755,47.50653268792716,100031.69538052795,1.0003169538052794,10874.673333333334
100000,50,pooled,32,5,1.0,0.0,1.0,1.0,544.7298883573643,544.8,574.6,599.4,624,25.009968730338755,47.50653268792716,100031.69538052795,1.0003169538052794,10874.673333333334
100000,50,pooled,64,5,1.0,0.0,1.0,1.0,544.7298883573643,544.8,574.6,599.4,624,25.009968730338755,47.50653268792716,100031.69538052795,1.0003169538052794,10874.673333333334
100000,50,pooled,128,5,1.0,0.0,1.0,1.0,544.7298883573643,544.8,574.6,599.4,624,25.009968730338755,47.50653268792716,100031.69538052795,1.0003169538052794,10874.673333333334
100000,50,pooled,256,5,1.0,0.0,1.0,1.0,544.7298883573643,544.8,574.6,599.4,624,25.009968730338755,47.50653268792716,100031.69538052795,1.0003169538052794,10874.673333333334
100000,50,pooled,512,5,0.92624253484241,0.015515843895949177,0.906275916292395,0.9466474416191762,544.7298883573643,544.8,574.6,599.4,624,25.009968730338755,47.50653268792716,100031.69538052795,1.0003169538052794,10874.673333333334
100000,50,pooled,1024,5,0.0,0.0,0.0,0.0,544.7298883573643,544.8,574.6,599.4,624,25.009968730338755,47.50653268792716,100031.69538052795,1.0003169538052794,10874.673333333334
100000,50,pooled,4096,5,0.0,0.0,0.0,0.0,544.7298883573643,544.8,574.6,599.4,624,25.009968730338755,47.50653268792716,100031.69538052795,1.0003169538052794,10874.673333333334
100000,50,route_key,32,5,0.6617086070389856,0.0009219960865249409,0.6604935155139626,0.662533281456221,146.39874673980347,111.2,274.4,295.2,320,25.009968730338755,47.50653268792716,100031.69538052795,1.0003169538052794,10874.673333333334
100000,50,route_key,64,5,0.6596510392527556,0.001319863630810172,0.6578406669145107,0.660994106664003,146.39874673980347,111.2,274.4,295.2,320,25.009968730338755,47.50653268792716,100031.69538052795,1.0003169538052794,10874.673333333334
100000,50,route_key,128,5,0.4794620269605877,0.0018835784441674967,0.4764081592688296,0.4814801724204169,146.39874673980347,111.2,274.4,295.2,320,25.009968730338755,47.50653268792716,100031.69538052795,1.0003169538052794,10874.673333333334
100000,50,route_key,256,5,0.30279317521228244,0.01153033479966524,0.289240824767013,0.3160750387171095,146.39874673980347,111.2,274.4,295.2,320,25.009968730338755,47.50653268792716,100031.69538052795,1.0003169538052794,10874.673333333334
100000,50,route_key,512,5,0.0,0.0,0.0,0.0,146.39874673980347,111.2,274.4,295.2,320,25.009968730338755,47.50653268792716,100031.69538052795,1.0003169538052794,10874.673333333334
100000,50,route_key,1024,5,0.0,0.0,0.0,0.0,146.39874673980347,111.2,274.4,295.2,320,25.009968730338755,47.50653268792716,100031.69538052795,1.0003169538052794,10874.673333333334
100000,50,route_key,4096,5,0.0,0.0,0.0,0.0,146.39874673980347,111.2,274.4,295.2,320,25.009968730338755,47.50653268792716,100031.69538052795,1.0003169538052794,10874.673333333334
100000,100,event_class,32,5,0.9942065790562815,0.00011133392808630578,0.9940738028211994,0.9943393816863073,539.2067318300784,542.0,582.2,610.0,642,49.99498034939103,94.99071270554175,100031.69538052795,1.0003169538052794,10874.673333333334
100000,100,event_class,64,5,0.9942065790562815,0.00011133392808630578,0.9940738028211994,0.9943393816863073,539.2067318300784,542.0,582.2,610.0,642,49.99498034939103,94.99071270554175,100031.69538052795,1.0003169538052794,10874.673333333334
100000,100,event_class,128,5,0.9942065790562815,0.00011133392808630578,0.9940738028211994,0.9943393816863073,539.2067318300784,542.0,582.2,610.0,642,49.99498034939103,94.99071270554175,100031.69538052795,1.0003169538052794,10874.673333333334
100000,100,event_class,256,5,0.9942065790562815,0.00011133392808630578,0.9940738028211994,0.9943393816863073,539.2067318300784,542.0,582.2,610.0,642,49.99498034939103,94.99071270554175,100031.69538052795,1.0003169538052794,10874.673333333334
100000,100,event_class,512,5,0.8296169486290538,0.02067129529647122,0.8103458035576322,0.8614972650081248,539.2067318300784,542.0,582.2,610.0,642,49.99498034939103,94.99071270554175,100031.69538052795,1.0003169538052794,10874.673333333334
100000,100,event_class,1024,5,0.0,0.0,0.0,0.0,539.2067318300784,542.0,582.2,610.0,642,49.99498034939103,94.99071270554175,100031.69538052795,1.0003169538052794,10874.673333333334
100000,100,event_class,4096,5,0.0,0.0,0.0,0.0,539.2067318300784,542.0,582.2,610.0,642,49.99498034939103,94.99071270554175,100031.69538052795,1.0003169538052794,10874.673333333334
100000,100,pooled,32,5,1.0,0.0,1.0,1.0,1088.4705716452436,1089.4,1130.0,1168.2,1214,49.99498034939103,94.99071270554175,100031.69538052795,1.0003169538052794,10874.673333333334
100000,100,pooled,64,5,1.0,0.0,1.0,1.0,1088.4705716452436,1089.4,1130.0,1168.2,1214,49.99498034939103,94.99071270554175,100031.69538052795,1.0003169538052794,10874.673333333334
100000,100,pooled,128,5,1.0,0.0,1.0,1.0,1088.4705716452436,1089.4,1130.0,1168.2,1214,49.99498034939103,94.99071270554175,100031.69538052795,1.0003169538052794,10874.673333333334
100000,100,pooled,256,5,1.0,0.0,1.0,1.0,1088.4705716452436,1089.4,1130.0,1168.2,1214,49.99498034939103,94.99071270554175,100031.69538052795,1.0003169538052794,10874.673333333334
100000,100,pooled,512,5,1.0,0.0,1.0,1.0,1088.4705716452436,1089.4,1130.0,1168.2,1214,49.99498034939103,94.99071270554175,100031.69538052795,1.0003169538052794,10874.673333333334
100000,100,pooled,1024,5,0.9742786103106624,0.009683541058961498,0.9610849800516672,0.9845467237314902,1088.4705716452436,1089.4,1130.0,1168.2,1214,49.99498034939103,94.99071270554175,100031.69538052795,1.0003169538052794,10874.673333333334
100000,100,pooled,4096,5,0.0,0.0,0.0,0.0,1088.4705716452436,1089.4,1130.0,1168.2,1214,49.99498034939103,94.99071270554175,100031.69538052795,1.0003169538052794,10874.673333333334
100000,100,route_key,32,5,0.7384497824155105,0.001503406644141757,0.7370191711913493,0.7404949787547926,291.7829055928317,213.8,539.6,569.0,591,49.99498034939103,94.99071270554175,100031.69538052795,1.0003169538052794,10874.673333333334
100000,100,route_key,64,5,0.65983181202929,0.0013462837724947086,0.6578406669145107,0.661190807317879,291.7829055928317,213.8,539.6,569.0,591,49.99498034939103,94.99071270554175,100031.69538052795,1.0003169538052794,10874.673333333334
100000,100,route_key,128,5,0.6596510392527556,0.001319863630810172,0.6578406669145107,0.660994106664003,291.7829055928317,213.8,539.6,569.0,591,49.99498034939103,94.99071270554175,100031.69538052795,1.0003169538052794,10874.673333333334
100000,100,route_key,256,5,0.4787808644730407,0.0018585135718495699,0.4758099679179728,0.48088085011563847,291.7829055928317,213.8,539.6,569.0,591,49.99498034939103,94.99071270554175,100031.69538052795,1.0003169538052794,10874.673333333334
100000,100,route_key,512,5,0.32362956064835335,0.02078188911434529,0.29960819231469454,0.3522928920727195,291.7829055928317,213.8,539.6,569.0,591,49.99498034939103,94.99071270554175,100031.69538052795,1.0003169538052794,10874.673333333334
100000,100,route_key,1024,5,0.0,0.0,0.0,0.0,291.7829055928317,213.8,539.6,569.0,591,49.99498034939103,94.99071270554175,100031.69538052795,1.0003169538052794,10874.673333333334
100000,100,route_key,4096,5,0.0,0.0,0.0,0.0,291.7829055928317,213.8,539.6,569.0,591,49.99498034939103,94.99071270554175,100031.69538052795,1.0003169538052794,10874.673333333334
100000,250,event_class,32,5,0.9942065790562815,0.00011133392808630578,0.9940738028211994,0.9943393816863073,1346.567149283362,1355.6,1435.0,1476.8,1520,125.03347821276137,237.49302300738927,100031.69538052795,1.0003169538052794,10874.673333333334
100000,250,event_class,64,5,0.9942065790562815,0.00011133392808630578,0.9940738028211994,0.9943393816863073,1346.567149283362,1355.6,1435.0,1476.8,1520,125.03347821276137,237.49302300738927,100031.69538052795,1.0003169538052794,10874.673333333334
100000,250,event_class,128,5,0.9942065790562815,0.00011133392808630578,0.9940738028211994,0.9943393816863073,1346.567149283362,1355.6,1435.0,1476.8,1520,125.03347821276137,237.49302300738927,100031.69538052795,1.0003169538052794,10874.673333333334
100000,250,event_class,256,5,0.9942065790562815,0.00011133392808630578,0.9940738028211994,0.9943393816863073,1346.567149283362,1355.6,1435.0,1476.8,1520,125.03347821276137,237.49302300738927,100031.69538052795,1.0003169538052794,10874.673333333334
100000,250,event_class,512,5,0.9942065790562815,0.00011133392808630578,0.9940738028211994,0.9943393816863073,1346.567149283362,1355.6,1435.0,1476.8,1520,125.03347821276137,237.49302300738927,100031.69538052795,1.0003169538052794,10874.673333333334
100000,250,event_class,1024,5,0.9942065790562815,0.00011133392808630578,0.9940738028211994,0.9943393816863073,1346.567149283362,1355.6,1435.0,1476.8,1520,125.03347821276137,237.49302300738927,100031.69538052795,1.0003169538052794,10874.673333333334
100000,250,event_class,4096,5,0.0,0.0,0.0,0.0,1346.567149283362,1355.6,1435.0,1476.8,1520,125.03347821276137,237.49302300738927,100031.69538052795,1.0003169538052794,10874.673333333334
100000,250,pooled,32,5,1.0,0.0,1.0,1.0,2719.7029043229,2722.0,2788.0,2839.4,2900,125.03347821276137,237.49302300738927,100031.69538052795,1.0003169538052794,10874.673333333334
100000,250,pooled,64,5,1.0,0.0,1.0,1.0,2719.7029043229,2722.0,2788.0,2839.4,2900,125.03347821276137,237.49302300738927,100031.69538052795,1.0003169538052794,10874.673333333334
100000,250,pooled,128,5,1.0,0.0,1.0,1.0,2719.7029043229,2722.0,2788.0,2839.4,2900,125.03347821276137,237.49302300738927,100031.69538052795,1.0003169538052794,10874.673333333334
100000,250,pooled,256,5,1.0,0.0,1.0,1.0,2719.7029043229,2722.0,2788.0,2839.4,2900,125.03347821276137,237.49302300738927,100031.69538052795,1.0003169538052794,10874.673333333334
100000,250,pooled,512,5,1.0,0.0,1.0,1.0,2719.7029043229,2722.0,2788.0,2839.4,2900,125.03347821276137,237.49302300738927,100031.69538052795,1.0003169538052794,10874.673333333334
100000,250,pooled,1024,5,1.0,0.0,1.0,1.0,2719.7029043229,2722.0,2788.0,2839.4,2900,125.03347821276137,237.49302300738927,100031.69538052795,1.0003169538052794,10874.673333333334
100000,250,pooled,4096,5,0.0,0.0,0.0,0.0,2719.7029043229,2722.0,2788.0,2839.4,2900,125.03347821276137,237.49302300738927,100031.69538052795,1.0003169538052794,10874.673333333334
100000,250,route_key,32,5,0.8379847858608352,0.0010298522001802215,0.8369175709962166,0.8390329495952822,727.9857008550565,517.6,1332.8,1382.0,1430,125.03347821276137,237.49302300738927,100031.69538052795,1.0003169538052794,10874.673333333334
100000,250,route_key,64,5,0.7529139945008612,0.001469321037628841,0.7513512851934636,0.7550385333507496,727.9857008550565,517.6,1332.8,1382.0,1430,125.03347821276137,237.49302300738927,100031.69538052795,1.0003169538052794,10874.673333333334
100000,250,route_key,128,5,0.6620779321985895,0.0008782377072169327,0.6610809975567479,0.6633990795024088,727.9857008550565,517.6,1332.8,1382.0,1430,125.03347821276137,237.49302300738927,100031.69538052795,1.0003169538052794,10874.673333333334
100000,250,route_key,256,5,0.6596510392527556,0.001319863630810172,0.6578406669145107,0.660994106664003,727.9857008550565,517.6,1332.8,1382.0,1430,125.03347821276137,237.49302300738927,100031.69538052795,1.0003169538052794,10874.673333333334
100000,250,route_key,512,5,0.5124759999393996,0.008277536842844343,0.5002251300452565,0.5230839135483456,727.9857008550565,517.6,1332.8,1382.0,1430,125.03347821276137,237.49302300738927,100031.69538052795,1.0003169538052794,10874.673333333334
100000,250,route_key,1024,5,0.4787808644730407,0.0018585135718495699,0.4758099679179728,0.48088085011563847,727.9857008550565,517.6,1332.8,1382.0,1430,125.03347821276137,237.49302300738927,100031.69538052795,1.0003169538052794,10874.673333333334
100000,250,route_key,4096,5,0.0,0.0,0.0,0.0,727.9857008550565,517.6,1332.8,1382.0,1430,125.03347821276137,237.49302300738927,100031.69538052795,1.0003169538052794,10874.673333333334
100000,500,event_class,32,5,0.9975095444084283,0.00032740395815123005,0.9971166081218102,0.997885467970833,2692.075742413409,2721.2,2846.0,2896.6,2943,249.96312840761675,475.00488843372057,100031.69538052795,1.0003169538052794,10874.673333333334
100000,500,event_class,64,5,0.9942065790562815,0.00011133392808630578,0.9940738028211994,0.9943393816863073,2692.075742413409,2721.2,2846.0,2896.6,2943,249.96312840761675,475.00488843372057,100031.69538052795,1.0003169538052794,10874.673333333334
100000,500,event_class,128,5,0.9942065790562815,0.00011133392808630578,0.9940738028211994,0.9943393816863073,2692.075742413409,2721.2,2846.0,2896.6,2943,249.96312840761675,475.00488843372057,100031.69538052795,1.0003169538052794,10874.673333333334
100000,500,event_class,256,5,0.9942065790562815,0.00011133392808630578,0.9940738028211994,0.9943393816863073,2692.075742413409,2721.2,2846.0,2896.6,2943,249.96312840761675,475.00488843372057,100031.69538052795,1.0003169538052794,10874.673333333334
100000,500,event_class,512,5,0.9942065790562815,0.00011133392808630578,0.9940738028211994,0.9943393816863073,2692.075742413409,2721.2,2846.0,2896.6,2943,249.96312840761675,475.00488843372057,100031.69538052795,1.0003169538052794,10874.673333333334
100000,500,event_class,1024,5,0.9942065790562815,0.00011133392808630578,0.9940738028211994,0.9943393816863073,2692.075742413409,2721.2,2846.0,2896.6,2943,249.96312840761675,475.00488843372057,100031.69538052795,1.0003169538052794,10874.673333333334
100000,500,event_class,4096,5,0.0,0.0,0.0,0.0,2692.075742413409,2721.2,2846.0,2896.6,2943,249.96312840761675,475.00488843372057,100031.69538052795,1.0003169538052794,10874.673333333334
100000,500,pooled,32,5,1.0,0.0,1.0,1.0,5438.315331702213,5436.6,5531.8,5593.4,5685,249.96312840761675,475.00488843372057,100031.69538052795,1.0003169538052794,10874.673333333334
100000,500,pooled,64,5,1.0,0.0,1.0,1.0,5438.315331702213,5436.6,5531.8,5593.4,5685,249.96312840761675,475.00488843372057,100031.69538052795,1.0003169538052794,10874.673333333334
100000,500,pooled,128,5,1.0,0.0,1.0,1.0,5438.315331702213,5436.6,5531.8,5593.4,5685,249.96312840761675,475.00488843372057,100031.69538052795,1.0003169538052794,10874.673333333334
100000,500,pooled,256,5,1.0,0.0,1.0,1.0,5438.315331702213,5436.6,5531.8,5593.4,5685,249.96312840761675,475.00488843372057,100031.69538052795,1.0003169538052794,10874.673333333334
100000,500,pooled,512,5,1.0,0.0,1.0,1.0,5438.315331702213,5436.6,5531.8,5593.4,5685,249.96312840761675,475.00488843372057,100031.69538052795,1.0003169538052794,10874.673333333334
100000,500,pooled,1024,5,1.0,0.0,1.0,1.0,5438.315331702213,5436.6,5531.8,5593.4,5685,249.96312840761675,475.00488843372057,100031.69538052795,1.0003169538052794,10874.673333333334
100000,500,pooled,4096,5,1.0,0.0,1.0,1.0,5438.315331702213,5436.6,5531.8,5593.4,5685,249.96312840761675,475.00488843372057,100031.69538052795,1.0003169538052794,10874.673333333334
100000,500,route_key,32,5,0.8943612757198955,0.000903404824008839,0.8931590989169587,0.8955713729888083,1454.9512618352403,1018.6,2647.2,2713.0,2762,249.96312840761675,475.00488843372057,100031.69538052795,1.0003169538052794,10874.673333333334
100000,500,route_key,64,5,0.8389371652213267,0.0011286191931824609,0.8379467502604657,0.8401834008498692,1454.9512618352403,1018.6,2647.2,2713.0,2762,249.96312840761675,475.00488843372057,100031.69538052795,1.0003169538052794,10874.673333333334
100000,500,route_key,128,5,0.7537011016332684,0.0017155520474082559,0.752125765658658,0.7562986469146427,1454.9512618352403,1018.6,2647.2,2713.0,2762,249.96312840761675,475.00488843372057,100031.69538052795,1.0003169538052794,10874.673333333334
100000,500,route_key,256,5,0.6598911254366225,0.0012292155694947594,0.6582399711154663,0.6613967283149055,1454.9512618352403,1018.6,2647.2,2713.0,2762,249.96312840761675,475.00488843372057,100031.69538052795,1.0003169538052794,10874.673333333334
100000,500,route_key,512,5,0.6596510392527556,0.001319863630810172,0.6578406669145107,0.660994106664003,1454.9512618352403,1018.6,2647.2,2713.0,2762,249.96312840761675,475.00488843372057,100031.69538052795,1.0003169538052794,10874.673333333334
100000,500,route_key,1024,5,0.49496892710189566,0.0074436649657693725,0.4869208790498655,0.5056279037832146,1454.9512618352403,1018.6,2647.2,2713.0,2762,249.96312840761675,475.00488843372057,100031.69538052795,1.0003169538052794,10874.673333333334
100000,500,route_key,4096,5,0.0,0.0,0.0,0.0,1454.9512618352403,1018.6,2647.2,2713.0,2762,249.96312840761675,475.00488843372057,100031.69538052795,1.0003169538052794,10874.673333333334
100000,1000,event_class,32,5,1.0,0.0,1.0,1.0,5383.249829483822,5464.8,5673.2,5741.0,5809,499.8293095869938,949.8636530546585,100031.69538052795,1.0003169538052794,10874.673333333334
100000,1000,event_class,64,5,0.997199658359057,0.0005034489645625509,0.9965903967971886,0.9977311392366436,5383.249829483822,5464.8,5673.2,5741.0,5809,499.8293095869938,949.8636530546585,100031.69538052795,1.0003169538052794,10874.673333333334
100000,1000,event_class,128,5,0.9942065790562815,0.00011133392808630578,0.9940738028211994,0.9943393816863073,5383.249829483822,5464.8,5673.2,5741.0,5809,499.8293095869938,949.8636530546585,100031.69538052795,1.0003169538052794,10874.673333333334
100000,1000,event_class,256,5,0.9942065790562815,0.00011133392808630578,0.9940738028211994,0.9943393816863073,5383.249829483822,5464.8,5673.2,5741.0,5809,499.8293095869938,949.8636530546585,100031.69538052795,1.0003169538052794,10874.673333333334
100000,1000,event_class,512,5,0.9942065790562815,0.00011133392808630578,0.9940738028211994,0.9943393816863073,5383.249829483822,5464.8,5673.2,5741.0,5809,499.8293095869938,949.8636530546585,100031.69538052795,1.0003169538052794,10874.673333333334
100000,1000,event_class,1024,5,0.9942065790562815,0.00011133392808630578,0.9940738028211994,0.9943393816863073,5383.249829483822,5464.8,5673.2,5741.0,5809,499.8293095869938,949.8636530546585,100031.69538052795,1.0003169538052794,10874.673333333334
100000,1000,event_class,4096,5,0.9942065790562815,0.00011133392808630578,0.9940738028211994,0.9943393816863073,5383.249829483822,5464.8,5673.2,5741.0,5809,499.8293095869938,949.8636530546585,100031.69538052795,1.0003169538052794,10874.673333333334
100000,1000,pooled,32,5,1.0,0.0,1.0,1.0,10875.662937150884,10875.4,11018.6,11099.2,11196,499.8293095869938,949.8636530546585,100031.69538052795,1.0003169538052794,10874.673333333334
100000,1000,pooled,64,5,1.0,0.0,1.0,1.0,10875.662937150884,10875.4,11018.6,11099.2,11196,499.8293095869938,949.8636530546585,100031.69538052795,1.0003169538052794,10874.673333333334
100000,1000,pooled,128,5,1.0,0.0,1.0,1.0,10875.662937150884,10875.4,11018.6,11099.2,11196,499.8293095869938,949.8636530546585,100031.69538052795,1.0003169538052794,10874.673333333334
100000,1000,pooled,256,5,1.0,0.0,1.0,1.0,10875.662937150884,10875.4,11018.6,11099.2,11196,499.8293095869938,949.8636530546585,100031.69538052795,1.0003169538052794,10874.673333333334
100000,1000,pooled,512,5,1.0,0.0,1.0,1.0,10875.662937150884,10875.4,11018.6,11099.2,11196,499.8293095869938,949.8636530546585,100031.69538052795,1.0003169538052794,10874.673333333334
100000,1000,pooled,1024,5,1.0,0.0,1.0,1.0,10875.662937150884,10875.4,11018.6,11099.2,11196,499.8293095869938,949.8636530546585,100031.69538052795,1.0003169538052794,10874.673333333334
100000,1000,pooled,4096,5,1.0,0.0,1.0,1.0,10875.662937150884,10875.4,11018.6,11099.2,11196,499.8293095869938,949.8636530546585,100031.69538052795,1.0003169538052794,10874.673333333334
100000,1000,route_key,32,5,0.9584500225762314,0.000537056432105803,0.9577246129961888,0.9589646793502741,2908.90636665184,2015.2,5265.8,5357.2,5448,499.8293095869938,949.8636530546585,100031.69538052795,1.0003169538052794,10874.673333333334
100000,1000,route_key,64,5,0.8919176675541796,0.0008886418822198022,0.8907203709943702,0.8928691857582068,2908.90636665184,2015.2,5265.8,5357.2,5448,499.8293095869938,949.8636530546585,100031.69538052795,1.0003169538052794,10874.673333333334
100000,1000,route_key,128,5,0.8405163532993007,0.0022607224312823754,0.8384562006003733,0.8431312414650707,2908.90636665184,2015.2,5265.8,5357.2,5448,499.8293095869938,949.8636530546585,100031.69538052795,1.0003169538052794,10874.673333333334
100000,1000,route_key,256,5,0.7550826307466079,0.0017559686959039964,0.7521747923261008,0.7567166358041292,2908.90636665184,2015.2,5265.8,5357.2,5448,499.8293095869938,949.8636530546585,100031.69538052795,1.0003169538052794,10874.673333333334
100000,1000,route_key,512,5,0.6596510392527556,0.001319863630810172,0.6578406669145107,0.660994106664003,2908.90636665184,2015.2,5265.8,5357.2,5448,499.8293095869938,949.8636530546585,100031.69538052795,1.0003169538052794,10874.673333333334
100000,1000,route_key,1024,5,0.6596510392527556,0.001319863630810172,0.6578406669145107,0.660994106664003,2908.90636665184,2015.2,5265.8,5357.2,5448,499.8293095869938,949.8636530546585,100031.69538052795,1.0003169538052794,10874.673333333334
100000,1000,route_key,4096,5,0.4787808644730407,0.0018585135718495699,0.4758099679179728,0.48088085011563847,2908.90636665184,2015.2,5265.8,5357.2,5448,499.8293095869938,949.8636530546585,100031.69538052795,1.0003169538052794,10874.673333333334
