target_active_sessions,repetition,window_ms,grouping,horizon_s,mean_active_sessions,active_population_ratio,arrival_count,event_rate_hz,event_count,cohort_count,cohort_size_event_mean,cohort_size_event_p50,cohort_size_event_p90,cohort_size_event_p99,cohort_size_max,wait_ms_mean,wait_ms_p95,eligible_share,threshold_k
100,0,1,event_class,60.0,112.2185220305543,1.122185220305543,175,12.066666666666666,724,723,1.0027624309392265,1.0,1.0,1.0,2,0.49748887919037105,0.9489709152571635,0.0,32
100,0,1,event_class,60.0,112.2185220305543,1.122185220305543,175,12.066666666666666,724,723,1.0027624309392265,1.0,1.0,1.0,2,0.49748887919037105,0.9489709152571635,0.0,64
100,0,1,event_class,60.0,112.2185220305543,1.122185220305543,175,12.066666666666666,724,723,1.0027624309392265,1.0,1.0,1.0,2,0.49748887919037105,0.9489709152571635,0.0,128
100,0,1,event_class,60.0,112.2185220305543,1.122185220305543,175,12.066666666666666,724,723,1.0027624309392265,1.0,1.0,1.0,2,0.49748887919037105,0.9489709152571635,0.0,256
100,0,1,event_class,60.0,112.2185220305543,1.122185220305543,175,12.066666666666666,724,723,1.0027624309392265,1.0,1.0,1.0,2,0.49748887919037105,0.9489709152571635,0.0,512
100,0,1,event_class,60.0,112.2185220305543,1.122185220305543,175,12.066666666666666,724,723,1.0027624309392265,1.0,1.0,1.0,2,0.49748887919037105,0.9489709152571635,0.0,1024
100,0,1,event_class,60.0,112.2185220305543,1.122185220305543,175,12.066666666666666,724,723,1.0027624309392265,1.0,1.0,1.0,2,0.49748887919037105,0.9489709152571635,0.0,4096
100,0,1,pooled,60.0,112.2185220305543,1.122185220305543,175,12.066666666666666,724,720,1.011049723756906,1.0,1.0,1.7699999999999818,2,0.49748887919037105,0.9489709152571635,0.0,32
100,0,1,pooled,60.0,112.2185220305543,1.122185220305543,175,12.066666666666666,724,720,1.011049723756906,1.0,1.0,1.7699999999999818,2,0.49748887919037105,0.9489709152571635,0.0,64
100,0,1,pooled,60.0,112.2185220305543,1.122185220305543,175,12.066666666666666,724,720,1.011049723756906,1.0,1.0,1.7699999999999818,2,0.49748887919037105,0.9489709152571635,0.0,128
100,0,1,pooled,60.0,112.2185220305543,1.122185220305543,175,12.066666666666666,724,720,1.011049723756906,1.0,1.0,1.7699999999999818,2,0.49748887919037105,0.9489709152571635,0.0,256
100,0,1,pooled,60.0,112.2185220305543,1.122185220305543,175,12.066666666666666,724,720,1.011049723756906,1.0,1.0,1.7699999999999818,2,0.49748887919037105,0.9489709152571635,0.0,512
100,0,1,pooled,60.0,112.2185220305543,1.122185220305543,175,12.066666666666666,724,720,1.011049723756906,1.0,1.0,1.7699999999999818,2,0.49748887919037105,0.9489709152571635,0.0,1024
100,0,1,pooled,60.0,112.2185220305543,1.122185220305543,175,12.066666666666666,724,720,1.011049723756906,1.0,1.0,1.7699999999999818,2,0.49748887919037105,0.9489709152571635,0.0,4096
100,0,1,route_key,60.0,112.2185220305543,1.122185220305543,175,12.066666666666666,724,723,1.0027624309392265,1.0,1.0,1.0,2,0.49748887919037105,0.9489709152571635,0.0,32
100,0,1,route_key,60.0,112.2185220305543,1.122185220305543,175,12.066666666666666,724,723,1.0027624309392265,1.0,1.0,1.0,2,0.49748887919037105,0.9489709152571635,0.0,64
100,0,1,route_key,60.0,112.2185220305543,1.122185220305543,175,12.066666666666666,724,723,1.0027624309392265,1.0,1.0,1.0,2,0.49748887919037105,0.9489709152571635,0.0,128
100,0,1,route_key,60.0,112.2185220305543,1.122185220305543,175,12.066666666666666,724,723,1.0027624309392265,1.0,1.0,1.0,2,0.49748887919037105,0.9489709152571635,0.0,256
100,0,1,route_key,60.0,112.2185220305543,1.122185220305543,175,12.066666666666666,724,723,1.0027624309392265,1.0,1.0,1.0,2,0.49748887919037105,0.9489709152571635,0.0,512
100,0,1,route_key,60.0,112.2185220305543,1.122185220305543,175,12.066666666666666,724,723,1.0027624309392265,1.0,1.0,1.0,2,0.49748887919037105,0.9489709152571635,0.0,1024
100,0,1,route_key,60.0,112.2185220305543,1.122185220305543,175,12.066666666666666,724,723,1.0027624309392265,1.0,1.0,1.0,2,0.49748887919037105,0.9489709152571635,0.0,4096
100,0,5,event_class,60.0,112.2185220305543,1.122185220305543,175,12.066666666666666,724,707,1.0469613259668509,1.0,1.0,2.0,2,2.590030315654589,4.785894644149025,0.0,32
100,0,5,event_class,60.0,112.2185220305543,1.122185220305543,175,12.066666666666666,724,707,1.0469613259668509,1.0,1.0,2.0,2,2.590030315654589,4.785894644149025,0.0,64
100,0,5,event_class,60.0,112.2185220305543,1.122185220305543,175,12.066666666666666,724,707,1.0469613259668509,1.0,1.0,2.0,2,2.590030315654589,4.785894644149025,0.0,128
100,0,5,event_class,60.0,112.2185220305543,1.122185220305543,175,12.066666666666666,724,707,1.0469613259668509,1.0,1.0,2.0,2,2.590030315654589,4.785894644149025,0.0,256
100,0,5,event_class,60.0,112.2185220305543,1.122185220305543,175,12.066666666666666,724,707,1.0469613259668509,1.0,1.0,2.0,2,2.590030315654589,4.785894644149025,0.0,512
100,0,5,event_class,60.0,112.2185220305543,1.122185220305543,175,12.066666666666666,724,707,1.0469613259668509,1.0,1.0,2.0,2,2.590030315654589,4.785894644149025,0.0,1024
100,0,5,event_class,60.0,112.2185220305543,1.122185220305543,175,12.066666666666666,724,707,1.0469613259668509,1.0,1.0,2.0,2,2.590030315654589,4.785894644149025,0.0,4096
100,0,5,pooled,60.0,112.2185220305543,1.122185220305543,175,12.066666666666666,724,691,1.091160220994475,1.0,1.0,2.0,2,2.590030315654589,4.785894644149025,0.0,32
100,0,5,pooled,60.0,112.2185220305543,1.122185220305543,175,12.066666666666666,724,691,1.091160220994475,1.0,1.0,2.0,2,2.590030315654589,4.785894644149025,0.0,64
100,0,5,pooled,60.0,112.2185220305543,1.122185220305543,175,12.066666666666666,724,691,1.091160220994475,1.0,1.0,2.0,2,2.590030315654589,4.785894644149025,0.0,128
100,0,5,pooled,60.0,112.2185220305543,1.122185220305543,175,12.066666666666666,724,691,1.091160220994475,1.0,1.0,2.0,2,2.590030315654589,4.785894644149025,0.0,256
100,0,5,pooled,60.0,112.2185220305543,1.122185220305543,175,12.066666666666666,724,691,1.091160220994475,1.0,1.0,2.0,2,2.590030315654589,4.785894644149025,0.0,512
100,0,5,pooled,60.0,112.2185220305543,1.122185220305543,175,12.066666666666666,724,691,1.091160220994475,1.0,1.0,2.0,2,2.590030315654589,4.785894644149025,0.0,1024
100,0,5,pooled,60.0,112.2185220305543,1.122185220305543,175,12.066666666666666,724,691,1.091160220994475,1.0,1.0,2.0,2,2.590030315654589,4.785894644149025,0.0,4096
100,0,5,route_key,60.0,112.2185220305543,1.122185220305543,175,12.066666666666666,724,714,1.0276243093922652,1.0,1.0,2.0,2,2.590030315654589,4.785894644149025,0.0,32
100,0,5,route_key,60.0,112.2185220305543,1.122185220305543,175,12.066666666666666,724,714,1.0276243093922652,1.0,1.0,2.0,2,2.590030315654589,4.785894644149025,0.0,64
100,0,5,route_key,60.0,112.2185220305543,1.122185220305543,175,12.066666666666666,724,714,1.0276243093922652,1.0,1.0,2.0,2,2.590030315654589,4.785894644149025,0.0,128
100,0,5,route_key,60.0,112.2185220305543,1.122185220305543,175,12.066666666666666,724,714,1.0276243093922652,1.0,1.0,2.0,2,2.590030315654589,4.785894644149025,0.0,256
100,0,5,route_key,60.0,112.2185220305543,1.122185220305543,175,12.066666666666666,724,714,1.0276243093922652,1.0,1.0,2.0,2,2.590030315654589,4.785894644149025,0.0,512
100,0,5,route_key,60.0,112.2185220305543,1.122185220305543,175,12.066666666666666,724,714,1.0276243093922652,1.0,1.0,2.0,2,2.590030315654589,4.785894644149025,0.0,1024
100,0,5,route_key,60.0,112.2185220305543,1.122185220305543,175,12.066666666666666,724,714,1.0276243093922652,1.0,1.0,2.0,2,2.590030315654589,4.785894644149025,0.0,4096
100,0,10,event_class,60.0,112.2185220305543,1.122185220305543,175,12.066666666666666,724,688,1.1022099447513811,1.0,1.0,2.0,3,5.152185011787201,9.60272401731963,0.0,32
100,0,10,event_class,60.0,112.2185220305543,1.122185220305543,175,12.066666666666666,724,688,1.1022099447513811,1.0,1.0,2.0,3,5.152185011787201,9.60272401731963,0.0,64
100,0,10,event_class,60.0,112.2185220305543,1.122185220305543,175,12.066666666666666,724,688,1.1022099447513811,1.0,1.0,2.0,3,5.152185011787201,9.60272401731963,0.0,128
100,0,10,event_class,60.0,112.2185220305543,1.122185220305543,175,12.066666666666666,724,688,1.1022099447513811,1.0,1.0,2.0,3,5.152185011787201,9.60272401731963,0.0,256
100,0,10,event_class,60.0,112.2185220305543,1.122185220305543,175,12.066666666666666,724,688,1.1022099447513811,1.0,1.0,2.0,3,5.152185011787201,9.60272401731963,0.0,512
100,0,10,event_class,60.0,112.2185220305543,1.122185220305543,175,12.066666666666666,724,688,1.1022099447513811,1.0,1.0,2.0,3,5.152185011787201,9.60272401731963,0.0,1024
100,0,10,event_class,60.0,112.2185220305543,1.122185220305543,175,12.066666666666666,724,688,1.1022099447513811,1.0,1.0,2.0,3,5.152185011787201,9.60272401731963,0.0,4096
100,0,10,pooled,60.0,112.2185220305543,1.122185220305543,175,12.066666666666666,724,666,1.1657458563535912,1.0,2.0,2.0,3,5.152185011787201,9.60272401731963,0.0,32
100,0,10,pooled,60.0,112.2185220305543,1.122185220305543,175,12.066666666666666,724,666,1.1657458563535912,1.0,2.0,2.0,3,5.152185011787201,9.60272401731963,0.0,64
100,0,10,pooled,60.0,112.2185220305543,1.122185220305543,175,12.066666666666666,724,666,1.1657458563535912,1.0,2.0,2.0,3,5.152185011787201,9.60272401731963,0.0,128
100,0,10,pooled,60.0,112.2185220305543,1.122185220305543,175,12.066666666666666,724,666,1.1657458563535912,1.0,2.0,2.0,3,5.152185011787201,9.60272401731963,0.0,256
100,0,10,pooled,60.0,112.2185220305543,1.122185220305543,175,12.066666666666666,724,666,1.1657458563535912,1.0,2.0,2.0,3,5.152185011787201,9.60272401731963,0.0,512
100,0,10,pooled,60.0,112.2185220305543,1.122185220305543,175,12.066666666666666,724,666,1.1657458563535912,1.0,2.0,2.0,3,5.152185011787201,9.60272401731963,0.0,1024
100,0,10,pooled,60.0,112.2185220305543,1.122185220305543,175,12.066666666666666,724,666,1.1657458563535912,1.0,2.0,2.0,3,5.152185011787201,9.60272401731963,0.0,4096
100,0,10,route_key,60.0,112.2185220305543,1.122185220305543,175,12.066666666666666,724,705,1.0524861878453038,1.0,1.0,2.0,2,5.152185011787201,9.60272401731963,0.0,32
100,0,10,route_key,60.0,112.2185220305543,1.122185220305543,175,12.066666666666666,724,705,1.0524861878453038,1.0,1.0,2.0,2,5.152185011787201,9.60272401731963,0.0,64
100,0,10,route_key,60.0,112.2185220305543,1.122185220305543,175,12.066666666666666,724,705,1.0524861878453038,1.0,1.0,2.0,2,5.152185011787201,9.60272401731963,0.0,128
100,0,10,route_key,60.0,112.2185220305543,1.122185220305543,175,12.066666666666666,724,705,1.0524861878453038,1.0,1.0,2.0,2,5.152185011787201,9.60272401731963,0.0,256
100,0,10,route_key,60.0,112.2185220305543,1.122185220305543,175,12.066666666666666,724,705,1.0524861878453038,1.0,1.0,2.0,2,5.152185011787201,9.60272401731963,0.0,512
100,0,10,route_key,60.0,112.2185220305543,1.122185220305543,175,12.066666666666666,724,705,1.0524861878453038,1.0,1.0,2.0,2,5.152185011787201,9.60272401731963,0.0,1024
100,0,10,route_key,60.0,112.2185220305543,1.122185220305543,175,12.066666666666666,724,705,1.0524861878453038,1.0,1.0,2.0,2,5.152185011787201,9.60272401731963,0.0,4096
100,0,25,event_class,60.0,112.2185220305543,1.122185220305543,175,12.066666666666666,724,665,1.1740331491712708,1.0,2.0,3.0,3,12.73505793996484,23.764035224674497,0.0,32
100,0,25,event_class,60.0,112.2185220305543,1.122185220305543,175,12.066666666666666,724,665,1.1740331491712708,1.0,2.0,3.0,3,12.73505793996484,23.764035224674497,0.0,64
100,0,25,event_class,60.0,112.2185220305543,1.122185220305543,175,12.066666666666666,724,665,1.1740331491712708,1.0,2.0,3.0,3,12.73505793996484,23.764035224674497,0.0,128
100,0,25,event_class,60.0,112.2185220305543,1.122185220305543,175,12.066666666666666,724,665,1.1740331491712708,1.0,2.0,3.0,3,12.73505793996484,23.764035224674497,0.0,256
100,0,25,event_class,60.0,112.2185220305543,1.122185220305543,175,12.066666666666666,724,665,1.1740331491712708,1.0,2.0,3.0,3,12.73505793996484,23.764035224674497,0.0,512
100,0,25,event_class,60.0,112.2185220305543,1.122185220305543,175,12.066666666666666,724,665,1.1740331491712708,1.0,2.0,3.0,3,12.73505793996484,23.764035224674497,0.0,1024
100,0,25,event_class,60.0,112.2185220305543,1.122185220305543,175,12.066666666666666,724,665,1.1740331491712708,1.0,2.0,3.0,3,12.73505793996484,23.764035224674497,0.0,4096
100,0,25,pooled,60.0,112.2185220305543,1.122185220305543,175,12.066666666666666,724,614,1.3480662983425415,1.0,2.0,3.0,4,12.73505793996484,23.764035224674497,0.0,32
100,0,25,pooled,60.0,112.2185220305543,1.122185220305543,175,12.066666666666666,724,614,1.3480662983425415,1.0,2.0,3.0,4,12.73505793996484,23.764035224674497,0.0,64
100,0,25,pooled,60.0,112.2185220305543,1.122185220305543,175,12.066666666666666,724,614,1.3480662983425415,1.0,2.0,3.0,4,12.73505793996484,23.764035224674497,0.0,128
100,0,25,pooled,60.0,112.2185220305543,1.122185220305543,175,12.066666666666666,724,614,1.3480662983425415,1.0,2.0,3.0,4,12.73505793996484,23.764035224674497,0.0,256
100,0,25,pooled,60.0,112.2185220305543,1.122185220305543,175,12.066666666666666,724,614,1.3480662983425415,1.0,2.0,3.0,4,12.73505793996484,23.764035224674497,0.0,512
100,0,25,pooled,60.0,112.2185220305543,1.122185220305543,175,12.066666666666666,724,614,1.3480662983425415,1.0,2.0,3.0,4,12.73505793996484,23.764035224674497,0.0,1024
100,0,25,pooled,60.0,112.2185220305543,1.122185220305543,175,12.066666666666666,724,614,1.3480662983425415,1.0,2.0,3.0,4,12.73505793996484,23.764035224674497,0.0,4096
100,0,25,route_key,60.0,112.2185220305543,1.122185220305543,175,12.066666666666666,724,696,1.080110497237569,1.0,1.0,2.0,3,12.73505793996484,23.764035224674497,0.0,32
100,0,25,route_key,60.0,112.2185220305543,1.122185220305543,175,12.066666666666666,724,696,1.080110497237569,1.0,1.0,2.0,3,12.73505793996484,23.764035224674497,0.0,64
100,0,25,route_key,60.0,112.2185220305543,1.122185220305543,175,12.066666666666666,724,696,1.080110497237569,1.0,1.0,2.0,3,12.73505793996484,23.764035224674497,0.0,128
100,0,25,route_key,60.0,112.2185220305543,1.122185220305543,175,12.066666666666666,724,696,1.080110497237569,1.0,1.0,2.0,3,12.73505793996484,23.764035224674497,0.0,256
100,0,25,route_key,60.0,112.2185220305543,1.122185220305543,175,12.066666666666666,724,696,1.080110497237569,1.0,1.0,2.0,3,12.73505793996484,23.764035224674497,0.0,512
100,0,25,route_key,60.0,112.2185220305543,1.122185220305543,175,12.066666666666666,724,696,1.080110497237569,1.0,1.0,2.0,3,12.73505793996484,23.764035224674497,0.0,1024
100,0,25,route_key,60.0,112.2185220305543,1.122185220305543,175,12.066666666666666,724,696,1.080110497237569,1.0,1.0,2.0,3,12.73505793996484,23.764035224674497,0.0,4096
100,0,50,event_class,60.0,112.2185220305543,1.122185220305543,175,12.066666666666666,724,628,1.298342541436464,1.0,2.0,3.769999999999982,4,25.027875619522906,48.2551814202683,0.0,32
100,0,50,event_class,60.0,112.2185220305543,1.122185220305543,175,12.066666666666666,724,628,1.298342541436464,1.0,2.0,3.769999999999982,4,25.027875619522906,48.2551814202683,0.0,64
100,0,50,event_class,60.0,112.2185220305543,1.122185220305543,175,12.066666666666666,724,628,1.298342541436464,1.0,2.0,3.769999999999982,4,25.027875619522906,48.2551814202683,0.0,128
100,0,50,event_class,60.0,112.2185220305543,1.122185220305543,175,12.066666666666666,724,628,1.298342541436464,1.0,2.0,3.769999999999982,4,25.027875619522906,48.2551814202683,0.0,256
100,0,50,event_class,60.0,112.2185220305543,1.122185220305543,175,12.066666666666666,724,628,1.298342541436464,1.0,2.0,3.769999999999982,4,25.027875619522906,48.2551814202683,0.0,512
100,0,50,event_class,60.0,112.2185220305543,1.122185220305543,175,12.066666666666666,724,628,1.298342541436464,1.0,2.0,3.769999999999982,4,25.027875619522906,48.2551814202683,0.0,1024
100,0,50,event_class,60.0,112.2185220305543,1.122185220305543,175,12.066666666666666,724,628,1.298342541436464,1.0,2.0,3.769999999999982,4,25.027875619522906,48.2551814202683,0.0,4096
100,0,50,pooled,60.0,112.2185220305543,1.122185220305543,175,12.066666666666666,724,539,1.6408839779005524,1.0,3.0,4.0,5,25.027875619522906,48.2551814202683,0.0,32
100,0,50,pooled,60.0,112.2185220305543,1.122185220305543,175,12.066666666666666,724,539,1.6408839779005524,1.0,3.0,4.0,5,25.027875619522906,48.2551814202683,0.0,64
100,0,50,pooled,60.0,112.2185220305543,1.122185220305543,175,12.066666666666666,724,539,1.6408839779005524,1.0,3.0,4.0,5,25.027875619522906,48.2551814202683,0.0,128
100,0,50,pooled,60.0,112.2185220305543,1.122185220305543,175,12.066666666666666,724,539,1.6408839779005524,1.0,3.0,4.0,5,25.027875619522906,48.2551814202683,0.0,256
100,0,50,pooled,60.0,112.2185220305543,1.122185220305543,175,12.066666666666666,724,539,1.6408839779005524,1.0,3.0,4.0,5,25.027875619522906,48.2551814202683,0.0,512
100,0,50,pooled,60.0,112.2185220305543,1.122185220305543,175,12.066666666666666,724,539,1.6408839779005524,1.0,3.0,4.0,5,25.027875619522906,48.2551814202683,0.0,1024
100,0,50,pooled,60.0,112.2185220305543,1.122185220305543,175,12.066666666666666,724,539,1.6408839779005524,1.0,3.0,4.0,5,25.027875619522906,48.2551814202683,0.0,4096
100,0,50,route_key,60.0,112.2185220305543,1.122185220305543,175,12.066666666666666,724,675,1.1464088397790055,1.0,2.0,3.0,3,25.027875619522906,48.2551814202683,0.0,32
100,0,50,route_key,60.0,112.2185220305543,1.122185220305543,175,12.066666666666666,724,675,1.1464088397790055,1.0,2.0,3.0,3,25.027875619522906,48.2551814202683,0.0,64
100,0,50,route_key,60.0,112.2185220305543,1.122185220305543,175,12.066666666666666,724,675,1.1464088397790055,1.0,2.0,3.0,3,25.027875619522906,48.2551814202683,0.0,128
100,0,50,route_key,60.0,112.2185220305543,1.122185220305543,175,12.066666666666666,724,675,1.1464088397790055,1.0,2.0,3.0,3,25.027875619522906,48.2551814202683,0.0,256
100,0,50,route_key,60.0,112.2185220305543,1.122185220305543,175,12.066666666666666,724,675,1.1464088397790055,1.0,2.0,3.0,3,25.027875619522906,48.2551814202683,0.0,512
100,0,50,route_key,60.0,112.2185220305543,1.122185220305543,175,12.066666666666666,724,675,1.1464088397790055,1.0,2.0,3.0,3,25.027875619522906,48.2551814202683,0.0,1024
100,0,50,route_key,60.0,112.2185220305543,1.122185220305543,175,12.066666666666666,724,675,1.1464088397790055,1.0,2.0,3.0,3,25.027875619522906,48.2551814202683,0.0,4096
100,0,100,event_class,60.0,112.2185220305543,1.122185220305543,175,12.066666666666666,724,544,1.6132596685082874,1.0,3.0,4.0,5,48.50853860294825,95.23001544173404,0.0,32
100,0,100,event_class,60.0,112.2185220305543,1.122185220305543,175,12.066666666666666,724,544,1.6132596685082874,1.0,3.0,4.0,5,48.50853860294825,95.23001544173404,0.0,64
100,0,100,event_class,60.0,112.2185220305543,1.122185220305543,175,12.066666666666666,724,544,1.6132596685082874,1.0,3.0,4.0,5,48.50853860294825,95.23001544173404,0.0,128
100,0,100,event_class,60.0,112.2185220305543,1.122185220305543,175,12.066666666666666,724,544,1.6132596685082874,1.0,3.0,4.0,5,48.50853860294825,95.23001544173404,0.0,256
100,0,100,event_class,60.0,112.2185220305543,1.122185220305543,175,12.066666666666666,724,544,1.6132596685082874,1.0,3.0,4.0,5,48.50853860294825,95.23001544173404,0.0,512
100,0,100,event_class,60.0,112.2185220305543,1.122185220305543,175,12.066666666666666,724,544,1.6132596685082874,1.0,3.0,4.0,5,48.50853860294825,95.23001544173404,0.0,1024
100,0,100,event_class,60.0,112.2185220305543,1.122185220305543,175,12.066666666666666,724,544,1.6132596685082874,1.0,3.0,4.0,5,48.50853860294825,95.23001544173404,0.0,4096
100,0,100,pooled,60.0,112.2185220305543,1.122185220305543,175,12.066666666666666,724,419,2.2320441988950277,2.0,4.0,5.0,6,48.50853860294825,95.23001544173404,0.0,32
100,0,100,pooled,60.0,112.2185220305543,1.122185220305543,175,12.066666666666666,724,419,2.2320441988950277,2.0,4.0,5.0,6,48.50853860294825,95.23001544173404,0.0,64
100,0,100,pooled,60.0,112.2185220305543,1.122185220305543,175,12.066666666666666,724,419,2.2320441988950277,2.0,4.0,5.0,6,48.50853860294825,95.23001544173404,0.0,128
100,0,100,pooled,60.0,112.2185220305543,1.122185220305543,175,12.066666666666666,724,419,2.2320441988950277,2.0,4.0,5.0,6,48.50853860294825,95.23001544173404,0.0,256
100,0,100,pooled,60.0,112.2185220305543,1.122185220305543,175,12.066666666666666,724,419,2.2320441988950277,2.0,4.0,5.0,6,48.50853860294825,95.23001544173404,0.0,512
100,0,100,pooled,60.0,112.2185220305543,1.122185220305543,175,12.066666666666666,724,419,2.2320441988950277,2.0,4.0,5.0,6,48.50853860294825,95.23001544173404,0.0,1024
100,0,100,pooled,60.0,112.2185220305543,1.122185220305543,175,12.066666666666666,724,419,2.2320441988950277,2.0,4.0,5.0,6,48.50853860294825,95.23001544173404,0.0,4096
100,0,100,route_key,60.0,112.2185220305543,1.122185220305543,175,12.066666666666666,724,632,1.3038674033149171,1.0,2.0,3.0,4,48.50853860294825,95.23001544173404,0.0,32
100,0,100,route_key,60.0,112.2185220305543,1.122185220305543,175,12.066666666666666,724,632,1.3038674033149171,1.0,2.0,3.0,4,48.50853860294825,95.23001544173404,0.0,64
100,0,100,route_key,60.0,112.2185220305543,1.122185220305543,175,12.066666666666666,724,632,1.3038674033149171,1.0,2.0,3.0,4,48.50853860294825,95.23001544173404,0.0,128
100,0,100,route_key,60.0,112.2185220305543,1.122185220305543,175,12.066666666666666,724,632,1.3038674033149171,1.0,2.0,3.0,4,48.50853860294825,95.23001544173404,0.0,256
100,0,100,route_key,60.0,112.2185220305543,1.122185220305543,175,12.066666666666666,724,632,1.3038674033149171,1.0,2.0,3.0,4,48.50853860294825,95.23001544173404,0.0,512
100,0,100,route_key,60.0,112.2185220305543,1.122185220305543,175,12.066666666666666,724,632,1.3038674033149171,1.0,2.0,3.0,4,48.50853860294825,95.23001544173404,0.0,1024
100,0,100,route_key,60.0,112.2185220305543,1.122185220305543,175,12.066666666666666,724,632,1.3038674033149171,1.0,2.0,3.0,4,48.50853860294825,95.23001544173404,0.0,4096
100,0,250,event_class,60.0,112.2185220305543,1.122185220305543,175,12.066666666666666,724,361,2.5773480662983426,2.0,4.0,6.0,7,123.30135628250473,231.14738967680495,0.0,32
100,0,250,event_class,60.0,112.2185220305543,1.122185220305543,175,12.066666666666666,724,361,2.5773480662983426,2.0,4.0,6.0,7,123.30135628250473,231.14738967680495,0.0,64
100,0,250,event_class,60.0,112.2185220305543,1.122185220305543,175,12.066666666666666,724,361,2.5773480662983426,2.0,4.0,6.0,7,123.30135628250473,231.14738967680495,0.0,128
100,0,250,event_class,60.0,112.2185220305543,1.122185220305543,175,12.066666666666666,724,361,2.5773480662983426,2.0,4.0,6.0,7,123.30135628250473,231.14738967680495,0.0,256
100,0,250,event_class,60.0,112.2185220305543,1.122185220305543,175,12.066666666666666,724,361,2.5773480662983426,2.0,4.0,6.0,7,123.30135628250473,231.14738967680495,0.0,512
100,0,250,event_class,60.0,112.2185220305543,1.122185220305543,175,12.066666666666666,724,361,2.5773480662983426,2.0,4.0,6.0,7,123.30135628250473,231.14738967680495,0.0,1024
100,0,250,event_class,60.0,112.2185220305543,1.122185220305543,175,12.066666666666666,724,361,2.5773480662983426,2.0,4.0,6.0,7,123.30135628250473,231.14738967680495,0.0,4096
100,0,250,pooled,60.0,112.2185220305543,1.122185220305543,175,12.066666666666666,724,228,4.041436464088398,4.0,6.0,10.0,10,123.30135628250473,231.14738967680495,0.0,32
100,0,250,pooled,60.0,112.2185220305543,1.122185220305543,175,12.066666666666666,724,228,4.041436464088398,4.0,6.0,10.0,10,123.30135628250473,231.14738967680495,0.0,64
100,0,250,pooled,60.0,112.2185220305543,1.122185220305543,175,12.066666666666666,724,228,4.041436464088398,4.0,6.0,10.0,10,123.30135628250473,231.14738967680495,0.0,128
100,0,250,pooled,60.0,112.2185220305543,1.122185220305543,175,12.066666666666666,724,228,4.041436464088398,4.0,6.0,10.0,10,123.30135628250473,231.14738967680495,0.0,256
100,0,250,pooled,60.0,112.2185220305543,1.122185220305543,175,12.066666666666666,724,228,4.041436464088398,4.0,6.0,10.0,10,123.30135628250473,231.14738967680495,0.0,512
100,0,250,pooled,60.0,112.2185220305543,1.122185220305543,175,12.066666666666666,724,228,4.041436464088398,4.0,6.0,10.0,10,123.30135628250473,231.14738967680495,0.0,1024
100,0,250,pooled,60.0,112.2185220305543,1.122185220305543,175,12.066666666666666,724,228,4.041436464088398,4.0,6.0,10.0,10,123.30135628250473,231.14738967680495,0.0,4096
100,0,250,route_key,60.0,112.2185220305543,1.122185220305543,175,12.066666666666666,724,509,1.8922651933701657,1.0,4.0,5.0,7,123.30135628250473,231.14738967680495,0.0,32
100,0,250,route_key,60.0,112.2185220305543,1.122185220305543,175,12.066666666666666,724,509,1.8922651933701657,1.0,4.0,5.0,7,123.30135628250473,231.14738967680495,0.0,64
100,0,250,route_key,60.0,112.2185220305543,1.122185220305543,175,12.066666666666666,724,509,1.8922651933701657,1.0,4.0,5.0,7,123.30135628250473,231.14738967680495,0.0,128
100,0,250,route_key,60.0,112.2185220305543,1.122185220305543,175,12.066666666666666,724,509,1.8922651933701657,1.0,4.0,5.0,7,123.30135628250473,231.14738967680495,0.0,256
100,0,250,route_key,60.0,112.2185220305543,1.122185220305543,175,12.066666666666666,724,509,1.8922651933701657,1.0,4.0,5.0,7,123.30135628250473,231.14738967680495,0.0,512
100,0,250,route_key,60.0,112.2185220305543,1.122185220305543,175,12.066666666666666,724,509,1.8922651933701657,1.0,4.0,5.0,7,123.30135628250473,231.14738967680495,0.0,1024
100,0,250,route_key,60.0,112.2185220305543,1.122185220305543,175,12.066666666666666,724,509,1.8922651933701657,1.0,4.0,5.0,7,123.30135628250473,231.14738967680495,0.0,4096
100,0,500,event_class,60.0,112.2185220305543,1.122185220305543,175,12.066666666666666,724,225,4.082872928176796,4.0,6.0,8.0,8,248.64666014990806,465.69568812567934,0.0,32
100,0,500,event_class,60.0,112.2185220305543,1.122185220305543,175,12.066666666666666,724,225,4.082872928176796,4.0,6.0,8.0,8,248.64666014990806,465.69568812567934,0.0,64
100,0,500,event_class,60.0,112.2185220305543,1.122185220305543,175,12.066666666666666,724,225,4.082872928176796,4.0,6.0,8.0,8,248.64666014990806,465.69568812567934,0.0,128
100,0,500,event_class,60.0,112.2185220305543,1.122185220305543,175,12.066666666666666,724,225,4.082872928176796,4.0,6.0,8.0,8,248.64666014990806,465.69568812567934,0.0,256
100,0,500,event_class,60.0,112.2185220305543,1.122185220305543,175,12.066666666666666,724,225,4.082872928176796,4.0,6.0,8.0,8,248.64666014990806,465.69568812567934,0.0,512
100,0,500,event_class,60.0,112.2185220305543,1.122185220305543,175,12.066666666666666,724,225,4.082872928176796,4.0,6.0,8.0,8,248.64666014990806,465.69568812567934,0.0,1024
100,0,500,event_class,60.0,112.2185220305543,1.122185220305543,175,12.066666666666666,724,225,4.082872928176796,4.0,6.0,8.0,8,248.64666014990806,465.69568812567934,0.0,4096
100,0,500,pooled,60.0,112.2185220305543,1.122185220305543,175,12.066666666666666,724,118,7.0911602209944755,7.0,11.0,12.0,12,248.64666014990806,465.69568812567934,0.0,32
100,0,500,pooled,60.0,112.2185220305543,1.122185220305543,175,12.066666666666666,724,118,7.0911602209944755,7.0,11.0,12.0,12,248.64666014990806,465.69568812567934,0.0,64
100,0,500,pooled,60.0,112.2185220305543,1.122185220305543,175,12.066666666666666,724,118,7.0911602209944755,7.0,11.0,12.0,12,248.64666014990806,465.69568812567934,0.0,128
100,0,500,pooled,60.0,112.2185220305543,1.122185220305543,175,12.066666666666666,724,118,7.0911602209944755,7.0,11.0,12.0,12,248.64666014990806,465.69568812567934,0.0,256
100,0,500,pooled,60.0,112.2185220305543,1.122185220305543,175,12.066666666666666,724,118,7.0911602209944755,7.0,11.0,12.0,12,248.64666014990806,465.69568812567934,0.0,512
100,0,500,pooled,60.0,112.2185220305543,1.122185220305543,175,12.066666666666666,724,118,7.0911602209944755,7.0,11.0,12.0,12,248.64666014990806,465.69568812567934,0.0,1024
100,0,500,pooled,60.0,112.2185220305543,1.122185220305543,175,12.066666666666666,724,118,7.0911602209944755,7.0,11.0,12.0,12,248.64666014990806,465.69568812567934,0.0,4096
100,0,500,route_key,60.0,112.2185220305543,1.122185220305543,175,12.066666666666666,724,422,2.7044198895027622,2.0,5.0,8.0,8,248.64666014990806,465.69568812567934,0.0,32
100,0,500,route_key,60.0,112.2185220305543,1.122185220305543,175,12.066666666666666,724,422,2.7044198895027622,2.0,5.0,8.0,8,248.64666014990806,465.69568812567934,0.0,64
100,0,500,route_key,60.0,112.2185220305543,1.122185220305543,175,12.066666666666666,724,422,2.7044198895027622,2.0,5.0,8.0,8,248.64666014990806,465.69568812567934,0.0,128
100,0,500,route_key,60.0,112.2185220305543,1.122185220305543,175,12.066666666666666,724,422,2.7044198895027622,2.0,5.0,8.0,8,248.64666014990806,465.69568812567934,0.0,256
100,0,500,route_key,60.0,112.2185220305543,1.122185220305543,175,12.066666666666666,724,422,2.7044198895027622,2.0,5.0,8.0,8,248.64666014990806,465.69568812567934,0.0,512
100,0,500,route_key,60.0,112.2185220305543,1.122185220305543,175,12.066666666666666,724,422,2.7044198895027622,2.0,5.0,8.0,8,248.64666014990806,465.69568812567934,0.0,1024
100,0,500,route_key,60.0,112.2185220305543,1.122185220305543,175,12.066666666666666,724,422,2.7044198895027622,2.0,5.0,8.0,8,248.64666014990806,465.69568812567934,0.0,4096
100,0,1000,event_class,60.0,112.2185220305543,1.122185220305543,175,12.066666666666666,724,121,7.240331491712707,7.0,10.0,12.0,12,490.35936733222843,939.6302342648934,0.0,32
100,0,1000,event_class,60.0,112.2185220305543,1.122185220305543,175,12.066666666666666,724,121,7.240331491712707,7.0,10.0,12.0,12,490.35936733222843,939.6302342648934,0.0,64
100,0,1000,event_class,60.0,112.2185220305543,1.122185220305543,175,12.066666666666666,724,121,7.240331491712707,7.0,10.0,12.0,12,490.35936733222843,939.6302342648934,0.0,128
100,0,1000,event_class,60.0,112.2185220305543,1.122185220305543,175,12.066666666666666,724,121,7.240331491712707,7.0,10.0,12.0,12,490.35936733222843,939.6302342648934,0.0,256
100,0,1000,event_class,60.0,112.2185220305543,1.122185220305543,175,12.066666666666666,724,121,7.240331491712707,7.0,10.0,12.0,12,490.35936733222843,939.6302342648934,0.0,512
100,0,1000,event_class,60.0,112.2185220305543,1.122185220305543,175,12.066666666666666,724,121,7.240331491712707,7.0,10.0,12.0,12,490.35936733222843,939.6302342648934,0.0,1024
100,0,1000,event_class,60.0,112.2185220305543,1.122185220305543,175,12.066666666666666,724,121,7.240331491712707,7.0,10.0,12.0,12,490.35936733222843,939.6302342648934,0.0,4096
100,0,1000,pooled,60.0,112.2185220305543,1.122185220305543,175,12.066666666666666,724,60,13.096685082872929,13.0,18.0,19.0,19,490.35936733222843,939.6302342648934,0.0,32
100,0,1000,pooled,60.0,112.2185220305543,1.122185220305543,175,12.066666666666666,724,60,13.096685082872929,13.0,18.0,19.0,19,490.35936733222843,939.6302342648934,0.0,64
100,0,1000,pooled,60.0,112.2185220305543,1.122185220305543,175,12.066666666666666,724,60,13.096685082872929,13.0,18.0,19.0,19,490.35936733222843,939.6302342648934,0.0,128
100,0,1000,pooled,60.0,112.2185220305543,1.122185220305543,175,12.066666666666666,724,60,13.096685082872929,13.0,18.0,19.0,19,490.35936733222843,939.6302342648934,0.0,256
100,0,1000,pooled,60.0,112.2185220305543,1.122185220305543,175,12.066666666666666,724,60,13.096685082872929,13.0,18.0,19.0,19,490.35936733222843,939.6302342648934,0.0,512
100,0,1000,pooled,60.0,112.2185220305543,1.122185220305543,175,12.066666666666666,724,60,13.096685082872929,13.0,18.0,19.0,19,490.35936733222843,939.6302342648934,0.0,1024
100,0,1000,pooled,60.0,112.2185220305543,1.122185220305543,175,12.066666666666666,724,60,13.096685082872929,13.0,18.0,19.0,19,490.35936733222843,939.6302342648934,0.0,4096
100,0,1000,route_key,60.0,112.2185220305543,1.122185220305543,175,12.066666666666666,724,334,4.400552486187845,4.0,9.0,12.0,12,490.35936733222843,939.6302342648934,0.0,32
100,0,1000,route_key,60.0,112.2185220305543,1.122185220305543,175,12.066666666666666,724,334,4.400552486187845,4.0,9.0,12.0,12,490.35936733222843,939.6302342648934,0.0,64
100,0,1000,route_key,60.0,112.2185220305543,1.122185220305543,175,12.066666666666666,724,334,4.400552486187845,4.0,9.0,12.0,12,490.35936733222843,939.6302342648934,0.0,128
100,0,1000,route_key,60.0,112.2185220305543,1.122185220305543,175,12.066666666666666,724,334,4.400552486187845,4.0,9.0,12.0,12,490.35936733222843,939.6302342648934,0.0,256
100,0,1000,route_key,60.0,112.2185220305543,1.122185220305543,175,12.066666666666666,724,334,4.400552486187845,4.0,9.0,12.0,12,490.35936733222843,939.6302342648934,0.0,512
100,0,1000,route_key,60.0,112.2185220305543,1.122185220305543,175,12.066666666666666,724,334,4.400552486187845,4.0,9.0,12.0,12,490.35936733222843,939.6302342648934,0.0,1024
100,0,1000,route_key,60.0,112.2185220305543,1.122185220305543,175,12.066666666666666,724,334,4.400552486187845,4.0,9.0,12.0,12,490.35936733222843,939.6302342648934,0.0,4096
100,1,1,event_class,60.0,94.6582321748559,0.9465823217485589,155,11.2,672,669,1.0089285714285714,1.0,1.0,1.0,2,0.49307470231093004,0.9390922251536148,0.0,32
100,1,1,event_class,60.0,94.6582321748559,0.9465823217485589,155,11.2,672,669,1.0089285714285714,1.0,1.0,1.0,2,0.49307470231093004,0.9390922251536148,0.0,64
100,1,1,event_class,60.0,94.6582321748559,0.9465823217485589,155,11.2,672,669,1.0089285714285714,1.0,1.0,1.0,2,0.49307470231093004,0.9390922251536148,0.0,128
100,1,1,event_class,60.0,94.6582321748559,0.9465823217485589,155,11.2,672,669,1.0089285714285714,1.0,1.0,1.0,2,0.49307470231093004,0.9390922251536148,0.0,256
100,1,1,event_class,60.0,94.6582321748559,0.9465823217485589,155,11.2,672,669,1.0089285714285714,1.0,1.0,1.0,2,0.49307470231093004,0.9390922251536148,0.0,512
100,1,1,event_class,60.0,94.6582321748559,0.9465823217485589,155,11.2,672,669,1.0089285714285714,1.0,1.0,1.0,2,0.49307470231093004,0.9390922251536148,0.0,1024
100,1,1,event_class,60.0,94.6582321748559,0.9465823217485589,155,11.2,672,669,1.0089285714285714,1.0,1.0,1.0,2,0.49307470231093004,0.9390922251536148,0.0,4096
100,1,1,pooled,60.0,94.6582321748559,0.9465823217485589,155,11.2,672,665,1.0208333333333333,1.0,1.0,2.0,2,0.49307470231093004,0.9390922251536148,0.0,32
100,1,1,pooled,60.0,94.6582321748559,0.9465823217485589,155,11.2,672,665,1.0208333333333333,1.0,1.0,2.0,2,0.49307470231093004,0.9390922251536148,0.0,64
100,1,1,pooled,60.0,94.6582321748559,0.9465823217485589,155,11.2,672,665,1.0208333333333333,1.0,1.0,2.0,2,0.49307470231093004,0.9390922251536148,0.0,128
100,1,1,pooled,60.0,94.6582321748559,0.9465823217485589,155,11.2,672,665,1.0208333333333333,1.0,1.0,2.0,2,0.49307470231093004,0.9390922251536148,0.0,256
100,1,1,pooled,60.0,94.6582321748559,0.9465823217485589,155,11.2,672,665,1.0208333333333333,1.0,1.0,2.0,2,0.49307470231093004,0.9390922251536148,0.0,512
100,1,1,pooled,60.0,94.6582321748559,0.9465823217485589,155,11.2,672,665,1.0208333333333333,1.0,1.0,2.0,2,0.49307470231093004,0.9390922251536148,0.0,1024
100,1,1,pooled,60.0,94.6582321748559,0.9465823217485589,155,11.2,672,665,1.0208333333333333,1.0,1.0,2.0,2,0.49307470231093004,0.9390922251536148,0.0,4096
100,1,1,route_key,60.0,94.6582321748559,0.9465823217485589,155,11.2,672,670,1.005952380952381,1.0,1.0,1.0,2,0.49307470231093004,0.9390922251536148,0.0,32
100,1,1,route_key,60.0,94.6582321748559,0.9465823217485589,155,11.2,672,670,1.005952380952381,1.0,1.0,1.0,2,0.49307470231093004,0.9390922251536148,0.0,64
100,1,1,route_key,60.0,94.6582321748559,0.9465823217485589,155,11.2,672,670,1.005952380952381,1.0,1.0,1.0,2,0.49307470231093004,0.9390922251536148,0.0,128
100,1,1,route_key,60.0,94.6582321748559,0.9465823217485589,155,11.2,672,670,1.005952380952381,1.0,1.0,1.0,2,0.49307470231093004,0.9390922251536148,0.0,256
100,1,1,route_key,60.0,94.6582321748559,0.9465823217485589,155,11.2,672,670,1.005952380952381,1.0,1.0,1.0,2,0.49307470231093004,0.9390922251536148,0.0,512
100,1,1,route_key,60.0,94.6582321748559,0.9465823217485589,155,11.2,672,670,1.005952380952381,1.0,1.0,1.0,2,0.49307470231093004,0.9390922251536148,0.0,1024
100,1,1,route_key,60.0,94.6582321748559,0.9465823217485589,155,11.2,672,670,1.005952380952381,1.0,1.0,1.0,2,0.49307470231093004,0.9390922251536148,0.0,4096
100,1,5,event_class,60.0,94.6582321748559,0.9465823217485589,155,11.2,672,661,1.0327380952380953,1.0,1.0,2.0,2,2.4930747023109796,4.722086253109125,0.0,32
100,1,5,event_class,60.0,94.6582321748559,0.9465823217485589,155,11.2,672,661,1.0327380952380953,1.0,1.0,2.0,2,2.4930747023109796,4.722086253109125,0.0,64
100,1,5,event_class,60.0,94.6582321748559,0.9465823217485589,155,11.2,672,661,1.0327380952380953,1.0,1.0,2.0,2,2.4930747023109796,4.722086253109125,0.0,128
100,1,5,event_class,60.0,94.6582321748559,0.9465823217485589,155,11.2,672,661,1.0327380952380953,1.0,1.0,2.0,2,2.4930747023109796,4.722086253109125,0.0,256
100,1,5,event_class,60.0,94.6582321748559,0.9465823217485589,155,11.2,672,661,1.0327380952380953,1.0,1.0,2.0,2,2.4930747023109796,4.722086253109125,0.0,512
100,1,5,event_class,60.0,94.6582321748559,0.9465823217485589,155,11.2,672,661,1.0327380952380953,1.0,1.0,2.0,2,2.4930747023109796,4.722086253109125,0.0,1024
100,1,5,event_class,60.0,94.6582321748559,0.9465823217485589,155,11.2,672,661,1.0327380952380953,1.0,1.0,2.0,2,2.4930747023109796,4.722086253109125,0.0,4096
100,1,5,pooled,60.0,94.6582321748559,0.9465823217485589,155,11.2,672,652,1.0595238095238095,1.0,1.0,2.0,2,2.4930747023109796,4.722086253109125,0.0,32
100,1,5,pooled,60.0,94.6582321748559,0.9465823217485589,155,11.2,672,652,1.0595238095238095,1.0,1.0,2.0,2,2.4930747023109796,4.722086253109125,0.0,64
100,1,5,pooled,60.0,94.6582321748559,0.9465823217485589,155,11.2,672,652,1.0595238095238095,1.0,1.0,2.0,2,2.4930747023109796,4.722086253109125,0.0,128
100,1,5,pooled,60.0,94.6582321748559,0.9465823217485589,155,11.2,672,652,1.0595238095238095,1.0,1.0,2.0,2,2.4930747023109796,4.722086253109125,0.0,256
100,1,5,pooled,60.0,94.6582321748559,0.9465823217485589,155,11.2,672,652,1.0595238095238095,1.0,1.0,2.0,2,2.4930747023109796,4.722086253109125,0.0,512
100,1,5,pooled,60.0,94.6582321748559,0.9465823217485589,155,11.2,672,652,1.0595238095238095,1.0,1.0,2.0,2,2.4930747023109796,4.722086253109125,0.0,1024
100,1,5,pooled,60.0,94.6582321748559,0.9465823217485589,155,11.2,672,652,1.0595238095238095,1.0,1.0,2.0,2,2.4930747023109796,4.722086253109125,0.0,4096
100,1,5,route_key,60.0,94.6582321748559,0.9465823217485589,155,11.2,672,663,1.0267857142857142,1.0,1.0,2.0,2,2.4930747023109796,4.722086253109125,0.0,32
100,1,5,route_key,60.0,94.6582321748559,0.9465823217485589,155,11.2,672,663,1.0267857142857142,1.0,1.0,2.0,2,2.4930747023109796,4.722086253109125,0.0,64
100,1,5,route_key,60.0,94.6582321748559,0.9465823217485589,155,11.2,672,663,1.0267857142857142,1.0,1.0,2.0,2,2.4930747023109796,4.722086253109125,0.0,128
100,1,5,route_key,60.0,94.6582321748559,0.9465823217485589,155,11.2,672,663,1.0267857142857142,1.0,1.0,2.0,2,2.4930747023109796,4.722086253109125,0.0,256
100,1,5,route_key,60.0,94.6582321748559,0.9465823217485589,155,11.2,672,663,1.0267857142857142,1.0,1.0,2.0,2,2.4930747023109796,4.722086253109125,0.0,512
100,1,5,route_key,60.0,94.6582321748559,0.9465823217485589,155,11.2,672,663,1.0267857142857142,1.0,1.0,2.0,2,2.4930747023109796,4.722086253109125,0.0,1024
100,1,5,route_key,60.0,94.6582321748559,0.9465823217485589,155,11.2,672,663,1.0267857142857142,1.0,1.0,2.0,2,2.4930747023109796,4.722086253109125,0.0,4096
100,1,10,event_class,60.0,94.6582321748559,0.9465823217485589,155,11.2,672,650,1.0654761904761905,1.0,1.0,2.0,2,5.149324702310942,9.626410879332957,0.0,32
100,1,10,event_class,60.0,94.6582321748559,0.9465823217485589,155,11.2,672,650,1.0654761904761905,1.0,1.0,2.0,2,5.149324702310942,9.626410879332957,0.0,64
100,1,10,event_class,60.0,94.6582321748559,0.9465823217485589,155,11.2,672,650,1.0654761904761905,1.0,1.0,2.0,2,5.149324702310942,9.626410879332957,0.0,128
100,1,10,event_class,60.0,94.6582321748559,0.9465823217485589,155,11.2,672,650,1.0654761904761905,1.0,1.0,2.0,2,5.149324702310942,9.626410879332957,0.0,256
100,1,10,event_class,60.0,94.6582321748559,0.9465823217485589,155,11.2,672,650,1.0654761904761905,1.0,1.0,2.0,2,5.149324702310942,9.626410879332957,0.0,512
100,1,10,event_class,60.0,94.6582321748559,0.9465823217485589,155,11.2,672,650,1.0654761904761905,1.0,1.0,2.0,2,5.149324702310942,9.626410879332957,0.0,1024
100,1,10,event_class,60.0,94.6582321748559,0.9465823217485589,155,11.2,672,650,1.0654761904761905,1.0,1.0,2.0,2,5.149324702310942,9.626410879332957,0.0,4096
100,1,10,pooled,60.0,94.6582321748559,0.9465823217485589,155,11.2,672,630,1.125,1.0,2.0,2.0,2,5.149324702310942,9.626410879332957,0.0,32
100,1,10,pooled,60.0,94.6582321748559,0.9465823217485589,155,11.2,672,630,1.125,1.0,2.0,2.0,2,5.149324702310942,9.626410879332957,0.0,64
100,1,10,pooled,60.0,94.6582321748559,0.9465823217485589,155,11.2,672,630,1.125,1.0,2.0,2.0,2,5.149324702310942,9.626410879332957,0.0,128
100,1,10,pooled,60.0,94.6582321748559,0.9465823217485589,155,11.2,672,630,1.125,1.0,2.0,2.0,2,5.149324702310942,9.626410879332957,0.0,256
100,1,10,pooled,60.0,94.6582321748559,0.9465823217485589,155,11.2,672,630,1.125,1.0,2.0,2.0,2,5.149324702310942,9.626410879332957,0.0,512
100,1,10,pooled,60.0,94.6582321748559,0.9465823217485589,155,11.2,672,630,1.125,1.0,2.0,2.0,2,5.149324702310942,9.626410879332957,0.0,1024
100,1,10,pooled,60.0,94.6582321748559,0.9465823217485589,155,11.2,672,630,1.125,1.0,2.0,2.0,2,5.149324702310942,9.626410879332957,0.0,4096
100,1,10,route_key,60.0,94.6582321748559,0.9465823217485589,155,11.2,672,658,1.0416666666666667,1.0,1.0,2.0,2,5.149324702310942,9.626410879332957,0.0,32
100,1,10,route_key,60.0,94.6582321748559,0.9465823217485589,155,11.2,672,658,1.0416666666666667,1.0,1.0,2.0,2,5.149324702310942,9.626410879332957,0.0,64
100,1,10,route_key,60.0,94.6582321748559,0.9465823217485589,155,11.2,672,658,1.0416666666666667,1.0,1.0,2.0,2,5.149324702310942,9.626410879332957,0.0,128
100,1,10,route_key,60.0,94.6582321748559,0.9465823217485589,155,11.2,672,658,1.0416666666666667,1.0,1.0,2.0,2,5.149324702310942,9.626410879332957,0.0,256
100,1,10,route_key,60.0,94.6582321748559,0.9465823217485589,155,11.2,672,658,1.0416666666666667,1.0,1.0,2.0,2,5.149324702310942,9.626410879332957,0.0,512
100,1,10,route_key,60.0,94.6582321748559,0.9465823217485589,155,11.2,672,658,1.0416666666666667,1.0,1.0,2.0,2,5.149324702310942,9.626410879332957,0.0,1024
100,1,10,route_key,60.0,94.6582321748559,0.9465823217485589,155,11.2,672,658,1.0416666666666667,1.0,1.0,2.0,2,5.149324702310942,9.626410879332957,0.0,4096
100,1,25,event_class,60.0,94.6582321748559,0.9465823217485589,155,11.2,672,628,1.1339285714285714,1.0,2.0,2.0,3,12.485634226121482,24.01884288620284,0.0,32
100,1,25,event_class,60.0,94.6582321748559,0.9465823217485589,155,11.2,672,628,1.1339285714285714,1.0,2.0,2.0,3,12.485634226121482,24.01884288620284,0.0,64
100,1,25,event_class,60.0,94.6582321748559,0.9465823217485589,155,11.2,672,628,1.1339285714285714,1.0,2.0,2.0,3,12.485634226121482,24.01884288620284,0.0,128
100,1,25,event_class,60.0,94.6582321748559,0.9465823217485589,155,11.2,672,628,1.1339285714285714,1.0,2.0,2.0,3,12.485634226121482,24.01884288620284,0.0,256
100,1,25,event_class,60.0,94.6582321748559,0.9465823217485589,155,11.2,672,628,1.1339285714285714,1.0,2.0,2.0,3,12.485634226121482,24.01884288620284,0.0,512
100,1,25,event_class,60.0,94.6582321748559,0.9465823217485589,155,11.2,672,628,1.1339285714285714,1.0,2.0,2.0,3,12.485634226121482,24.01884288620284,0.0,1024
100,1,25,event_class,60.0,94.6582321748559,0.9465823217485589,155,11.2,672,628,1.1339285714285714,1.0,2.0,2.0,3,12.485634226121482,24.01884288620284,0.0,4096
100,1,25,pooled,60.0,94.6582321748559,0.9465823217485589,155,11.2,672,590,1.2619047619047619,1.0,2.0,3.0,3,12.485634226121482,24.01884288620284,0.0,32
100,1,25,pooled,60.0,94.6582321748559,0.9465823217485589,155,11.2,672,590,1.2619047619047619,1.0,2.0,3.0,3,12.485634226121482,24.01884288620284,0.0,64
100,1,25,pooled,60.0,94.6582321748559,0.9465823217485589,155,11.2,672,590,1.2619047619047619,1.0,2.0,3.0,3,12.485634226121482,24.01884288620284,0.0,128
100,1,25,pooled,60.0,94.6582321748559,0.9465823217485589,155,11.2,672,590,1.2619047619047619,1.0,2.0,3.0,3,12.485634226121482,24.01884288620284,0.0,256
100,1,25,pooled,60.0,94.6582321748559,0.9465823217485589,155,11.2,672,590,1.2619047619047619,1.0,2.0,3.0,3,12.485634226121482,24.01884288620284,0.0,512
100,1,25,pooled,60.0,94.6582321748559,0.9465823217485589,155,11.2,672,590,1.2619047619047619,1.0,2.0,3.0,3,12.485634226121482,24.01884288620284,0.0,1024
100,1,25,pooled,60.0,94.6582321748559,0.9465823217485589,155,11.2,672,590,1.2619047619047619,1.0,2.0,3.0,3,12.485634226121482,24.01884288620284,0.0,4096
100,1,25,route_key,60.0,94.6582321748559,0.9465823217485589,155,11.2,672,645,1.0833333333333333,1.0,1.0,2.0,3,12.485634226121482,24.01884288620284,0.0,32
100,1,25,route_key,60.0,94.6582321748559,0.9465823217485589,155,11.2,672,645,1.0833333333333333,1.0,1.0,2.0,3,12.485634226121482,24.01884288620284,0.0,64
100,1,25,route_key,60.0,94.6582321748559,0.9465823217485589,155,11.2,672,645,1.0833333333333333,1.0,1.0,2.0,3,12.485634226121482,24.01884288620284,0.0,128
100,1,25,route_key,60.0,94.6582321748559,0.9465823217485589,155,11.2,672,645,1.0833333333333333,1.0,1.0,2.0,3,12.485634226121482,24.01884288620284,0.0,256
100,1,25,route_key,60.0,94.6582321748559,0.9465823217485589,155,11.2,672,645,1.0833333333333333,1.0,1.0,2.0,3,12.485634226121482,24.01884288620284,0.0,512
100,1,25,route_key,60.0,94.6582321748559,0.9465823217485589,155,11.2,672,645,1.0833333333333333,1.0,1.0,2.0,3,12.485634226121482,24.01884288620284,0.0,1024
100,1,25,route_key,60.0,94.6582321748559,0.9465823217485589,155,11.2,672,645,1.0833333333333333,1.0,1.0,2.0,3,12.485634226121482,24.01884288620284,0.0,4096
100,1,50,event_class,60.0,94.6582321748559,0.9465823217485589,155,11.2,672,594,1.2470238095238095,1.0,2.0,3.0,3,25.432062797550163,47.719146254874275,0.0,32
100,1,50,event_class,60.0,94.6582321748559,0.9465823217485589,155,11.2,672,594,1.2470238095238095,1.0,2.0,3.0,3,25.432062797550163,47.719146254874275,0.0,64
100,1,50,event_class,60.0,94.6582321748559,0.9465823217485589,155,11.2,672,594,1.2470238095238095,1.0,2.0,3.0,3,25.432062797550163,47.719146254874275,0.0,128
100,1,50,event_class,60.0,94.6582321748559,0.9465823217485589,155,11.2,672,594,1.2470238095238095,1.0,2.0,3.0,3,25.432062797550163,47.719146254874275,0.0,256
100,1,50,event_class,60.0,94.6582321748559,0.9465823217485589,155,11.2,672,594,1.2470238095238095,1.0,2.0,3.0,3,25.432062797550163,47.719146254874275,0.0,512
100,1,50,event_class,60.0,94.6582321748559,0.9465823217485589,155,11.2,672,594,1.2470238095238095,1.0,2.0,3.0,3,25.432062797550163,47.719146254874275,0.0,1024
100,1,50,event_class,60.0,94.6582321748559,0.9465823217485589,155,11.2,672,594,1.2470238095238095,1.0,2.0,3.0,3,25.432062797550163,47.719146254874275,0.0,4096
100,1,50,pooled,60.0,94.6582321748559,0.9465823217485589,155,11.2,672,522,1.5327380952380953,1.0,3.0,3.0,4,25.432062797550163,47.719146254874275,0.0,32
100,1,50,pooled,60.0,94.6582321748559,0.9465823217485589,155,11.2,672,522,1.5327380952380953,1.0,3.0,3.0,4,25.432062797550163,47.719146254874275,0.0,64
100,1,50,pooled,60.0,94.6582321748559,0.9465823217485589,155,11.2,672,522,1.5327380952380953,1.0,3.0,3.0,4,25.432062797550163,47.719146254874275,0.0,128
100,1,50,pooled,60.0,94.6582321748559,0.9465823217485589,155,11.2,672,522,1.5327380952380953,1.0,3.0,3.0,4,25.432062797550163,47.719146254874275,0.0,256
100,1,50,pooled,60.0,94.6582321748559,0.9465823217485589,155,11.2,672,522,1.5327380952380953,1.0,3.0,3.0,4,25.432062797550163,47.719146254874275,0.0,512
100,1,50,pooled,60.0,94.6582321748559,0.9465823217485589,155,11.2,672,522,1.5327380952380953,1.0,3.0,3.0,4,25.432062797550163,47.719146254874275,0.0,1024
100,1,50,pooled,60.0,94.6582321748559,0.9465823217485589,155,11.2,672,522,1.5327380952380953,1.0,3.0,3.0,4,25.432062797550163,47.719146254874275,0.0,4096
100,1,50,route_key,60.0,94.6582321748559,0.9465823217485589,155,11.2,672,631,1.125,1.0,2.0,2.0,3,25.432062797550163,47.719146254874275,0.0,32
100,1,50,route_key,60.0,94.6582321748559,0.9465823217485589,155,11.2,672,631,1.125,1.0,2.0,2.0,3,25.432062797550163,47.719146254874275,0.0,64
100,1,50,route_key,60.0,94.6582321748559,0.9465823217485589,155,11.2,672,631,1.125,1.0,2.0,2.0,3,25.432062797550163,47.719146254874275,0.0,128
100,1,50,route_key,60.0,94.6582321748559,0.9465823217485589,155,11.2,672,631,1.125,1.0,2.0,2.0,3,25.432062797550163,47.719146254874275,0.0,256
100,1,50,route_key,60.0,94.6582321748559,0.9465823217485589,155,11.2,672,631,1.125,1.0,2.0,2.0,3,25.432062797550163,47.719146254874275,0.0,512
100,1,50,route_key,60.0,94.6582321748559,0.9465823217485589,155,11.2,672,631,1.125,1.0,2.0,2.0,3,25.432062797550163,47.719146254874275,0.0,1024
100,1,50,route_key,60.0,94.6582321748559,0.9465823217485589,155,11.2,672,631,1.125,1.0,2.0,2.0,3,25.432062797550163,47.719146254874275,0.0,4096
100,1,100,event_class,60.0,94.6582321748559,0.9465823217485589,155,11.2,672,518,1.5297619047619047,1.0,2.0,3.0,4,49.53920565469301,95.60429822036554,0.0,32
100,1,100,event_class,60.0,94.6582321748559,0.9465823217485589,155,11.2,672,518,1.5297619047619047,1.0,2.0,3.0,4,49.53920565469301,95.60429822036554,0.0,64
100,1,100,event_class,60.0,94.6582321748559,0.9465823217485589,155,11.2,672,518,1.5297619047619047,1.0,2.0,3.0,4,49.53920565469301,95.60429822036554,0.0,128
100,1,100,event_class,60.0,94.6582321748559,0.9465823217485589,155,11.2,672,518,1.5297619047619047,1.0,2.0,3.0,4,49.53920565469301,95.60429822036554,0.0,256
100,1,100,event_class,60.0,94.6582321748559,0.9465823217485589,155,11.2,672,518,1.5297619047619047,1.0,2.0,3.0,4,49.53920565469301,95.60429822036554,0.0,512
100,1,100,event_class,60.0,94.6582321748559,0.9465823217485589,155,11.2,672,518,1.5297619047619047,1.0,2.0,3.0,4,49.53920565469301,95.60429822036554,0.0,1024
100,1,100,event_class,60.0,94.6582321748559,0.9465823217485589,155,11.2,672,518,1.5297619047619047,1.0,2.0,3.0,4,49.53920565469301,95.60429822036554,0.0,4096
100,1,100,pooled,60.0,94.6582321748559,0.9465823217485589,155,11.2,672,404,2.125,2.0,4.0,5.0,5,49.53920565469301,95.60429822036554,0.0,32
100,1,100,pooled,60.0,94.6582321748559,0.9465823217485589,155,11.2,672,404,2.125,2.0,4.0,5.0,5,49.53920565469301,95.60429822036554,0.0,64
100,1,100,pooled,60.0,94.6582321748559,0.9465823217485589,155,11.2,672,404,2.125,2.0,4.0,5.0,5,49.53920565469301,95.60429822036554,0.0,128
100,1,100,pooled,60.0,94.6582321748559,0.9465823217485589,155,11.2,672,404,2.125,2.0,4.0,5.0,5,49.53920565469301,95.60429822036554,0.0,256
100,1,100,pooled,60.0,94.6582321748559,0.9465823217485589,155,11.2,672,404,2.125,2.0,4.0,5.0,5,49.53920565469301,95.60429822036554,0.0,512
100,1,100,pooled,60.0,94.6582321748559,0.9465823217485589,155,11.2,672,404,2.125,2.0,4.0,5.0,5,49.53920565469301,95.60429822036554,0.0,1024
100,1,100,pooled,60.0,94.6582321748559,0.9465823217485589,155,11.2,672,404,2.125,2.0,4.0,5.0,5,49.53920565469301,95.60429822036554,0.0,4096
100,1,100,route_key,60.0,94.6582321748559,0.9465823217485589,155,11.2,672,594,1.25,1.0,2.0,3.0,3,49.53920565469301,95.60429822036554,0.0,32
100,1,100,route_key,60.0,94.6582321748559,0.9465823217485589,155,11.2,672,594,1.25,1.0,2.0,3.0,3,49.53920565469301,95.60429822036554,0.0,64
100,1,100,route_key,60.0,94.6582321748559,0.9465823217485589,155,11.2,672,594,1.25,1.0,2.0,3.0,3,49.53920565469301,95.60429822036554,0.0,128
100,1,100,route_key,60.0,94.6582321748559,0.9465823217485589,155,11.2,672,594,1.25,1.0,2.0,3.0,3,49.53920565469301,95.60429822036554,0.0,256
100,1,100,route_key,60.0,94.6582321748559,0.9465823217485589,155,11.2,672,594,1.25,1.0,2.0,3.0,3,49.53920565469301,95.60429822036554,0.0,512
100,1,100,route_key,60.0,94.6582321748559,0.9465823217485589,155,11.2,672,594,1.25,1.0,2.0,3.0,3,49.53920565469301,95.60429822036554,0.0,1024
100,1,100,route_key,60.0,94.6582321748559,0.9465823217485589,155,11.2,672,594,1.25,1.0,2.0,3.0,3,49.53920565469301,95.60429822036554,0.0,4096
100,1,250,event_class,60.0,94.6582321748559,0.9465823217485589,155,11.2,672,379,2.3214285714285716,2.0,4.0,5.0,5,130.41718184516745,239.63907092888235,0.0,32
100,1,250,event_class,60.0,94.6582321748559,0.9465823217485589,155,11.2,672,379,2.3214285714285716,2.0,4.0,5.0,5,130.41718184516745,239.63907092888235,0.0,64
100,1,250,event_class,60.0,94.6582321748559,0.9465823217485589,155,11.2,672,379,2.3214285714285716,2.0,4.0,5.0,5,130.41718184516745,239.63907092888235,0.0,128
100,1,250,event_class,60.0,94.6582321748559,0.9465823217485589,155,11.2,672,379,2.3214285714285716,2.0,4.0,5.0,5,130.41718184516745,239.63907092888235,0.0,256
100,1,250,event_class,60.0,94.6582321748559,0.9465823217485589,155,11.2,672,379,2.3214285714285716,2.0,4.0,5.0,5,130.41718184516745,239.63907092888235,0.0,512
100,1,250,event_class,60.0,94.6582321748559,0.9465823217485589,155,11.2,672,379,2.3214285714285716,2.0,4.0,5.0,5,130.41718184516745,239.63907092888235,0.0,1024
100,1,250,event_class,60.0,94.6582321748559,0.9465823217485589,155,11.2,672,379,2.3214285714285716,2.0,4.0,5.0,5,130.41718184516745,239.63907092888235,0.0,4096
100,1,250,pooled,60.0,94.6582321748559,0.9465823217485589,155,11.2,672,230,3.7827380952380953,4.0,6.0,8.0,8,130.41718184516745,239.63907092888235,0.0,32
100,1,250,pooled,60.0,94.6582321748559,0.9465823217485589,155,11.2,672,230,3.7827380952380953,4.0,6.0,8.0,8,130.41718184516745,239.63907092888235,0.0,64
100,1,250,pooled,60.0,94.6582321748559,0.9465823217485589,155,11.2,672,230,3.7827380952380953,4.0,6.0,8.0,8,130.41718184516745,239.63907092888235,0.0,128
100,1,250,pooled,60.0,94.6582321748559,0.9465823217485589,155,11.2,672,230,3.7827380952380953,4.0,6.0,8.0,8,130.41718184516745,239.63907092888235,0.0,256
100,1,250,pooled,60.0,94.6582321748559,0.9465823217485589,155,11.2,672,230,3.7827380952380953,4.0,6.0,8.0,8,130.41718184516745,239.63907092888235,0.0,512
100,1,250,pooled,60.0,94.6582321748559,0.9465823217485589,155,11.2,672,230,3.7827380952380953,4.0,6.0,8.0,8,130.41718184516745,239.63907092888235,0.0,1024
100,1,250,pooled,60.0,94.6582321748559,0.9465823217485589,155,11.2,672,230,3.7827380952380953,4.0,6.0,8.0,8,130.41718184516745,239.63907092888235,0.0,4096
100,1,250,route_key,60.0,94.6582321748559,0.9465823217485589,155,11.2,672,526,1.5892857142857142,1.0,3.0,4.0,5,130.41718184516745,239.63907092888235,0.0,32
100,1,250,route_key,60.0,94.6582321748559,0.9465823217485589,155,11.2,672,526,1.5892857142857142,1.0,3.0,4.0,5,130.41718184516745,239.63907092888235,0.0,64
100,1,250,route_key,60.0,94.6582321748559,0.9465823217485589,155,11.2,672,526,1.5892857142857142,1.0,3.0,4.0,5,130.41718184516745,239.63907092888235,0.0,128
100,1,250,route_key,60.0,94.6582321748559,0.9465823217485589,155,11.2,672,526,1.5892857142857142,1.0,3.0,4.0,5,130.41718184516745,239.63907092888235,0.0,256
100,1,250,route_key,60.0,94.6582321748559,0.9465823217485589,155,11.2,672,526,1.5892857142857142,1.0,3.0,4.0,5,130.41718184516745,239.63907092888235,0.0,512
100,1,250,route_key,60.0,94.6582321748559,0.9465823217485589,155,11.2,672,526,1.5892857142857142,1.0,3.0,4.0,5,130.41718184516745,239.63907092888235,0.0,1024
100,1,250,route_key,60.0,94.6582321748559,0.9465823217485589,155,11.2,672,526,1.5892857142857142,1.0,3.0,4.0,5,130.41718184516745,239.63907092888235,0.0,4096
100,1,500,event_class,60.0,94.6582321748559,0.9465823217485589,155,11.2,672,231,3.7232142857142856,4.0,6.0,7.0,7,262.4856342261198,481.25715290706466,0.0,32
100,1,500,event_class,60.0,94.6582321748559,0.9465823217485589,155,11.2,672,231,3.7232142857142856,4.0,6.0,7.0,7,262.4856342261198,481.25715290706466,0.0,64
100,1,500,event_class,60.0,94.6582321748559,0.9465823217485589,155,11.2,672,231,3.7232142857142856,4.0,6.0,7.0,7,262.4856342261198,481.25715290706466,0.0,128
100,1,500,event_class,60.0,94.6582321748559,0.9465823217485589,155,11.2,672,231,3.7232142857142856,4.0,6.0,7.0,7,262.4856342261198,481.25715290706466,0.0,256
100,1,500,event_class,60.0,94.6582321748559,0.9465823217485589,155,11.2,672,231,3.7232142857142856,4.0,6.0,7.0,7,262.4856342261198,481.25715290706466,0.0,512
100,1,500,event_class,60.0,94.6582321748559,0.9465823217485589,155,11.2,672,231,3.7232142857142856,4.0,6.0,7.0,7,262.4856342261198,481.25715290706466,0.0,1024
100,1,500,event_class,60.0,94.6582321748559,0.9465823217485589,155,11.2,672,231,3.7232142857142856,4.0,6.0,7.0,7,262.4856342261198,481.25715290706466,0.0,4096
100,1,500,pooled,60.0,94.6582321748559,0.9465823217485589,155,11.2,672,120,6.556547619047619,6.0,10.0,14.0,14,262.4856342261198,481.25715290706466,0.0,32
100,1,500,pooled,60.0,94.6582321748559,0.9465823217485589,155,11.2,672,120,6.556547619047619,6.0,10.0,14.0,14,262.4856342261198,481.25715290706466,0.0,64
100,1,500,pooled,60.0,94.6582321748559,0.9465823217485589,155,11.2,672,120,6.556547619047619,6.0,10.0,14.0,14,262.4856342261198,481.25715290706466,0.0,128
100,1,500,pooled,60.0,94.6582321748559,0.9465823217485589,155,11.2,672,120,6.556547619047619,6.0,10.0,14.0,14,262.4856342261198,481.25715290706466,0.0,256
100,1,500,pooled,60.0,94.6582321748559,0.9465823217485589,155,11.2,672,120,6.556547619047619,6.0,10.0,14.0,14,262.4856342261198,481.25715290706466,0.0,512
100,1,500,pooled,60.0,94.6582321748559,0.9465823217485589,155,11.2,672,120,6.556547619047619,6.0,10.0,14.0,14,262.4856342261198,481.25715290706466,0.0,1024
100,1,500,pooled,60.0,94.6582321748559,0.9465823217485589,155,11.2,672,120,6.556547619047619,6.0,10.0,14.0,14,262.4856342261198,481.25715290706466,0.0,4096
100,1,500,route_key,60.0,94.6582321748559,0.9465823217485589,155,11.2,672,436,2.2589285714285716,2.0,4.0,7.0,7,262.4856342261198,481.25715290706466,0.0,32
100,1,500,route_key,60.0,94.6582321748559,0.9465823217485589,155,11.2,672,436,2.2589285714285716,2.0,4.0,7.0,7,262.4856342261198,481.25715290706466,0.0,64
100,1,500,route_key,60.0,94.6582321748559,0.9465823217485589,155,11.2,672,436,2.2589285714285716,2.0,4.0,7.0,7,262.4856342261198,481.25715290706466,0.0,128
100,1,500,route_key,60.0,94.6582321748559,0.9465823217485589,155,11.2,672,436,2.2589285714285716,2.0,4.0,7.0,7,262.4856342261198,481.25715290706466,0.0,256
100,1,500,route_key,60.0,94.6582321748559,0.9465823217485589,155,11.2,672,436,2.2589285714285716,2.0,4.0,7.0,7,262.4856342261198,481.25715290706466,0.0,512
100,1,500,route_key,60.0,94.6582321748559,0.9465823217485589,155,11.2,672,436,2.2589285714285716,2.0,4.0,7.0,7,262.4856342261198,481.25715290706466,0.0,1024
100,1,500,route_key,60.0,94.6582321748559,0.9465823217485589,155,11.2,672,436,2.2589285714285716,2.0,4.0,7.0,7,262.4856342261198,481.25715290706466,0.0,4096
100,1,1000,event_class,60.0,94.6582321748559,0.9465823217485589,155,11.2,672,125,6.651785714285714,7.0,10.0,12.0,12,524.3903961308818,960.6456792543589,0.0,32
100,1,1000,event_class,60.0,94.6582321748559,0.9465823217485589,155,11.2,672,125,6.651785714285714,7.0,10.0,12.0,12,524.3903961308818,960.6456792543589,0.0,64
100,1,1000,event_class,60.0,94.6582321748559,0.9465823217485589,155,11.2,672,125,6.651785714285714,7.0,10.0,12.0,12,524.3903961308818,960.6456792543589,0.0,128
100,1,1000,event_class,60.0,94.6582321748559,0.9465823217485589,155,11.2,672,125,6.651785714285714,7.0,10.0,12.0,12,524.3903961308818,960.6456792543589,0.0,256
100,1,1000,event_class,60.0,94.6582321748559,0.9465823217485589,155,11.2,672,125,6.651785714285714,7.0,10.0,12.0,12,524.3903961308818,960.6456792543589,0.0,512
100,1,1000,event_class,60.0,94.6582321748559,0.9465823217485589,155,11.2,672,125,6.651785714285714,7.0,10.0,12.0,12,524.3903961308818,960.6456792543589,0.0,1024
100,1,1000,event_class,60.0,94.6582321748559,0.9465823217485589,155,11.2,672,125,6.651785714285714,7.0,10.0,12.0,12,524.3903961308818,960.6456792543589,0.0,4096
100,1,1000,pooled,60.0,94.6582321748559,0.9465823217485589,155,11.2,672,60,12.3125,12.0,15.0,22.0,22,524.3903961308818,960.6456792543589,0.0,32
100,1,1000,pooled,60.0,94.6582321748559,0.9465823217485589,155,11.2,672,60,12.3125,12.0,15.0,22.0,22,524.3903961308818,960.6456792543589,0.0,64
100,1,1000,pooled,60.0,94.6582321748559,0.9465823217485589,155,11.2,672,60,12.3125,12.0,15.0,22.0,22,524.3903961308818,960.6456792543589,0.0,128
100,1,1000,pooled,60.0,94.6582321748559,0.9465823217485589,155,11.2,672,60,12.3125,12.0,15.0,22.0,22,524.3903961308818,960.6456792543589,0.0,256
100,1,1000,pooled,60.0,94.6582321748559,0.9465823217485589,155,11.2,672,60,12.3125,12.0,15.0,22.0,22,524.3903961308818,960.6456792543589,0.0,512
100,1,1000,pooled,60.0,94.6582321748559,0.9465823217485589,155,11.2,672,60,12.3125,12.0,15.0,22.0,22,524.3903961308818,960.6456792543589,0.0,1024
100,1,1000,pooled,60.0,94.6582321748559,0.9465823217485589,155,11.2,672,60,12.3125,12.0,15.0,22.0,22,524.3903961308818,960.6456792543589,0.0,4096
100,1,1000,route_key,60.0,94.6582321748559,0.9465823217485589,155,11.2,672,349,3.642857142857143,3.0,8.0,11.0,11,524.3903961308818,960.6456792543589,0.0,32
100,1,1000,route_key,60.0,94.6582321748559,0.9465823217485589,155,11.2,672,349,3.642857142857143,3.0,8.0,11.0,11,524.3903961308818,960.6456792543589,0.0,64
100,1,1000,route_key,60.0,94.6582321748559,0.9465823217485589,155,11.2,672,349,3.642857142857143,3.0,8.0,11.0,11,524.3903961308818,960.6456792543589,0.0,128
100,1,1000,route_key,60.0,94.6582321748559,0.9465823217485589,155,11.2,672,349,3.642857142857143,3.0,8.0,11.0,11,524.3903961308818,960.6456792543589,0.0,256
100,1,1000,route_key,60.0,94.6582321748559,0.9465823217485589,155,11.2,672,349,3.642857142857143,3.0,8.0,11.0,11,524.3903961308818,960.6456792543589,0.0,512
100,1,1000,route_key,60.0,94.6582321748559,0.9465823217485589,155,11.2,672,349,3.642857142857143,3.0,8.0,11.0,11,524.3903961308818,960.6456792543589,0.0,1024
100,1,1000,route_key,60.0,94.6582321748559,0.9465823217485589,155,11.2,672,349,3.642857142857143,3.0,8.0,11.0,11,524.3903961308818,960.6456792543589,0.0,4096
100,2,1,event_class,60.0,93.13711484170408,0.9313711484170407,149,9.166666666666666,550,550,1.0,1.0,1.0,1.0,1,0.4961697789147598,0.9414140245045387,0.0,32
100,2,1,event_class,60.0,93.13711484170408,0.9313711484170407,149,9.166666666666666,550,550,1.0,1.0,1.0,1.0,1,0.4961697789147598,0.9414140245045387,0.0,64
100,2,1,event_class,60.0,93.13711484170408,0.9313711484170407,149,9.166666666666666,550,550,1.0,1.0,1.0,1.0,1,0.4961697789147598,0.9414140245045387,0.0,128
100,2,1,event_class,60.0,93.13711484170408,0.9313711484170407,149,9.166666666666666,550,550,1.0,1.0,1.0,1.0,1,0.4961697789147598,0.9414140245045387,0.0,256
100,2,1,event_class,60.0,93.13711484170408,0.9313711484170407,149,9.166666666666666,550,550,1.0,1.0,1.0,1.0,1,0.4961697789147598,0.9414140245045387,0.0,512
100,2,1,event_class,60.0,93.13711484170408,0.9313711484170407,149,9.166666666666666,550,550,1.0,1.0,1.0,1.0,1,0.4961697789147598,0.9414140245045387,0.0,1024
100,2,1,event_class,60.0,93.13711484170408,0.9313711484170407,149,9.166666666666666,550,550,1.0,1.0,1.0,1.0,1,0.4961697789147598,0.9414140245045387,0.0,4096
100,2,1,pooled,60.0,93.13711484170408,0.9313711484170407,149,9.166666666666666,550,549,1.0036363636363637,1.0,1.0,1.0,2,0.4961697789147598,0.9414140245045387,0.0,32
100,2,1,pooled,60.0,93.13711484170408,0.9313711484170407,149,9.166666666666666,550,549,1.0036363636363637,1.0,1.0,1.0,2,0.4961697789147598,0.9414140245045387,0.0,64
100,2,1,pooled,60.0,93.13711484170408,0.9313711484170407,149,9.166666666666666,550,549,1.0036363636363637,1.0,1.0,1.0,2,0.4961697789147598,0.9414140245045387,0.0,128
100,2,1,pooled,60.0,93.13711484170408,0.9313711484170407,149,9.166666666666666,550,549,1.0036363636363637,1.0,1.0,1.0,2,0.4961697789147598,0.9414140245045387,0.0,256
100,2,1,pooled,60.0,93.13711484170408,0.9313711484170407,149,9.166666666666666,550,549,1.0036363636363637,1.0,1.0,1.0,2,0.4961697789147598,0.9414140245045387,0.0,512
100,2,1,pooled,60.0,93.13711484170408,0.9313711484170407,149,9.166666666666666,550,549,1.0036363636363637,1.0,1.0,1.0,2,0.4961697789147598,0.9414140245045387,0.0,1024
100,2,1,pooled,60.0,93.13711484170408,0.9313711484170407,149,9.166666666666666,550,549,1.0036363636363637,1.0,1.0,1.0,2,0.4961697789147598,0.9414140245045387,0.0,4096
100,2,1,route_key,60.0,93.13711484170408,0.9313711484170407,149,9.166666666666666,550,550,1.0,1.0,1.0,1.0,1,0.4961697789147598,0.9414140245045387,0.0,32
100,2,1,route_key,60.0,93.13711484170408,0.9313711484170407,149,9.166666666666666,550,550,1.0,1.0,1.0,1.0,1,0.4961697789147598,0.9414140245045387,0.0,64
100,2,1,route_key,60.0,93.13711484170408,0.9313711484170407,149,9.166666666666666,550,550,1.0,1.0,1.0,1.0,1,0.4961697789147598,0.9414140245045387,0.0,128
100,2,1,route_key,60.0,93.13711484170408,0.9313711484170407,149,9.166666666666666,550,550,1.0,1.0,1.0,1.0,1,0.4961697789147598,0.9414140245045387,0.0,256
100,2,1,route_key,60.0,93.13711484170408,0.9313711484170407,149,9.166666666666666,550,550,1.0,1.0,1.0,1.0,1,0.4961697789147598,0.9414140245045387,0.0,512
100,2,1,route_key,60.0,93.13711484170408,0.9313711484170407,149,9.166666666666666,550,550,1.0,1.0,1.0,1.0,1,0.4961697789147598,0.9414140245045387,0.0,1024
100,2,1,route_key,60.0,93.13711484170408,0.9313711484170407,149,9.166666666666666,550,550,1.0,1.0,1.0,1.0,1,0.4961697789147598,0.9414140245045387,0.0,4096
100,2,5,event_class,60.0,93.13711484170408,0.9313711484170407,149,9.166666666666666,550,549,1.0036363636363637,1.0,1.0,1.0,2,2.352533415278348,4.671832863410862,0.0,32
100,2,5,event_class,60.0,93.13711484170408,0.9313711484170407,149,9.166666666666666,550,549,1.0036363636363637,1.0,1.0,1.0,2,2.352533415278348,4.671832863410862,0.0,64
100,2,5,event_class,60.0,93.13711484170408,0.9313711484170407,149,9.166666666666666,550,549,1.0036363636363637,1.0,1.0,1.0,2,2.352533415278348,4.671832863410862,0.0,128
100,2,5,event_class,60.0,93.13711484170408,0.9313711484170407,149,9.166666666666666,550,549,1.0036363636363637,1.0,1.0,1.0,2,2.352533415278348,4.671832863410862,0.0,256
100,2,5,event_class,60.0,93.13711484170408,0.9313711484170407,149,9.166666666666666,550,549,1.0036363636363637,1.0,1.0,1.0,2,2.352533415278348,4.671832863410862,0.0,512
100,2,5,event_class,60.0,93.13711484170408,0.9313711484170407,149,9.166666666666666,550,549,1.0036363636363637,1.0,1.0,1.0,2,2.352533415278348,4.671832863410862,0.0,1024
100,2,5,event_class,60.0,93.13711484170408,0.9313711484170407,149,9.166666666666666,550,549,1.0036363636363637,1.0,1.0,1.0,2,2.352533415278348,4.671832863410862,0.0,4096
100,2,5,pooled,60.0,93.13711484170408,0.9313711484170407,149,9.166666666666666,550,542,1.029090909090909,1.0,1.0,2.0,2,2.352533415278348,4.671832863410862,0.0,32
100,2,5,pooled,60.0,93.13711484170408,0.9313711484170407,149,9.166666666666666,550,542,1.029090909090909,1.0,1.0,2.0,2,2.352533415278348,4.671832863410862,0.0,64
100,2,5,pooled,60.0,93.13711484170408,0.9313711484170407,149,9.166666666666666,550,542,1.029090909090909,1.0,1.0,2.0,2,2.352533415278348,4.671832863410862,0.0,128
100,2,5,pooled,60.0,93.13711484170408,0.9313711484170407,149,9.166666666666666,550,542,1.029090909090909,1.0,1.0,2.0,2,2.352533415278348,4.671832863410862,0.0,256
100,2,5,pooled,60.0,93.13711484170408,0.9313711484170407,149,9.166666666666666,550,542,1.029090909090909,1.0,1.0,2.0,2,2.352533415278348,4.671832863410862,0.0,512
100,2,5,pooled,60.0,93.13711484170408,0.9313711484170407,149,9.166666666666666,550,542,1.029090909090909,1.0,1.0,2.0,2,2.352533415278348,4.671832863410862,0.0,1024
100,2,5,pooled,60.0,93.13711484170408,0.9313711484170407,149,9.166666666666666,550,542,1.029090909090909,1.0,1.0,2.0,2,2.352533415278348,4.671832863410862,0.0,4096
100,2,5,route_key,60.0,93.13711484170408,0.9313711484170407,149,9.166666666666666,550,550,1.0,1.0,1.0,1.0,1,2.352533415278348,4.671832863410862,0.0,32
100,2,5,route_key,60.0,93.13711484170408,0.9313711484170407,149,9.166666666666666,550,550,1.0,1.0,1.0,1.0,1,2.352533415278348,4.671832863410862,0.0,64
100,2,5,route_key,60.0,93.13711484170408,0.9313711484170407,149,9.166666666666666,550,550,1.0,1.0,1.0,1.0,1,2.352533415278348,4.671832863410862,0.0,128
100,2,5,route_key,60.0,93.13711484170408,0.9313711484170407,149,9.166666666666666,550,550,1.0,1.0,1.0,1.0,1,2.352533415278348,4.671832863410862,0.0,256
100,2,5,route_key,60.0,93.13711484170408,0.9313711484170407,149,9.166666666666666,550,550,1.0,1.0,1.0,1.0,1,2.352533415278348,4.671832863410862,0.0,512
100,2,5,route_key,60.0,93.13711484170408,0.9313711484170407,149,9.166666666666666,550,550,1.0,1.0,1.0,1.0,1,2.352533415278348,4.671832863410862,0.0,1024
100,2,5,route_key,60.0,93.13711484170408,0.9313711484170407,149,9.166666666666666,550,550,1.0,1.0,1.0,1.0,1,2.352533415278348,4.671832863410862,0.0,4096
100,2,10,event_class,60.0,93.13711484170408,0.9313711484170407,149,9.166666666666666,550,540,1.0363636363636364,1.0,1.0,2.0,2,4.752533415278383,9.399223742897787,0.0,32
100,2,10,event_class,60.0,93.13711484170408,0.9313711484170407,149,9.166666666666666,550,540,1.0363636363636364,1.0,1.0,2.0,2,4.752533415278383,9.399223742897787,0.0,64
100,2,10,event_class,60.0,93.13711484170408,0.9313711484170407,149,9.166666666666666,550,540,1.0363636363636364,1.0,1.0,2.0,2,4.752533415278383,9.399223742897787,0.0,128
100,2,10,event_class,60.0,93.13711484170408,0.9313711484170407,149,9.166666666666666,550,540,1.0363636363636364,1.0,1.0,2.0,2,4.752533415278383,9.399223742897787,0.0,256
100,2,10,event_class,60.0,93.13711484170408,0.9313711484170407,149,9.166666666666666,550,540,1.0363636363636364,1.0,1.0,2.0,2,4.752533415278383,9.399223742897787,0.0,512
100,2,10,event_class,60.0,93.13711484170408,0.9313711484170407,149,9.166666666666666,550,540,1.0363636363636364,1.0,1.0,2.0,2,4.752533415278383,9.399223742897787,0.0,1024
100,2,10,event_class,60.0,93.13711484170408,0.9313711484170407,149,9.166666666666666,550,540,1.0363636363636364,1.0,1.0,2.0,2,4.752533415278383,9.399223742897787,0.0,4096
100,2,10,pooled,60.0,93.13711484170408,0.9313711484170407,149,9.166666666666666,550,525,1.0909090909090908,1.0,1.0,2.0,2,4.752533415278383,9.399223742897787,0.0,32
100,2,10,pooled,60.0,93.13711484170408,0.9313711484170407,149,9.166666666666666,550,525,1.0909090909090908,1.0,1.0,2.0,2,4.752533415278383,9.399223742897787,0.0,64
100,2,10,pooled,60.0,93.13711484170408,0.9313711484170407,149,9.166666666666666,550,525,1.0909090909090908,1.0,1.0,2.0,2,4.752533415278383,9.399223742897787,0.0,128
100,2,10,pooled,60.0,93.13711484170408,0.9313711484170407,149,9.166666666666666,550,525,1.0909090909090908,1.0,1.0,2.0,2,4.752533415278383,9.399223742897787,0.0,256
100,2,10,pooled,60.0,93.13711484170408,0.9313711484170407,149,9.166666666666666,550,525,1.0909090909090908,1.0,1.0,2.0,2,4.752533415278383,9.399223742897787,0.0,512
100,2,10,pooled,60.0,93.13711484170408,0.9313711484170407,149,9.166666666666666,550,525,1.0909090909090908,1.0,1.0,2.0,2,4.752533415278383,9.399223742897787,0.0,1024
100,2,10,pooled,60.0,93.13711484170408,0.9313711484170407,149,9.166666666666666,550,525,1.0909090909090908,1.0,1.0,2.0,2,4.752533415278383,9.399223742897787,0.0,4096
100,2,10,route_key,60.0,93.13711484170408,0.9313711484170407,149,9.166666666666666,550,543,1.0254545454545454,1.0,1.0,2.0,2,4.752533415278383,9.399223742897787,0.0,32
100,2,10,route_key,60.0,93.13711484170408,0.9313711484170407,149,9.166666666666666,550,543,1.0254545454545454,1.0,1.0,2.0,2,4.752533415278383,9.399223742897787,0.0,64
100,2,10,route_key,60.0,93.13711484170408,0.9313711484170407,149,9.166666666666666,550,543,1.0254545454545454,1.0,1.0,2.0,2,4.752533415278383,9.399223742897787,0.0,128
100,2,10,route_key,60.0,93.13711484170408,0.9313711484170407,149,9.166666666666666,550,543,1.0254545454545454,1.0,1.0,2.0,2,4.752533415278383,9.399223742897787,0.0,256
100,2,10,route_key,60.0,93.13711484170408,0.9313711484170407,149,9.166666666666666,550,543,1.0254545454545454,1.0,1.0,2.0,2,4.752533415278383,9.399223742897787,0.0,512
100,2,10,route_key,60.0,93.13711484170408,0.9313711484170407,149,9.166666666666666,550,543,1.0254545454545454,1.0,1.0,2.0,2,4.752533415278383,9.399223742897787,0.0,1024
100,2,10,route_key,60.0,93.13711484170408,0.9313711484170407,149,9.166666666666666,550,543,1.0254545454545454,1.0,1.0,2.0,2,4.752533415278383,9.399223742897787,0.0,4096
100,2,25,event_class,60.0,93.13711484170408,0.9313711484170407,149,9.166666666666666,550,523,1.1018181818181818,1.0,1.0,2.0,3,12.407078869824964,23.16276437137983,0.0,32
100,2,25,event_class,60.0,93.13711484170408,0.9313711484170407,149,9.166666666666666,550,523,1.1018181818181818,1.0,1.0,2.0,3,12.407078869824964,23.16276437137983,0.0,64
100,2,25,event_class,60.0,93.13711484170408,0.9313711484170407,149,9.166666666666666,550,523,1.1018181818181818,1.0,1.0,2.0,3,12.407078869824964,23.16276437137983,0.0,128
100,2,25,event_class,60.0,93.13711484170408,0.9313711484170407,149,9.166666666666666,550,523,1.1018181818181818,1.0,1.0,2.0,3,12.407078869824964,23.16276437137983,0.0,256
100,2,25,event_class,60.0,93.13711484170408,0.9313711484170407,149,9.166666666666666,550,523,1.1018181818181818,1.0,1.0,2.0,3,12.407078869824964,23.16276437137983,0.0,512
100,2,25,event_class,60.0,93.13711484170408,0.9313711484170407,149,9.166666666666666,550,523,1.1018181818181818,1.0,1.0,2.0,3,12.407078869824964,23.16276437137983,0.0,1024
100,2,25,event_class,60.0,93.13711484170408,0.9313711484170407,149,9.166666666666666,550,523,1.1018181818181818,1.0,1.0,2.0,3,12.407078869824964,23.16276437137983,0.0,4096
100,2,25,pooled,60.0,93.13711484170408,0.9313711484170407,149,9.166666666666666,550,491,1.2436363636363637,1.0,2.0,3.0,4,12.407078869824964,23.16276437137983,0.0,32
100,2,25,pooled,60.0,93.13711484170408,0.9313711484170407,149,9.166666666666666,550,491,1.2436363636363637,1.0,2.0,3.0,4,12.407078869824964,23.16276437137983,0.0,64
100,2,25,pooled,60.0,93.13711484170408,0.9313711484170407,149,9.166666666666666,550,491,1.2436363636363637,1.0,2.0,3.0,4,12.407078869824964,23.16276437137983,0.0,128
100,2,25,pooled,60.0,93.13711484170408,0.9313711484170407,149,9.166666666666666,550,491,1.2436363636363637,1.0,2.0,3.0,4,12.407078869824964,23.16276437137983,0.0,256
100,2,25,pooled,60.0,93.13711484170408,0.9313711484170407,149,9.166666666666666,550,491,1.2436363636363637,1.0,2.0,3.0,4,12.407078869824964,23.16276437137983,0.0,512
100,2,25,pooled,60.0,93.13711484170408,0.9313711484170407,149,9.166666666666666,550,491,1.2436363636363637,1.0,2.0,3.0,4,12.407078869824964,23.16276437137983,0.0,1024
100,2,25,pooled,60.0,93.13711484170408,0.9313711484170407,149,9.166666666666666,550,491,1.2436363636363637,1.0,2.0,3.0,4,12.407078869824964,23.16276437137983,0.0,4096
100,2,25,route_key,60.0,93.13711484170408,0.9313711484170407,149,9.166666666666666,550,531,1.0727272727272728,1.0,1.0,2.0,3,12.407078869824964,23.16276437137983,0.0,32
100,2,25,route_key,60.0,93.13711484170408,0.9313711484170407,149,9.166666666666666,550,531,1.0727272727272728,1.0,1.0,2.0,3,12.407078869824964,23.16276437137983,0.0,64
100,2,25,route_key,60.0,93.13711484170408,0.9313711484170407,149,9.166666666666666,550,531,1.0727272727272728,1.0,1.0,2.0,3,12.407078869824964,23.16276437137983,0.0,128
100,2,25,route_key,60.0,93.13711484170408,0.9313711484170407,149,9.166666666666666,550,531,1.0727272727272728,1.0,1.0,2.0,3,12.407078869824964,23.16276437137983,0.0,256
100,2,25,route_key,60.0,93.13711484170408,0.9313711484170407,149,9.166666666666666,550,531,1.0727272727272728,1.0,1.0,2.0,3,12.407078869824964,23.16276437137983,0.0,512
100,2,25,route_key,60.0,93.13711484170408,0.9313711484170407,149,9.166666666666666,550,531,1.0727272727272728,1.0,1.0,2.0,3,12.407078869824964,23.16276437137983,0.0,1024
100,2,25,route_key,60.0,93.13711484170408,0.9313711484170407,149,9.166666666666666,550,531,1.0727272727272728,1.0,1.0,2.0,3,12.407078869824964,23.16276437137983,0.0,4096
100,2,50,event_class,60.0,93.13711484170408,0.9313711484170407,149,9.166666666666666,550,488,1.229090909090909,1.0,2.0,2.0,3,24.40707886982496,45.66156703971557,0.0,32
100,2,50,event_class,60.0,93.13711484170408,0.9313711484170407,149,9.166666666666666,550,488,1.229090909090909,1.0,2.0,2.0,3,24.40707886982496,45.66156703971557,0.0,64
100,2,50,event_class,60.0,93.13711484170408,0.9313711484170407,149,9.166666666666666,550,488,1.229090909090909,1.0,2.0,2.0,3,24.40707886982496,45.66156703971557,0.0,128
100,2,50,event_class,60.0,93.13711484170408,0.9313711484170407,149,9.166666666666666,550,488,1.229090909090909,1.0,2.0,2.0,3,24.40707886982496,45.66156703971557,0.0,256
100,2,50,event_class,60.0,93.13711484170408,0.9313711484170407,149,9.166666666666666,550,488,1.229090909090909,1.0,2.0,2.0,3,24.40707886982496,45.66156703971557,0.0,512
100,2,50,event_class,60.0,93.13711484170408,0.9313711484170407,149,9.166666666666666,550,488,1.229090909090909,1.0,2.0,2.0,3,24.40707886982496,45.66156703971557,0.0,1024
100,2,50,event_class,60.0,93.13711484170408,0.9313711484170407,149,9.166666666666666,550,488,1.229090909090909,1.0,2.0,2.0,3,24.40707886982496,45.66156703971557,0.0,4096
100,2,50,pooled,60.0,93.13711484170408,0.9313711484170407,149,9.166666666666666,550,440,1.450909090909091,1.0,2.0,4.0,4,24.40707886982496,45.66156703971557,0.0,32
100,2,50,pooled,60.0,93.13711484170408,0.9313711484170407,149,9.166666666666666,550,440,1.450909090909091,1.0,2.0,4.0,4,24.40707886982496,45.66156703971557,0.0,64
100,2,50,pooled,60.0,93.13711484170408,0.9313711484170407,149,9.166666666666666,550,440,1.450909090909091,1.0,2.0,4.0,4,24.40707886982496,45.66156703971557,0.0,128
100,2,50,pooled,60.0,93.13711484170408,0.9313711484170407,149,9.166666666666666,550,440,1.450909090909091,1.0,2.0,4.0,4,24.40707886982496,45.66156703971557,0.0,256
100,2,50,pooled,60.0,93.13711484170408,0.9313711484170407,149,9.166666666666666,550,440,1.450909090909091,1.0,2.0,4.0,4,24.40707886982496,45.66156703971557,0.0,512
100,2,50,pooled,60.0,93.13711484170408,0.9313711484170407,149,9.166666666666666,550,440,1.450909090909091,1.0,2.0,4.0,4,24.40707886982496,45.66156703971557,0.0,1024
100,2,50,pooled,60.0,93.13711484170408,0.9313711484170407,149,9.166666666666666,550,440,1.450909090909091,1.0,2.0,4.0,4,24.40707886982496,45.66156703971557,0.0,4096
100,2,50,route_key,60.0,93.13711484170408,0.9313711484170407,149,9.166666666666666,550,511,1.1454545454545455,1.0,2.0,2.0,3,24.40707886982496,45.66156703971557,0.0,32
100,2,50,route_key,60.0,93.13711484170408,0.9313711484170407,149,9.166666666666666,550,511,1.1454545454545455,1.0,2.0,2.0,3,24.40707886982496,45.66156703971557,0.0,64
100,2,50,route_key,60.0,93.13711484170408,0.9313711484170407,149,9.166666666666666,550,511,1.1454545454545455,1.0,2.0,2.0,3,24.40707886982496,45.66156703971557,0.0,128
100,2,50,route_key,60.0,93.13711484170408,0.9313711484170407,149,9.166666666666666,550,511,1.1454545454545455,1.0,2.0,2.0,3,24.40707886982496,45.66156703971557,0.0,256
100,2,50,route_key,60.0,93.13711484170408,0.9313711484170407,149,9.166666666666666,550,511,1.1454545454545455,1.0,2.0,2.0,3,24.40707886982496,45.66156703971557,0.0,512
100,2,50,route_key,60.0,93.13711484170408,0.9313711484170407,149,9.166666666666666,550,511,1.1454545454545455,1.0,2.0,2.0,3,24.40707886982496,45.66156703971557,0.0,1024
100,2,50,route_key,60.0,93.13711484170408,0.9313711484170407,149,9.166666666666666,550,511,1.1454545454545455,1.0,2.0,2.0,3,24.40707886982496,45.66156703971557,0.0,4096
100,2,100,event_class,60.0,93.13711484170408,0.9313711484170407,149,9.166666666666666,550,433,1.4581818181818182,1.0,2.0,3.0,3,51.316169778915885,92.92329376927384,0.0,32
100,2,100,event_class,60.0,93.13711484170408,0.9313711484170407,149,9.166666666666666,550,433,1.4581818181818182,1.0,2.0,3.0,3,51.316169778915885,92.92329376927384,0.0,64
100,2,100,event_class,60.0,93.13711484170408,0.9313711484170407,149,9.166666666666666,550,433,1.4581818181818182,1.0,2.0,3.0,3,51.316169778915885,92.92329376927384,0.0,128
100,2,100,event_class,60.0,93.13711484170408,0.9313711484170407,149,9.166666666666666,550,433,1.4581818181818182,1.0,2.0,3.0,3,51.316169778915885,92.92329376927384,0.0,256
100,2,100,event_class,60.0,93.13711484170408,0.9313711484170407,149,9.166666666666666,550,433,1.4581818181818182,1.0,2.0,3.0,3,51.316169778915885,92.92329376927384,0.0,512
100,2,100,event_class,60.0,93.13711484170408,0.9313711484170407,149,9.166666666666666,550,433,1.4581818181818182,1.0,2.0,3.0,3,51.316169778915885,92.92329376927384,0.0,1024
100,2,100,event_class,60.0,93.13711484170408,0.9313711484170407,149,9.166666666666666,550,433,1.4581818181818182,1.0,2.0,3.0,3,51.316169778915885,92.92329376927384,0.0,4096
100,2,100,pooled,60.0,93.13711484170408,0.9313711484170407,149,9.166666666666666,550,356,1.9236363636363636,2.0,3.0,5.0,5,51.316169778915885,92.92329376927384,0.0,32
100,2,100,pooled,60.0,93.13711484170408,0.9313711484170407,149,9.166666666666666,550,356,1.9236363636363636,2.0,3.0,5.0,5,51.316169778915885,92.92329376927384,0.0,64
100,2,100,pooled,60.0,93.13711484170408,0.9313711484170407,149,9.166666666666666,550,356,1.9236363636363636,2.0,3.0,5.0,5,51.316169778915885,92.92329376927384,0.0,128
100,2,100,pooled,60.0,93.13711484170408,0.9313711484170407,149,9.166666666666666,550,356,1.9236363636363636,2.0,3.0,5.0,5,51.316169778915885,92.92329376927384,0.0,256
100,2,100,pooled,60.0,93.13711484170408,0.9313711484170407,149,9.166666666666666,550,356,1.9236363636363636,2.0,3.0,5.0,5,51.316169778915885,92.92329376927384,0.0,512
100,2,100,pooled,60.0,93.13711484170408,0.9313711484170407,149,9.166666666666666,550,356,1.9236363636363636,2.0,3.0,5.0,5,51.316169778915885,92.92329376927384,0.0,1024
100,2,100,pooled,60.0,93.13711484170408,0.9313711484170407,149,9.166666666666666,550,356,1.9236363636363636,2.0,3.0,5.0,5,51.316169778915885,92.92329376927384,0.0,4096
100,2,100,route_key,60.0,93.13711484170408,0.9313711484170407,149,9.166666666666666,550,479,1.2836363636363637,1.0,2.0,3.0,3,51.316169778915885,92.92329376927384,0.0,32
100,2,100,route_key,60.0,93.13711484170408,0.9313711484170407,149,9.166666666666666,550,479,1.2836363636363637,1.0,2.0,3.0,3,51.316169778915885,92.92329376927384,0.0,64
100,2,100,route_key,60.0,93.13711484170408,0.9313711484170407,149,9.166666666666666,550,479,1.2836363636363637,1.0,2.0,3.0,3,51.316169778915885,92.92329376927384,0.0,128
100,2,100,route_key,60.0,93.13711484170408,0.9313711484170407,149,9.166666666666666,550,479,1.2836363636363637,1.0,2.0,3.0,3,51.316169778915885,92.92329376927384,0.0,256
100,2,100,route_key,60.0,93.13711484170408,0.9313711484170407,149,9.166666666666666,550,479,1.2836363636363637,1.0,2.0,3.0,3,51.316169778915885,92.92329376927384,0.0,512
100,2,100,route_key,60.0,93.13711484170408,0.9313711484170407,149,9.166666666666666,550,479,1.2836363636363637,1.0,2.0,3.0,3,51.316169778915885,92.92329376927384,0.0,1024
100,2,100,route_key,60.0,93.13711484170408,0.9313711484170407,149,9.166666666666666,550,479,1.2836363636363637,1.0,2.0,3.0,3,51.316169778915885,92.92329376927384,0.0,4096
100,2,250,event_class,60.0,93.13711484170408,0.9313711484170407,149,9.166666666666666,550,338,2.0472727272727274,2.0,3.0,4.0,5,123.77071523345964,235.634567464929,0.0,32
100,2,250,event_class,60.0,93.13711484170408,0.9313711484170407,149,9.166666666666666,550,338,2.0472727272727274,2.0,3.0,4.0,5,123.77071523345964,235.634567464929,0.0,64
100,2,250,event_class,60.0,93.13711484170408,0.9313711484170407,149,9.166666666666666,550,338,2.0472727272727274,2.0,3.0,4.0,5,123.77071523345964,235.634567464929,0.0,128
100,2,250,event_class,60.0,93.13711484170408,0.9313711484170407,149,9.166666666666666,550,338,2.0472727272727274,2.0,3.0,4.0,5,123.77071523345964,235.634567464929,0.0,256
100,2,250,event_class,60.0,93.13711484170408,0.9313711484170407,149,9.166666666666666,550,338,2.0472727272727274,2.0,3.0,4.0,5,123.77071523345964,235.634567464929,0.0,512
100,2,250,event_class,60.0,93.13711484170408,0.9313711484170407,149,9.166666666666666,550,338,2.0472727272727274,2.0,3.0,4.0,5,123.77071523345964,235.634567464929,0.0,1024
100,2,250,event_class,60.0,93.13711484170408,0.9313711484170407,149,9.166666666666666,550,338,2.0472727272727274,2.0,3.0,4.0,5,123.77071523345964,235.634567464929,0.0,4096
100,2,250,pooled,60.0,93.13711484170408,0.9313711484170407,149,9.166666666666666,550,217,3.192727272727273,3.0,5.0,8.0,8,123.77071523345964,235.634567464929,0.0,32
100,2,250,pooled,60.0,93.13711484170408,0.9313711484170407,149,9.166666666666666,550,217,3.192727272727273,3.0,5.0,8.0,8,123.77071523345964,235.634567464929,0.0,64
100,2,250,pooled,60.0,93.13711484170408,0.9313711484170407,149,9.166666666666666,550,217,3.192727272727273,3.0,5.0,8.0,8,123.77071523345964,235.634567464929,0.0,128
100,2,250,pooled,60.0,93.13711484170408,0.9313711484170407,149,9.166666666666666,550,217,3.192727272727273,3.0,5.0,8.0,8,123.77071523345964,235.634567464929,0.0,256
100,2,250,pooled,60.0,93.13711484170408,0.9313711484170407,149,9.166666666666666,550,217,3.192727272727273,3.0,5.0,8.0,8,123.77071523345964,235.634567464929,0.0,512
100,2,250,pooled,60.0,93.13711484170408,0.9313711484170407,149,9.166666666666666,550,217,3.192727272727273,3.0,5.0,8.0,8,123.77071523345964,235.634567464929,0.0,1024
100,2,250,pooled,60.0,93.13711484170408,0.9313711484170407,149,9.166666666666666,550,217,3.192727272727273,3.0,5.0,8.0,8,123.77071523345964,235.634567464929,0.0,4096
100,2,250,route_key,60.0,93.13711484170408,0.9313711484170407,149,9.166666666666666,550,411,1.6654545454545455,1.0,3.0,4.0,4,123.77071523345964,235.634567464929,0.0,32
100,2,250,route_key,60.0,93.13711484170408,0.9313711484170407,149,9.166666666666666,550,411,1.6654545454545455,1.0,3.0,4.0,4,123.77071523345964,235.634567464929,0.0,64
100,2,250,route_key,60.0,93.13711484170408,0.9313711484170407,149,9.166666666666666,550,411,1.6654545454545455,1.0,3.0,4.0,4,123.77071523345964,235.634567464929,0.0,128
100,2,250,route_key,60.0,93.13711484170408,0.9313711484170407,149,9.166666666666666,550,411,1.6654545454545455,1.0,3.0,4.0,4,123.77071523345964,235.634567464929,0.0,256
100,2,250,route_key,60.0,93.13711484170408,0.9313711484170407,149,9.166666666666666,550,411,1.6654545454545455,1.0,3.0,4.0,4,123.77071523345964,235.634567464929,0.0,512
100,2,250,route_key,60.0,93.13711484170408,0.9313711484170407,149,9.166666666666666,550,411,1.6654545454545455,1.0,3.0,4.0,4,123.77071523345964,235.634567464929,0.0,1024
100,2,250,route_key,60.0,93.13711484170408,0.9313711484170407,149,9.166666666666666,550,411,1.6654545454545455,1.0,3.0,4.0,4,123.77071523345964,235.634567464929,0.0,4096
100,2,500,event_class,60.0,93.13711484170408,0.9313711484170407,149,9.166666666666666,550,221,3.2545454545454544,3.0,5.0,7.0,7,246.95253341527783,472.4367631832468,0.0,32
100,2,500,event_class,60.0,93.13711484170408,0.9313711484170407,149,9.166666666666666,550,221,3.2545454545454544,3.0,5.0,7.0,7,246.95253341527783,472.4367631832468,0.0,64
100,2,500,event_class,60.0,93.13711484170408,0.9313711484170407,149,9.166666666666666,550,221,3.2545454545454544,3.0,5.0,7.0,7,246.95253341527783,472.4367631832468,0.0,128
100,2,500,event_class,60.0,93.13711484170408,0.9313711484170407,149,9.166666666666666,550,221,3.2545454545454544,3.0,5.0,7.0,7,246.95253341527783,472.4367631832468,0.0,256
100,2,500,event_class,60.0,93.13711484170408,0.9313711484170407,149,9.166666666666666,550,221,3.2545454545454544,3.0,5.0,7.0,7,246.95253341527783,472.4367631832468,0.0,512
100,2,500,event_class,60.0,93.13711484170408,0.9313711484170407,149,9.166666666666666,550,221,3.2545454545454544,3.0,5.0,7.0,7,246.95253341527783,472.4367631832468,0.0,1024
100,2,500,event_class,60.0,93.13711484170408,0.9313711484170407,149,9.166666666666666,550,221,3.2545454545454544,3.0,5.0,7.0,7,246.95253341527783,472.4367631832468,0.0,4096
100,2,500,pooled,60.0,93.13711484170408,0.9313711484170407,149,9.166666666666666,550,119,5.672727272727273,6.0,8.0,12.0,12,246.95253341527783,472.4367631832468,0.0,32
100,2,500,pooled,60.0,93.13711484170408,0.9313711484170407,149,9.166666666666666,550,119,5.672727272727273,6.0,8.0,12.0,12,246.95253341527783,472.4367631832468,0.0,64
100,2,500,pooled,60.0,93.13711484170408,0.9313711484170407,149,9.166666666666666,550,119,5.672727272727273,6.0,8.0,12.0,12,246.95253341527783,472.4367631832468,0.0,128
100,2,500,pooled,60.0,93.13711484170408,0.9313711484170407,149,9.166666666666666,550,119,5.672727272727273,6.0,8.0,12.0,12,246.95253341527783,472.4367631832468,0.0,256
100,2,500,pooled,60.0,93.13711484170408,0.9313711484170407,149,9.166666666666666,550,119,5.672727272727273,6.0,8.0,12.0,12,246.95253341527783,472.4367631832468,0.0,512
100,2,500,pooled,60.0,93.13711484170408,0.9313711484170407,149,9.166666666666666,550,119,5.672727272727273,6.0,8.0,12.0,12,246.95253341527783,472.4367631832468,0.0,1024
100,2,500,pooled,60.0,93.13711484170408,0.9313711484170407,149,9.166666666666666,550,119,5.672727272727273,6.0,8.0,12.0,12,246.95253341527783,472.4367631832468,0.0,4096
100,2,500,route_key,60.0,93.13711484170408,0.9313711484170407,149,9.166666666666666,550,330,2.458181818181818,2.0,5.0,7.0,7,246.95253341527783,472.4367631832468,0.0,32
100,2,500,route_key,60.0,93.13711484170408,0.9313711484170407,149,9.166666666666666,550,330,2.458181818181818,2.0,5.0,7.0,7,246.95253341527783,472.4367631832468,0.0,64
100,2,500,route_key,60.0,93.13711484170408,0.9313711484170407,149,9.166666666666666,550,330,2.458181818181818,2.0,5.0,7.0,7,246.95253341527783,472.4367631832468,0.0,128
100,2,500,route_key,60.0,93.13711484170408,0.9313711484170407,149,9.166666666666666,550,330,2.458181818181818,2.0,5.0,7.0,7,246.95253341527783,472.4367631832468,0.0,256
100,2,500,route_key,60.0,93.13711484170408,0.9313711484170407,149,9.166666666666666,550,330,2.458181818181818,2.0,5.0,7.0,7,246.95253341527783,472.4367631832468,0.0,512
100,2,500,route_key,60.0,93.13711484170408,0.9313711484170407,149,9.166666666666666,550,330,2.458181818181818,2.0,5.0,7.0,7,246.95253341527783,472.4367631832468,0.0,1024
100,2,500,route_key,60.0,93.13711484170408,0.9313711484170407,149,9.166666666666666,550,330,2.458181818181818,2.0,5.0,7.0,7,246.95253341527783,472.4367631832468,0.0,4096
100,2,1000,event_class,60.0,93.13711484170408,0.9313711484170407,149,9.166666666666666,550,125,5.5636363636363635,5.0,9.0,13.0,13,496.0434425061869,955.564821719873,0.0,32
100,2,1000,event_class,60.0,93.13711484170408,0.9313711484170407,149,9.166666666666666,550,125,5.5636363636363635,5.0,9.0,13.0,13,496.0434425061869,955.564821719873,0.0,64
100,2,1000,event_class,60.0,93.13711484170408,0.9313711484170407,149,9.166666666666666,550,125,5.5636363636363635,5.0,9.0,13.0,13,496.0434425061869,955.564821719873,0.0,128
100,2,1000,event_class,60.0,93.13711484170408,0.9313711484170407,149,9.166666666666666,550,125,5.5636363636363635,5.0,9.0,13.0,13,496.0434425061869,955.564821719873,0.0,256
100,2,1000,event_class,60.0,93.13711484170408,0.9313711484170407,149,9.166666666666666,550,125,5.5636363636363635,5.0,9.0,13.0,13,496.0434425061869,955.564821719873,0.0,512
100,2,1000,event_class,60.0,93.13711484170408,0.9313711484170407,149,9.166666666666666,550,125,5.5636363636363635,5.0,9.0,13.0,13,496.0434425061869,955.564821719873,0.0,1024
100,2,1000,event_class,60.0,93.13711484170408,0.9313711484170407,149,9.166666666666666,550,125,5.5636363636363635,5.0,9.0,13.0,13,496.0434425061869,955.564821719873,0.0,4096
100,2,1000,pooled,60.0,93.13711484170408,0.9313711484170407,149,9.166666666666666,550,60,10.26909090909091,10.0,14.0,22.0,22,496.0434425061869,955.564821719873,0.0,32
100,2,1000,pooled,60.0,93.13711484170408,0.9313711484170407,149,9.166666666666666,550,60,10.26909090909091,10.0,14.0,22.0,22,496.0434425061869,955.564821719873,0.0,64
100,2,1000,pooled,60.0,93.13711484170408,0.9313711484170407,149,9.166666666666666,550,60,10.26909090909091,10.0,14.0,22.0,22,496.0434425061869,955.564821719873,0.0,128
100,2,1000,pooled,60.0,93.13711484170408,0.9313711484170407,149,9.166666666666666,550,60,10.26909090909091,10.0,14.0,22.0,22,496.0434425061869,955.564821719873,0.0,256
100,2,1000,pooled,60.0,93.13711484170408,0.9313711484170407,149,9.166666666666666,550,60,10.26909090909091,10.0,14.0,22.0,22,496.0434425061869,955.564821719873,0.0,512
100,2,1000,pooled,60.0,93.13711484170408,0.9313711484170407,149,9.166666666666666,550,60,10.26909090909091,10.0,14.0,22.0,22,496.0434425061869,955.564821719873,0.0,1024
100,2,1000,pooled,60.0,93.13711484170408,0.9313711484170407,149,9.166666666666666,550,60,10.26909090909091,10.0,14.0,22.0,22,496.0434425061869,955.564821719873,0.0,4096
100,2,1000,route_key,60.0,93.13711484170408,0.9313711484170407,149,9.166666666666666,550,259,4.047272727272727,3.0,8.0,13.0,13,496.0434425061869,955.564821719873,0.0,32
100,2,1000,route_key,60.0,93.13711484170408,0.9313711484170407,149,9.166666666666666,550,259,4.047272727272727,3.0,8.0,13.0,13,496.0434425061869,955.564821719873,0.0,64
100,2,1000,route_key,60.0,93.13711484170408,0.9313711484170407,149,9.166666666666666,550,259,4.047272727272727,3.0,8.0,13.0,13,496.0434425061869,955.564821719873,0.0,128
100,2,1000,route_key,60.0,93.13711484170408,0.9313711484170407,149,9.166666666666666,550,259,4.047272727272727,3.0,8.0,13.0,13,496.0434425061869,955.564821719873,0.0,256
100,2,1000,route_key,60.0,93.13711484170408,0.9313711484170407,149,9.166666666666666,550,259,4.047272727272727,3.0,8.0,13.0,13,496.0434425061869,955.564821719873,0.0,512
100,2,1000,route_key,60.0,93.13711484170408,0.9313711484170407,149,9.166666666666666,550,259,4.047272727272727,3.0,8.0,13.0,13,496.0434425061869,955.564821719873,0.0,1024
100,2,1000,route_key,60.0,93.13711484170408,0.9313711484170407,149,9.166666666666666,550,259,4.047272727272727,3.0,8.0,13.0,13,496.0434425061869,955.564821719873,0.0,4096
100,3,1,event_class,60.0,93.09422922654609,0.9309422922654609,147,9.633333333333333,578,577,1.0034602076124568,1.0,1.0,1.0,2,0.48827526970063007,0.9314197756982167,0.0,32
100,3,1,event_class,60.0,93.09422922654609,0.9309422922654609,147,9.633333333333333,578,577,1.0034602076124568,1.0,1.0,1.0,2,0.48827526970063007,0.9314197756982167,0.0,64
100,3,1,event_class,60.0,93.09422922654609,0.9309422922654609,147,9.633333333333333,578,577,1.0034602076124568,1.0,1.0,1.0,2,0.48827526970063007,0.9314197756982167,0.0,128
100,3,1,event_class,60.0,93.09422922654609,0.9309422922654609,147,9.633333333333333,578,577,1.0034602076124568,1.0,1.0,1.0,2,0.48827526970063007,0.9314197756982167,0.0,256
100,3,1,event_class,60.0,93.09422922654609,0.9309422922654609,147,9.633333333333333,578,577,1.0034602076124568,1.0,1.0,1.0,2,0.48827526970063007,0.9314197756982167,0.0,512
100,3,1,event_class,60.0,93.09422922654609,0.9309422922654609,147,9.633333333333333,578,577,1.0034602076124568,1.0,1.0,1.0,2,0.48827526970063007,0.9314197756982167,0.0,1024
100,3,1,event_class,60.0,93.09422922654609,0.9309422922654609,147,9.633333333333333,578,577,1.0034602076124568,1.0,1.0,1.0,2,0.48827526970063007,0.9314197756982167,0.0,4096
100,3,1,pooled,60.0,93.09422922654609,0.9309422922654609,147,9.633333333333333,578,576,1.0069204152249136,1.0,1.0,1.0,2,0.48827526970063007,0.9314197756982167,0.0,32
100,3,1,pooled,60.0,93.09422922654609,0.9309422922654609,147,9.633333333333333,578,576,1.0069204152249136,1.0,1.0,1.0,2,0.48827526970063007,0.9314197756982167,0.0,64
100,3,1,pooled,60.0,93.09422922654609,0.9309422922654609,147,9.633333333333333,578,576,1.0069204152249136,1.0,1.0,1.0,2,0.48827526970063007,0.9314197756982167,0.0,128
100,3,1,pooled,60.0,93.09422922654609,0.9309422922654609,147,9.633333333333333,578,576,1.0069204152249136,1.0,1.0,1.0,2,0.48827526970063007,0.9314197756982167,0.0,256
100,3,1,pooled,60.0,93.09422922654609,0.9309422922654609,147,9.633333333333333,578,576,1.0069204152249136,1.0,1.0,1.0,2,0.48827526970063007,0.9314197756982167,0.0,512
100,3,1,pooled,60.0,93.09422922654609,0.9309422922654609,147,9.633333333333333,578,576,1.0069204152249136,1.0,1.0,1.0,2,0.48827526970063007,0.9314197756982167,0.0,1024
100,3,1,pooled,60.0,93.09422922654609,0.9309422922654609,147,9.633333333333333,578,576,1.0069204152249136,1.0,1.0,1.0,2,0.48827526970063007,0.9314197756982167,0.0,4096
100,3,1,route_key,60.0,93.09422922654609,0.9309422922654609,147,9.633333333333333,578,577,1.0034602076124568,1.0,1.0,1.0,2,0.48827526970063007,0.9314197756982167,0.0,32
100,3,1,route_key,60.0,93.09422922654609,0.9309422922654609,147,9.633333333333333,578,577,1.0034602076124568,1.0,1.0,1.0,2,0.48827526970063007,0.9314197756982167,0.0,64
100,3,1,route_key,60.0,93.09422922654609,0.9309422922654609,147,9.633333333333333,578,577,1.0034602076124568,1.0,1.0,1.0,2,0.48827526970063007,0.9314197756982167,0.0,128
100,3,1,route_key,60.0,93.09422922654609,0.9309422922654609,147,9.633333333333333,578,577,1.0034602076124568,1.0,1.0,1.0,2,0.48827526970063007,0.9314197756982167,0.0,256
100,3,1,route_key,60.0,93.09422922654609,0.9309422922654609,147,9.633333333333333,578,577,1.0034602076124568,1.0,1.0,1.0,2,0.48827526970063007,0.9314197756982167,0.0,512
100,3,1,route_key,60.0,93.09422922654609,0.9309422922654609,147,9.633333333333333,578,577,1.0034602076124568,1.0,1.0,1.0,2,0.48827526970063007,0.9314197756982167,0.0,1024
100,3,1,route_key,60.0,93.09422922654609,0.9309422922654609,147,9.633333333333333,578,577,1.0034602076124568,1.0,1.0,1.0,2,0.48827526970063007,0.9314197756982167,0.0,4096
100,3,5,event_class,60.0,93.09422922654609,0.9309422922654609,147,9.633333333333333,578,571,1.0242214532871972,1.0,1.0,2.0,2,2.441562466932446,4.657228846516048,0.0,32
100,3,5,event_class,60.0,93.09422922654609,0.9309422922654609,147,9.633333333333333,578,571,1.0242214532871972,1.0,1.0,2.0,2,2.441562466932446,4.657228846516048,0.0,64
100,3,5,event_class,60.0,93.09422922654609,0.9309422922654609,147,9.633333333333333,578,571,1.0242214532871972,1.0,1.0,2.0,2,2.441562466932446,4.657228846516048,0.0,128
100,3,5,event_class,60.0,93.09422922654609,0.9309422922654609,147,9.633333333333333,578,571,1.0242214532871972,1.0,1.0,2.0,2,2.441562466932446,4.657228846516048,0.0,256
100,3,5,event_class,60.0,93.09422922654609,0.9309422922654609,147,9.633333333333333,578,571,1.0242214532871972,1.0,1.0,2.0,2,2.441562466932446,4.657228846516048,0.0,512
100,3,5,event_class,60.0,93.09422922654609,0.9309422922654609,147,9.633333333333333,578,571,1.0242214532871972,1.0,1.0,2.0,2,2.441562466932446,4.657228846516048,0.0,1024
100,3,5,event_class,60.0,93.09422922654609,0.9309422922654609,147,9.633333333333333,578,571,1.0242214532871972,1.0,1.0,2.0,2,2.441562466932446,4.657228846516048,0.0,4096
100,3,5,pooled,60.0,93.09422922654609,0.9309422922654609,147,9.633333333333333,578,566,1.041522491349481,1.0,1.0,2.0,2,2.441562466932446,4.657228846516048,0.0,32
100,3,5,pooled,60.0,93.09422922654609,0.9309422922654609,147,9.633333333333333,578,566,1.041522491349481,1.0,1.0,2.0,2,2.441562466932446,4.657228846516048,0.0,64
100,3,5,pooled,60.0,93.09422922654609,0.9309422922654609,147,9.633333333333333,578,566,1.041522491349481,1.0,1.0,2.0,2,2.441562466932446,4.657228846516048,0.0,128
100,3,5,pooled,60.0,93.09422922654609,0.9309422922654609,147,9.633333333333333,578,566,1.041522491349481,1.0,1.0,2.0,2,2.441562466932446,4.657228846516048,0.0,256
100,3,5,pooled,60.0,93.09422922654609,0.9309422922654609,147,9.633333333333333,578,566,1.041522491349481,1.0,1.0,2.0,2,2.441562466932446,4.657228846516048,0.0,512
100,3,5,pooled,60.0,93.09422922654609,0.9309422922654609,147,9.633333333333333,578,566,1.041522491349481,1.0,1.0,2.0,2,2.441562466932446,4.657228846516048,0.0,1024
100,3,5,pooled,60.0,93.09422922654609,0.9309422922654609,147,9.633333333333333,578,566,1.041522491349481,1.0,1.0,2.0,2,2.441562466932446,4.657228846516048,0.0,4096
100,3,5,route_key,60.0,93.09422922654609,0.9309422922654609,147,9.633333333333333,578,575,1.0103806228373702,1.0,1.0,1.2300000000000182,2,2.441562466932446,4.657228846516048,0.0,32
100,3,5,route_key,60.0,93.09422922654609,0.9309422922654609,147,9.633333333333333,578,575,1.0103806228373702,1.0,1.0,1.2300000000000182,2,2.441562466932446,4.657228846516048,0.0,64
100,3,5,route_key,60.0,93.09422922654609,0.9309422922654609,147,9.633333333333333,578,575,1.0103806228373702,1.0,1.0,1.2300000000000182,2,2.441562466932446,4.657228846516048,0.0,128
100,3,5,route_key,60.0,93.09422922654609,0.9309422922654609,147,9.633333333333333,578,575,1.0103806228373702,1.0,1.0,1.2300000000000182,2,2.441562466932446,4.657228846516048,0.0,256
100,3,5,route_key,60.0,93.09422922654609,0.9309422922654609,147,9.633333333333333,578,575,1.0103806228373702,1.0,1.0,1.2300000000000182,2,2.441562466932446,4.657228846516048,0.0,512
100,3,5,route_key,60.0,93.09422922654609,0.9309422922654609,147,9.633333333333333,578,575,1.0103806228373702,1.0,1.0,1.2300000000000182,2,2.441562466932446,4.657228846516048,0.0,1024
100,3,5,route_key,60.0,93.09422922654609,0.9309422922654609,147,9.633333333333333,578,575,1.0103806228373702,1.0,1.0,1.2300000000000182,2,2.441562466932446,4.657228846516048,0.0,4096
100,3,10,event_class,60.0,93.09422922654609,0.9309422922654609,147,9.633333333333333,578,564,1.0519031141868511,1.0,1.0,2.0,3,4.872358314683296,9.395208266613153,0.0,32
100,3,10,event_class,60.0,93.09422922654609,0.9309422922654609,147,9.633333333333333,578,564,1.0519031141868511,1.0,1.0,2.0,3,4.872358314683296,9.395208266613153,0.0,64
100,3,10,event_class,60.0,93.09422922654609,0.9309422922654609,147,9.633333333333333,578,564,1.0519031141868511,1.0,1.0,2.0,3,4.872358314683296,9.395208266613153,0.0,128
100,3,10,event_class,60.0,93.09422922654609,0.9309422922654609,147,9.633333333333333,578,564,1.0519031141868511,1.0,1.0,2.0,3,4.872358314683296,9.395208266613153,0.0,256
100,3,10,event_class,60.0,93.09422922654609,0.9309422922654609,147,9.633333333333333,578,564,1.0519031141868511,1.0,1.0,2.0,3,4.872358314683296,9.395208266613153,0.0,512
100,3,10,event_class,60.0,93.09422922654609,0.9309422922654609,147,9.633333333333333,578,564,1.0519031141868511,1.0,1.0,2.0,3,4.872358314683296,9.395208266613153,0.0,1024
100,3,10,event_class,60.0,93.09422922654609,0.9309422922654609,147,9.633333333333333,578,564,1.0519031141868511,1.0,1.0,2.0,3,4.872358314683296,9.395208266613153,0.0,4096
100,3,10,pooled,60.0,93.09422922654609,0.9309422922654609,147,9.633333333333333,578,547,1.1176470588235294,1.0,2.0,2.0,4,4.872358314683296,9.395208266613153,0.0,32
100,3,10,pooled,60.0,93.09422922654609,0.9309422922654609,147,9.633333333333333,578,547,1.1176470588235294,1.0,2.0,2.0,4,4.872358314683296,9.395208266613153,0.0,64
100,3,10,pooled,60.0,93.09422922654609,0.9309422922654609,147,9.633333333333333,578,547,1.1176470588235294,1.0,2.0,2.0,4,4.872358314683296,9.395208266613153,0.0,128
100,3,10,pooled,60.0,93.09422922654609,0.9309422922654609,147,9.633333333333333,578,547,1.1176470588235294,1.0,2.0,2.0,4,4.872358314683296,9.395208266613153,0.0,256
100,3,10,pooled,60.0,93.09422922654609,0.9309422922654609,147,9.633333333333333,578,547,1.1176470588235294,1.0,2.0,2.0,4,4.872358314683296,9.395208266613153,0.0,512
100,3,10,pooled,60.0,93.09422922654609,0.9309422922654609,147,9.633333333333333,578,547,1.1176470588235294,1.0,2.0,2.0,4,4.872358314683296,9.395208266613153,0.0,1024
100,3,10,pooled,60.0,93.09422922654609,0.9309422922654609,147,9.633333333333333,578,547,1.1176470588235294,1.0,2.0,2.0,4,4.872358314683296,9.395208266613153,0.0,4096
100,3,10,route_key,60.0,93.09422922654609,0.9309422922654609,147,9.633333333333333,578,572,1.0207612456747406,1.0,1.0,2.0,2,4.872358314683296,9.395208266613153,0.0,32
100,3,10,route_key,60.0,93.09422922654609,0.9309422922654609,147,9.633333333333333,578,572,1.0207612456747406,1.0,1.0,2.0,2,4.872358314683296,9.395208266613153,0.0,64
100,3,10,route_key,60.0,93.09422922654609,0.9309422922654609,147,9.633333333333333,578,572,1.0207612456747406,1.0,1.0,2.0,2,4.872358314683296,9.395208266613153,0.0,128
100,3,10,route_key,60.0,93.09422922654609,0.9309422922654609,147,9.633333333333333,578,572,1.0207612456747406,1.0,1.0,2.0,2,4.872358314683296,9.395208266613153,0.0,256
100,3,10,route_key,60.0,93.09422922654609,0.9309422922654609,147,9.633333333333333,578,572,1.0207612456747406,1.0,1.0,2.0,2,4.872358314683296,9.395208266613153,0.0,512
100,3,10,route_key,60.0,93.09422922654609,0.9309422922654609,147,9.633333333333333,578,572,1.0207612456747406,1.0,1.0,2.0,2,4.872358314683296,9.395208266613153,0.0,1024
100,3,10,route_key,60.0,93.09422922654609,0.9309422922654609,147,9.633333333333333,578,572,1.0207612456747406,1.0,1.0,2.0,2,4.872358314683296,9.395208266613153,0.0,4096
100,3,25,event_class,60.0,93.09422922654609,0.9309422922654609,147,9.633333333333333,578,544,1.1245674740484428,1.0,2.0,2.230000000000018,3,12.528067657244799,23.507689449334986,0.0,32
100,3,25,event_class,60.0,93.09422922654609,0.9309422922654609,147,9.633333333333333,578,544,1.1245674740484428,1.0,2.0,2.230000000000018,3,12.528067657244799,23.507689449334986,0.0,64
100,3,25,event_class,60.0,93.09422922654609,0.9309422922654609,147,9.633333333333333,578,544,1.1245674740484428,1.0,2.0,2.230000000000018,3,12.528067657244799,23.507689449334986,0.0,128
100,3,25,event_class,60.0,93.09422922654609,0.9309422922654609,147,9.633333333333333,578,544,1.1245674740484428,1.0,2.0,2.230000000000018,3,12.528067657244799,23.507689449334986,0.0,256
100,3,25,event_class,60.0,93.09422922654609,0.9309422922654609,147,9.633333333333333,578,544,1.1245674740484428,1.0,2.0,2.230000000000018,3,12.528067657244799,23.507689449334986,0.0,512
100,3,25,event_class,60.0,93.09422922654609,0.9309422922654609,147,9.633333333333333,578,544,1.1245674740484428,1.0,2.0,2.230000000000018,3,12.528067657244799,23.507689449334986,0.0,1024
100,3,25,event_class,60.0,93.09422922654609,0.9309422922654609,147,9.633333333333333,578,544,1.1245674740484428,1.0,2.0,2.230000000000018,3,12.528067657244799,23.507689449334986,0.0,4096
100,3,25,pooled,60.0,93.09422922654609,0.9309422922654609,147,9.633333333333333,578,515,1.2352941176470589,1.0,2.0,3.0,3,12.528067657244799,23.507689449334986,0.0,32
100,3,25,pooled,60.0,93.09422922654609,0.9309422922654609,147,9.633333333333333,578,515,1.2352941176470589,1.0,2.0,3.0,3,12.528067657244799,23.507689449334986,0.0,64
100,3,25,pooled,60.0,93.09422922654609,0.9309422922654609,147,9.633333333333333,578,515,1.2352941176470589,1.0,2.0,3.0,3,12.528067657244799,23.507689449334986,0.0,128
100,3,25,pooled,60.0,93.09422922654609,0.9309422922654609,147,9.633333333333333,578,515,1.2352941176470589,1.0,2.0,3.0,3,12.528067657244799,23.507689449334986,0.0,256
100,3,25,pooled,60.0,93.09422922654609,0.9309422922654609,147,9.633333333333333,578,515,1.2352941176470589,1.0,2.0,3.0,3,12.528067657244799,23.507689449334986,0.0,512
100,3,25,pooled,60.0,93.09422922654609,0.9309422922654609,147,9.633333333333333,578,515,1.2352941176470589,1.0,2.0,3.0,3,12.528067657244799,23.507689449334986,0.0,1024
100,3,25,pooled,60.0,93.09422922654609,0.9309422922654609,147,9.633333333333333,578,515,1.2352941176470589,1.0,2.0,3.0,3,12.528067657244799,23.507689449334986,0.0,4096
100,3,25,route_key,60.0,93.09422922654609,0.9309422922654609,147,9.633333333333333,578,567,1.0380622837370241,1.0,1.0,2.0,2,12.528067657244799,23.507689449334986,0.0,32
100,3,25,route_key,60.0,93.09422922654609,0.9309422922654609,147,9.633333333333333,578,567,1.0380622837370241,1.0,1.0,2.0,2,12.528067657244799,23.507689449334986,0.0,64
100,3,25,route_key,60.0,93.09422922654609,0.9309422922654609,147,9.633333333333333,578,567,1.0380622837370241,1.0,1.0,2.0,2,12.528067657244799,23.507689449334986,0.0,128
100,3,25,route_key,60.0,93.09422922654609,0.9309422922654609,147,9.633333333333333,578,567,1.0380622837370241,1.0,1.0,2.0,2,12.528067657244799,23.507689449334986,0.0,256
100,3,25,route_key,60.0,93.09422922654609,0.9309422922654609,147,9.633333333333333,578,567,1.0380622837370241,1.0,1.0,2.0,2,12.528067657244799,23.507689449334986,0.0,512
100,3,25,route_key,60.0,93.09422922654609,0.9309422922654609,147,9.633333333333333,578,567,1.0380622837370241,1.0,1.0,2.0,2,12.528067657244799,23.507689449334986,0.0,1024
100,3,25,route_key,60.0,93.09422922654609,0.9309422922654609,147,9.633333333333333,578,567,1.0380622837370241,1.0,1.0,2.0,2,12.528067657244799,23.507689449334986,0.0,4096
100,3,50,event_class,60.0,93.09422922654609,0.9309422922654609,147,9.633333333333333,578,510,1.2560553633217992,1.0,2.0,3.0,3,25.633603989424834,47.9588288194539,0.0,32
100,3,50,event_class,60.0,93.09422922654609,0.9309422922654609,147,9.633333333333333,578,510,1.2560553633217992,1.0,2.0,3.0,3,25.633603989424834,47.9588288194539,0.0,64
100,3,50,event_class,60.0,93.09422922654609,0.9309422922654609,147,9.633333333333333,578,510,1.2560553633217992,1.0,2.0,3.0,3,25.633603989424834,47.9588288194539,0.0,128
100,3,50,event_class,60.0,93.09422922654609,0.9309422922654609,147,9.633333333333333,578,510,1.2560553633217992,1.0,2.0,3.0,3,25.633603989424834,47.9588288194539,0.0,256
100,3,50,event_class,60.0,93.09422922654609,0.9309422922654609,147,9.633333333333333,578,510,1.2560553633217992,1.0,2.0,3.0,3,25.633603989424834,47.9588288194539,0.0,512
100,3,50,event_class,60.0,93.09422922654609,0.9309422922654609,147,9.633333333333333,578,510,1.2560553633217992,1.0,2.0,3.0,3,25.633603989424834,47.9588288194539,0.0,1024
100,3,50,event_class,60.0,93.09422922654609,0.9309422922654609,147,9.633333333333333,578,510,1.2560553633217992,1.0,2.0,3.0,3,25.633603989424834,47.9588288194539,0.0,4096
100,3,50,pooled,60.0,93.09422922654609,0.9309422922654609,147,9.633333333333333,578,456,1.505190311418685,1.0,2.0,4.0,4,25.633603989424834,47.9588288194539,0.0,32
100,3,50,pooled,60.0,93.09422922654609,0.9309422922654609,147,9.633333333333333,578,456,1.505190311418685,1.0,2.0,4.0,4,25.633603989424834,47.9588288194539,0.0,64
100,3,50,pooled,60.0,93.09422922654609,0.9309422922654609,147,9.633333333333333,578,456,1.505190311418685,1.0,2.0,4.0,4,25.633603989424834,47.9588288194539,0.0,128
100,3,50,pooled,60.0,93.09422922654609,0.9309422922654609,147,9.633333333333333,578,456,1.505190311418685,1.0,2.0,4.0,4,25.633603989424834,47.9588288194539,0.0,256
100,3,50,pooled,60.0,93.09422922654609,0.9309422922654609,147,9.633333333333333,578,456,1.505190311418685,1.0,2.0,4.0,4,25.633603989424834,47.9588288194539,0.0,512
100,3,50,pooled,60.0,93.09422922654609,0.9309422922654609,147,9.633333333333333,578,456,1.505190311418685,1.0,2.0,4.0,4,25.633603989424834,47.9588288194539,0.0,1024
100,3,50,pooled,60.0,93.09422922654609,0.9309422922654609,147,9.633333333333333,578,456,1.505190311418685,1.0,2.0,4.0,4,25.633603989424834,47.9588288194539,0.0,4096
100,3,50,route_key,60.0,93.09422922654609,0.9309422922654609,147,9.633333333333333,578,549,1.1072664359861593,1.0,1.0,2.230000000000018,3,25.633603989424834,47.9588288194539,0.0,32
100,3,50,route_key,60.0,93.09422922654609,0.9309422922654609,147,9.633333333333333,578,549,1.1072664359861593,1.0,1.0,2.230000000000018,3,25.633603989424834,47.9588288194539,0.0,64
100,3,50,route_key,60.0,93.09422922654609,0.9309422922654609,147,9.633333333333333,578,549,1.1072664359861593,1.0,1.0,2.230000000000018,3,25.633603989424834,47.9588288194539,0.0,128
100,3,50,route_key,60.0,93.09422922654609,0.9309422922654609,147,9.633333333333333,578,549,1.1072664359861593,1.0,1.0,2.230000000000018,3,25.633603989424834,47.9588288194539,0.0,256
100,3,50,route_key,60.0,93.09422922654609,0.9309422922654609,147,9.633333333333333,578,549,1.1072664359861593,1.0,1.0,2.230000000000018,3,25.633603989424834,47.9588288194539,0.0,512
100,3,50,route_key,60.0,93.09422922654609,0.9309422922654609,147,9.633333333333333,578,549,1.1072664359861593,1.0,1.0,2.230000000000018,3,25.633603989424834,47.9588288194539,0.0,1024
100,3,50,route_key,60.0,93.09422922654609,0.9309422922654609,147,9.633333333333333,578,549,1.1072664359861593,1.0,1.0,2.230000000000018,3,25.633603989424834,47.9588288194539,0.0,4096
100,3,100,event_class,60.0,93.09422922654609,0.9309422922654609,147,9.633333333333333,578,453,1.5224913494809689,1.0,3.0,4.0,4,47.95194308977089,96.08637794414827,0.0,32
100,3,100,event_class,60.0,93.09422922654609,0.9309422922654609,147,9.633333333333333,578,453,1.5224913494809689,1.0,3.0,4.0,4,47.95194308977089,96.08637794414827,0.0,64
100,3,100,event_class,60.0,93.09422922654609,0.9309422922654609,147,9.633333333333333,578,453,1.5224913494809689,1.0,3.0,4.0,4,47.95194308977089,96.08637794414827,0.0,128
100,3,100,event_class,60.0,93.09422922654609,0.9309422922654609,147,9.633333333333333,578,453,1.5224913494809689,1.0,3.0,4.0,4,47.95194308977089,96.08637794414827,0.0,256
100,3,100,event_class,60.0,93.09422922654609,0.9309422922654609,147,9.633333333333333,578,453,1.5224913494809689,1.0,3.0,4.0,4,47.95194308977089,96.08637794414827,0.0,512
100,3,100,event_class,60.0,93.09422922654609,0.9309422922654609,147,9.633333333333333,578,453,1.5224913494809689,1.0,3.0,4.0,4,47.95194308977089,96.08637794414827,0.0,1024
100,3,100,event_class,60.0,93.09422922654609,0.9309422922654609,147,9.633333333333333,578,453,1.5224913494809689,1.0,3.0,4.0,4,47.95194308977089,96.08637794414827,0.0,4096
100,3,100,pooled,60.0,93.09422922654609,0.9309422922654609,147,9.633333333333333,578,366,2.013840830449827,2.0,3.0,5.230000000000018,6,47.95194308977089,96.08637794414827,0.0,32
100,3,100,pooled,60.0,93.09422922654609,0.9309422922654609,147,9.633333333333333,578,366,2.013840830449827,2.0,3.0,5.230000000000018,6,47.95194308977089,96.08637794414827,0.0,64
100,3,100,pooled,60.0,93.09422922654609,0.9309422922654609,147,9.633333333333333,578,366,2.013840830449827,2.0,3.0,5.230000000000018,6,47.95194308977089,96.08637794414827,0.0,128
100,3,100,pooled,60.0,93.09422922654609,0.9309422922654609,147,9.633333333333333,578,366,2.013840830449827,2.0,3.0,5.230000000000018,6,47.95194308977089,96.08637794414827,0.0,256
100,3,100,pooled,60.0,93.09422922654609,0.9309422922654609,147,9.633333333333333,578,366,2.013840830449827,2.0,3.0,5.230000000000018,6,47.95194308977089,96.08637794414827,0.0,512
100,3,100,pooled,60.0,93.09422922654609,0.9309422922654609,147,9.633333333333333,578,366,2.013840830449827,2.0,3.0,5.230000000000018,6,47.95194308977089,96.08637794414827,0.0,1024
100,3,100,pooled,60.0,93.09422922654609,0.9309422922654609,147,9.633333333333333,578,366,2.013840830449827,2.0,3.0,5.230000000000018,6,47.95194308977089,96.08637794414827,0.0,4096
100,3,100,route_key,60.0,93.09422922654609,0.9309422922654609,147,9.633333333333333,578,516,1.2352941176470589,1.0,2.0,3.0,3,47.95194308977089,96.08637794414827,0.0,32
100,3,100,route_key,60.0,93.09422922654609,0.9309422922654609,147,9.633333333333333,578,516,1.2352941176470589,1.0,2.0,3.0,3,47.95194308977089,96.08637794414827,0.0,64
100,3,100,route_key,60.0,93.09422922654609,0.9309422922654609,147,9.633333333333333,578,516,1.2352941176470589,1.0,2.0,3.0,3,47.95194308977089,96.08637794414827,0.0,128
100,3,100,route_key,60.0,93.09422922654609,0.9309422922654609,147,9.633333333333333,578,516,1.2352941176470589,1.0,2.0,3.0,3,47.95194308977089,96.08637794414827,0.0,256
100,3,100,route_key,60.0,93.09422922654609,0.9309422922654609,147,9.633333333333333,578,516,1.2352941176470589,1.0,2.0,3.0,3,47.95194308977089,96.08637794414827,0.0,512
100,3,100,route_key,60.0,93.09422922654609,0.9309422922654609,147,9.633333333333333,578,516,1.2352941176470589,1.0,2.0,3.0,3,47.95194308977089,96.08637794414827,0.0,1024
100,3,100,route_key,60.0,93.09422922654609,0.9309422922654609,147,9.633333333333333,578,516,1.2352941176470589,1.0,2.0,3.0,3,47.95194308977089,96.08637794414827,0.0,4096
100,3,250,event_class,60.0,93.09422922654609,0.9309422922654609,147,9.633333333333333,578,344,2.141868512110727,2.0,4.0,5.230000000000018,6,125.4605936088003,241.88804542385273,0.0,32
100,3,250,event_class,60.0,93.09422922654609,0.9309422922654609,147,9.633333333333333,578,344,2.141868512110727,2.0,4.0,5.230000000000018,6,125.4605936088003,241.88804542385273,0.0,64
100,3,250,event_class,60.0,93.09422922654609,0.9309422922654609,147,9.633333333333333,578,344,2.141868512110727,2.0,4.0,5.230000000000018,6,125.4605936088003,241.88804542385273,0.0,128
100,3,250,event_class,60.0,93.09422922654609,0.9309422922654609,147,9.633333333333333,578,344,2.141868512110727,2.0,4.0,5.230000000000018,6,125.4605936088003,241.88804542385273,0.0,256
100,3,250,event_class,60.0,93.09422922654609,0.9309422922654609,147,9.633333333333333,578,344,2.141868512110727,2.0,4.0,5.230000000000018,6,125.4605936088003,241.88804542385273,0.0,512
100,3,250,event_class,60.0,93.09422922654609,0.9309422922654609,147,9.633333333333333,578,344,2.141868512110727,2.0,4.0,5.230000000000018,6,125.4605936088003,241.88804542385273,0.0,1024
100,3,250,event_class,60.0,93.09422922654609,0.9309422922654609,147,9.633333333333333,578,344,2.141868512110727,2.0,4.0,5.230000000000018,6,125.4605936088003,241.88804542385273,0.0,4096
100,3,250,pooled,60.0,93.09422922654609,0.9309422922654609,147,9.633333333333333,578,222,3.3529411764705883,3.0,5.0,7.0,7,125.4605936088003,241.88804542385273,0.0,32
100,3,250,pooled,60.0,93.09422922654609,0.9309422922654609,147,9.633333333333333,578,222,3.3529411764705883,3.0,5.0,7.0,7,125.4605936088003,241.88804542385273,0.0,64
100,3,250,pooled,60.0,93.09422922654609,0.9309422922654609,147,9.633333333333333,578,222,3.3529411764705883,3.0,5.0,7.0,7,125.4605936088003,241.88804542385273,0.0,128
100,3,250,pooled,60.0,93.09422922654609,0.9309422922654609,147,9.633333333333333,578,222,3.3529411764705883,3.0,5.0,7.0,7,125.4605936088003,241.88804542385273,0.0,256
100,3,250,pooled,60.0,93.09422922654609,0.9309422922654609,147,9.633333333333333,578,222,3.3529411764705883,3.0,5.0,7.0,7,125.4605936088003,241.88804542385273,0.0,512
100,3,250,pooled,60.0,93.09422922654609,0.9309422922654609,147,9.633333333333333,578,222,3.3529411764705883,3.0,5.0,7.0,7,125.4605936088003,241.88804542385273,0.0,1024
100,3,250,pooled,60.0,93.09422922654609,0.9309422922654609,147,9.633333333333333,578,222,3.3529411764705883,3.0,5.0,7.0,7,125.4605936088003,241.88804542385273,0.0,4096
100,3,250,route_key,60.0,93.09422922654609,0.9309422922654609,147,9.633333333333333,578,454,1.5432525951557095,1.0,3.0,4.0,4,125.4605936088003,241.88804542385273,0.0,32
100,3,250,route_key,60.0,93.09422922654609,0.9309422922654609,147,9.633333333333333,578,454,1.5432525951557095,1.0,3.0,4.0,4,125.4605936088003,241.88804542385273,0.0,64
100,3,250,route_key,60.0,93.09422922654609,0.9309422922654609,147,9.633333333333333,578,454,1.5432525951557095,1.0,3.0,4.0,4,125.4605936088003,241.88804542385273,0.0,128
100,3,250,route_key,60.0,93.09422922654609,0.9309422922654609,147,9.633333333333333,578,454,1.5432525951557095,1.0,3.0,4.0,4,125.4605936088003,241.88804542385273,0.0,256
100,3,250,route_key,60.0,93.09422922654609,0.9309422922654609,147,9.633333333333333,578,454,1.5432525951557095,1.0,3.0,4.0,4,125.4605936088003,241.88804542385273,0.0,512
100,3,250,route_key,60.0,93.09422922654609,0.9309422922654609,147,9.633333333333333,578,454,1.5432525951557095,1.0,3.0,4.0,4,125.4605936088003,241.88804542385273,0.0,1024
100,3,250,route_key,60.0,93.09422922654609,0.9309422922654609,147,9.633333333333333,578,454,1.5432525951557095,1.0,3.0,4.0,4,125.4605936088003,241.88804542385273,0.0,4096
100,3,500,event_class,60.0,93.09422922654609,0.9309422922654609,147,9.633333333333333,578,224,3.2975778546712804,3.0,5.0,7.0,7,256.0834309790425,468.9595323912911,0.0,32
100,3,500,event_class,60.0,93.09422922654609,0.9309422922654609,147,9.633333333333333,578,224,3.2975778546712804,3.0,5.0,7.0,7,256.0834309790425,468.9595323912911,0.0,64
100,3,500,event_class,60.0,93.09422922654609,0.9309422922654609,147,9.633333333333333,578,224,3.2975778546712804,3.0,5.0,7.0,7,256.0834309790425,468.9595323912911,0.0,128
100,3,500,event_class,60.0,93.09422922654609,0.9309422922654609,147,9.633333333333333,578,224,3.2975778546712804,3.0,5.0,7.0,7,256.0834309790425,468.9595323912911,0.0,256
100,3,500,event_class,60.0,93.09422922654609,0.9309422922654609,147,9.633333333333333,578,224,3.2975778546712804,3.0,5.0,7.0,7,256.0834309790425,468.9595323912911,0.0,512
100,3,500,event_class,60.0,93.09422922654609,0.9309422922654609,147,9.633333333333333,578,224,3.2975778546712804,3.0,5.0,7.0,7,256.0834309790425,468.9595323912911,0.0,1024
100,3,500,event_class,60.0,93.09422922654609,0.9309422922654609,147,9.633333333333333,578,224,3.2975778546712804,3.0,5.0,7.0,7,256.0834309790425,468.9595323912911,0.0,4096
100,3,500,pooled,60.0,93.09422922654609,0.9309422922654609,147,9.633333333333333,578,119,5.7854671280276815,6.0,9.0,11.0,11,256.0834309790425,468.9595323912911,0.0,32
100,3,500,pooled,60.0,93.09422922654609,0.9309422922654609,147,9.633333333333333,578,119,5.7854671280276815,6.0,9.0,11.0,11,256.0834309790425,468.9595323912911,0.0,64
100,3,500,pooled,60.0,93.09422922654609,0.9309422922654609,147,9.633333333333333,578,119,5.7854671280276815,6.0,9.0,11.0,11,256.0834309790425,468.9595323912911,0.0,128
100,3,500,pooled,60.0,93.09422922654609,0.9309422922654609,147,9.633333333333333,578,119,5.7854671280276815,6.0,9.0,11.0,11,256.0834309790425,468.9595323912911,0.0,256
100,3,500,pooled,60.0,93.09422922654609,0.9309422922654609,147,9.633333333333333,578,119,5.7854671280276815,6.0,9.0,11.0,11,256.0834309790425,468.9595323912911,0.0,512
100,3,500,pooled,60.0,93.09422922654609,0.9309422922654609,147,9.633333333333333,578,119,5.7854671280276815,6.0,9.0,11.0,11,256.0834309790425,468.9595323912911,0.0,1024
100,3,500,pooled,60.0,93.09422922654609,0.9309422922654609,147,9.633333333333333,578,119,5.7854671280276815,6.0,9.0,11.0,11,256.0834309790425,468.9595323912911,0.0,4096
100,3,500,route_key,60.0,93.09422922654609,0.9309422922654609,147,9.633333333333333,578,381,2.1176470588235294,2.0,4.0,5.230000000000018,6,256.0834309790425,468.9595323912911,0.0,32
100,3,500,route_key,60.0,93.09422922654609,0.9309422922654609,147,9.633333333333333,578,381,2.1176470588235294,2.0,4.0,5.230000000000018,6,256.0834309790425,468.9595323912911,0.0,64
100,3,500,route_key,60.0,93.09422922654609,0.9309422922654609,147,9.633333333333333,578,381,2.1176470588235294,2.0,4.0,5.230000000000018,6,256.0834309790425,468.9595323912911,0.0,128
100,3,500,route_key,60.0,93.09422922654609,0.9309422922654609,147,9.633333333333333,578,381,2.1176470588235294,2.0,4.0,5.230000000000018,6,256.0834309790425,468.9595323912911,0.0,256
100,3,500,route_key,60.0,93.09422922654609,0.9309422922654609,147,9.633333333333333,578,381,2.1176470588235294,2.0,4.0,5.230000000000018,6,256.0834309790425,468.9595323912911,0.0,512
100,3,500,route_key,60.0,93.09422922654609,0.9309422922654609,147,9.633333333333333,578,381,2.1176470588235294,2.0,4.0,5.230000000000018,6,256.0834309790425,468.9595323912911,0.0,1024
100,3,500,route_key,60.0,93.09422922654609,0.9309422922654609,147,9.633333333333333,578,381,2.1176470588235294,2.0,4.0,5.230000000000018,6,256.0834309790425,468.9595323912911,0.0,4096
100,3,1000,event_class,60.0,93.09422922654609,0.9309422922654609,147,9.633333333333333,578,122,5.719723183391004,6.0,8.0,9.0,9,514.7339500101845,952.5005761010543,0.0,32
100,3,1000,event_class,60.0,93.09422922654609,0.9309422922654609,147,9.633333333333333,578,122,5.719723183391004,6.0,8.0,9.0,9,514.7339500101845,952.5005761010543,0.0,64
100,3,1000,event_class,60.0,93.09422922654609,0.9309422922654609,147,9.633333333333333,578,122,5.719723183391004,6.0,8.0,9.0,9,514.7339500101845,952.5005761010543,0.0,128
100,3,1000,event_class,60.0,93.09422922654609,0.9309422922654609,147,9.633333333333333,578,122,5.719723183391004,6.0,8.0,9.0,9,514.7339500101845,952.5005761010543,0.0,256
100,3,1000,event_class,60.0,93.09422922654609,0.9309422922654609,147,9.633333333333333,578,122,5.719723183391004,6.0,8.0,9.0,9,514.7339500101845,952.5005761010543,0.0,512
100,3,1000,event_class,60.0,93.09422922654609,0.9309422922654609,147,9.633333333333333,578,122,5.719723183391004,6.0,8.0,9.0,9,514.7339500101845,952.5005761010543,0.0,1024
100,3,1000,event_class,60.0,93.09422922654609,0.9309422922654609,147,9.633333333333333,578,122,5.719723183391004,6.0,8.0,9.0,9,514.7339500101845,952.5005761010543,0.0,4096
100,3,1000,pooled,60.0,93.09422922654609,0.9309422922654609,147,9.633333333333333,578,60,10.730103806228374,11.0,15.0,18.0,18,514.7339500101845,952.5005761010543,0.0,32
100,3,1000,pooled,60.0,93.09422922654609,0.9309422922654609,147,9.633333333333333,578,60,10.730103806228374,11.0,15.0,18.0,18,514.7339500101845,952.5005761010543,0.0,64
100,3,1000,pooled,60.0,93.09422922654609,0.9309422922654609,147,9.633333333333333,578,60,10.730103806228374,11.0,15.0,18.0,18,514.7339500101845,952.5005761010543,0.0,128
100,3,1000,pooled,60.0,93.09422922654609,0.9309422922654609,147,9.633333333333333,578,60,10.730103806228374,11.0,15.0,18.0,18,514.7339500101845,952.5005761010543,0.0,256
100,3,1000,pooled,60.0,93.09422922654609,0.9309422922654609,147,9.633333333333333,578,60,10.730103806228374,11.0,15.0,18.0,18,514.7339500101845,952.5005761010543,0.0,512
100,3,1000,pooled,60.0,93.09422922654609,0.9309422922654609,147,9.633333333333333,578,60,10.730103806228374,11.0,15.0,18.0,18,514.7339500101845,952.5005761010543,0.0,1024
100,3,1000,pooled,60.0,93.09422922654609,0.9309422922654609,147,9.633333333333333,578,60,10.730103806228374,11.0,15.0,18.0,18,514.7339500101845,952.5005761010543,0.0,4096
100,3,1000,route_key,60.0,93.09422922654609,0.9309422922654609,147,9.633333333333333,578,302,3.3356401384083045,3.0,7.0,9.0,9,514.7339500101845,952.5005761010543,0.0,32
100,3,1000,route_key,60.0,93.09422922654609,0.9309422922654609,147,9.633333333333333,578,302,3.3356401384083045,3.0,7.0,9.0,9,514.7339500101845,952.5005761010543,0.0,64
100,3,1000,route_key,60.0,93.09422922654609,0.9309422922654609,147,9.633333333333333,578,302,3.3356401384083045,3.0,7.0,9.0,9,514.7339500101845,952.5005761010543,0.0,128
100,3,1000,route_key,60.0,93.09422922654609,0.9309422922654609,147,9.633333333333333,578,302,3.3356401384083045,3.0,7.0,9.0,9,514.7339500101845,952.5005761010543,0.0,256
100,3,1000,route_key,60.0,93.09422922654609,0.9309422922654609,147,9.633333333333333,578,302,3.3356401384083045,3.0,7.0,9.0,9,514.7339500101845,952.5005761010543,0.0,512
100,3,1000,route_key,60.0,93.09422922654609,0.9309422922654609,147,9.633333333333333,578,302,3.3356401384083045,3.0,7.0,9.0,9,514.7339500101845,952.5005761010543,0.0,1024
100,3,1000,route_key,60.0,93.09422922654609,0.9309422922654609,147,9.633333333333333,578,302,3.3356401384083045,3.0,7.0,9.0,9,514.7339500101845,952.5005761010543,0.0,4096
100,4,1,event_class,60.0,98.69083010630737,0.9869083010630737,160,10.933333333333334,656,651,1.0152439024390243,1.0,1.0,2.0,2,0.4902536148436733,0.9488675487414611,0.0,32
100,4,1,event_class,60.0,98.69083010630737,0.9869083010630737,160,10.933333333333334,656,651,1.0152439024390243,1.0,1.0,2.0,2,0.4902536148436733,0.9488675487414611,0.0,64
100,4,1,event_class,60.0,98.69083010630737,0.9869083010630737,160,10.933333333333334,656,651,1.0152439024390243,1.0,1.0,2.0,2,0.4902536148436733,0.9488675487414611,0.0,128
100,4,1,event_class,60.0,98.69083010630737,0.9869083010630737,160,10.933333333333334,656,651,1.0152439024390243,1.0,1.0,2.0,2,0.4902536148436733,0.9488675487414611,0.0,256
100,4,1,event_class,60.0,98.69083010630737,0.9869083010630737,160,10.933333333333334,656,651,1.0152439024390243,1.0,1.0,2.0,2,0.4902536148436733,0.9488675487414611,0.0,512
100,4,1,event_class,60.0,98.69083010630737,0.9869083010630737,160,10.933333333333334,656,651,1.0152439024390243,1.0,1.0,2.0,2,0.4902536148436733,0.9488675487414611,0.0,1024
100,4,1,event_class,60.0,98.69083010630737,0.9869083010630737,160,10.933333333333334,656,651,1.0152439024390243,1.0,1.0,2.0,2,0.4902536148436733,0.9488675487414611,0.0,4096
100,4,1,pooled,60.0,98.69083010630737,0.9869083010630737,160,10.933333333333334,656,649,1.021341463414634,1.0,1.0,2.0,2,0.4902536148436733,0.9488675487414611,0.0,32
100,4,1,pooled,60.0,98.69083010630737,0.9869083010630737,160,10.933333333333334,656,649,1.021341463414634,1.0,1.0,2.0,2,0.4902536148436733,0.9488675487414611,0.0,64
100,4,1,pooled,60.0,98.69083010630737,0.9869083010630737,160,10.933333333333334,656,649,1.021341463414634,1.0,1.0,2.0,2,0.4902536148436733,0.9488675487414611,0.0,128
100,4,1,pooled,60.0,98.69083010630737,0.9869083010630737,160,10.933333333333334,656,649,1.021341463414634,1.0,1.0,2.0,2,0.4902536148436733,0.9488675487414611,0.0,256
100,4,1,pooled,60.0,98.69083010630737,0.9869083010630737,160,10.933333333333334,656,649,1.021341463414634,1.0,1.0,2.0,2,0.4902536148436733,0.9488675487414611,0.0,512
100,4,1,pooled,60.0,98.69083010630737,0.9869083010630737,160,10.933333333333334,656,649,1.021341463414634,1.0,1.0,2.0,2,0.4902536148436733,0.9488675487414611,0.0,1024
100,4,1,pooled,60.0,98.69083010630737,0.9869083010630737,160,10.933333333333334,656,649,1.021341463414634,1.0,1.0,2.0,2,0.4902536148436733,0.9488675487414611,0.0,4096
100,4,1,route_key,60.0,98.69083010630737,0.9869083010630737,160,10.933333333333334,656,653,1.0091463414634145,1.0,1.0,1.0,2,0.4902536148436733,0.9488675487414611,0.0,32
100,4,1,route_key,60.0,98.69083010630737,0.9869083010630737,160,10.933333333333334,656,653,1.0091463414634145,1.0,1.0,1.0,2,0.4902536148436733,0.9488675487414611,0.0,64
100,4,1,route_key,60.0,98.69083010630737,0.9869083010630737,160,10.933333333333334,656,653,1.0091463414634145,1.0,1.0,1.0,2,0.4902536148436733,0.9488675487414611,0.0,128
100,4,1,route_key,60.0,98.69083010630737,0.9869083010630737,160,10.933333333333334,656,653,1.0091463414634145,1.0,1.0,1.0,2,0.4902536148436733,0.9488675487414611,0.0,256
100,4,1,route_key,60.0,98.69083010630737,0.9869083010630737,160,10.933333333333334,656,653,1.0091463414634145,1.0,1.0,1.0,2,0.4902536148436733,0.9488675487414611,0.0,512
100,4,1,route_key,60.0,98.69083010630737,0.9869083010630737,160,10.933333333333334,656,653,1.0091463414634145,1.0,1.0,1.0,2,0.4902536148436733,0.9488675487414611,0.0,1024
100,4,1,route_key,60.0,98.69083010630737,0.9869083010630737,160,10.933333333333334,656,653,1.0091463414634145,1.0,1.0,1.0,2,0.4902536148436733,0.9488675487414611,0.0,4096
100,4,5,event_class,60.0,98.69083010630737,0.9869083010630737,160,10.933333333333334,656,643,1.0396341463414633,1.0,1.0,2.0,2,2.4429975172826435,4.7277933304954445,0.0,32
100,4,5,event_class,60.0,98.69083010630737,0.9869083010630737,160,10.933333333333334,656,643,1.0396341463414633,1.0,1.0,2.0,2,2.4429975172826435,4.7277933304954445,0.0,64
100,4,5,event_class,60.0,98.69083010630737,0.9869083010630737,160,10.933333333333334,656,643,1.0396341463414633,1.0,1.0,2.0,2,2.4429975172826435,4.7277933304954445,0.0,128
100,4,5,event_class,60.0,98.69083010630737,0.9869083010630737,160,10.933333333333334,656,643,1.0396341463414633,1.0,1.0,2.0,2,2.4429975172826435,4.7277933304954445,0.0,256
100,4,5,event_class,60.0,98.69083010630737,0.9869083010630737,160,10.933333333333334,656,643,1.0396341463414633,1.0,1.0,2.0,2,2.4429975172826435,4.7277933304954445,0.0,512
100,4,5,event_class,60.0,98.69083010630737,0.9869083010630737,160,10.933333333333334,656,643,1.0396341463414633,1.0,1.0,2.0,2,2.4429975172826435,4.7277933304954445,0.0,1024
100,4,5,event_class,60.0,98.69083010630737,0.9869083010630737,160,10.933333333333334,656,643,1.0396341463414633,1.0,1.0,2.0,2,2.4429975172826435,4.7277933304954445,0.0,4096
100,4,5,pooled,60.0,98.69083010630737,0.9869083010630737,160,10.933333333333334,656,631,1.079268292682927,1.0,1.0,2.0,3,2.4429975172826435,4.7277933304954445,0.0,32
100,4,5,pooled,60.0,98.69083010630737,0.9869083010630737,160,10.933333333333334,656,631,1.079268292682927,1.0,1.0,2.0,3,2.4429975172826435,4.7277933304954445,0.0,64
100,4,5,pooled,60.0,98.69083010630737,0.9869083010630737,160,10.933333333333334,656,631,1.079268292682927,1.0,1.0,2.0,3,2.4429975172826435,4.7277933304954445,0.0,128
100,4,5,pooled,60.0,98.69083010630737,0.9869083010630737,160,10.933333333333334,656,631,1.079268292682927,1.0,1.0,2.0,3,2.4429975172826435,4.7277933304954445,0.0,256
100,4,5,pooled,60.0,98.69083010630737,0.9869083010630737,160,10.933333333333334,656,631,1.079268292682927,1.0,1.0,2.0,3,2.4429975172826435,4.7277933304954445,0.0,512
100,4,5,pooled,60.0,98.69083010630737,0.9869083010630737,160,10.933333333333334,656,631,1.079268292682927,1.0,1.0,2.0,3,2.4429975172826435,4.7277933304954445,0.0,1024
100,4,5,pooled,60.0,98.69083010630737,0.9869083010630737,160,10.933333333333334,656,631,1.079268292682927,1.0,1.0,2.0,3,2.4429975172826435,4.7277933304954445,0.0,4096
100,4,5,route_key,60.0,98.69083010630737,0.9869083010630737,160,10.933333333333334,656,647,1.0274390243902438,1.0,1.0,2.0,2,2.4429975172826435,4.7277933304954445,0.0,32
100,4,5,route_key,60.0,98.69083010630737,0.9869083010630737,160,10.933333333333334,656,647,1.0274390243902438,1.0,1.0,2.0,2,2.4429975172826435,4.7277933304954445,0.0,64
100,4,5,route_key,60.0,98.69083010630737,0.9869083010630737,160,10.933333333333334,656,647,1.0274390243902438,1.0,1.0,2.0,2,2.4429975172826435,4.7277933304954445,0.0,128
100,4,5,route_key,60.0,98.69083010630737,0.9869083010630737,160,10.933333333333334,656,647,1.0274390243902438,1.0,1.0,2.0,2,2.4429975172826435,4.7277933304954445,0.0,256
100,4,5,route_key,60.0,98.69083010630737,0.9869083010630737,160,10.933333333333334,656,647,1.0274390243902438,1.0,1.0,2.0,2,2.4429975172826435,4.7277933304954445,0.0,512
100,4,5,route_key,60.0,98.69083010630737,0.9869083010630737,160,10.933333333333334,656,647,1.0274390243902438,1.0,1.0,2.0,2,2.4429975172826435,4.7277933304954445,0.0,1024
100,4,5,route_key,60.0,98.69083010630737,0.9869083010630737,160,10.933333333333334,656,647,1.0274390243902438,1.0,1.0,2.0,2,2.4429975172826435,4.7277933304954445,0.0,4096
100,4,10,event_class,60.0,98.69083010630737,0.9869083010630737,160,10.933333333333334,656,636,1.0609756097560976,1.0,1.0,2.0,2,4.882021907526586,9.544972902769233,0.0,32
100,4,10,event_class,60.0,98.69083010630737,0.9869083010630737,160,10.933333333333334,656,636,1.0609756097560976,1.0,1.0,2.0,2,4.882021907526586,9.544972902769233,0.0,64
100,4,10,event_class,60.0,98.69083010630737,0.9869083010630737,160,10.933333333333334,656,636,1.0609756097560976,1.0,1.0,2.0,2,4.882021907526586,9.544972902769233,0.0,128
100,4,10,event_class,60.0,98.69083010630737,0.9869083010630737,160,10.933333333333334,656,636,1.0609756097560976,1.0,1.0,2.0,2,4.882021907526586,9.544972902769233,0.0,256
100,4,10,event_class,60.0,98.69083010630737,0.9869083010630737,160,10.933333333333334,656,636,1.0609756097560976,1.0,1.0,2.0,2,4.882021907526586,9.544972902769233,0.0,512
100,4,10,event_class,60.0,98.69083010630737,0.9869083010630737,160,10.933333333333334,656,636,1.0609756097560976,1.0,1.0,2.0,2,4.882021907526586,9.544972902769233,0.0,1024
100,4,10,event_class,60.0,98.69083010630737,0.9869083010630737,160,10.933333333333334,656,636,1.0609756097560976,1.0,1.0,2.0,2,4.882021907526586,9.544972902769233,0.0,4096
100,4,10,pooled,60.0,98.69083010630737,0.9869083010630737,160,10.933333333333334,656,612,1.146341463414634,1.0,2.0,3.0,3,4.882021907526586,9.544972902769233,0.0,32
100,4,10,pooled,60.0,98.69083010630737,0.9869083010630737,160,10.933333333333334,656,612,1.146341463414634,1.0,2.0,3.0,3,4.882021907526586,9.544972902769233,0.0,64
100,4,10,pooled,60.0,98.69083010630737,0.9869083010630737,160,10.933333333333334,656,612,1.146341463414634,1.0,2.0,3.0,3,4.882021907526586,9.544972902769233,0.0,128
100,4,10,pooled,60.0,98.69083010630737,0.9869083010630737,160,10.933333333333334,656,612,1.146341463414634,1.0,2.0,3.0,3,4.882021907526586,9.544972902769233,0.0,256
100,4,10,pooled,60.0,98.69083010630737,0.9869083010630737,160,10.933333333333334,656,612,1.146341463414634,1.0,2.0,3.0,3,4.882021907526586,9.544972902769233,0.0,512
100,4,10,pooled,60.0,98.69083010630737,0.9869083010630737,160,10.933333333333334,656,612,1.146341463414634,1.0,2.0,3.0,3,4.882021907526586,9.544972902769233,0.0,1024
100,4,10,pooled,60.0,98.69083010630737,0.9869083010630737,160,10.933333333333334,656,612,1.146341463414634,1.0,2.0,3.0,3,4.882021907526586,9.544972902769233,0.0,4096
100,4,10,route_key,60.0,98.69083010630737,0.9869083010630737,160,10.933333333333334,656,641,1.045731707317073,1.0,1.0,2.0,2,4.882021907526586,9.544972902769233,0.0,32
100,4,10,route_key,60.0,98.69083010630737,0.9869083010630737,160,10.933333333333334,656,641,1.045731707317073,1.0,1.0,2.0,2,4.882021907526586,9.544972902769233,0.0,64
100,4,10,route_key,60.0,98.69083010630737,0.9869083010630737,160,10.933333333333334,656,641,1.045731707317073,1.0,1.0,2.0,2,4.882021907526586,9.544972902769233,0.0,128
100,4,10,route_key,60.0,98.69083010630737,0.9869083010630737,160,10.933333333333334,656,641,1.045731707317073,1.0,1.0,2.0,2,4.882021907526586,9.544972902769233,0.0,256
100,4,10,route_key,60.0,98.69083010630737,0.9869083010630737,160,10.933333333333334,656,641,1.045731707317073,1.0,1.0,2.0,2,4.882021907526586,9.544972902769233,0.0,512
100,4,10,route_key,60.0,98.69083010630737,0.9869083010630737,160,10.933333333333334,656,641,1.045731707317073,1.0,1.0,2.0,2,4.882021907526586,9.544972902769233,0.0,1024
100,4,10,route_key,60.0,98.69083010630737,0.9869083010630737,160,10.933333333333334,656,641,1.045731707317073,1.0,1.0,2.0,2,4.882021907526586,9.544972902769233,0.0,4096
100,4,25,event_class,60.0,98.69083010630737,0.9869083010630737,160,10.933333333333334,656,616,1.125,1.0,2.0,2.0,3,12.313424346551942,23.98388706516441,0.0,32
100,4,25,event_class,60.0,98.69083010630737,0.9869083010630737,160,10.933333333333334,656,616,1.125,1.0,2.0,2.0,3,12.313424346551942,23.98388706516441,0.0,64
100,4,25,event_class,60.0,98.69083010630737,0.9869083010630737,160,10.933333333333334,656,616,1.125,1.0,2.0,2.0,3,12.313424346551942,23.98388706516441,0.0,128
100,4,25,event_class,60.0,98.69083010630737,0.9869083010630737,160,10.933333333333334,656,616,1.125,1.0,2.0,2.0,3,12.313424346551942,23.98388706516441,0.0,256
100,4,25,event_class,60.0,98.69083010630737,0.9869083010630737,160,10.933333333333334,656,616,1.125,1.0,2.0,2.0,3,12.313424346551942,23.98388706516441,0.0,512
100,4,25,event_class,60.0,98.69083010630737,0.9869083010630737,160,10.933333333333334,656,616,1.125,1.0,2.0,2.0,3,12.313424346551942,23.98388706516441,0.0,1024
100,4,25,event_class,60.0,98.69083010630737,0.9869083010630737,160,10.933333333333334,656,616,1.125,1.0,2.0,2.0,3,12.313424346551942,23.98388706516441,0.0,4096
100,4,25,pooled,60.0,98.69083010630737,0.9869083010630737,160,10.933333333333334,656,571,1.3079268292682926,1.0,2.0,3.0,5,12.313424346551942,23.98388706516441,0.0,32
100,4,25,pooled,60.0,98.69083010630737,0.9869083010630737,160,10.933333333333334,656,571,1.3079268292682926,1.0,2.0,3.0,5,12.313424346551942,23.98388706516441,0.0,64
100,4,25,pooled,60.0,98.69083010630737,0.9869083010630737,160,10.933333333333334,656,571,1.3079268292682926,1.0,2.0,3.0,5,12.313424346551942,23.98388706516441,0.0,128
100,4,25,pooled,60.0,98.69083010630737,0.9869083010630737,160,10.933333333333334,656,571,1.3079268292682926,1.0,2.0,3.0,5,12.313424346551942,23.98388706516441,0.0,256
100,4,25,pooled,60.0,98.69083010630737,0.9869083010630737,160,10.933333333333334,656,571,1.3079268292682926,1.0,2.0,3.0,5,12.313424346551942,23.98388706516441,0.0,512
100,4,25,pooled,60.0,98.69083010630737,0.9869083010630737,160,10.933333333333334,656,571,1.3079268292682926,1.0,2.0,3.0,5,12.313424346551942,23.98388706516441,0.0,1024
100,4,25,pooled,60.0,98.69083010630737,0.9869083010630737,160,10.933333333333334,656,571,1.3079268292682926,1.0,2.0,3.0,5,12.313424346551942,23.98388706516441,0.0,4096
100,4,25,route_key,60.0,98.69083010630737,0.9869083010630737,160,10.933333333333334,656,626,1.0945121951219512,1.0,1.0,2.0,3,12.313424346551942,23.98388706516441,0.0,32
100,4,25,route_key,60.0,98.69083010630737,0.9869083010630737,160,10.933333333333334,656,626,1.0945121951219512,1.0,1.0,2.0,3,12.313424346551942,23.98388706516441,0.0,64
100,4,25,route_key,60.0,98.69083010630737,0.9869083010630737,160,10.933333333333334,656,626,1.0945121951219512,1.0,1.0,2.0,3,12.313424346551942,23.98388706516441,0.0,128
100,4,25,route_key,60.0,98.69083010630737,0.9869083010630737,160,10.933333333333334,656,626,1.0945121951219512,1.0,1.0,2.0,3,12.313424346551942,23.98388706516441,0.0,256
100,4,25,route_key,60.0,98.69083010630737,0.9869083010630737,160,10.933333333333334,656,626,1.0945121951219512,1.0,1.0,2.0,3,12.313424346551942,23.98388706516441,0.0,512
100,4,25,route_key,60.0,98.69083010630737,0.9869083010630737,160,10.933333333333334,656,626,1.0945121951219512,1.0,1.0,2.0,3,12.313424346551942,23.98388706516441,0.0,1024
100,4,25,route_key,60.0,98.69083010630737,0.9869083010630737,160,10.933333333333334,656,626,1.0945121951219512,1.0,1.0,2.0,3,12.313424346551942,23.98388706516441,0.0,4096
100,4,50,event_class,60.0,98.69083010630737,0.9869083010630737,160,10.933333333333334,656,580,1.2560975609756098,1.0,2.0,3.0,3,24.0893389806983,47.662592116000994,0.0,32
100,4,50,event_class,60.0,98.69083010630737,0.9869083010630737,160,10.933333333333334,656,580,1.2560975609756098,1.0,2.0,3.0,3,24.0893389806983,47.662592116000994,0.0,64
100,4,50,event_class,60.0,98.69083010630737,0.9869083010630737,160,10.933333333333334,656,580,1.2560975609756098,1.0,2.0,3.0,3,24.0893389806983,47.662592116000994,0.0,128
100,4,50,event_class,60.0,98.69083010630737,0.9869083010630737,160,10.933333333333334,656,580,1.2560975609756098,1.0,2.0,3.0,3,24.0893389806983,47.662592116000994,0.0,256
100,4,50,event_class,60.0,98.69083010630737,0.9869083010630737,160,10.933333333333334,656,580,1.2560975609756098,1.0,2.0,3.0,3,24.0893389806983,47.662592116000994,0.0,512
100,4,50,event_class,60.0,98.69083010630737,0.9869083010630737,160,10.933333333333334,656,580,1.2560975609756098,1.0,2.0,3.0,3,24.0893389806983,47.662592116000994,0.0,1024
100,4,50,event_class,60.0,98.69083010630737,0.9869083010630737,160,10.933333333333334,656,580,1.2560975609756098,1.0,2.0,3.0,3,24.0893389806983,47.662592116000994,0.0,4096
100,4,50,pooled,60.0,98.69083010630737,0.9869083010630737,160,10.933333333333334,656,496,1.5914634146341464,1.0,3.0,4.0,5,24.0893389806983,47.662592116000994,0.0,32
100,4,50,pooled,60.0,98.69083010630737,0.9869083010630737,160,10.933333333333334,656,496,1.5914634146341464,1.0,3.0,4.0,5,24.0893389806983,47.662592116000994,0.0,64
100,4,50,pooled,60.0,98.69083010630737,0.9869083010630737,160,10.933333333333334,656,496,1.5914634146341464,1.0,3.0,4.0,5,24.0893389806983,47.662592116000994,0.0,128
100,4,50,pooled,60.0,98.69083010630737,0.9869083010630737,160,10.933333333333334,656,496,1.5914634146341464,1.0,3.0,4.0,5,24.0893389806983,47.662592116000994,0.0,256
100,4,50,pooled,60.0,98.69083010630737,0.9869083010630737,160,10.933333333333334,656,496,1.5914634146341464,1.0,3.0,4.0,5,24.0893389806983,47.662592116000994,0.0,512
100,4,50,pooled,60.0,98.69083010630737,0.9869083010630737,160,10.933333333333334,656,496,1.5914634146341464,1.0,3.0,4.0,5,24.0893389806983,47.662592116000994,0.0,1024
100,4,50,pooled,60.0,98.69083010630737,0.9869083010630737,160,10.933333333333334,656,496,1.5914634146341464,1.0,3.0,4.0,5,24.0893389806983,47.662592116000994,0.0,4096
100,4,50,route_key,60.0,98.69083010630737,0.9869083010630737,160,10.933333333333334,656,599,1.1951219512195121,1.0,2.0,3.0,3,24.0893389806983,47.662592116000994,0.0,32
100,4,50,route_key,60.0,98.69083010630737,0.9869083010630737,160,10.933333333333334,656,599,1.1951219512195121,1.0,2.0,3.0,3,24.0893389806983,47.662592116000994,0.0,64
100,4,50,route_key,60.0,98.69083010630737,0.9869083010630737,160,10.933333333333334,656,599,1.1951219512195121,1.0,2.0,3.0,3,24.0893389806983,47.662592116000994,0.0,128
100,4,50,route_key,60.0,98.69083010630737,0.9869083010630737,160,10.933333333333334,656,599,1.1951219512195121,1.0,2.0,3.0,3,24.0893389806983,47.662592116000994,0.0,256
100,4,50,route_key,60.0,98.69083010630737,0.9869083010630737,160,10.933333333333334,656,599,1.1951219512195121,1.0,2.0,3.0,3,24.0893389806983,47.662592116000994,0.0,512
100,4,50,route_key,60.0,98.69083010630737,0.9869083010630737,160,10.933333333333334,656,599,1.1951219512195121,1.0,2.0,3.0,3,24.0893389806983,47.662592116000994,0.0,1024
100,4,50,route_key,60.0,98.69083010630737,0.9869083010630737,160,10.933333333333334,656,599,1.1951219512195121,1.0,2.0,3.0,3,24.0893389806983,47.662592116000994,0.0,4096
100,4,100,event_class,60.0,98.69083010630737,0.9869083010630737,160,10.933333333333334,656,517,1.4969512195121952,1.0,2.0,4.0,4,47.946046297771495,93.74920087984063,0.0,32
100,4,100,event_class,60.0,98.69083010630737,0.9869083010630737,160,10.933333333333334,656,517,1.4969512195121952,1.0,2.0,4.0,4,47.946046297771495,93.74920087984063,0.0,64
100,4,100,event_class,60.0,98.69083010630737,0.9869083010630737,160,10.933333333333334,656,517,1.4969512195121952,1.0,2.0,4.0,4,47.946046297771495,93.74920087984063,0.0,128
100,4,100,event_class,60.0,98.69083010630737,0.9869083010630737,160,10.933333333333334,656,517,1.4969512195121952,1.0,2.0,4.0,4,47.946046297771495,93.74920087984063,0.0,256
100,4,100,event_class,60.0,98.69083010630737,0.9869083010630737,160,10.933333333333334,656,517,1.4969512195121952,1.0,2.0,4.0,4,47.946046297771495,93.74920087984063,0.0,512
100,4,100,event_class,60.0,98.69083010630737,0.9869083010630737,160,10.933333333333334,656,517,1.4969512195121952,1.0,2.0,4.0,4,47.946046297771495,93.74920087984063,0.0,1024
100,4,100,event_class,60.0,98.69083010630737,0.9869083010630737,160,10.933333333333334,656,517,1.4969512195121952,1.0,2.0,4.0,4,47.946046297771495,93.74920087984063,0.0,4096
100,4,100,pooled,60.0,98.69083010630737,0.9869083010630737,160,10.933333333333334,656,404,2.0945121951219514,2.0,4.0,5.0,6,47.946046297771495,93.74920087984063,0.0,32
100,4,100,pooled,60.0,98.69083010630737,0.9869083010630737,160,10.933333333333334,656,404,2.0945121951219514,2.0,4.0,5.0,6,47.946046297771495,93.74920087984063,0.0,64
100,4,100,pooled,60.0,98.69083010630737,0.9869083010630737,160,10.933333333333334,656,404,2.0945121951219514,2.0,4.0,5.0,6,47.946046297771495,93.74920087984063,0.0,128
100,4,100,pooled,60.0,98.69083010630737,0.9869083010630737,160,10.933333333333334,656,404,2.0945121951219514,2.0,4.0,5.0,6,47.946046297771495,93.74920087984063,0.0,256
100,4,100,pooled,60.0,98.69083010630737,0.9869083010630737,160,10.933333333333334,656,404,2.0945121951219514,2.0,4.0,5.0,6,47.946046297771495,93.74920087984063,0.0,512
100,4,100,pooled,60.0,98.69083010630737,0.9869083010630737,160,10.933333333333334,656,404,2.0945121951219514,2.0,4.0,5.0,6,47.946046297771495,93.74920087984063,0.0,1024
100,4,100,pooled,60.0,98.69083010630737,0.9869083010630737,160,10.933333333333334,656,404,2.0945121951219514,2.0,4.0,5.0,6,47.946046297771495,93.74920087984063,0.0,4096
100,4,100,route_key,60.0,98.69083010630737,0.9869083010630737,160,10.933333333333334,656,559,1.350609756097561,1.0,2.0,4.0,4,47.946046297771495,93.74920087984063,0.0,32
100,4,100,route_key,60.0,98.69083010630737,0.9869083010630737,160,10.933333333333334,656,559,1.350609756097561,1.0,2.0,4.0,4,47.946046297771495,93.74920087984063,0.0,64
100,4,100,route_key,60.0,98.69083010630737,0.9869083010630737,160,10.933333333333334,656,559,1.350609756097561,1.0,2.0,4.0,4,47.946046297771495,93.74920087984063,0.0,128
100,4,100,route_key,60.0,98.69083010630737,0.9869083010630737,160,10.933333333333334,656,559,1.350609756097561,1.0,2.0,4.0,4,47.946046297771495,93.74920087984063,0.0,256
100,4,100,route_key,60.0,98.69083010630737,0.9869083010630737,160,10.933333333333334,656,559,1.350609756097561,1.0,2.0,4.0,4,47.946046297771495,93.74920087984063,0.0,512
100,4,100,route_key,60.0,98.69083010630737,0.9869083010630737,160,10.933333333333334,656,559,1.350609756097561,1.0,2.0,4.0,4,47.946046297771495,93.74920087984063,0.0,1024
100,4,100,route_key,60.0,98.69083010630737,0.9869083010630737,160,10.933333333333334,656,559,1.350609756097561,1.0,2.0,4.0,4,47.946046297771495,93.74920087984063,0.0,4096
100,4,250,event_class,60.0,98.69083010630737,0.9869083010630737,160,10.933333333333334,656,365,2.350609756097561,2.0,4.0,6.0,6,118.60153410264782,233.61196708238373,0.0,32
100,4,250,event_class,60.0,98.69083010630737,0.9869083010630737,160,10.933333333333334,656,365,2.350609756097561,2.0,4.0,6.0,6,118.60153410264782,233.61196708238373,0.0,64
100,4,250,event_class,60.0,98.69083010630737,0.9869083010630737,160,10.933333333333334,656,365,2.350609756097561,2.0,4.0,6.0,6,118.60153410264782,233.61196708238373,0.0,128
100,4,250,event_class,60.0,98.69083010630737,0.9869083010630737,160,10.933333333333334,656,365,2.350609756097561,2.0,4.0,6.0,6,118.60153410264782,233.61196708238373,0.0,256
100,4,250,event_class,60.0,98.69083010630737,0.9869083010630737,160,10.933333333333334,656,365,2.350609756097561,2.0,4.0,6.0,6,118.60153410264782,233.61196708238373,0.0,512
100,4,250,event_class,60.0,98.69083010630737,0.9869083010630737,160,10.933333333333334,656,365,2.350609756097561,2.0,4.0,6.0,6,118.60153410264782,233.61196708238373,0.0,1024
100,4,250,event_class,60.0,98.69083010630737,0.9869083010630737,160,10.933333333333334,656,365,2.350609756097561,2.0,4.0,6.0,6,118.60153410264782,233.61196708238373,0.0,4096
100,4,250,pooled,60.0,98.69083010630737,0.9869083010630737,160,10.933333333333334,656,226,3.7713414634146343,4.0,6.0,8.0,8,118.60153410264782,233.61196708238373,0.0,32
100,4,250,pooled,60.0,98.69083010630737,0.9869083010630737,160,10.933333333333334,656,226,3.7713414634146343,4.0,6.0,8.0,8,118.60153410264782,233.61196708238373,0.0,64
100,4,250,pooled,60.0,98.69083010630737,0.9869083010630737,160,10.933333333333334,656,226,3.7713414634146343,4.0,6.0,8.0,8,118.60153410264782,233.61196708238373,0.0,128
100,4,250,pooled,60.0,98.69083010630737,0.9869083010630737,160,10.933333333333334,656,226,3.7713414634146343,4.0,6.0,8.0,8,118.60153410264782,233.61196708238373,0.0,256
100,4,250,pooled,60.0,98.69083010630737,0.9869083010630737,160,10.933333333333334,656,226,3.7713414634146343,4.0,6.0,8.0,8,118.60153410264782,233.61196708238373,0.0,512
100,4,250,pooled,60.0,98.69083010630737,0.9869083010630737,160,10.933333333333334,656,226,3.7713414634146343,4.0,6.0,8.0,8,118.60153410264782,233.61196708238373,0.0,1024
100,4,250,pooled,60.0,98.69083010630737,0.9869083010630737,160,10.933333333333334,656,226,3.7713414634146343,4.0,6.0,8.0,8,118.60153410264782,233.61196708238373,0.0,4096
100,4,250,route_key,60.0,98.69083010630737,0.9869083010630737,160,10.933333333333334,656,464,1.920731707317073,1.0,4.0,6.0,6,118.60153410264782,233.61196708238373,0.0,32
100,4,250,route_key,60.0,98.69083010630737,0.9869083010630737,160,10.933333333333334,656,464,1.920731707317073,1.0,4.0,6.0,6,118.60153410264782,233.61196708238373,0.0,64
100,4,250,route_key,60.0,98.69083010630737,0.9869083010630737,160,10.933333333333334,656,464,1.920731707317073,1.0,4.0,6.0,6,118.60153410264782,233.61196708238373,0.0,128
100,4,250,route_key,60.0,98.69083010630737,0.9869083010630737,160,10.933333333333334,656,464,1.920731707317073,1.0,4.0,6.0,6,118.60153410264782,233.61196708238373,0.0,256
100,4,250,route_key,60.0,98.69083010630737,0.9869083010630737,160,10.933333333333334,656,464,1.920731707317073,1.0,4.0,6.0,6,118.60153410264782,233.61196708238373,0.0,512
100,4,250,route_key,60.0,98.69083010630737,0.9869083010630737,160,10.933333333333334,656,464,1.920731707317073,1.0,4.0,6.0,6,118.60153410264782,233.61196708238373,0.0,1024
100,4,250,route_key,60.0,98.69083010630737,0.9869083010630737,160,10.933333333333334,656,464,1.920731707317073,1.0,4.0,6.0,6,118.60153410264782,233.61196708238373,0.0,4096
100,4,500,event_class,60.0,98.69083010630737,0.9869083010630737,160,10.933333333333334,656,231,3.8384146341463414,3.0,6.0,11.0,11,249.31799751728195,462.585890168234,0.0,32
100,4,500,event_class,60.0,98.69083010630737,0.9869083010630737,160,10.933333333333334,656,231,3.8384146341463414,3.0,6.0,11.0,11,249.31799751728195,462.585890168234,0.0,64
100,4,500,event_class,60.0,98.69083010630737,0.9869083010630737,160,10.933333333333334,656,231,3.8384146341463414,3.0,6.0,11.0,11,249.31799751728195,462.585890168234,0.0,128
100,4,500,event_class,60.0,98.69083010630737,0.9869083010630737,160,10.933333333333334,656,231,3.8384146341463414,3.0,6.0,11.0,11,249.31799751728195,462.585890168234,0.0,256
100,4,500,event_class,60.0,98.69083010630737,0.9869083010630737,160,10.933333333333334,656,231,3.8384146341463414,3.0,6.0,11.0,11,249.31799751728195,462.585890168234,0.0,512
100,4,500,event_class,60.0,98.69083010630737,0.9869083010630737,160,10.933333333333334,656,231,3.8384146341463414,3.0,6.0,11.0,11,249.31799751728195,462.585890168234,0.0,1024
100,4,500,event_class,60.0,98.69083010630737,0.9869083010630737,160,10.933333333333334,656,231,3.8384146341463414,3.0,6.0,11.0,11,249.31799751728195,462.585890168234,0.0,4096
100,4,500,pooled,60.0,98.69083010630737,0.9869083010630737,160,10.933333333333334,656,120,6.682926829268292,6.0,11.0,15.0,15,249.31799751728195,462.585890168234,0.0,32
100,4,500,pooled,60.0,98.69083010630737,0.9869083010630737,160,10.933333333333334,656,120,6.682926829268292,6.0,11.0,15.0,15,249.31799751728195,462.585890168234,0.0,64
100,4,500,pooled,60.0,98.69083010630737,0.9869083010630737,160,10.933333333333334,656,120,6.682926829268292,6.0,11.0,15.0,15,249.31799751728195,462.585890168234,0.0,128
100,4,500,pooled,60.0,98.69083010630737,0.9869083010630737,160,10.933333333333334,656,120,6.682926829268292,6.0,11.0,15.0,15,249.31799751728195,462.585890168234,0.0,256
100,4,500,pooled,60.0,98.69083010630737,0.9869083010630737,160,10.933333333333334,656,120,6.682926829268292,6.0,11.0,15.0,15,249.31799751728195,462.585890168234,0.0,512
100,4,500,pooled,60.0,98.69083010630737,0.9869083010630737,160,10.933333333333334,656,120,6.682926829268292,6.0,11.0,15.0,15,249.31799751728195,462.585890168234,0.0,1024
100,4,500,pooled,60.0,98.69083010630737,0.9869083010630737,160,10.933333333333334,656,120,6.682926829268292,6.0,11.0,15.0,15,249.31799751728195,462.585890168234,0.0,4096
100,4,500,route_key,60.0,98.69083010630737,0.9869083010630737,160,10.933333333333334,656,381,2.832317073170732,2.0,6.0,11.0,11,249.31799751728195,462.585890168234,0.0,32
100,4,500,route_key,60.0,98.69083010630737,0.9869083010630737,160,10.933333333333334,656,381,2.832317073170732,2.0,6.0,11.0,11,249.31799751728195,462.585890168234,0.0,64
100,4,500,route_key,60.0,98.69083010630737,0.9869083010630737,160,10.933333333333334,656,381,2.832317073170732,2.0,6.0,11.0,11,249.31799751728195,462.585890168234,0.0,128
100,4,500,route_key,60.0,98.69083010630737,0.9869083010630737,160,10.933333333333334,656,381,2.832317073170732,2.0,6.0,11.0,11,249.31799751728195,462.585890168234,0.0,256
100,4,500,route_key,60.0,98.69083010630737,0.9869083010630737,160,10.933333333333334,656,381,2.832317073170732,2.0,6.0,11.0,11,249.31799751728195,462.585890168234,0.0,512
100,4,500,route_key,60.0,98.69083010630737,0.9869083010630737,160,10.933333333333334,656,381,2.832317073170732,2.0,6.0,11.0,11,249.31799751728195,462.585890168234,0.0,1024
100,4,500,route_key,60.0,98.69083010630737,0.9869083010630737,160,10.933333333333334,656,381,2.832317073170732,2.0,6.0,11.0,11,249.31799751728195,462.585890168234,0.0,4096
100,4,1000,event_class,60.0,98.69083010630737,0.9869083010630737,160,10.933333333333334,656,126,6.847560975609756,6.0,11.0,17.0,17,502.3667780050868,924.4092540407225,0.0,32
100,4,1000,event_class,60.0,98.69083010630737,0.9869083010630737,160,10.933333333333334,656,126,6.847560975609756,6.0,11.0,17.0,17,502.3667780050868,924.4092540407225,0.0,64
100,4,1000,event_class,60.0,98.69083010630737,0.9869083010630737,160,10.933333333333334,656,126,6.847560975609756,6.0,11.0,17.0,17,502.3667780050868,924.4092540407225,0.0,128
100,4,1000,event_class,60.0,98.69083010630737,0.9869083010630737,160,10.933333333333334,656,126,6.847560975609756,6.0,11.0,17.0,17,502.3667780050868,924.4092540407225,0.0,256
100,4,1000,event_class,60.0,98.69083010630737,0.9869083010630737,160,10.933333333333334,656,126,6.847560975609756,6.0,11.0,17.0,17,502.3667780050868,924.4092540407225,0.0,512
100,4,1000,event_class,60.0,98.69083010630737,0.9869083010630737,160,10.933333333333334,656,126,6.847560975609756,6.0,11.0,17.0,17,502.3667780050868,924.4092540407225,0.0,1024
100,4,1000,event_class,60.0,98.69083010630737,0.9869083010630737,160,10.933333333333334,656,126,6.847560975609756,6.0,11.0,17.0,17,502.3667780050868,924.4092540407225,0.0,4096
100,4,1000,pooled,60.0,98.69083010630737,0.9869083010630737,160,10.933333333333334,656,60,12.582317073170731,11.0,23.0,26.0,26,502.3667780050868,924.4092540407225,0.0,32
100,4,1000,pooled,60.0,98.69083010630737,0.9869083010630737,160,10.933333333333334,656,60,12.582317073170731,11.0,23.0,26.0,26,502.3667780050868,924.4092540407225,0.0,64
100,4,1000,pooled,60.0,98.69083010630737,0.9869083010630737,160,10.933333333333334,656,60,12.582317073170731,11.0,23.0,26.0,26,502.3667780050868,924.4092540407225,0.0,128
100,4,1000,pooled,60.0,98.69083010630737,0.9869083010630737,160,10.933333333333334,656,60,12.582317073170731,11.0,23.0,26.0,26,502.3667780050868,924.4092540407225,0.0,256
100,4,1000,pooled,60.0,98.69083010630737,0.9869083010630737,160,10.933333333333334,656,60,12.582317073170731,11.0,23.0,26.0,26,502.3667780050868,924.4092540407225,0.0,512
100,4,1000,pooled,60.0,98.69083010630737,0.9869083010630737,160,10.933333333333334,656,60,12.582317073170731,11.0,23.0,26.0,26,502.3667780050868,924.4092540407225,0.0,1024
100,4,1000,pooled,60.0,98.69083010630737,0.9869083010630737,160,10.933333333333334,656,60,12.582317073170731,11.0,23.0,26.0,26,502.3667780050868,924.4092540407225,0.0,4096
100,4,1000,route_key,60.0,98.69083010630737,0.9869083010630737,160,10.933333333333334,656,307,4.759146341463414,3.0,11.0,17.0,17,502.3667780050868,924.4092540407225,0.0,32
100,4,1000,route_key,60.0,98.69083010630737,0.9869083010630737,160,10.933333333333334,656,307,4.759146341463414,3.0,11.0,17.0,17,502.3667780050868,924.4092540407225,0.0,64
100,4,1000,route_key,60.0,98.69083010630737,0.9869083010630737,160,10.933333333333334,656,307,4.759146341463414,3.0,11.0,17.0,17,502.3667780050868,924.4092540407225,0.0,128
100,4,1000,route_key,60.0,98.69083010630737,0.9869083010630737,160,10.933333333333334,656,307,4.759146341463414,3.0,11.0,17.0,17,502.3667780050868,924.4092540407225,0.0,256
100,4,1000,route_key,60.0,98.69083010630737,0.9869083010630737,160,10.933333333333334,656,307,4.759146341463414,3.0,11.0,17.0,17,502.3667780050868,924.4092540407225,0.0,512
100,4,1000,route_key,60.0,98.69083010630737,0.9869083010630737,160,10.933333333333334,656,307,4.759146341463414,3.0,11.0,17.0,17,502.3667780050868,924.4092540407225,0.0,1024
100,4,1000,route_key,60.0,98.69083010630737,0.9869083010630737,160,10.933333333333334,656,307,4.759146341463414,3.0,11.0,17.0,17,502.3667780050868,924.4092540407225,0.0,4096
1000,0,1,event_class,60.0,957.5933171032544,0.9575933171032545,1582,104.86666666666666,6292,6113,1.0581691036236491,1.0,1.0,2.0,3,0.500194967979115,0.9519829181229955,0.0,32
1000,0,1,event_class,60.0,957.5933171032544,0.9575933171032545,1582,104.86666666666666,6292,6113,1.0581691036236491,1.0,1.0,2.0,3,0.500194967979115,0.9519829181229955,0.0,64
1000,0,1,event_class,60.0,957.5933171032544,0.9575933171032545,1582,104.86666666666666,6292,6113,1.0581691036236491,1.0,1.0,2.0,3,0.500194967979115,0.9519829181229955,0.0,128
1000,0,1,event_class,60.0,957.5933171032544,0.9575933171032545,1582,104.86666666666666,6292,6113,1.0581691036236491,1.0,1.0,2.0,3,0.500194967979115,0.9519829181229955,0.0,256
1000,0,1,event_class,60.0,957.5933171032544,0.9575933171032545,1582,104.86666666666666,6292,6113,1.0581691036236491,1.0,1.0,2.0,3,0.500194967979115,0.9519829181229955,0.0,512
1000,0,1,event_class,60.0,957.5933171032544,0.9575933171032545,1582,104.86666666666666,6292,6113,1.0581691036236491,1.0,1.0,2.0,3,0.500194967979115,0.9519829181229955,0.0,1024
1000,0,1,event_class,60.0,957.5933171032544,0.9575933171032545,1582,104.86666666666666,6292,6113,1.0581691036236491,1.0,1.0,2.0,3,0.500194967979115,0.9519829181229955,0.0,4096
1000,0,1,pooled,60.0,957.5933171032544,0.9575933171032545,1582,104.86666666666666,6292,5944,1.11347743165925,1.0,2.0,2.0,3,0.500194967979115,0.9519829181229955,0.0,32
1000,0,1,pooled,60.0,957.5933171032544,0.9575933171032545,1582,104.86666666666666,6292,5944,1.11347743165925,1.0,2.0,2.0,3,0.500194967979115,0.9519829181229955,0.0,64
1000,0,1,pooled,60.0,957.5933171032544,0.9575933171032545,1582,104.86666666666666,6292,5944,1.11347743165925,1.0,2.0,2.0,3,0.500194967979115,0.9519829181229955,0.0,128
1000,0,1,pooled,60.0,957.5933171032544,0.9575933171032545,1582,104.86666666666666,6292,5944,1.11347743165925,1.0,2.0,2.0,3,0.500194967979115,0.9519829181229955,0.0,256
1000,0,1,pooled,60.0,957.5933171032544,0.9575933171032545,1582,104.86666666666666,6292,5944,1.11347743165925,1.0,2.0,2.0,3,0.500194967979115,0.9519829181229955,0.0,512
1000,0,1,pooled,60.0,957.5933171032544,0.9575933171032545,1582,104.86666666666666,6292,5944,1.11347743165925,1.0,2.0,2.0,3,0.500194967979115,0.9519829181229955,0.0,1024
1000,0,1,pooled,60.0,957.5933171032544,0.9575933171032545,1582,104.86666666666666,6292,5944,1.11347743165925,1.0,2.0,2.0,3,0.500194967979115,0.9519829181229955,0.0,4096
1000,0,1,route_key,60.0,957.5933171032544,0.9575933171032545,1582,104.86666666666666,6292,6204,1.0282898919262555,1.0,1.0,2.0,3,0.500194967979115,0.9519829181229955,0.0,32
1000,0,1,route_key,60.0,957.5933171032544,0.9575933171032545,1582,104.86666666666666,6292,6204,1.0282898919262555,1.0,1.0,2.0,3,0.500194967979115,0.9519829181229955,0.0,64
1000,0,1,route_key,60.0,957.5933171032544,0.9575933171032545,1582,104.86666666666666,6292,6204,1.0282898919262555,1.0,1.0,2.0,3,0.500194967979115,0.9519829181229955,0.0,128
1000,0,1,route_key,60.0,957.5933171032544,0.9575933171032545,1582,104.86666666666666,6292,6204,1.0282898919262555,1.0,1.0,2.0,3,0.500194967979115,0.9519829181229955,0.0,256
1000,0,1,route_key,60.0,957.5933171032544,0.9575933171032545,1582,104.86666666666666,6292,6204,1.0282898919262555,1.0,1.0,2.0,3,0.500194967979115,0.9519829181229955,0.0,512
1000,0,1,route_key,60.0,957.5933171032544,0.9575933171032545,1582,104.86666666666666,6292,6204,1.0282898919262555,1.0,1.0,2.0,3,0.500194967979115,0.9519829181229955,0.0,1024
1000,0,1,route_key,60.0,957.5933171032544,0.9575933171032545,1582,104.86666666666666,6292,6204,1.0282898919262555,1.0,1.0,2.0,3,0.500194967979115,0.9519829181229955,0.0,4096
1000,0,5,event_class,60.0,957.5933171032544,0.9575933171032545,1582,104.86666666666666,6292,5523,1.2676414494596313,1.0,2.0,3.0,4,2.453945762639019,4.731693047474472,0.0,32
1000,0,5,event_class,60.0,957.5933171032544,0.9575933171032545,1582,104.86666666666666,6292,5523,1.2676414494596313,1.0,2.0,3.0,4,2.453945762639019,4.731693047474472,0.0,64
1000,0,5,event_class,60.0,957.5933171032544,0.9575933171032545,1582,104.86666666666666,6292,5523,1.2676414494596313,1.0,2.0,3.0,4,2.453945762639019,4.731693047474472,0.0,128
1000,0,5,event_class,60.0,957.5933171032544,0.9575933171032545,1582,104.86666666666666,6292,5523,1.2676414494596313,1.0,2.0,3.0,4,2.453945762639019,4.731693047474472,0.0,256
1000,0,5,event_class,60.0,957.5933171032544,0.9575933171032545,1582,104.86666666666666,6292,5523,1.2676414494596313,1.0,2.0,3.0,4,2.453945762639019,4.731693047474472,0.0,512
1000,0,5,event_class,60.0,957.5933171032544,0.9575933171032545,1582,104.86666666666666,6292,5523,1.2676414494596313,1.0,2.0,3.0,4,2.453945762639019,4.731693047474472,0.0,1024
1000,0,5,event_class,60.0,957.5933171032544,0.9575933171032545,1582,104.86666666666666,6292,5523,1.2676414494596313,1.0,2.0,3.0,4,2.453945762639019,4.731693047474472,0.0,4096
1000,0,5,pooled,60.0,957.5933171032544,0.9575933171032545,1582,104.86666666666666,6292,4848,1.5394151303242212,1.0,2.0,4.0,5,2.453945762639019,4.731693047474472,0.0,32
1000,0,5,pooled,60.0,957.5933171032544,0.9575933171032545,1582,104.86666666666666,6292,4848,1.5394151303242212,1.0,2.0,4.0,5,2.453945762639019,4.731693047474472,0.0,64
1000,0,5,pooled,60.0,957.5933171032544,0.9575933171032545,1582,104.86666666666666,6292,4848,1.5394151303242212,1.0,2.0,4.0,5,2.453945762639019,4.731693047474472,0.0,128
1000,0,5,pooled,60.0,957.5933171032544,0.9575933171032545,1582,104.86666666666666,6292,4848,1.5394151303242212,1.0,2.0,4.0,5,2.453945762639019,4.731693047474472,0.0,256
1000,0,5,pooled,60.0,957.5933171032544,0.9575933171032545,1582,104.86666666666666,6292,4848,1.5394151303242212,1.0,2.0,4.0,5,2.453945762639019,4.731693047474472,0.0,512
1000,0,5,pooled,60.0,957.5933171032544,0.9575933171032545,1582,104.86666666666666,6292,4848,1.5394151303242212,1.0,2.0,4.0,5,2.453945762639019,4.731693047474472,0.0,1024
1000,0,5,pooled,60.0,957.5933171032544,0.9575933171032545,1582,104.86666666666666,6292,4848,1.5394151303242212,1.0,2.0,4.0,5,2.453945762639019,4.731693047474472,0.0,4096
1000,0,5,route_key,60.0,957.5933171032544,0.9575933171032545,1582,104.86666666666666,6292,5868,1.1455816910362364,1.0,2.0,3.0,4,2.453945762639019,4.731693047474472,0.0,32
1000,0,5,route_key,60.0,957.5933171032544,0.9575933171032545,1582,104.86666666666666,6292,5868,1.1455816910362364,1.0,2.0,3.0,4,2.453945762639019,4.731693047474472,0.0,64
1000,0,5,route_key,60.0,957.5933171032544,0.9575933171032545,1582,104.86666666666666,6292,5868,1.1455816910362364,1.0,2.0,3.0,4,2.453945762639019,4.731693047474472,0.0,128
1000,0,5,route_key,60.0,957.5933171032544,0.9575933171032545,1582,104.86666666666666,6292,5868,1.1455816910362364,1.0,2.0,3.0,4,2.453945762639019,4.731693047474472,0.0,256
1000,0,5,route_key,60.0,957.5933171032544,0.9575933171032545,1582,104.86666666666666,6292,5868,1.1455816910362364,1.0,2.0,3.0,4,2.453945762639019,4.731693047474472,0.0,512
1000,0,5,route_key,60.0,957.5933171032544,0.9575933171032545,1582,104.86666666666666,6292,5868,1.1455816910362364,1.0,2.0,3.0,4,2.453945762639019,4.731693047474472,0.0,1024
1000,0,5,route_key,60.0,957.5933171032544,0.9575933171032545,1582,104.86666666666666,6292,5868,1.1455816910362364,1.0,2.0,3.0,4,2.453945762639019,4.731693047474472,0.0,4096
1000,0,10,event_class,60.0,957.5933171032544,0.9575933171032545,1582,104.86666666666666,6292,4865,1.5384615384615385,1.0,3.0,4.0,5,4.941231204469937,9.453062539919088,0.0,32
1000,0,10,event_class,60.0,957.5933171032544,0.9575933171032545,1582,104.86666666666666,6292,4865,1.5384615384615385,1.0,3.0,4.0,5,4.941231204469937,9.453062539919088,0.0,64
1000,0,10,event_class,60.0,957.5933171032544,0.9575933171032545,1582,104.86666666666666,6292,4865,1.5384615384615385,1.0,3.0,4.0,5,4.941231204469937,9.453062539919088,0.0,128
1000,0,10,event_class,60.0,957.5933171032544,0.9575933171032545,1582,104.86666666666666,6292,4865,1.5384615384615385,1.0,3.0,4.0,5,4.941231204469937,9.453062539919088,0.0,256
1000,0,10,event_class,60.0,957.5933171032544,0.9575933171032545,1582,104.86666666666666,6292,4865,1.5384615384615385,1.0,3.0,4.0,5,4.941231204469937,9.453062539919088,0.0,512
1000,0,10,event_class,60.0,957.5933171032544,0.9575933171032545,1582,104.86666666666666,6292,4865,1.5384615384615385,1.0,3.0,4.0,5,4.941231204469937,9.453062539919088,0.0,1024
1000,0,10,event_class,60.0,957.5933171032544,0.9575933171032545,1582,104.86666666666666,6292,4865,1.5384615384615385,1.0,3.0,4.0,5,4.941231204469937,9.453062539919088,0.0,4096
1000,0,10,pooled,60.0,957.5933171032544,0.9575933171032545,1582,104.86666666666666,6292,3838,2.0880483153210427,2.0,3.0,5.0,6,4.941231204469937,9.453062539919088,0.0,32
1000,0,10,pooled,60.0,957.5933171032544,0.9575933171032545,1582,104.86666666666666,6292,3838,2.0880483153210427,2.0,3.0,5.0,6,4.941231204469937,9.453062539919088,0.0,64
1000,0,10,pooled,60.0,957.5933171032544,0.9575933171032545,1582,104.86666666666666,6292,3838,2.0880483153210427,2.0,3.0,5.0,6,4.941231204469937,9.453062539919088,0.0,128
1000,0,10,pooled,60.0,957.5933171032544,0.9575933171032545,1582,104.86666666666666,6292,3838,2.0880483153210427,2.0,3.0,5.0,6,4.941231204469937,9.453062539919088,0.0,256
1000,0,10,pooled,60.0,957.5933171032544,0.9575933171032545,1582,104.86666666666666,6292,3838,2.0880483153210427,2.0,3.0,5.0,6,4.941231204469937,9.453062539919088,0.0,512
1000,0,10,pooled,60.0,957.5933171032544,0.9575933171032545,1582,104.86666666666666,6292,3838,2.0880483153210427,2.0,3.0,5.0,6,4.941231204469937,9.453062539919088,0.0,1024
1000,0,10,pooled,60.0,957.5933171032544,0.9575933171032545,1582,104.86666666666666,6292,3838,2.0880483153210427,2.0,3.0,5.0,6,4.941231204469937,9.453062539919088,0.0,4096
1000,0,10,route_key,60.0,957.5933171032544,0.9575933171032545,1582,104.86666666666666,6292,5510,1.2870311506675143,1.0,2.0,3.0,5,4.941231204469937,9.453062539919088,0.0,32
1000,0,10,route_key,60.0,957.5933171032544,0.9575933171032545,1582,104.86666666666666,6292,5510,1.2870311506675143,1.0,2.0,3.0,5,4.941231204469937,9.453062539919088,0.0,64
1000,0,10,route_key,60.0,957.5933171032544,0.9575933171032545,1582,104.86666666666666,6292,5510,1.2870311506675143,1.0,2.0,3.0,5,4.941231204469937,9.453062539919088,0.0,128
1000,0,10,route_key,60.0,957.5933171032544,0.9575933171032545,1582,104.86666666666666,6292,5510,1.2870311506675143,1.0,2.0,3.0,5,4.941231204469937,9.453062539919088,0.0,256
1000,0,10,route_key,60.0,957.5933171032544,0.9575933171032545,1582,104.86666666666666,6292,5510,1.2870311506675143,1.0,2.0,3.0,5,4.941231204469937,9.453062539919088,0.0,512
1000,0,10,route_key,60.0,957.5933171032544,0.9575933171032545,1582,104.86666666666666,6292,5510,1.2870311506675143,1.0,2.0,3.0,5,4.941231204469937,9.453062539919088,0.0,1024
1000,0,10,route_key,60.0,957.5933171032544,0.9575933171032545,1582,104.86666666666666,6292,5510,1.2870311506675143,1.0,2.0,3.0,5,4.941231204469937,9.453062539919088,0.0,4096
1000,0,25,event_class,60.0,957.5933171032544,0.9575933171032545,1582,104.86666666666666,6292,3520,2.3146853146853146,2.0,4.0,5.0900000000001455,7,12.531822431425827,23.751443923770662,0.0,32
1000,0,25,event_class,60.0,957.5933171032544,0.9575933171032545,1582,104.86666666666666,6292,3520,2.3146853146853146,2.0,4.0,5.0900000000001455,7,12.531822431425827,23.751443923770662,0.0,64
1000,0,25,event_class,60.0,957.5933171032544,0.9575933171032545,1582,104.86666666666666,6292,3520,2.3146853146853146,2.0,4.0,5.0900000000001455,7,12.531822431425827,23.751443923770662,0.0,128
1000,0,25,event_class,60.0,957.5933171032544,0.9575933171032545,1582,104.86666666666666,6292,3520,2.3146853146853146,2.0,4.0,5.0900000000001455,7,12.531822431425827,23.751443923770662,0.0,256
1000,0,25,event_class,60.0,957.5933171032544,0.9575933171032545,1582,104.86666666666666,6292,3520,2.3146853146853146,2.0,4.0,5.0900000000001455,7,12.531822431425827,23.751443923770662,0.0,512
1000,0,25,event_class,60.0,957.5933171032544,0.9575933171032545,1582,104.86666666666666,6292,3520,2.3146853146853146,2.0,4.0,5.0900000000001455,7,12.531822431425827,23.751443923770662,0.0,1024
1000,0,25,event_class,60.0,957.5933171032544,0.9575933171032545,1582,104.86666666666666,6292,3520,2.3146853146853146,2.0,4.0,5.0900000000001455,7,12.531822431425827,23.751443923770662,0.0,4096
1000,0,25,pooled,60.0,957.5933171032544,0.9575933171032545,1582,104.86666666666666,6292,2206,3.684043229497775,3.0,6.0,8.0,10,12.531822431425827,23.751443923770662,0.0,32
1000,0,25,pooled,60.0,957.5933171032544,0.9575933171032545,1582,104.86666666666666,6292,2206,3.684043229497775,3.0,6.0,8.0,10,12.531822431425827,23.751443923770662,0.0,64
1000,0,25,pooled,60.0,957.5933171032544,0.9575933171032545,1582,104.86666666666666,6292,2206,3.684043229497775,3.0,6.0,8.0,10,12.531822431425827,23.751443923770662,0.0,128
1000,0,25,pooled,60.0,957.5933171032544,0.9575933171032545,1582,104.86666666666666,6292,2206,3.684043229497775,3.0,6.0,8.0,10,12.531822431425827,23.751443923770662,0.0,256
1000,0,25,pooled,60.0,957.5933171032544,0.9575933171032545,1582,104.86666666666666,6292,2206,3.684043229497775,3.0,6.0,8.0,10,12.531822431425827,23.751443923770662,0.0,512
1000,0,25,pooled,60.0,957.5933171032544,0.9575933171032545,1582,104.86666666666666,6292,2206,3.684043229497775,3.0,6.0,8.0,10,12.531822431425827,23.751443923770662,0.0,1024
1000,0,25,pooled,60.0,957.5933171032544,0.9575933171032545,1582,104.86666666666666,6292,2206,3.684043229497775,3.0,6.0,8.0,10,12.531822431425827,23.751443923770662,0.0,4096
1000,0,25,route_key,60.0,957.5933171032544,0.9575933171032545,1582,104.86666666666666,6292,4707,1.705022250476796,1.0,3.0,5.0,7,12.531822431425827,23.751443923770662,0.0,32
1000,0,25,route_key,60.0,957.5933171032544,0.9575933171032545,1582,104.86666666666666,6292,4707,1.705022250476796,1.0,3.0,5.0,7,12.531822431425827,23.751443923770662,0.0,64
1000,0,25,route_key,60.0,957.5933171032544,0.9575933171032545,1582,104.86666666666666,6292,4707,1.705022250476796,1.0,3.0,5.0,7,12.531822431425827,23.751443923770662,0.0,128
1000,0,25,route_key,60.0,957.5933171032544,0.9575933171032545,1582,104.86666666666666,6292,4707,1.705022250476796,1.0,3.0,5.0,7,12.531822431425827,23.751443923770662,0.0,256
1000,0,25,route_key,60.0,957.5933171032544,0.9575933171032545,1582,104.86666666666666,6292,4707,1.705022250476796,1.0,3.0,5.0,7,12.531822431425827,23.751443923770662,0.0,512
1000,0,25,route_key,60.0,957.5933171032544,0.9575933171032545,1582,104.86666666666666,6292,4707,1.705022250476796,1.0,3.0,5.0,7,12.531822431425827,23.751443923770662,0.0,1024
1000,0,25,route_key,60.0,957.5933171032544,0.9575933171032545,1582,104.86666666666666,6292,4707,1.705022250476796,1.0,3.0,5.0,7,12.531822431425827,23.751443923770662,0.0,4096
1000,0,50,event_class,60.0,957.5933171032544,0.9575933171032545,1582,104.86666666666666,6292,2275,3.6242848061029878,3.0,6.0,8.0,11,25.08744862341564,47.62217735671537,0.0,32
1000,0,50,event_class,60.0,957.5933171032544,0.9575933171032545,1582,104.86666666666666,6292,2275,3.6242848061029878,3.0,6.0,8.0,11,25.08744862341564,47.62217735671537,0.0,64
1000,0,50,event_class,60.0,957.5933171032544,0.9575933171032545,1582,104.86666666666666,6292,2275,3.6242848061029878,3.0,6.0,8.0,11,25.08744862341564,47.62217735671537,0.0,128
1000,0,50,event_class,60.0,957.5933171032544,0.9575933171032545,1582,104.86666666666666,6292,2275,3.6242848061029878,3.0,6.0,8.0,11,25.08744862341564,47.62217735671537,0.0,256
1000,0,50,event_class,60.0,957.5933171032544,0.9575933171032545,1582,104.86666666666666,6292,2275,3.6242848061029878,3.0,6.0,8.0,11,25.08744862341564,47.62217735671537,0.0,512
1000,0,50,event_class,60.0,957.5933171032544,0.9575933171032545,1582,104.86666666666666,6292,2275,3.6242848061029878,3.0,6.0,8.0,11,25.08744862341564,47.62217735671537,0.0,1024
1000,0,50,event_class,60.0,957.5933171032544,0.9575933171032545,1582,104.86666666666666,6292,2275,3.6242848061029878,3.0,6.0,8.0,11,25.08744862341564,47.62217735671537,0.0,4096
1000,0,50,pooled,60.0,957.5933171032544,0.9575933171032545,1582,104.86666666666666,6292,1193,6.310553083280356,6.0,10.0,13.0,14,25.08744862341564,47.62217735671537,0.0,32
1000,0,50,pooled,60.0,957.5933171032544,0.9575933171032545,1582,104.86666666666666,6292,1193,6.310553083280356,6.0,10.0,13.0,14,25.08744862341564,47.62217735671537,0.0,64
1000,0,50,pooled,60.0,957.5933171032544,0.9575933171032545,1582,104.86666666666666,6292,1193,6.310553083280356,6.0,10.0,13.0,14,25.08744862341564,47.62217735671537,0.0,128
1000,0,50,pooled,60.0,957.5933171032544,0.9575933171032545,1582,104.86666666666666,6292,1193,6.310553083280356,6.0,10.0,13.0,14,25.08744862341564,47.62217735671537,0.0,256
1000,0,50,pooled,60.0,957.5933171032544,0.9575933171032545,1582,104.86666666666666,6292,1193,6.310553083280356,6.0,10.0,13.0,14,25.08744862341564,47.62217735671537,0.0,512
1000,0,50,pooled,60.0,957.5933171032544,0.9575933171032545,1582,104.86666666666666,6292,1193,6.310553083280356,6.0,10.0,13.0,14,25.08744862341564,47.62217735671537,0.0,1024
1000,0,50,pooled,60.0,957.5933171032544,0.9575933171032545,1582,104.86666666666666,6292,1193,6.310553083280356,6.0,10.0,13.0,14,25.08744862341564,47.62217735671537,0.0,4096
1000,0,50,route_key,60.0,957.5933171032544,0.9575933171032545,1582,104.86666666666666,6292,3893,2.405276541640178,2.0,5.0,7.0,9,25.08744862341564,47.62217735671537,0.0,32
1000,0,50,route_key,60.0,957.5933171032544,0.9575933171032545,1582,104.86666666666666,6292,3893,2.405276541640178,2.0,5.0,7.0,9,25.08744862341564,47.62217735671537,0.0,64
1000,0,50,route_key,60.0,957.5933171032544,0.9575933171032545,1582,104.86666666666666,6292,3893,2.405276541640178,2.0,5.0,7.0,9,25.08744862341564,47.62217735671537,0.0,128
1000,0,50,route_key,60.0,957.5933171032544,0.9575933171032545,1582,104.86666666666666,6292,3893,2.405276541640178,2.0,5.0,7.0,9,25.08744862341564,47.62217735671537,0.0,256
1000,0,50,route_key,60.0,957.5933171032544,0.9575933171032545,1582,104.86666666666666,6292,3893,2.405276541640178,2.0,5.0,7.0,9,25.08744862341564,47.62217735671537,0.0,512
1000,0,50,route_key,60.0,957.5933171032544,0.9575933171032545,1582,104.86666666666666,6292,3893,2.405276541640178,2.0,5.0,7.0,9,25.08744862341564,47.62217735671537,0.0,1024
1000,0,50,route_key,60.0,957.5933171032544,0.9575933171032545,1582,104.86666666666666,6292,3893,2.405276541640178,2.0,5.0,7.0,9,25.08744862341564,47.62217735671537,0.0,4096
1000,0,100,event_class,60.0,957.5933171032544,0.9575933171032545,1582,104.86666666666666,6292,1241,6.212650985378258,6.0,10.0,12.0,13,50.24638060052948,95.23207218531944,0.0,32
1000,0,100,event_class,60.0,957.5933171032544,0.9575933171032545,1582,104.86666666666666,6292,1241,6.212650985378258,6.0,10.0,12.0,13,50.24638060052948,95.23207218531944,0.0,64
1000,0,100,event_class,60.0,957.5933171032544,0.9575933171032545,1582,104.86666666666666,6292,1241,6.212650985378258,6.0,10.0,12.0,13,50.24638060052948,95.23207218531944,0.0,128
1000,0,100,event_class,60.0,957.5933171032544,0.9575933171032545,1582,104.86666666666666,6292,1241,6.212650985378258,6.0,10.0,12.0,13,50.24638060052948,95.23207218531944,0.0,256
1000,0,100,event_class,60.0,957.5933171032544,0.9575933171032545,1582,104.86666666666666,6292,1241,6.212650985378258,6.0,10.0,12.0,13,50.24638060052948,95.23207218531944,0.0,512
1000,0,100,event_class,60.0,957.5933171032544,0.9575933171032545,1582,104.86666666666666,6292,1241,6.212650985378258,6.0,10.0,12.0,13,50.24638060052948,95.23207218531944,0.0,1024
1000,0,100,event_class,60.0,957.5933171032544,0.9575933171032545,1582,104.86666666666666,6292,1241,6.212650985378258,6.0,10.0,12.0,13,50.24638060052948,95.23207218531944,0.0,4096
1000,0,100,pooled,60.0,957.5933171032544,0.9575933171032545,1582,104.86666666666666,6292,600,11.545136681500319,11.0,16.0,20.0,21,50.24638060052948,95.23207218531944,0.0,32
1000,0,100,pooled,60.0,957.5933171032544,0.9575933171032545,1582,104.86666666666666,6292,600,11.545136681500319,11.0,16.0,20.0,21,50.24638060052948,95.23207218531944,0.0,64
1000,0,100,pooled,60.0,957.5933171032544,0.9575933171032545,1582,104.86666666666666,6292,600,11.545136681500319,11.0,16.0,20.0,21,50.24638060052948,95.23207218531944,0.0,128
1000,0,100,pooled,60.0,957.5933171032544,0.9575933171032545,1582,104.86666666666666,6292,600,11.545136681500319,11.0,16.0,20.0,21,50.24638060052948,95.23207218531944,0.0,256
1000,0,100,pooled,60.0,957.5933171032544,0.9575933171032545,1582,104.86666666666666,6292,600,11.545136681500319,11.0,16.0,20.0,21,50.24638060052948,95.23207218531944,0.0,512
1000,0,100,pooled,60.0,957.5933171032544,0.9575933171032545,1582,104.86666666666666,6292,600,11.545136681500319,11.0,16.0,20.0,21,50.24638060052948,95.23207218531944,0.0,1024
1000,0,100,pooled,60.0,957.5933171032544,0.9575933171032545,1582,104.86666666666666,6292,600,11.545136681500319,11.0,16.0,20.0,21,50.24638060052948,95.23207218531944,0.0,4096
1000,0,100,route_key,60.0,957.5933171032544,0.9575933171032545,1582,104.86666666666666,6292,3089,3.786395422759059,3.0,8.0,11.0,13,50.24638060052948,95.23207218531944,0.0,32
1000,0,100,route_key,60.0,957.5933171032544,0.9575933171032545,1582,104.86666666666666,6292,3089,3.786395422759059,3.0,8.0,11.0,13,50.24638060052948,95.23207218531944,0.0,64
1000,0,100,route_key,60.0,957.5933171032544,0.9575933171032545,1582,104.86666666666666,6292,3089,3.786395422759059,3.0,8.0,11.0,13,50.24638060052948,95.23207218531944,0.0,128
1000,0,100,route_key,60.0,957.5933171032544,0.9575933171032545,1582,104.86666666666666,6292,3089,3.786395422759059,3.0,8.0,11.0,13,50.24638060052948,95.23207218531944,0.0,256
1000,0,100,route_key,60.0,957.5933171032544,0.9575933171032545,1582,104.86666666666666,6292,3089,3.786395422759059,3.0,8.0,11.0,13,50.24638060052948,95.23207218531944,0.0,512
1000,0,100,route_key,60.0,957.5933171032544,0.9575933171032545,1582,104.86666666666666,6292,3089,3.786395422759059,3.0,8.0,11.0,13,50.24638060052948,95.23207218531944,0.0,1024
1000,0,100,route_key,60.0,957.5933171032544,0.9575933171032545,1582,104.86666666666666,6292,3089,3.786395422759059,3.0,8.0,11.0,13,50.24638060052948,95.23207218531944,0.0,4096
1000,0,250,event_class,60.0,957.5933171032544,0.9575933171032545,1582,104.86666666666666,6292,524,13.960902733630006,14.0,19.0,23.0,26,124.45172071495882,237.81800953507107,0.0,32
1000,0,250,event_class,60.0,957.5933171032544,0.9575933171032545,1582,104.86666666666666,6292,524,13.960902733630006,14.0,19.0,23.0,26,124.45172071495882,237.81800953507107,0.0,64
1000,0,250,event_class,60.0,957.5933171032544,0.9575933171032545,1582,104.86666666666666,6292,524,13.960902733630006,14.0,19.0,23.0,26,124.45172071495882,237.81800953507107,0.0,128
1000,0,250,event_class,60.0,957.5933171032544,0.9575933171032545,1582,104.86666666666666,6292,524,13.960902733630006,14.0,19.0,23.0,26,124.45172071495882,237.81800953507107,0.0,256
1000,0,250,event_class,60.0,957.5933171032544,0.9575933171032545,1582,104.86666666666666,6292,524,13.960902733630006,14.0,19.0,23.0,26,124.45172071495882,237.81800953507107,0.0,512
1000,0,250,event_class,60.0,957.5933171032544,0.9575933171032545,1582,104.86666666666666,6292,524,13.960902733630006,14.0,19.0,23.0,26,124.45172071495882,237.81800953507107,0.0,1024
1000,0,250,event_class,60.0,957.5933171032544,0.9575933171032545,1582,104.86666666666666,6292,524,13.960902733630006,14.0,19.0,23.0,26,124.45172071495882,237.81800953507107,0.0,4096
1000,0,250,pooled,60.0,957.5933171032544,0.9575933171032545,1582,104.86666666666666,6292,240,27.246026700572155,27.0,34.0,39.0,43,124.45172071495882,237.81800953507107,0.21169739351557534,32
1000,0,250,pooled,60.0,957.5933171032544,0.9575933171032545,1582,104.86666666666666,6292,240,27.246026700572155,27.0,34.0,39.0,43,124.45172071495882,237.81800953507107,0.0,64
1000,0,250,pooled,60.0,957.5933171032544,0.9575933171032545,1582,104.86666666666666,6292,240,27.246026700572155,27.0,34.0,39.0,43,124.45172071495882,237.81800953507107,0.0,128
1000,0,250,pooled,60.0,957.5933171032544,0.9575933171032545,1582,104.86666666666666,6292,240,27.246026700572155,27.0,34.0,39.0,43,124.45172071495882,237.81800953507107,0.0,256
1000,0,250,pooled,60.0,957.5933171032544,0.9575933171032545,1582,104.86666666666666,6292,240,27.246026700572155,27.0,34.0,39.0,43,124.45172071495882,237.81800953507107,0.0,512
1000,0,250,pooled,60.0,957.5933171032544,0.9575933171032545,1582,104.86666666666666,6292,240,27.246026700572155,27.0,34.0,39.0,43,124.45172071495882,237.81800953507107,0.0,1024
1000,0,250,pooled,60.0,957.5933171032544,0.9575933171032545,1582,104.86666666666666,6292,240,27.246026700572155,27.0,34.0,39.0,43,124.45172071495882,237.81800953507107,0.0,4096
1000,0,250,route_key,60.0,957.5933171032544,0.9575933171032545,1582,104.86666666666666,6292,2279,7.908773045136681,7.0,16.0,22.0,24,124.45172071495882,237.81800953507107,0.0,32
1000,0,250,route_key,60.0,957.5933171032544,0.9575933171032545,1582,104.86666666666666,6292,2279,7.908773045136681,7.0,16.0,22.0,24,124.45172071495882,237.81800953507107,0.0,64
1000,0,250,route_key,60.0,957.5933171032544,0.9575933171032545,1582,104.86666666666666,6292,2279,7.908773045136681,7.0,16.0,22.0,24,124.45172071495882,237.81800953507107,0.0,128
1000,0,250,route_key,60.0,957.5933171032544,0.9575933171032545,1582,104.86666666666666,6292,2279,7.908773045136681,7.0,16.0,22.0,24,124.45172071495882,237.81800953507107,0.0,256
1000,0,250,route_key,60.0,957.5933171032544,0.9575933171032545,1582,104.86666666666666,6292,2279,7.908773045136681,7.0,16.0,22.0,24,124.45172071495882,237.81800953507107,0.0,512
1000,0,250,route_key,60.0,957.5933171032544,0.9575933171032545,1582,104.86666666666666,6292,2279,7.908773045136681,7.0,16.0,22.0,24,124.45172071495882,237.81800953507107,0.0,1024
1000,0,250,route_key,60.0,957.5933171032544,0.9575933171032545,1582,104.86666666666666,6292,2279,7.908773045136681,7.0,16.0,22.0,24,124.45172071495882,237.81800953507107,0.0,4096
1000,0,500,event_class,60.0,957.5933171032544,0.9575933171032545,1582,104.86666666666666,6292,280,27.026700572155118,27.0,34.0,40.0,45,248.33919687516226,473.46626955887876,0.19993642720915447,32
1000,0,500,event_class,60.0,957.5933171032544,0.9575933171032545,1582,104.86666666666666,6292,280,27.026700572155118,27.0,34.0,40.0,45,248.33919687516226,473.46626955887876,0.0,64
1000,0,500,event_class,60.0,957.5933171032544,0.9575933171032545,1582,104.86666666666666,6292,280,27.026700572155118,27.0,34.0,40.0,45,248.33919687516226,473.46626955887876,0.0,128
1000,0,500,event_class,60.0,957.5933171032544,0.9575933171032545,1582,104.86666666666666,6292,280,27.026700572155118,27.0,34.0,40.0,45,248.33919687516226,473.46626955887876,0.0,256
1000,0,500,event_class,60.0,957.5933171032544,0.9575933171032545,1582,104.86666666666666,6292,280,27.026700572155118,27.0,34.0,40.0,45,248.33919687516226,473.46626955887876,0.0,512
1000,0,500,event_class,60.0,957.5933171032544,0.9575933171032545,1582,104.86666666666666,6292,280,27.026700572155118,27.0,34.0,40.0,45,248.33919687516226,473.46626955887876,0.0,1024
1000,0,500,event_class,60.0,957.5933171032544,0.9575933171032545,1582,104.86666666666666,6292,280,27.026700572155118,27.0,34.0,40.0,45,248.33919687516226,473.46626955887876,0.0,4096
1000,0,500,pooled,60.0,957.5933171032544,0.9575933171032545,1582,104.86666666666666,6292,120,53.56484424666243,53.0,63.0,74.0,74,248.33919687516226,473.46626955887876,0.9950731087094723,32
1000,0,500,pooled,60.0,957.5933171032544,0.9575933171032545,1582,104.86666666666666,6292,120,53.56484424666243,53.0,63.0,74.0,74,248.33919687516226,473.46626955887876,0.08486967577876668,64
1000,0,500,pooled,60.0,957.5933171032544,0.9575933171032545,1582,104.86666666666666,6292,120,53.56484424666243,53.0,63.0,74.0,74,248.33919687516226,473.46626955887876,0.0,128
1000,0,500,pooled,60.0,957.5933171032544,0.9575933171032545,1582,104.86666666666666,6292,120,53.56484424666243,53.0,63.0,74.0,74,248.33919687516226,473.46626955887876,0.0,256
1000,0,500,pooled,60.0,957.5933171032544,0.9575933171032545,1582,104.86666666666666,6292,120,53.56484424666243,53.0,63.0,74.0,74,248.33919687516226,473.46626955887876,0.0,512
1000,0,500,pooled,60.0,957.5933171032544,0.9575933171032545,1582,104.86666666666666,6292,120,53.56484424666243,53.0,63.0,74.0,74,248.33919687516226,473.46626955887876,0.0,1024
1000,0,500,pooled,60.0,957.5933171032544,0.9575933171032545,1582,104.86666666666666,6292,120,53.56484424666243,53.0,63.0,74.0,74,248.33919687516226,473.46626955887876,0.0,4096
1000,0,500,route_key,60.0,957.5933171032544,0.9575933171032545,1582,104.86666666666666,6292,1782,14.96058486967578,13.0,30.0,39.0,45,248.33919687516226,473.46626955887876,0.08947870311506675,32
1000,0,500,route_key,60.0,957.5933171032544,0.9575933171032545,1582,104.86666666666666,6292,1782,14.96058486967578,13.0,30.0,39.0,45,248.33919687516226,473.46626955887876,0.0,64
1000,0,500,route_key,60.0,957.5933171032544,0.9575933171032545,1582,104.86666666666666,6292,1782,14.96058486967578,13.0,30.0,39.0,45,248.33919687516226,473.46626955887876,0.0,128
1000,0,500,route_key,60.0,957.5933171032544,0.9575933171032545,1582,104.86666666666666,6292,1782,14.96058486967578,13.0,30.0,39.0,45,248.33919687516226,473.46626955887876,0.0,256
1000,0,500,route_key,60.0,957.5933171032544,0.9575933171032545,1582,104.86666666666666,6292,1782,14.96058486967578,13.0,30.0,39.0,45,248.33919687516226,473.46626955887876,0.0,512
1000,0,500,route_key,60.0,957.5933171032544,0.9575933171032545,1582,104.86666666666666,6292,1782,14.96058486967578,13.0,30.0,39.0,45,248.33919687516226,473.46626955887876,0.0,1024
1000,0,500,route_key,60.0,957.5933171032544,0.9575933171032545,1582,104.86666666666666,6292,1782,14.96058486967578,13.0,30.0,39.0,45,248.33919687516226,473.46626955887876,0.0,4096
1000,0,1000,event_class,60.0,957.5933171032544,0.9575933171032545,1582,104.86666666666666,6292,155,52.917037507946596,53.0,63.0,75.0,75,496.988275069695,947.7350421291927,0.9926891290527654,32
1000,0,1000,event_class,60.0,957.5933171032544,0.9575933171032545,1582,104.86666666666666,6292,155,52.917037507946596,53.0,63.0,75.0,75,496.988275069695,947.7350421291927,0.08709472345835982,64
1000,0,1000,event_class,60.0,957.5933171032544,0.9575933171032545,1582,104.86666666666666,6292,155,52.917037507946596,53.0,63.0,75.0,75,496.988275069695,947.7350421291927,0.0,128
1000,0,1000,event_class,60.0,957.5933171032544,0.9575933171032545,1582,104.86666666666666,6292,155,52.917037507946596,53.0,63.0,75.0,75,496.988275069695,947.7350421291927,0.0,256
1000,0,1000,event_class,60.0,957.5933171032544,0.9575933171032545,1582,104.86666666666666,6292,155,52.917037507946596,53.0,63.0,75.0,75,496.988275069695,947.7350421291927,0.0,512
1000,0,1000,event_class,60.0,957.5933171032544,0.9575933171032545,1582,104.86666666666666,6292,155,52.917037507946596,53.0,63.0,75.0,75,496.988275069695,947.7350421291927,0.0,1024
1000,0,1000,event_class,60.0,957.5933171032544,0.9575933171032545,1582,104.86666666666666,6292,155,52.917037507946596,53.0,63.0,75.0,75,496.988275069695,947.7350421291927,0.0,4096
1000,0,1000,pooled,60.0,957.5933171032544,0.9575933171032545,1582,104.86666666666666,6292,60,105.78321678321679,108.0,118.0,131.0,131,496.988275069695,947.7350421291927,1.0,32
1000,0,1000,pooled,60.0,957.5933171032544,0.9575933171032545,1582,104.86666666666666,6292,60,105.78321678321679,108.0,118.0,131.0,131,496.988275069695,947.7350421291927,1.0,64
1000,0,1000,pooled,60.0,957.5933171032544,0.9575933171032545,1582,104.86666666666666,6292,60,105.78321678321679,108.0,118.0,131.0,131,496.988275069695,947.7350421291927,0.020820089001907183,128
1000,0,1000,pooled,60.0,957.5933171032544,0.9575933171032545,1582,104.86666666666666,6292,60,105.78321678321679,108.0,118.0,131.0,131,496.988275069695,947.7350421291927,0.0,256
1000,0,1000,pooled,60.0,957.5933171032544,0.9575933171032545,1582,104.86666666666666,6292,60,105.78321678321679,108.0,118.0,131.0,131,496.988275069695,947.7350421291927,0.0,512
1000,0,1000,pooled,60.0,957.5933171032544,0.9575933171032545,1582,104.86666666666666,6292,60,105.78321678321679,108.0,118.0,131.0,131,496.988275069695,947.7350421291927,0.0,1024
1000,0,1000,pooled,60.0,957.5933171032544,0.9575933171032545,1582,104.86666666666666,6292,60,105.78321678321679,108.0,118.0,131.0,131,496.988275069695,947.7350421291927,0.0,4096
1000,0,1000,route_key,60.0,957.5933171032544,0.9575933171032545,1582,104.86666666666666,6292,1339,28.727272727272727,24.0,57.0,75.0,75,496.988275069695,947.7350421291927,0.4725047679593134,32
1000,0,1000,route_key,60.0,957.5933171032544,0.9575933171032545,1582,104.86666666666666,6292,1339,28.727272727272727,24.0,57.0,75.0,75,496.988275069695,947.7350421291927,0.044342021614748886,64
1000,0,1000,route_key,60.0,957.5933171032544,0.9575933171032545,1582,104.86666666666666,6292,1339,28.727272727272727,24.0,57.0,75.0,75,496.988275069695,947.7350421291927,0.0,128
1000,0,1000,route_key,60.0,957.5933171032544,0.9575933171032545,1582,104.86666666666666,6292,1339,28.727272727272727,24.0,57.0,75.0,75,496.988275069695,947.7350421291927,0.0,256
1000,0,1000,route_key,60.0,957.5933171032544,0.9575933171032545,1582,104.86666666666666,6292,1339,28.727272727272727,24.0,57.0,75.0,75,496.988275069695,947.7350421291927,0.0,512
1000,0,1000,route_key,60.0,957.5933171032544,0.9575933171032545,1582,104.86666666666666,6292,1339,28.727272727272727,24.0,57.0,75.0,75,496.988275069695,947.7350421291927,0.0,1024
1000,0,1000,route_key,60.0,957.5933171032544,0.9575933171032545,1582,104.86666666666666,6292,1339,28.727272727272727,24.0,57.0,75.0,75,496.988275069695,947.7350421291927,0.0,4096
1000,1,1,event_class,60.0,979.8641044770044,0.9798641044770043,1591,108.68333333333334,6521,6346,1.0555129581352554,1.0,1.0,2.0,3,0.5065554644604829,0.9541671070749658,0.0,32
1000,1,1,event_class,60.0,979.8641044770044,0.9798641044770043,1591,108.68333333333334,6521,6346,1.0555129581352554,1.0,1.0,2.0,3,0.5065554644604829,0.9541671070749658,0.0,64
1000,1,1,event_class,60.0,979.8641044770044,0.9798641044770043,1591,108.68333333333334,6521,6346,1.0555129581352554,1.0,1.0,2.0,3,0.5065554644604829,0.9541671070749658,0.0,128
1000,1,1,event_class,60.0,979.8641044770044,0.9798641044770043,1591,108.68333333333334,6521,6346,1.0555129581352554,1.0,1.0,2.0,3,0.5065554644604829,0.9541671070749658,0.0,256
1000,1,1,event_class,60.0,979.8641044770044,0.9798641044770043,1591,108.68333333333334,6521,6346,1.0555129581352554,1.0,1.0,2.0,3,0.5065554644604829,0.9541671070749658,0.0,512
1000,1,1,event_class,60.0,979.8641044770044,0.9798641044770043,1591,108.68333333333334,6521,6346,1.0555129581352554,1.0,1.0,2.0,3,0.5065554644604829,0.9541671070749658,0.0,1024
1000,1,1,event_class,60.0,979.8641044770044,0.9798641044770043,1591,108.68333333333334,6521,6346,1.0555129581352554,1.0,1.0,2.0,3,0.5065554644604829,0.9541671070749658,0.0,4096
1000,1,1,pooled,60.0,979.8641044770044,0.9798641044770043,1591,108.68333333333334,6521,6186,1.1061186934519245,1.0,2.0,2.0,3,0.5065554644604829,0.9541671070749658,0.0,32
1000,1,1,pooled,60.0,979.8641044770044,0.9798641044770043,1591,108.68333333333334,6521,6186,1.1061186934519245,1.0,2.0,2.0,3,0.5065554644604829,0.9541671070749658,0.0,64
1000,1,1,pooled,60.0,979.8641044770044,0.9798641044770043,1591,108.68333333333334,6521,6186,1.1061186934519245,1.0,2.0,2.0,3,0.5065554644604829,0.9541671070749658,0.0,128
1000,1,1,pooled,60.0,979.8641044770044,0.9798641044770043,1591,108.68333333333334,6521,6186,1.1061186934519245,1.0,2.0,2.0,3,0.5065554644604829,0.9541671070749658,0.0,256
1000,1,1,pooled,60.0,979.8641044770044,0.9798641044770043,1591,108.68333333333334,6521,6186,1.1061186934519245,1.0,2.0,2.0,3,0.5065554644604829,0.9541671070749658,0.0,512
1000,1,1,pooled,60.0,979.8641044770044,0.9798641044770043,1591,108.68333333333334,6521,6186,1.1061186934519245,1.0,2.0,2.0,3,0.5065554644604829,0.9541671070749658,0.0,1024
1000,1,1,pooled,60.0,979.8641044770044,0.9798641044770043,1591,108.68333333333334,6521,6186,1.1061186934519245,1.0,2.0,2.0,3,0.5065554644604829,0.9541671070749658,0.0,4096
1000,1,1,route_key,60.0,979.8641044770044,0.9798641044770043,1591,108.68333333333334,6521,6438,1.0254562183714153,1.0,1.0,2.0,2,0.5065554644604829,0.9541671070749658,0.0,32
1000,1,1,route_key,60.0,979.8641044770044,0.9798641044770043,1591,108.68333333333334,6521,6438,1.0254562183714153,1.0,1.0,2.0,2,0.5065554644604829,0.9541671070749658,0.0,64
1000,1,1,route_key,60.0,979.8641044770044,0.9798641044770043,1591,108.68333333333334,6521,6438,1.0254562183714153,1.0,1.0,2.0,2,0.5065554644604829,0.9541671070749658,0.0,128
1000,1,1,route_key,60.0,979.8641044770044,0.9798641044770043,1591,108.68333333333334,6521,6438,1.0254562183714153,1.0,1.0,2.0,2,0.5065554644604829,0.9541671070749658,0.0,256
1000,1,1,route_key,60.0,979.8641044770044,0.9798641044770043,1591,108.68333333333334,6521,6438,1.0254562183714153,1.0,1.0,2.0,2,0.5065554644604829,0.9541671070749658,0.0,512
1000,1,1,route_key,60.0,979.8641044770044,0.9798641044770043,1591,108.68333333333334,6521,6438,1.0254562183714153,1.0,1.0,2.0,2,0.5065554644604829,0.9541671070749658,0.0,1024
1000,1,1,route_key,60.0,979.8641044770044,0.9798641044770043,1591,108.68333333333334,6521,6438,1.0254562183714153,1.0,1.0,2.0,2,0.5065554644604829,0.9541671070749658,0.0,4096
1000,1,5,event_class,60.0,979.8641044770044,0.9798641044770043,1591,108.68333333333334,6521,5703,1.283085416347186,1.0,2.0,3.0,5,2.4942874074140122,4.757357108111648,0.0,32
1000,1,5,event_class,60.0,979.8641044770044,0.9798641044770043,1591,108.68333333333334,6521,5703,1.283085416347186,1.0,2.0,3.0,5,2.4942874074140122,4.757357108111648,0.0,64
1000,1,5,event_class,60.0,979.8641044770044,0.9798641044770043,1591,108.68333333333334,6521,5703,1.283085416347186,1.0,2.0,3.0,5,2.4942874074140122,4.757357108111648,0.0,128
1000,1,5,event_class,60.0,979.8641044770044,0.9798641044770043,1591,108.68333333333334,6521,5703,1.283085416347186,1.0,2.0,3.0,5,2.4942874074140122,4.757357108111648,0.0,256
1000,1,5,event_class,60.0,979.8641044770044,0.9798641044770043,1591,108.68333333333334,6521,5703,1.283085416347186,1.0,2.0,3.0,5,2.4942874074140122,4.757357108111648,0.0,512
1000,1,5,event_class,60.0,979.8641044770044,0.9798641044770043,1591,108.68333333333334,6521,5703,1.283085416347186,1.0,2.0,3.0,5,2.4942874074140122,4.757357108111648,0.0,1024
1000,1,5,event_class,60.0,979.8641044770044,0.9798641044770043,1591,108.68333333333334,6521,5703,1.283085416347186,1.0,2.0,3.0,5,2.4942874074140122,4.757357108111648,0.0,4096
1000,1,5,pooled,60.0,979.8641044770044,0.9798641044770043,1591,108.68333333333334,6521,5021,1.5581965956141697,1.0,3.0,4.0,5,2.4942874074140122,4.757357108111648,0.0,32
1000,1,5,pooled,60.0,979.8641044770044,0.9798641044770043,1591,108.68333333333334,6521,5021,1.5581965956141697,1.0,3.0,4.0,5,2.4942874074140122,4.757357108111648,0.0,64
1000,1,5,pooled,60.0,979.8641044770044,0.9798641044770043,1591,108.68333333333334,6521,5021,1.5581965956141697,1.0,3.0,4.0,5,2.4942874074140122,4.757357108111648,0.0,128
1000,1,5,pooled,60.0,979.8641044770044,0.9798641044770043,1591,108.68333333333334,6521,5021,1.5581965956141697,1.0,3.0,4.0,5,2.4942874074140122,4.757357108111648,0.0,256
1000,1,5,pooled,60.0,979.8641044770044,0.9798641044770043,1591,108.68333333333334,6521,5021,1.5581965956141697,1.0,3.0,4.0,5,2.4942874074140122,4.757357108111648,0.0,512
1000,1,5,pooled,60.0,979.8641044770044,0.9798641044770043,1591,108.68333333333334,6521,5021,1.5581965956141697,1.0,3.0,4.0,5,2.4942874074140122,4.757357108111648,0.0,1024
1000,1,5,pooled,60.0,979.8641044770044,0.9798641044770043,1591,108.68333333333334,6521,5021,1.5581965956141697,1.0,3.0,4.0,5,2.4942874074140122,4.757357108111648,0.0,4096
1000,1,5,route_key,60.0,979.8641044770044,0.9798641044770043,1591,108.68333333333334,6521,6091,1.1429228645913203,1.0,2.0,3.0,4,2.4942874074140122,4.757357108111648,0.0,32
1000,1,5,route_key,60.0,979.8641044770044,0.9798641044770043,1591,108.68333333333334,6521,6091,1.1429228645913203,1.0,2.0,3.0,4,2.4942874074140122,4.757357108111648,0.0,64
1000,1,5,route_key,60.0,979.8641044770044,0.9798641044770043,1591,108.68333333333334,6521,6091,1.1429228645913203,1.0,2.0,3.0,4,2.4942874074140122,4.757357108111648,0.0,128
1000,1,5,route_key,60.0,979.8641044770044,0.9798641044770043,1591,108.68333333333334,6521,6091,1.1429228645913203,1.0,2.0,3.0,4,2.4942874074140122,4.757357108111648,0.0,256
1000,1,5,route_key,60.0,979.8641044770044,0.9798641044770043,1591,108.68333333333334,6521,6091,1.1429228645913203,1.0,2.0,3.0,4,2.4942874074140122,4.757357108111648,0.0,512
1000,1,5,route_key,60.0,979.8641044770044,0.9798641044770043,1591,108.68333333333334,6521,6091,1.1429228645913203,1.0,2.0,3.0,4,2.4942874074140122,4.757357108111648,0.0,1024
1000,1,5,route_key,60.0,979.8641044770044,0.9798641044770043,1591,108.68333333333334,6521,6091,1.1429228645913203,1.0,2.0,3.0,4,2.4942874074140122,4.757357108111648,0.0,4096
1000,1,10,event_class,60.0,979.8641044770044,0.9798641044770043,1591,108.68333333333334,6521,5049,1.5468486428461892,1.0,3.0,4.0,6,5.011539362635593,9.502975253295354,0.0,32
1000,1,10,event_class,60.0,979.8641044770044,0.9798641044770043,1591,108.68333333333334,6521,5049,1.5468486428461892,1.0,3.0,4.0,6,5.011539362635593,9.502975253295354,0.0,64
1000,1,10,event_class,60.0,979.8641044770044,0.9798641044770043,1591,108.68333333333334,6521,5049,1.5468486428461892,1.0,3.0,4.0,6,5.011539362635593,9.502975253295354,0.0,128
1000,1,10,event_class,60.0,979.8641044770044,0.9798641044770043,1591,108.68333333333334,6521,5049,1.5468486428461892,1.0,3.0,4.0,6,5.011539362635593,9.502975253295354,0.0,256
1000,1,10,event_class,60.0,979.8641044770044,0.9798641044770043,1591,108.68333333333334,6521,5049,1.5468486428461892,1.0,3.0,4.0,6,5.011539362635593,9.502975253295354,0.0,512
1000,1,10,event_class,60.0,979.8641044770044,0.9798641044770043,1591,108.68333333333334,6521,5049,1.5468486428461892,1.0,3.0,4.0,6,5.011539362635593,9.502975253295354,0.0,1024
1000,1,10,event_class,60.0,979.8641044770044,0.9798641044770043,1591,108.68333333333334,6521,5049,1.5468486428461892,1.0,3.0,4.0,6,5.011539362635593,9.502975253295354,0.0,4096
1000,1,10,pooled,60.0,979.8641044770044,0.9798641044770043,1591,108.68333333333334,6521,3989,2.0927771814138936,2.0,4.0,5.0,6,5.011539362635593,9.502975253295354,0.0,32
1000,1,10,pooled,60.0,979.8641044770044,0.9798641044770043,1591,108.68333333333334,6521,3989,2.0927771814138936,2.0,4.0,5.0,6,5.011539362635593,9.502975253295354,0.0,64
1000,1,10,pooled,60.0,979.8641044770044,0.9798641044770043,1591,108.68333333333334,6521,3989,2.0927771814138936,2.0,4.0,5.0,6,5.011539362635593,9.502975253295354,0.0,128
1000,1,10,pooled,60.0,979.8641044770044,0.9798641044770043,1591,108.68333333333334,6521,3989,2.0927771814138936,2.0,4.0,5.0,6,5.011539362635593,9.502975253295354,0.0,256
1000,1,10,pooled,60.0,979.8641044770044,0.9798641044770043,1591,108.68333333333334,6521,3989,2.0927771814138936,2.0,4.0,5.0,6,5.011539362635593,9.502975253295354,0.0,512
1000,1,10,pooled,60.0,979.8641044770044,0.9798641044770043,1591,108.68333333333334,6521,3989,2.0927771814138936,2.0,4.0,5.0,6,5.011539362635593,9.502975253295354,0.0,1024
1000,1,10,pooled,60.0,979.8641044770044,0.9798641044770043,1591,108.68333333333334,6521,3989,2.0927771814138936,2.0,4.0,5.0,6,5.011539362635593,9.502975253295354,0.0,4096
1000,1,10,route_key,60.0,979.8641044770044,0.9798641044770043,1591,108.68333333333334,6521,5732,1.2809385063640546,1.0,2.0,3.0,4,5.011539362635593,9.502975253295354,0.0,32
1000,1,10,route_key,60.0,979.8641044770044,0.9798641044770043,1591,108.68333333333334,6521,5732,1.2809385063640546,1.0,2.0,3.0,4,5.011539362635593,9.502975253295354,0.0,64
1000,1,10,route_key,60.0,979.8641044770044,0.9798641044770043,1591,108.68333333333334,6521,5732,1.2809385063640546,1.0,2.0,3.0,4,5.011539362635593,9.502975253295354,0.0,128
1000,1,10,route_key,60.0,979.8641044770044,0.9798641044770043,1591,108.68333333333334,6521,5732,1.2809385063640546,1.0,2.0,3.0,4,5.011539362635593,9.502975253295354,0.0,256
1000,1,10,route_key,60.0,979.8641044770044,0.9798641044770043,1591,108.68333333333334,6521,5732,1.2809385063640546,1.0,2.0,3.0,4,5.011539362635593,9.502975253295354,0.0,512
1000,1,10,route_key,60.0,979.8641044770044,0.9798641044770043,1591,108.68333333333334,6521,5732,1.2809385063640546,1.0,2.0,3.0,4,5.011539362635593,9.502975253295354,0.0,1024
1000,1,10,route_key,60.0,979.8641044770044,0.9798641044770043,1591,108.68333333333334,6521,5732,1.2809385063640546,1.0,2.0,3.0,4,5.011539362635593,9.502975253295354,0.0,4096
1000,1,25,event_class,60.0,979.8641044770044,0.9798641044770043,1591,108.68333333333334,6521,3573,2.393037877626131,2.0,4.0,6.0,8,12.560228214039787,23.783141065443658,0.0,32
1000,1,25,event_class,60.0,979.8641044770044,0.9798641044770043,1591,108.68333333333334,6521,3573,2.393037877626131,2.0,4.0,6.0,8,12.560228214039787,23.783141065443658,0.0,64
1000,1,25,event_class,60.0,979.8641044770044,0.9798641044770043,1591,108.68333333333334,6521,3573,2.393037877626131,2.0,4.0,6.0,8,12.560228214039787,23.783141065443658,0.0,128
1000,1,25,event_class,60.0,979.8641044770044,0.9798641044770043,1591,108.68333333333334,6521,3573,2.393037877626131,2.0,4.0,6.0,8,12.560228214039787,23.783141065443658,0.0,256
1000,1,25,event_class,60.0,979.8641044770044,0.9798641044770043,1591,108.68333333333334,6521,3573,2.393037877626131,2.0,4.0,6.0,8,12.560228214039787,23.783141065443658,0.0,512
1000,1,25,event_class,60.0,979.8641044770044,0.9798641044770043,1591,108.68333333333334,6521,3573,2.393037877626131,2.0,4.0,6.0,8,12.560228214039787,23.783141065443658,0.0,1024
1000,1,25,event_class,60.0,979.8641044770044,0.9798641044770043,1591,108.68333333333334,6521,3573,2.393037877626131,2.0,4.0,6.0,8,12.560228214039787,23.783141065443658,0.0,4096
1000,1,25,pooled,60.0,979.8641044770044,0.9798641044770043,1591,108.68333333333334,6521,2253,3.722895261462966,4.0,6.0,8.0,10,12.560228214039787,23.783141065443658,0.0,32
1000,1,25,pooled,60.0,979.8641044770044,0.9798641044770043,1591,108.68333333333334,6521,2253,3.722895261462966,4.0,6.0,8.0,10,12.560228214039787,23.783141065443658,0.0,64
1000,1,25,pooled,60.0,979.8641044770044,0.9798641044770043,1591,108.68333333333334,6521,2253,3.722895261462966,4.0,6.0,8.0,10,12.560228214039787,23.783141065443658,0.0,128
1000,1,25,pooled,60.0,979.8641044770044,0.9798641044770043,1591,108.68333333333334,6521,2253,3.722895261462966,4.0,6.0,8.0,10,12.560228214039787,23.783141065443658,0.0,256
1000,1,25,pooled,60.0,979.8641044770044,0.9798641044770043,1591,108.68333333333334,6521,2253,3.722895261462966,4.0,6.0,8.0,10,12.560228214039787,23.783141065443658,0.0,512
1000,1,25,pooled,60.0,979.8641044770044,0.9798641044770043,1591,108.68333333333334,6521,2253,3.722895261462966,4.0,6.0,8.0,10,12.560228214039787,23.783141065443658,0.0,1024
1000,1,25,pooled,60.0,979.8641044770044,0.9798641044770043,1591,108.68333333333334,6521,2253,3.722895261462966,4.0,6.0,8.0,10,12.560228214039787,23.783141065443658,0.0,4096
1000,1,25,route_key,60.0,979.8641044770044,0.9798641044770043,1591,108.68333333333334,6521,4901,1.691918417420641,1.0,3.0,5.0,6,12.560228214039787,23.783141065443658,0.0,32
1000,1,25,route_key,60.0,979.8641044770044,0.9798641044770043,1591,108.68333333333334,6521,4901,1.691918417420641,1.0,3.0,5.0,6,12.560228214039787,23.783141065443658,0.0,64
1000,1,25,route_key,60.0,979.8641044770044,0.9798641044770043,1591,108.68333333333334,6521,4901,1.691918417420641,1.0,3.0,5.0,6,12.560228214039787,23.783141065443658,0.0,128
1000,1,25,route_key,60.0,979.8641044770044,0.9798641044770043,1591,108.68333333333334,6521,4901,1.691918417420641,1.0,3.0,5.0,6,12.560228214039787,23.783141065443658,0.0,256
1000,1,25,route_key,60.0,979.8641044770044,0.9798641044770043,1591,108.68333333333334,6521,4901,1.691918417420641,1.0,3.0,5.0,6,12.560228214039787,23.783141065443658,0.0,512
1000,1,25,route_key,60.0,979.8641044770044,0.9798641044770043,1591,108.68333333333334,6521,4901,1.691918417420641,1.0,3.0,5.0,6,12.560228214039787,23.783141065443658,0.0,1024
1000,1,25,route_key,60.0,979.8641044770044,0.9798641044770043,1591,108.68333333333334,6521,4901,1.691918417420641,1.0,3.0,5.0,6,12.560228214039787,23.783141065443658,0.0,4096
1000,1,50,event_class,60.0,979.8641044770044,0.9798641044770043,1591,108.68333333333334,6521,2262,3.7541788069314523,4.0,6.0,9.0,10,25.10048277622352,47.449154824064976,0.0,32
1000,1,50,event_class,60.0,979.8641044770044,0.9798641044770043,1591,108.68333333333334,6521,2262,3.7541788069314523,4.0,6.0,9.0,10,25.10048277622352,47.449154824064976,0.0,64
1000,1,50,event_class,60.0,979.8641044770044,0.9798641044770043,1591,108.68333333333334,6521,2262,3.7541788069314523,4.0,6.0,9.0,10,25.10048277622352,47.449154824064976,0.0,128
1000,1,50,event_class,60.0,979.8641044770044,0.9798641044770043,1591,108.68333333333334,6521,2262,3.7541788069314523,4.0,6.0,9.0,10,25.10048277622352,47.449154824064976,0.0,256
1000,1,50,event_class,60.0,979.8641044770044,0.9798641044770043,1591,108.68333333333334,6521,2262,3.7541788069314523,4.0,6.0,9.0,10,25.10048277622352,47.449154824064976,0.0,512
1000,1,50,event_class,60.0,979.8641044770044,0.9798641044770043,1591,108.68333333333334,6521,2262,3.7541788069314523,4.0,6.0,9.0,10,25.10048277622352,47.449154824064976,0.0,1024
1000,1,50,event_class,60.0,979.8641044770044,0.9798641044770043,1591,108.68333333333334,6521,2262,3.7541788069314523,4.0,6.0,9.0,10,25.10048277622352,47.449154824064976,0.0,4096
1000,1,50,pooled,60.0,979.8641044770044,0.9798641044770043,1591,108.68333333333334,6521,1196,6.463885907069468,6.0,10.0,13.0,15,25.10048277622352,47.449154824064976,0.0,32
1000,1,50,pooled,60.0,979.8641044770044,0.9798641044770043,1591,108.68333333333334,6521,1196,6.463885907069468,6.0,10.0,13.0,15,25.10048277622352,47.449154824064976,0.0,64
1000,1,50,pooled,60.0,979.8641044770044,0.9798641044770043,1591,108.68333333333334,6521,1196,6.463885907069468,6.0,10.0,13.0,15,25.10048277622352,47.449154824064976,0.0,128
1000,1,50,pooled,60.0,979.8641044770044,0.9798641044770043,1591,108.68333333333334,6521,1196,6.463885907069468,6.0,10.0,13.0,15,25.10048277622352,47.449154824064976,0.0,256
1000,1,50,pooled,60.0,979.8641044770044,0.9798641044770043,1591,108.68333333333334,6521,1196,6.463885907069468,6.0,10.0,13.0,15,25.10048277622352,47.449154824064976,0.0,512
1000,1,50,pooled,60.0,979.8641044770044,0.9798641044770043,1591,108.68333333333334,6521,1196,6.463885907069468,6.0,10.0,13.0,15,25.10048277622352,47.449154824064976,0.0,1024
1000,1,50,pooled,60.0,979.8641044770044,0.9798641044770043,1591,108.68333333333334,6521,1196,6.463885907069468,6.0,10.0,13.0,15,25.10048277622352,47.449154824064976,0.0,4096
1000,1,50,route_key,60.0,979.8641044770044,0.9798641044770043,1591,108.68333333333334,6521,4080,2.376476000613403,2.0,5.0,7.0,10,25.10048277622352,47.449154824064976,0.0,32
1000,1,50,route_key,60.0,979.8641044770044,0.9798641044770043,1591,108.68333333333334,6521,4080,2.376476000613403,2.0,5.0,7.0,10,25.10048277622352,47.449154824064976,0.0,64
1000,1,50,route_key,60.0,979.8641044770044,0.9798641044770043,1591,108.68333333333334,6521,4080,2.376476000613403,2.0,5.0,7.0,10,25.10048277622352,47.449154824064976,0.0,128
1000,1,50,route_key,60.0,979.8641044770044,0.9798641044770043,1591,108.68333333333334,6521,4080,2.376476000613403,2.0,5.0,7.0,10,25.10048277622352,47.449154824064976,0.0,256
1000,1,50,route_key,60.0,979.8641044770044,0.9798641044770043,1591,108.68333333333334,6521,4080,2.376476000613403,2.0,5.0,7.0,10,25.10048277622352,47.449154824064976,0.0,512
1000,1,50,route_key,60.0,979.8641044770044,0.9798641044770043,1591,108.68333333333334,6521,4080,2.376476000613403,2.0,5.0,7.0,10,25.10048277622352,47.449154824064976,0.0,1024
1000,1,50,route_key,60.0,979.8641044770044,0.9798641044770043,1591,108.68333333333334,6521,4080,2.376476000613403,2.0,5.0,7.0,10,25.10048277622352,47.449154824064976,0.0,4096
1000,1,100,event_class,60.0,979.8641044770044,0.9798641044770043,1591,108.68333333333334,6521,1222,6.4445637172212855,6.0,10.0,13.0,15,50.08898147274246,95.13749371602387,0.0,32
1000,1,100,event_class,60.0,979.8641044770044,0.9798641044770043,1591,108.68333333333334,6521,1222,6.4445637172212855,6.0,10.0,13.0,15,50.08898147274246,95.13749371602387,0.0,64
1000,1,100,event_class,60.0,979.8641044770044,0.9798641044770043,1591,108.68333333333334,6521,1222,6.4445637172212855,6.0,10.0,13.0,15,50.08898147274246,95.13749371602387,0.0,128
1000,1,100,event_class,60.0,979.8641044770044,0.9798641044770043,1591,108.68333333333334,6521,1222,6.4445637172212855,6.0,10.0,13.0,15,50.08898147274246,95.13749371602387,0.0,256
1000,1,100,event_class,60.0,979.8641044770044,0.9798641044770043,1591,108.68333333333334,6521,1222,6.4445637172212855,6.0,10.0,13.0,15,50.08898147274246,95.13749371602387,0.0,512
1000,1,100,event_class,60.0,979.8641044770044,0.9798641044770043,1591,108.68333333333334,6521,1222,6.4445637172212855,6.0,10.0,13.0,15,50.08898147274246,95.13749371602387,0.0,1024
1000,1,100,event_class,60.0,979.8641044770044,0.9798641044770043,1591,108.68333333333334,6521,1222,6.4445637172212855,6.0,10.0,13.0,15,50.08898147274246,95.13749371602387,0.0,4096
1000,1,100,pooled,60.0,979.8641044770044,0.9798641044770043,1591,108.68333333333334,6521,600,11.850483054746205,12.0,16.0,20.0,23,50.08898147274246,95.13749371602387,0.0,32
1000,1,100,pooled,60.0,979.8641044770044,0.9798641044770043,1591,108.68333333333334,6521,600,11.850483054746205,12.0,16.0,20.0,23,50.08898147274246,95.13749371602387,0.0,64
1000,1,100,pooled,60.0,979.8641044770044,0.9798641044770043,1591,108.68333333333334,6521,600,11.850483054746205,12.0,16.0,20.0,23,50.08898147274246,95.13749371602387,0.0,128
1000,1,100,pooled,60.0,979.8641044770044,0.9798641044770043,1591,108.68333333333334,6521,600,11.850483054746205,12.0,16.0,20.0,23,50.08898147274246,95.13749371602387,0.0,256
1000,1,100,pooled,60.0,979.8641044770044,0.9798641044770043,1591,108.68333333333334,6521,600,11.850483054746205,12.0,16.0,20.0,23,50.08898147274246,95.13749371602387,0.0,512
1000,1,100,pooled,60.0,979.8641044770044,0.9798641044770043,1591,108.68333333333334,6521,600,11.850483054746205,12.0,16.0,20.0,23,50.08898147274246,95.13749371602387,0.0,1024
1000,1,100,pooled,60.0,979.8641044770044,0.9798641044770043,1591,108.68333333333334,6521,600,11.850483054746205,12.0,16.0,20.0,23,50.08898147274246,95.13749371602387,0.0,4096
1000,1,100,route_key,60.0,979.8641044770044,0.9798641044770043,1591,108.68333333333334,6521,3235,3.729642692838522,3.0,8.0,11.0,13,50.08898147274246,95.13749371602387,0.0,32
1000,1,100,route_key,60.0,979.8641044770044,0.9798641044770043,1591,108.68333333333334,6521,3235,3.729642692838522,3.0,8.0,11.0,13,50.08898147274246,95.13749371602387,0.0,64
1000,1,100,route_key,60.0,979.8641044770044,0.9798641044770043,1591,108.68333333333334,6521,3235,3.729642692838522,3.0,8.0,11.0,13,50.08898147274246,95.13749371602387,0.0,128
1000,1,100,route_key,60.0,979.8641044770044,0.9798641044770043,1591,108.68333333333334,6521,3235,3.729642692838522,3.0,8.0,11.0,13,50.08898147274246,95.13749371602387,0.0,256
1000,1,100,route_key,60.0,979.8641044770044,0.9798641044770043,1591,108.68333333333334,6521,3235,3.729642692838522,3.0,8.0,11.0,13,50.08898147274246,95.13749371602387,0.0,512
1000,1,100,route_key,60.0,979.8641044770044,0.9798641044770043,1591,108.68333333333334,6521,3235,3.729642692838522,3.0,8.0,11.0,13,50.08898147274246,95.13749371602387,0.0,1024
1000,1,100,route_key,60.0,979.8641044770044,0.9798641044770043,1591,108.68333333333334,6521,3235,3.729642692838522,3.0,8.0,11.0,13,50.08898147274246,95.13749371602387,0.0,4096
1000,1,250,event_class,60.0,979.8641044770044,0.9798641044770043,1591,108.68333333333334,6521,509,14.509891120993712,14.0,20.0,24.0,26,125.85956880597188,236.295999091233,0.0,32
1000,1,250,event_class,60.0,979.8641044770044,0.9798641044770043,1591,108.68333333333334,6521,509,14.509891120993712,14.0,20.0,24.0,26,125.85956880597188,236.295999091233,0.0,64
1000,1,250,event_class,60.0,979.8641044770044,0.9798641044770043,1591,108.68333333333334,6521,509,14.509891120993712,14.0,20.0,24.0,26,125.85956880597188,236.295999091233,0.0,128
1000,1,250,event_class,60.0,979.8641044770044,0.9798641044770043,1591,108.68333333333334,6521,509,14.509891120993712,14.0,20.0,24.0,26,125.85956880597188,236.295999091233,0.0,256
1000,1,250,event_class,60.0,979.8641044770044,0.9798641044770043,1591,108.68333333333334,6521,509,14.509891120993712,14.0,20.0,24.0,26,125.85956880597188,236.295999091233,0.0,512
1000,1,250,event_class,60.0,979.8641044770044,0.9798641044770043,1591,108.68333333333334,6521,509,14.509891120993712,14.0,20.0,24.0,26,125.85956880597188,236.295999091233,0.0,1024
1000,1,250,event_class,60.0,979.8641044770044,0.9798641044770043,1591,108.68333333333334,6521,509,14.509891120993712,14.0,20.0,24.0,26,125.85956880597188,236.295999091233,0.0,4096
1000,1,250,pooled,60.0,979.8641044770044,0.9798641044770043,1591,108.68333333333334,6521,240,28.064867351633186,28.0,34.0,40.0,40,125.85956880597188,236.295999091233,0.23523999386597147,32
1000,1,250,pooled,60.0,979.8641044770044,0.9798641044770043,1591,108.68333333333334,6521,240,28.064867351633186,28.0,34.0,40.0,40,125.85956880597188,236.295999091233,0.0,64
1000,1,250,pooled,60.0,979.8641044770044,0.9798641044770043,1591,108.68333333333334,6521,240,28.064867351633186,28.0,34.0,40.0,40,125.85956880597188,236.295999091233,0.0,128
1000,1,250,pooled,60.0,979.8641044770044,0.9798641044770043,1591,108.68333333333334,6521,240,28.064867351633186,28.0,34.0,40.0,40,125.85956880597188,236.295999091233,0.0,256
1000,1,250,pooled,60.0,979.8641044770044,0.9798641044770043,1591,108.68333333333334,6521,240,28.064867351633186,28.0,34.0,40.0,40,125.85956880597188,236.295999091233,0.0,512
1000,1,250,pooled,60.0,979.8641044770044,0.9798641044770043,1591,108.68333333333334,6521,240,28.064867351633186,28.0,34.0,40.0,40,125.85956880597188,236.295999091233,0.0,1024
1000,1,250,pooled,60.0,979.8641044770044,0.9798641044770043,1591,108.68333333333334,6521,240,28.064867351633186,28.0,34.0,40.0,40,125.85956880597188,236.295999091233,0.0,4096
1000,1,250,route_key,60.0,979.8641044770044,0.9798641044770043,1591,108.68333333333334,6521,2375,7.845269130501457,7.0,16.0,23.0,24,125.85956880597188,236.295999091233,0.0,32
1000,1,250,route_key,60.0,979.8641044770044,0.9798641044770043,1591,108.68333333333334,6521,2375,7.845269130501457,7.0,16.0,23.0,24,125.85956880597188,236.295999091233,0.0,64
1000,1,250,route_key,60.0,979.8641044770044,0.9798641044770043,1591,108.68333333333334,6521,2375,7.845269130501457,7.0,16.0,23.0,24,125.85956880597188,236.295999091233,0.0,128
1000,1,250,route_key,60.0,979.8641044770044,0.9798641044770043,1591,108.68333333333334,6521,2375,7.845269130501457,7.0,16.0,23.0,24,125.85956880597188,236.295999091233,0.0,256
1000,1,250,route_key,60.0,979.8641044770044,0.9798641044770043,1591,108.68333333333334,6521,2375,7.845269130501457,7.0,16.0,23.0,24,125.85956880597188,236.295999091233,0.0,512
1000,1,250,route_key,60.0,979.8641044770044,0.9798641044770043,1591,108.68333333333334,6521,2375,7.845269130501457,7.0,16.0,23.0,24,125.85956880597188,236.295999091233,0.0,1024
1000,1,250,route_key,60.0,979.8641044770044,0.9798641044770043,1591,108.68333333333334,6521,2375,7.845269130501457,7.0,16.0,23.0,24,125.85956880597188,236.295999091233,0.0,4096
1000,1,500,event_class,60.0,979.8641044770044,0.9798641044770043,1591,108.68333333333334,6521,268,28.102591627051066,28.0,36.0,41.0,45,250.6103738972156,475.9004005367231,0.24459438736390124,32
1000,1,500,event_class,60.0,979.8641044770044,0.9798641044770043,1591,108.68333333333334,6521,268,28.102591627051066,28.0,36.0,41.0,45,250.6103738972156,475.9004005367231,0.0,64
1000,1,500,event_class,60.0,979.8641044770044,0.9798641044770043,1591,108.68333333333334,6521,268,28.102591627051066,28.0,36.0,41.0,45,250.6103738972156,475.9004005367231,0.0,128
1000,1,500,event_class,60.0,979.8641044770044,0.9798641044770043,1591,108.68333333333334,6521,268,28.102591627051066,28.0,36.0,41.0,45,250.6103738972156,475.9004005367231,0.0,256
1000,1,500,event_class,60.0,979.8641044770044,0.9798641044770043,1591,108.68333333333334,6521,268,28.102591627051066,28.0,36.0,41.0,45,250.6103738972156,475.9004005367231,0.0,512
1000,1,500,event_class,60.0,979.8641044770044,0.9798641044770043,1591,108.68333333333334,6521,268,28.102591627051066,28.0,36.0,41.0,45,250.6103738972156,475.9004005367231,0.0,1024
1000,1,500,event_class,60.0,979.8641044770044,0.9798641044770043,1591,108.68333333333334,6521,268,28.102591627051066,28.0,36.0,41.0,45,250.6103738972156,475.9004005367231,0.0,4096
1000,1,500,pooled,60.0,979.8641044770044,0.9798641044770043,1591,108.68333333333334,6521,120,55.18555436282779,56.0,63.0,71.0,71,250.6103738972156,475.9004005367231,1.0,32
1000,1,500,pooled,60.0,979.8641044770044,0.9798641044770043,1591,108.68333333333334,6521,120,55.18555436282779,56.0,63.0,71.0,71,250.6103738972156,475.9004005367231,0.08280938506364055,64
1000,1,500,pooled,60.0,979.8641044770044,0.9798641044770043,1591,108.68333333333334,6521,120,55.18555436282779,56.0,63.0,71.0,71,250.6103738972156,475.9004005367231,0.0,128
1000,1,500,pooled,60.0,979.8641044770044,0.9798641044770043,1591,108.68333333333334,6521,120,55.18555436282779,56.0,63.0,71.0,71,250.6103738972156,475.9004005367231,0.0,256
1000,1,500,pooled,60.0,979.8641044770044,0.9798641044770043,1591,108.68333333333334,6521,120,55.18555436282779,56.0,63.0,71.0,71,250.6103738972156,475.9004005367231,0.0,512
1000,1,500,pooled,60.0,979.8641044770044,0.9798641044770043,1591,108.68333333333334,6521,120,55.18555436282779,56.0,63.0,71.0,71,250.6103738972156,475.9004005367231,0.0,1024
1000,1,500,pooled,60.0,979.8641044770044,0.9798641044770043,1591,108.68333333333334,6521,120,55.18555436282779,56.0,63.0,71.0,71,250.6103738972156,475.9004005367231,0.0,4096
1000,1,500,route_key,60.0,979.8641044770044,0.9798641044770043,1591,108.68333333333334,6521,1869,14.745744517712007,14.0,30.0,37.0,40,250.6103738972156,475.9004005367231,0.057506517405305935,32
1000,1,500,route_key,60.0,979.8641044770044,0.9798641044770043,1591,108.68333333333334,6521,1869,14.745744517712007,14.0,30.0,37.0,40,250.6103738972156,475.9004005367231,0.0,64
1000,1,500,route_key,60.0,979.8641044770044,0.9798641044770043,1591,108.68333333333334,6521,1869,14.745744517712007,14.0,30.0,37.0,40,250.6103738972156,475.9004005367231,0.0,128
1000,1,500,route_key,60.0,979.8641044770044,0.9798641044770043,1591,108.68333333333334,6521,1869,14.745744517712007,14.0,30.0,37.0,40,250.6103738972156,475.9004005367231,0.0,256
1000,1,500,route_key,60.0,979.8641044770044,0.9798641044770043,1591,108.68333333333334,6521,1869,14.745744517712007,14.0,30.0,37.0,40,250.6103738972156,475.9004005367231,0.0,512
1000,1,500,route_key,60.0,979.8641044770044,0.9798641044770043,1591,108.68333333333334,6521,1869,14.745744517712007,14.0,30.0,37.0,40,250.6103738972156,475.9004005367231,0.0,1024
1000,1,500,route_key,60.0,979.8641044770044,0.9798641044770043,1591,108.68333333333334,6521,1869,14.745744517712007,14.0,30.0,37.0,40,250.6103738972156,475.9004005367231,0.0,4096
1000,1,1000,event_class,60.0,979.8641044770044,0.9798641044770043,1591,108.68333333333334,6521,145,55.138629044625056,55.0,67.0,72.0,72,501.72216656705154,951.564460042519,0.9950927771814139,32
1000,1,1000,event_class,60.0,979.8641044770044,0.9798641044770043,1591,108.68333333333334,6521,145,55.138629044625056,55.0,67.0,72.0,72,501.72216656705154,951.564460042519,0.18662781781935286,64
1000,1,1000,event_class,60.0,979.8641044770044,0.9798641044770043,1591,108.68333333333334,6521,145,55.138629044625056,55.0,67.0,72.0,72,501.72216656705154,951.564460042519,0.0,128
1000,1,1000,event_class,60.0,979.8641044770044,0.9798641044770043,1591,108.68333333333334,6521,145,55.138629044625056,55.0,67.0,72.0,72,501.72216656705154,951.564460042519,0.0,256
1000,1,1000,event_class,60.0,979.8641044770044,0.9798641044770043,1591,108.68333333333334,6521,145,55.138629044625056,55.0,67.0,72.0,72,501.72216656705154,951.564460042519,0.0,512
1000,1,1000,event_class,60.0,979.8641044770044,0.9798641044770043,1591,108.68333333333334,6521,145,55.138629044625056,55.0,67.0,72.0,72,501.72216656705154,951.564460042519,0.0,1024
1000,1,1000,event_class,60.0,979.8641044770044,0.9798641044770043,1591,108.68333333333334,6521,145,55.138629044625056,55.0,67.0,72.0,72,501.72216656705154,951.564460042519,0.0,4096
1000,1,1000,pooled,60.0,979.8641044770044,0.9798641044770043,1591,108.68333333333334,6521,60,109.36436129428002,111.0,119.0,123.0,123,501.72216656705154,951.564460042519,1.0,32
1000,1,1000,pooled,60.0,979.8641044770044,0.9798641044770043,1591,108.68333333333334,6521,60,109.36436129428002,111.0,119.0,123.0,123,501.72216656705154,951.564460042519,1.0,64
1000,1,1000,pooled,60.0,979.8641044770044,0.9798641044770043,1591,108.68333333333334,6521,60,109.36436129428002,111.0,119.0,123.0,123,501.72216656705154,951.564460042519,0.0,128
1000,1,1000,pooled,60.0,979.8641044770044,0.9798641044770043,1591,108.68333333333334,6521,60,109.36436129428002,111.0,119.0,123.0,123,501.72216656705154,951.564460042519,0.0,256
1000,1,1000,pooled,60.0,979.8641044770044,0.9798641044770043,1591,108.68333333333334,6521,60,109.36436129428002,111.0,119.0,123.0,123,501.72216656705154,951.564460042519,0.0,512
1000,1,1000,pooled,60.0,979.8641044770044,0.9798641044770043,1591,108.68333333333334,6521,60,109.36436129428002,111.0,119.0,123.0,123,501.72216656705154,951.564460042519,0.0,1024
1000,1,1000,pooled,60.0,979.8641044770044,0.9798641044770043,1591,108.68333333333334,6521,60,109.36436129428002,111.0,119.0,123.0,123,501.72216656705154,951.564460042519,0.0,4096
1000,1,1000,route_key,60.0,979.8641044770044,0.9798641044770043,1591,108.68333333333334,6521,1440,28.450391044318355,25.0,56.0,70.0,70,501.72216656705154,951.564460042519,0.46388590706946786,32
1000,1,1000,route_key,60.0,979.8641044770044,0.9798641044770043,1591,108.68333333333334,6521,1440,28.450391044318355,25.0,56.0,70.0,70,501.72216656705154,951.564460042519,0.02085569697899095,64
1000,1,1000,route_key,60.0,979.8641044770044,0.9798641044770043,1591,108.68333333333334,6521,1440,28.450391044318355,25.0,56.0,70.0,70,501.72216656705154,951.564460042519,0.0,128
1000,1,1000,route_key,60.0,979.8641044770044,0.9798641044770043,1591,108.68333333333334,6521,1440,28.450391044318355,25.0,56.0,70.0,70,501.72216656705154,951.564460042519,0.0,256
1000,1,1000,route_key,60.0,979.8641044770044,0.9798641044770043,1591,108.68333333333334,6521,1440,28.450391044318355,25.0,56.0,70.0,70,501.72216656705154,951.564460042519,0.0,512
1000,1,1000,route_key,60.0,979.8641044770044,0.9798641044770043,1591,108.68333333333334,6521,1440,28.450391044318355,25.0,56.0,70.0,70,501.72216656705154,951.564460042519,0.0,1024
1000,1,1000,route_key,60.0,979.8641044770044,0.9798641044770043,1591,108.68333333333334,6521,1440,28.450391044318355,25.0,56.0,70.0,70,501.72216656705154,951.564460042519,0.0,4096
1000,2,1,event_class,60.0,1062.5437636520214,1.0625437636520214,1680,114.65,6879,6708,1.0508794882977177,1.0,1.0,2.0,3,0.49845560825341917,0.9482085692312126,0.0,32
1000,2,1,event_class,60.0,1062.5437636520214,1.0625437636520214,1680,114.65,6879,6708,1.0508794882977177,1.0,1.0,2.0,3,0.49845560825341917,0.9482085692312126,0.0,64
1000,2,1,event_class,60.0,1062.5437636520214,1.0625437636520214,1680,114.65,6879,6708,1.0508794882977177,1.0,1.0,2.0,3,0.49845560825341917,0.9482085692312126,0.0,128
1000,2,1,event_class,60.0,1062.5437636520214,1.0625437636520214,1680,114.65,6879,6708,1.0508794882977177,1.0,1.0,2.0,3,0.49845560825341917,0.9482085692312126,0.0,256
1000,2,1,event_class,60.0,1062.5437636520214,1.0625437636520214,1680,114.65,6879,6708,1.0508794882977177,1.0,1.0,2.0,3,0.49845560825341917,0.9482085692312126,0.0,512
1000,2,1,event_class,60.0,1062.5437636520214,1.0625437636520214,1680,114.65,6879,6708,1.0508794882977177,1.0,1.0,2.0,3,0.49845560825341917,0.9482085692312126,0.0,1024
1000,2,1,event_class,60.0,1062.5437636520214,1.0625437636520214,1680,114.65,6879,6708,1.0508794882977177,1.0,1.0,2.0,3,0.49845560825341917,0.9482085692312126,0.0,4096
1000,2,1,pooled,60.0,1062.5437636520214,1.0625437636520214,1680,114.65,6879,6526,1.1052478557929932,1.0,2.0,2.0,3,0.49845560825341917,0.9482085692312126,0.0,32
1000,2,1,pooled,60.0,1062.5437636520214,1.0625437636520214,1680,114.65,6879,6526,1.1052478557929932,1.0,2.0,2.0,3,0.49845560825341917,0.9482085692312126,0.0,64
1000,2,1,pooled,60.0,1062.5437636520214,1.0625437636520214,1680,114.65,6879,6526,1.1052478557929932,1.0,2.0,2.0,3,0.49845560825341917,0.9482085692312126,0.0,128
1000,2,1,pooled,60.0,1062.5437636520214,1.0625437636520214,1680,114.65,6879,6526,1.1052478557929932,1.0,2.0,2.0,3,0.49845560825341917,0.9482085692312126,0.0,256
1000,2,1,pooled,60.0,1062.5437636520214,1.0625437636520214,1680,114.65,6879,6526,1.1052478557929932,1.0,2.0,2.0,3,0.49845560825341917,0.9482085692312126,0.0,512
1000,2,1,pooled,60.0,1062.5437636520214,1.0625437636520214,1680,114.65,6879,6526,1.1052478557929932,1.0,2.0,2.0,3,0.49845560825341917,0.9482085692312126,0.0,1024
1000,2,1,pooled,60.0,1062.5437636520214,1.0625437636520214,1680,114.65,6879,6526,1.1052478557929932,1.0,2.0,2.0,3,0.49845560825341917,0.9482085692312126,0.0,4096
1000,2,1,route_key,60.0,1062.5437636520214,1.0625437636520214,1680,114.65,6879,6789,1.026748073847943,1.0,1.0,2.0,3,0.49845560825341917,0.9482085692312126,0.0,32
1000,2,1,route_key,60.0,1062.5437636520214,1.0625437636520214,1680,114.65,6879,6789,1.026748073847943,1.0,1.0,2.0,3,0.49845560825341917,0.9482085692312126,0.0,64
1000,2,1,route_key,60.0,1062.5437636520214,1.0625437636520214,1680,114.65,6879,6789,1.026748073847943,1.0,1.0,2.0,3,0.49845560825341917,0.9482085692312126,0.0,128
1000,2,1,route_key,60.0,1062.5437636520214,1.0625437636520214,1680,114.65,6879,6789,1.026748073847943,1.0,1.0,2.0,3,0.49845560825341917,0.9482085692312126,0.0,256
1000,2,1,route_key,60.0,1062.5437636520214,1.0625437636520214,1680,114.65,6879,6789,1.026748073847943,1.0,1.0,2.0,3,0.49845560825341917,0.9482085692312126,0.0,512
1000,2,1,route_key,60.0,1062.5437636520214,1.0625437636520214,1680,114.65,6879,6789,1.026748073847943,1.0,1.0,2.0,3,0.49845560825341917,0.9482085692312126,0.0,1024
1000,2,1,route_key,60.0,1062.5437636520214,1.0625437636520214,1680,114.65,6879,6789,1.026748073847943,1.0,1.0,2.0,3,0.49845560825341917,0.9482085692312126,0.0,4096
1000,2,5,event_class,60.0,1062.5437636520214,1.0625437636520214,1680,114.65,6879,5988,1.2817269952027912,1.0,2.0,3.0,4,2.480138992466249,4.756325852947896,0.0,32
1000,2,5,event_class,60.0,1062.5437636520214,1.0625437636520214,1680,114.65,6879,5988,1.2817269952027912,1.0,2.0,3.0,4,2.480138992466249,4.756325852947896,0.0,64
1000,2,5,event_class,60.0,1062.5437636520214,1.0625437636520214,1680,114.65,6879,5988,1.2817269952027912,1.0,2.0,3.0,4,2.480138992466249,4.756325852947896,0.0,128
1000,2,5,event_class,60.0,1062.5437636520214,1.0625437636520214,1680,114.65,6879,5988,1.2817269952027912,1.0,2.0,3.0,4,2.480138992466249,4.756325852947896,0.0,256
1000,2,5,event_class,60.0,1062.5437636520214,1.0625437636520214,1680,114.65,6879,5988,1.2817269952027912,1.0,2.0,3.0,4,2.480138992466249,4.756325852947896,0.0,512
1000,2,5,event_class,60.0,1062.5437636520214,1.0625437636520214,1680,114.65,6879,5988,1.2817269952027912,1.0,2.0,3.0,4,2.480138992466249,4.756325852947896,0.0,1024
1000,2,5,event_class,60.0,1062.5437636520214,1.0625437636520214,1680,114.65,6879,5988,1.2817269952027912,1.0,2.0,3.0,4,2.480138992466249,4.756325852947896,0.0,4096
1000,2,5,pooled,60.0,1062.5437636520214,1.0625437636520214,1680,114.65,6879,5251,1.5582206716092455,1.0,2.0,4.0,5,2.480138992466249,4.756325852947896,0.0,32
1000,2,5,pooled,60.0,1062.5437636520214,1.0625437636520214,1680,114.65,6879,5251,1.5582206716092455,1.0,2.0,4.0,5,2.480138992466249,4.756325852947896,0.0,64
1000,2,5,pooled,60.0,1062.5437636520214,1.0625437636520214,1680,114.65,6879,5251,1.5582206716092455,1.0,2.0,4.0,5,2.480138992466249,4.756325852947896,0.0,128
1000,2,5,pooled,60.0,1062.5437636520214,1.0625437636520214,1680,114.65,6879,5251,1.5582206716092455,1.0,2.0,4.0,5,2.480138992466249,4.756325852947896,0.0,256
1000,2,5,pooled,60.0,1062.5437636520214,1.0625437636520214,1680,114.65,6879,5251,1.5582206716092455,1.0,2.0,4.0,5,2.480138992466249,4.756325852947896,0.0,512
1000,2,5,pooled,60.0,1062.5437636520214,1.0625437636520214,1680,114.65,6879,5251,1.5582206716092455,1.0,2.0,4.0,5,2.480138992466249,4.756325852947896,0.0,1024
1000,2,5,pooled,60.0,1062.5437636520214,1.0625437636520214,1680,114.65,6879,5251,1.5582206716092455,1.0,2.0,4.0,5,2.480138992466249,4.756325852947896,0.0,4096
1000,2,5,route_key,60.0,1062.5437636520214,1.0625437636520214,1680,114.65,6879,6429,1.1395551679023115,1.0,2.0,3.0,4,2.480138992466249,4.756325852947896,0.0,32
1000,2,5,route_key,60.0,1062.5437636520214,1.0625437636520214,1680,114.65,6879,6429,1.1395551679023115,1.0,2.0,3.0,4,2.480138992466249,4.756325852947896,0.0,64
1000,2,5,route_key,60.0,1062.5437636520214,1.0625437636520214,1680,114.65,6879,6429,1.1395551679023115,1.0,2.0,3.0,4,2.480138992466249,4.756325852947896,0.0,128
1000,2,5,route_key,60.0,1062.5437636520214,1.0625437636520214,1680,114.65,6879,6429,1.1395551679023115,1.0,2.0,3.0,4,2.480138992466249,4.756325852947896,0.0,256
1000,2,5,route_key,60.0,1062.5437636520214,1.0625437636520214,1680,114.65,6879,6429,1.1395551679023115,1.0,2.0,3.0,4,2.480138992466249,4.756325852947896,0.0,512
1000,2,5,route_key,60.0,1062.5437636520214,1.0625437636520214,1680,114.65,6879,6429,1.1395551679023115,1.0,2.0,3.0,4,2.480138992466249,4.756325852947896,0.0,1024
1000,2,5,route_key,60.0,1062.5437636520214,1.0625437636520214,1680,114.65,6879,6429,1.1395551679023115,1.0,2.0,3.0,4,2.480138992466249,4.756325852947896,0.0,4096
1000,2,10,event_class,60.0,1062.5437636520214,1.0625437636520214,1680,114.65,6879,5237,1.5643262102049718,1.0,2.0,4.0,6,4.980502417382679,9.522047836716041,0.0,32
1000,2,10,event_class,60.0,1062.5437636520214,1.0625437636520214,1680,114.65,6879,5237,1.5643262102049718,1.0,2.0,4.0,6,4.980502417382679,9.522047836716041,0.0,64
1000,2,10,event_class,60.0,1062.5437636520214,1.0625437636520214,1680,114.65,6879,5237,1.5643262102049718,1.0,2.0,4.0,6,4.980502417382679,9.522047836716041,0.0,128
1000,2,10,event_class,60.0,1062.5437636520214,1.0625437636520214,1680,114.65,6879,5237,1.5643262102049718,1.0,2.0,4.0,6,4.980502417382679,9.522047836716041,0.0,256
1000,2,10,event_class,60.0,1062.5437636520214,1.0625437636520214,1680,114.65,6879,5237,1.5643262102049718,1.0,2.0,4.0,6,4.980502417382679,9.522047836716041,0.0,512
1000,2,10,event_class,60.0,1062.5437636520214,1.0625437636520214,1680,114.65,6879,5237,1.5643262102049718,1.0,2.0,4.0,6,4.980502417382679,9.522047836716041,0.0,1024
1000,2,10,event_class,60.0,1062.5437636520214,1.0625437636520214,1680,114.65,6879,5237,1.5643262102049718,1.0,2.0,4.0,6,4.980502417382679,9.522047836716041,0.0,4096
1000,2,10,pooled,60.0,1062.5437636520214,1.0625437636520214,1680,114.65,6879,4121,2.11818578281727,2.0,3.0,5.0,7,4.980502417382679,9.522047836716041,0.0,32
1000,2,10,pooled,60.0,1062.5437636520214,1.0625437636520214,1680,114.65,6879,4121,2.11818578281727,2.0,3.0,5.0,7,4.980502417382679,9.522047836716041,0.0,64
1000,2,10,pooled,60.0,1062.5437636520214,1.0625437636520214,1680,114.65,6879,4121,2.11818578281727,2.0,3.0,5.0,7,4.980502417382679,9.522047836716041,0.0,128
1000,2,10,pooled,60.0,1062.5437636520214,1.0625437636520214,1680,114.65,6879,4121,2.11818578281727,2.0,3.0,5.0,7,4.980502417382679,9.522047836716041,0.0,256
1000,2,10,pooled,60.0,1062.5437636520214,1.0625437636520214,1680,114.65,6879,4121,2.11818578281727,2.0,3.0,5.0,7,4.980502417382679,9.522047836716041,0.0,512
1000,2,10,pooled,60.0,1062.5437636520214,1.0625437636520214,1680,114.65,6879,4121,2.11818578281727,2.0,3.0,5.0,7,4.980502417382679,9.522047836716041,0.0,1024
1000,2,10,pooled,60.0,1062.5437636520214,1.0625437636520214,1680,114.65,6879,4121,2.11818578281727,2.0,3.0,5.0,7,4.980502417382679,9.522047836716041,0.0,4096
1000,2,10,route_key,60.0,1062.5437636520214,1.0625437636520214,1680,114.65,6879,6008,1.284925134467219,1.0,2.0,3.0,4,4.980502417382679,9.522047836716041,0.0,32
1000,2,10,route_key,60.0,1062.5437636520214,1.0625437636520214,1680,114.65,6879,6008,1.284925134467219,1.0,2.0,3.0,4,4.980502417382679,9.522047836716041,0.0,64
1000,2,10,route_key,60.0,1062.5437636520214,1.0625437636520214,1680,114.65,6879,6008,1.284925134467219,1.0,2.0,3.0,4,4.980502417382679,9.522047836716041,0.0,128
1000,2,10,route_key,60.0,1062.5437636520214,1.0625437636520214,1680,114.65,6879,6008,1.284925134467219,1.0,2.0,3.0,4,4.980502417382679,9.522047836716041,0.0,256
1000,2,10,route_key,60.0,1062.5437636520214,1.0625437636520214,1680,114.65,6879,6008,1.284925134467219,1.0,2.0,3.0,4,4.980502417382679,9.522047836716041,0.0,512
1000,2,10,route_key,60.0,1062.5437636520214,1.0625437636520214,1680,114.65,6879,6008,1.284925134467219,1.0,2.0,3.0,4,4.980502417382679,9.522047836716041,0.0,1024
1000,2,10,route_key,60.0,1062.5437636520214,1.0625437636520214,1680,114.65,6879,6008,1.284925134467219,1.0,2.0,3.0,4,4.980502417382679,9.522047836716041,0.0,4096
1000,2,25,event_class,60.0,1062.5437636520214,1.0625437636520214,1680,114.65,6879,3679,2.4086349760139556,2.0,4.0,6.0,7,12.475051043637487,23.785552480983796,0.0,32
1000,2,25,event_class,60.0,1062.5437636520214,1.0625437636520214,1680,114.65,6879,3679,2.4086349760139556,2.0,4.0,6.0,7,12.475051043637487,23.785552480983796,0.0,64
1000,2,25,event_class,60.0,1062.5437636520214,1.0625437636520214,1680,114.65,6879,3679,2.4086349760139556,2.0,4.0,6.0,7,12.475051043637487,23.785552480983796,0.0,128
1000,2,25,event_class,60.0,1062.5437636520214,1.0625437636520214,1680,114.65,6879,3679,2.4086349760139556,2.0,4.0,6.0,7,12.475051043637487,23.785552480983796,0.0,256
1000,2,25,event_class,60.0,1062.5437636520214,1.0625437636520214,1680,114.65,6879,3679,2.4086349760139556,2.0,4.0,6.0,7,12.475051043637487,23.785552480983796,0.0,512
1000,2,25,event_class,60.0,1062.5437636520214,1.0625437636520214,1680,114.65,6879,3679,2.4086349760139556,2.0,4.0,6.0,7,12.475051043637487,23.785552480983796,0.0,1024
1000,2,25,event_class,60.0,1062.5437636520214,1.0625437636520214,1680,114.65,6879,3679,2.4086349760139556,2.0,4.0,6.0,7,12.475051043637487,23.785552480983796,0.0,4096
1000,2,25,pooled,60.0,1062.5437636520214,1.0625437636520214,1680,114.65,6879,2287,3.8070940543683673,4.0,6.0,8.0,11,12.475051043637487,23.785552480983796,0.0,32
1000,2,25,pooled,60.0,1062.5437636520214,1.0625437636520214,1680,114.65,6879,2287,3.8070940543683673,4.0,6.0,8.0,11,12.475051043637487,23.785552480983796,0.0,64
1000,2,25,pooled,60.0,1062.5437636520214,1.0625437636520214,1680,114.65,6879,2287,3.8070940543683673,4.0,6.0,8.0,11,12.475051043637487,23.785552480983796,0.0,128
1000,2,25,pooled,60.0,1062.5437636520214,1.0625437636520214,1680,114.65,6879,2287,3.8070940543683673,4.0,6.0,8.0,11,12.475051043637487,23.785552480983796,0.0,256
1000,2,25,pooled,60.0,1062.5437636520214,1.0625437636520214,1680,114.65,6879,2287,3.8070940543683673,4.0,6.0,8.0,11,12.475051043637487,23.785552480983796,0.0,512
1000,2,25,pooled,60.0,1062.5437636520214,1.0625437636520214,1680,114.65,6879,2287,3.8070940543683673,4.0,6.0,8.0,11,12.475051043637487,23.785552480983796,0.0,1024
1000,2,25,pooled,60.0,1062.5437636520214,1.0625437636520214,1680,114.65,6879,2287,3.8070940543683673,4.0,6.0,8.0,11,12.475051043637487,23.785552480983796,0.0,4096
1000,2,25,route_key,60.0,1062.5437636520214,1.0625437636520214,1680,114.65,6879,5121,1.7041721180404128,1.0,3.0,5.0,6,12.475051043637487,23.785552480983796,0.0,32
1000,2,25,route_key,60.0,1062.5437636520214,1.0625437636520214,1680,114.65,6879,5121,1.7041721180404128,1.0,3.0,5.0,6,12.475051043637487,23.785552480983796,0.0,64
1000,2,25,route_key,60.0,1062.5437636520214,1.0625437636520214,1680,114.65,6879,5121,1.7041721180404128,1.0,3.0,5.0,6,12.475051043637487,23.785552480983796,0.0,128
1000,2,25,route_key,60.0,1062.5437636520214,1.0625437636520214,1680,114.65,6879,5121,1.7041721180404128,1.0,3.0,5.0,6,12.475051043637487,23.785552480983796,0.0,256
1000,2,25,route_key,60.0,1062.5437636520214,1.0625437636520214,1680,114.65,6879,5121,1.7041721180404128,1.0,3.0,5.0,6,12.475051043637487,23.785552480983796,0.0,512
1000,2,25,route_key,60.0,1062.5437636520214,1.0625437636520214,1680,114.65,6879,5121,1.7041721180404128,1.0,3.0,5.0,6,12.475051043637487,23.785552480983796,0.0,1024
1000,2,25,route_key,60.0,1062.5437636520214,1.0625437636520214,1680,114.65,6879,5121,1.7041721180404128,1.0,3.0,5.0,6,12.475051043637487,23.785552480983796,0.0,4096
1000,2,50,event_class,60.0,1062.5437636520214,1.0625437636520214,1680,114.65,6879,2292,3.8632068614624218,4.0,6.0,9.0,10,24.99503941404016,47.43965707304483,0.0,32
1000,2,50,event_class,60.0,1062.5437636520214,1.0625437636520214,1680,114.65,6879,2292,3.8632068614624218,4.0,6.0,9.0,10,24.99503941404016,47.43965707304483,0.0,64
1000,2,50,event_class,60.0,1062.5437636520214,1.0625437636520214,1680,114.65,6879,2292,3.8632068614624218,4.0,6.0,9.0,10,24.99503941404016,47.43965707304483,0.0,128
1000,2,50,event_class,60.0,1062.5437636520214,1.0625437636520214,1680,114.65,6879,2292,3.8632068614624218,4.0,6.0,9.0,10,24.99503941404016,47.43965707304483,0.0,256
1000,2,50,event_class,60.0,1062.5437636520214,1.0625437636520214,1680,114.65,6879,2292,3.8632068614624218,4.0,6.0,9.0,10,24.99503941404016,47.43965707304483,0.0,512
1000,2,50,event_class,60.0,1062.5437636520214,1.0625437636520214,1680,114.65,6879,2292,3.8632068614624218,4.0,6.0,9.0,10,24.99503941404016,47.43965707304483,0.0,1024
1000,2,50,event_class,60.0,1062.5437636520214,1.0625437636520214,1680,114.65,6879,2292,3.8632068614624218,4.0,6.0,9.0,10,24.99503941404016,47.43965707304483,0.0,4096
1000,2,50,pooled,60.0,1062.5437636520214,1.0625437636520214,1680,114.65,6879,1198,6.731065561854921,7.0,10.0,13.0,17,24.99503941404016,47.43965707304483,0.0,32
1000,2,50,pooled,60.0,1062.5437636520214,1.0625437636520214,1680,114.65,6879,1198,6.731065561854921,7.0,10.0,13.0,17,24.99503941404016,47.43965707304483,0.0,64
1000,2,50,pooled,60.0,1062.5437636520214,1.0625437636520214,1680,114.65,6879,1198,6.731065561854921,7.0,10.0,13.0,17,24.99503941404016,47.43965707304483,0.0,128
1000,2,50,pooled,60.0,1062.5437636520214,1.0625437636520214,1680,114.65,6879,1198,6.731065561854921,7.0,10.0,13.0,17,24.99503941404016,47.43965707304483,0.0,256
1000,2,50,pooled,60.0,1062.5437636520214,1.0625437636520214,1680,114.65,6879,1198,6.731065561854921,7.0,10.0,13.0,17,24.99503941404016,47.43965707304483,0.0,512
1000,2,50,pooled,60.0,1062.5437636520214,1.0625437636520214,1680,114.65,6879,1198,6.731065561854921,7.0,10.0,13.0,17,24.99503941404016,47.43965707304483,0.0,1024
1000,2,50,pooled,60.0,1062.5437636520214,1.0625437636520214,1680,114.65,6879,1198,6.731065561854921,7.0,10.0,13.0,17,24.99503941404016,47.43965707304483,0.0,4096
1000,2,50,route_key,60.0,1062.5437636520214,1.0625437636520214,1680,114.65,6879,4194,2.469108882104957,2.0,5.0,7.0,8,24.99503941404016,47.43965707304483,0.0,32
1000,2,50,route_key,60.0,1062.5437636520214,1.0625437636520214,1680,114.65,6879,4194,2.469108882104957,2.0,5.0,7.0,8,24.99503941404016,47.43965707304483,0.0,64
1000,2,50,route_key,60.0,1062.5437636520214,1.0625437636520214,1680,114.65,6879,4194,2.469108882104957,2.0,5.0,7.0,8,24.99503941404016,47.43965707304483,0.0,128
1000,2,50,route_key,60.0,1062.5437636520214,1.0625437636520214,1680,114.65,6879,4194,2.469108882104957,2.0,5.0,7.0,8,24.99503941404016,47.43965707304483,0.0,256
1000,2,50,route_key,60.0,1062.5437636520214,1.0625437636520214,1680,114.65,6879,4194,2.469108882104957,2.0,5.0,7.0,8,24.99503941404016,47.43965707304483,0.0,512
1000,2,50,route_key,60.0,1062.5437636520214,1.0625437636520214,1680,114.65,6879,4194,2.469108882104957,2.0,5.0,7.0,8,24.99503941404016,47.43965707304483,0.0,1024
1000,2,50,route_key,60.0,1062.5437636520214,1.0625437636520214,1680,114.65,6879,4194,2.469108882104957,2.0,5.0,7.0,8,24.99503941404016,47.43965707304483,0.0,4096
1000,2,100,event_class,60.0,1062.5437636520214,1.0625437636520214,1680,114.65,6879,1232,6.7485099578427095,7.0,10.0,14.0,15,50.340293084631874,94.87493979180284,0.0,32
1000,2,100,event_class,60.0,1062.5437636520214,1.0625437636520214,1680,114.65,6879,1232,6.7485099578427095,7.0,10.0,14.0,15,50.340293084631874,94.87493979180284,0.0,64
1000,2,100,event_class,60.0,1062.5437636520214,1.0625437636520214,1680,114.65,6879,1232,6.7485099578427095,7.0,10.0,14.0,15,50.340293084631874,94.87493979180284,0.0,128
1000,2,100,event_class,60.0,1062.5437636520214,1.0625437636520214,1680,114.65,6879,1232,6.7485099578427095,7.0,10.0,14.0,15,50.340293084631874,94.87493979180284,0.0,256
1000,2,100,event_class,60.0,1062.5437636520214,1.0625437636520214,1680,114.65,6879,1232,6.7485099578427095,7.0,10.0,14.0,15,50.340293084631874,94.87493979180284,0.0,512
1000,2,100,event_class,60.0,1062.5437636520214,1.0625437636520214,1680,114.65,6879,1232,6.7485099578427095,7.0,10.0,14.0,15,50.340293084631874,94.87493979180284,0.0,1024
1000,2,100,event_class,60.0,1062.5437636520214,1.0625437636520214,1680,114.65,6879,1232,6.7485099578427095,7.0,10.0,14.0,15,50.340293084631874,94.87493979180284,0.0,4096
1000,2,100,pooled,60.0,1062.5437636520214,1.0625437636520214,1680,114.65,6879,600,12.563890100305278,12.0,17.0,23.0,24,50.340293084631874,94.87493979180284,0.0,32
1000,2,100,pooled,60.0,1062.5437636520214,1.0625437636520214,1680,114.65,6879,600,12.563890100305278,12.0,17.0,23.0,24,50.340293084631874,94.87493979180284,0.0,64
1000,2,100,pooled,60.0,1062.5437636520214,1.0625437636520214,1680,114.65,6879,600,12.563890100305278,12.0,17.0,23.0,24,50.340293084631874,94.87493979180284,0.0,128
1000,2,100,pooled,60.0,1062.5437636520214,1.0625437636520214,1680,114.65,6879,600,12.563890100305278,12.0,17.0,23.0,24,50.340293084631874,94.87493979180284,0.0,256
1000,2,100,pooled,60.0,1062.5437636520214,1.0625437636520214,1680,114.65,6879,600,12.563890100305278,12.0,17.0,23.0,24,50.340293084631874,94.87493979180284,0.0,512
1000,2,100,pooled,60.0,1062.5437636520214,1.0625437636520214,1680,114.65,6879,600,12.563890100305278,12.0,17.0,23.0,24,50.340293084631874,94.87493979180284,0.0,1024
1000,2,100,pooled,60.0,1062.5437636520214,1.0625437636520214,1680,114.65,6879,600,12.563890100305278,12.0,17.0,23.0,24,50.340293084631874,94.87493979180284,0.0,4096
1000,2,100,route_key,60.0,1062.5437636520214,1.0625437636520214,1680,114.65,6879,3312,3.9457770024712895,3.0,8.0,12.0,15,50.340293084631874,94.87493979180284,0.0,32
1000,2,100,route_key,60.0,1062.5437636520214,1.0625437636520214,1680,114.65,6879,3312,3.9457770024712895,3.0,8.0,12.0,15,50.340293084631874,94.87493979180284,0.0,64
1000,2,100,route_key,60.0,1062.5437636520214,1.0625437636520214,1680,114.65,6879,3312,3.9457770024712895,3.0,8.0,12.0,15,50.340293084631874,94.87493979180284,0.0,128
1000,2,100,route_key,60.0,1062.5437636520214,1.0625437636520214,1680,114.65,6879,3312,3.9457770024712895,3.0,8.0,12.0,15,50.340293084631874,94.87493979180284,0.0,256
1000,2,100,route_key,60.0,1062.5437636520214,1.0625437636520214,1680,114.65,6879,3312,3.9457770024712895,3.0,8.0,12.0,15,50.340293084631874,94.87493979180284,0.0,512
1000,2,100,route_key,60.0,1062.5437636520214,1.0625437636520214,1680,114.65,6879,3312,3.9457770024712895,3.0,8.0,12.0,15,50.340293084631874,94.87493979180284,0.0,1024
1000,2,100,route_key,60.0,1062.5437636520214,1.0625437636520214,1680,114.65,6879,3312,3.9457770024712895,3.0,8.0,12.0,15,50.340293084631874,94.87493979180284,0.0,4096
1000,2,250,event_class,60.0,1062.5437636520214,1.0625437636520214,1680,114.65,6879,513,15.323593545573484,15.0,21.0,25.0,30,125.08226139397749,236.57278158020247,0.0,32
1000,2,250,event_class,60.0,1062.5437636520214,1.0625437636520214,1680,114.65,6879,513,15.323593545573484,15.0,21.0,25.0,30,125.08226139397749,236.57278158020247,0.0,64
1000,2,250,event_class,60.0,1062.5437636520214,1.0625437636520214,1680,114.65,6879,513,15.323593545573484,15.0,21.0,25.0,30,125.08226139397749,236.57278158020247,0.0,128
1000,2,250,event_class,60.0,1062.5437636520214,1.0625437636520214,1680,114.65,6879,513,15.323593545573484,15.0,21.0,25.0,30,125.08226139397749,236.57278158020247,0.0,256
1000,2,250,event_class,60.0,1062.5437636520214,1.0625437636520214,1680,114.65,6879,513,15.323593545573484,15.0,21.0,25.0,30,125.08226139397749,236.57278158020247,0.0,512
1000,2,250,event_class,60.0,1062.5437636520214,1.0625437636520214,1680,114.65,6879,513,15.323593545573484,15.0,21.0,25.0,30,125.08226139397749,236.57278158020247,0.0,1024
1000,2,250,event_class,60.0,1062.5437636520214,1.0625437636520214,1680,114.65,6879,513,15.323593545573484,15.0,21.0,25.0,30,125.08226139397749,236.57278158020247,0.0,4096
1000,2,250,pooled,60.0,1062.5437636520214,1.0625437636520214,1680,114.65,6879,240,29.799244076173864,29.0,38.0,43.0,49,125.08226139397749,236.57278158020247,0.34321849105974706,32
1000,2,250,pooled,60.0,1062.5437636520214,1.0625437636520214,1680,114.65,6879,240,29.799244076173864,29.0,38.0,43.0,49,125.08226139397749,236.57278158020247,0.0,64
1000,2,250,pooled,60.0,1062.5437636520214,1.0625437636520214,1680,114.65,6879,240,29.799244076173864,29.0,38.0,43.0,49,125.08226139397749,236.57278158020247,0.0,128
1000,2,250,pooled,60.0,1062.5437636520214,1.0625437636520214,1680,114.65,6879,240,29.799244076173864,29.0,38.0,43.0,49,125.08226139397749,236.57278158020247,0.0,256
1000,2,250,pooled,60.0,1062.5437636520214,1.0625437636520214,1680,114.65,6879,240,29.799244076173864,29.0,38.0,43.0,49,125.08226139397749,236.57278158020247,0.0,512
1000,2,250,pooled,60.0,1062.5437636520214,1.0625437636520214,1680,114.65,6879,240,29.799244076173864,29.0,38.0,43.0,49,125.08226139397749,236.57278158020247,0.0,1024
1000,2,250,pooled,60.0,1062.5437636520214,1.0625437636520214,1680,114.65,6879,240,29.799244076173864,29.0,38.0,43.0,49,125.08226139397749,236.57278158020247,0.0,4096
1000,2,250,route_key,60.0,1062.5437636520214,1.0625437636520214,1680,114.65,6879,2434,8.318796336676842,8.0,17.0,23.0,24,125.08226139397749,236.57278158020247,0.0,32
1000,2,250,route_key,60.0,1062.5437636520214,1.0625437636520214,1680,114.65,6879,2434,8.318796336676842,8.0,17.0,23.0,24,125.08226139397749,236.57278158020247,0.0,64
1000,2,250,route_key,60.0,1062.5437636520214,1.0625437636520214,1680,114.65,6879,2434,8.318796336676842,8.0,17.0,23.0,24,125.08226139397749,236.57278158020247,0.0,128
1000,2,250,route_key,60.0,1062.5437636520214,1.0625437636520214,1680,114.65,6879,2434,8.318796336676842,8.0,17.0,23.0,24,125.08226139397749,236.57278158020247,0.0,256
1000,2,250,route_key,60.0,1062.5437636520214,1.0625437636520214,1680,114.65,6879,2434,8.318796336676842,8.0,17.0,23.0,24,125.08226139397749,236.57278158020247,0.0,512
1000,2,250,route_key,60.0,1062.5437636520214,1.0625437636520214,1680,114.65,6879,2434,8.318796336676842,8.0,17.0,23.0,24,125.08226139397749,236.57278158020247,0.0,1024
1000,2,250,route_key,60.0,1062.5437636520214,1.0625437636520214,1680,114.65,6879,2434,8.318796336676842,8.0,17.0,23.0,24,125.08226139397749,236.57278158020247,0.0,4096
1000,2,500,event_class,60.0,1062.5437636520214,1.0625437636520214,1680,114.65,6879,271,29.618113097833987,30.0,37.0,49.0,53,246.28447101746926,474.3741298951079,0.37679895333624075,32
1000,2,500,event_class,60.0,1062.5437636520214,1.0625437636520214,1680,114.65,6879,271,29.618113097833987,30.0,37.0,49.0,53,246.28447101746926,474.3741298951079,0.0,64
1000,2,500,event_class,60.0,1062.5437636520214,1.0625437636520214,1680,114.65,6879,271,29.618113097833987,30.0,37.0,49.0,53,246.28447101746926,474.3741298951079,0.0,128
1000,2,500,event_class,60.0,1062.5437636520214,1.0625437636520214,1680,114.65,6879,271,29.618113097833987,30.0,37.0,49.0,53,246.28447101746926,474.3741298951079,0.0,256
1000,2,500,event_class,60.0,1062.5437636520214,1.0625437636520214,1680,114.65,6879,271,29.618113097833987,30.0,37.0,49.0,53,246.28447101746926,474.3741298951079,0.0,512
1000,2,500,event_class,60.0,1062.5437636520214,1.0625437636520214,1680,114.65,6879,271,29.618113097833987,30.0,37.0,49.0,53,246.28447101746926,474.3741298951079,0.0,1024
1000,2,500,event_class,60.0,1062.5437636520214,1.0625437636520214,1680,114.65,6879,271,29.618113097833987,30.0,37.0,49.0,53,246.28447101746926,474.3741298951079,0.0,4096
1000,2,500,pooled,60.0,1062.5437636520214,1.0625437636520214,1680,114.65,6879,120,58.39816833842128,57.0,69.0,85.0,85,246.28447101746926,474.3741298951079,1.0,32
1000,2,500,pooled,60.0,1062.5437636520214,1.0625437636520214,1680,114.65,6879,120,58.39816833842128,57.0,69.0,85.0,85,246.28447101746926,474.3741298951079,0.26631777874691087,64
1000,2,500,pooled,60.0,1062.5437636520214,1.0625437636520214,1680,114.65,6879,120,58.39816833842128,57.0,69.0,85.0,85,246.28447101746926,474.3741298951079,0.0,128
1000,2,500,pooled,60.0,1062.5437636520214,1.0625437636520214,1680,114.65,6879,120,58.39816833842128,57.0,69.0,85.0,85,246.28447101746926,474.3741298951079,0.0,256
1000,2,500,pooled,60.0,1062.5437636520214,1.0625437636520214,1680,114.65,6879,120,58.39816833842128,57.0,69.0,85.0,85,246.28447101746926,474.3741298951079,0.0,512
1000,2,500,pooled,60.0,1062.5437636520214,1.0625437636520214,1680,114.65,6879,120,58.39816833842128,57.0,69.0,85.0,85,246.28447101746926,474.3741298951079,0.0,1024
1000,2,500,pooled,60.0,1062.5437636520214,1.0625437636520214,1680,114.65,6879,120,58.39816833842128,57.0,69.0,85.0,85,246.28447101746926,474.3741298951079,0.0,4096
1000,2,500,route_key,60.0,1062.5437636520214,1.0625437636520214,1680,114.65,6879,1926,15.642535252216891,14.0,32.0,38.0,39,246.28447101746926,474.3741298951079,0.1097543247565053,32
1000,2,500,route_key,60.0,1062.5437636520214,1.0625437636520214,1680,114.65,6879,1926,15.642535252216891,14.0,32.0,38.0,39,246.28447101746926,474.3741298951079,0.0,64
1000,2,500,route_key,60.0,1062.5437636520214,1.0625437636520214,1680,114.65,6879,1926,15.642535252216891,14.0,32.0,38.0,39,246.28447101746926,474.3741298951079,0.0,128
1000,2,500,route_key,60.0,1062.5437636520214,1.0625437636520214,1680,114.65,6879,1926,15.642535252216891,14.0,32.0,38.0,39,246.28447101746926,474.3741298951079,0.0,256
1000,2,500,route_key,60.0,1062.5437636520214,1.0625437636520214,1680,114.65,6879,1926,15.642535252216891,14.0,32.0,38.0,39,246.28447101746926,474.3741298951079,0.0,512
1000,2,500,route_key,60.0,1062.5437636520214,1.0625437636520214,1680,114.65,6879,1926,15.642535252216891,14.0,32.0,38.0,39,246.28447101746926,474.3741298951079,0.0,1024
1000,2,500,route_key,60.0,1062.5437636520214,1.0625437636520214,1680,114.65,6879,1926,15.642535252216891,14.0,32.0,38.0,39,246.28447101746926,474.3741298951079,0.0,4096
1000,2,1000,event_class,60.0,1062.5437636520214,1.0625437636520214,1680,114.65,6879,143,58.11905800261666,58.0,70.0,81.0,81,492.9773042781176,949.9983123407986,0.9947666812036633,32
1000,2,1000,event_class,60.0,1062.5437636520214,1.0625437636520214,1680,114.65,6879,143,58.11905800261666,58.0,70.0,81.0,81,492.9773042781176,949.9983123407986,0.28245384503561566,64
1000,2,1000,event_class,60.0,1062.5437636520214,1.0625437636520214,1680,114.65,6879,143,58.11905800261666,58.0,70.0,81.0,81,492.9773042781176,949.9983123407986,0.0,128
1000,2,1000,event_class,60.0,1062.5437636520214,1.0625437636520214,1680,114.65,6879,143,58.11905800261666,58.0,70.0,81.0,81,492.9773042781176,949.9983123407986,0.0,256
1000,2,1000,event_class,60.0,1062.5437636520214,1.0625437636520214,1680,114.65,6879,143,58.11905800261666,58.0,70.0,81.0,81,492.9773042781176,949.9983123407986,0.0,512
1000,2,1000,event_class,60.0,1062.5437636520214,1.0625437636520214,1680,114.65,6879,143,58.11905800261666,58.0,70.0,81.0,81,492.9773042781176,949.9983123407986,0.0,1024
1000,2,1000,event_class,60.0,1062.5437636520214,1.0625437636520214,1680,114.65,6879,143,58.11905800261666,58.0,70.0,81.0,81,492.9773042781176,949.9983123407986,0.0,4096
1000,2,1000,pooled,60.0,1062.5437636520214,1.0625437636520214,1680,114.65,6879,60,115.62160197703155,119.0,129.0,134.0,134,492.9773042781176,949.9983123407986,1.0,32
1000,2,1000,pooled,60.0,1062.5437636520214,1.0625437636520214,1680,114.65,6879,60,115.62160197703155,119.0,129.0,134.0,134,492.9773042781176,949.9983123407986,1.0,64
1000,2,1000,pooled,60.0,1062.5437636520214,1.0625437636520214,1680,114.65,6879,60,115.62160197703155,119.0,129.0,134.0,134,492.9773042781176,949.9983123407986,0.13359499927315016,128
1000,2,1000,pooled,60.0,1062.5437636520214,1.0625437636520214,1680,114.65,6879,60,115.62160197703155,119.0,129.0,134.0,134,492.9773042781176,949.9983123407986,0.0,256
1000,2,1000,pooled,60.0,1062.5437636520214,1.0625437636520214,1680,114.65,6879,60,115.62160197703155,119.0,129.0,134.0,134,492.9773042781176,949.9983123407986,0.0,512
1000,2,1000,pooled,60.0,1062.5437636520214,1.0625437636520214,1680,114.65,6879,60,115.62160197703155,119.0,129.0,134.0,134,492.9773042781176,949.9983123407986,0.0,1024
1000,2,1000,pooled,60.0,1062.5437636520214,1.0625437636520214,1680,114.65,6879,60,115.62160197703155,119.0,129.0,134.0,134,492.9773042781176,949.9983123407986,0.0,4096
1000,2,1000,route_key,60.0,1062.5437636520214,1.0625437636520214,1680,114.65,6879,1462,30.35339438871929,26.0,60.0,74.0,74,492.9773042781176,949.9983123407986,0.4689635121383922,32
1000,2,1000,route_key,60.0,1062.5437636520214,1.0625437636520214,1680,114.65,6879,1462,30.35339438871929,26.0,60.0,74.0,74,492.9773042781176,949.9983123407986,0.05960168629161215,64
1000,2,1000,route_key,60.0,1062.5437636520214,1.0625437636520214,1680,114.65,6879,1462,30.35339438871929,26.0,60.0,74.0,74,492.9773042781176,949.9983123407986,0.0,128
1000,2,1000,route_key,60.0,1062.5437636520214,1.0625437636520214,1680,114.65,6879,1462,30.35339438871929,26.0,60.0,74.0,74,492.9773042781176,949.9983123407986,0.0,256
1000,2,1000,route_key,60.0,1062.5437636520214,1.0625437636520214,1680,114.65,6879,1462,30.35339438871929,26.0,60.0,74.0,74,492.9773042781176,949.9983123407986,0.0,512
1000,2,1000,route_key,60.0,1062.5437636520214,1.0625437636520214,1680,114.65,6879,1462,30.35339438871929,26.0,60.0,74.0,74,492.9773042781176,949.9983123407986,0.0,1024
1000,2,1000,route_key,60.0,1062.5437636520214,1.0625437636520214,1680,114.65,6879,1462,30.35339438871929,26.0,60.0,74.0,74,492.9773042781176,949.9983123407986,0.0,4096
1000,3,1,event_class,60.0,1022.9025265249588,1.0229025265249587,1614,110.8,6648,6473,1.0535499398315282,1.0,1.0,2.0,3,0.4995032276164632,0.9466094368004717,0.0,32
1000,3,1,event_class,60.0,1022.9025265249588,1.0229025265249587,1614,110.8,6648,6473,1.0535499398315282,1.0,1.0,2.0,3,0.4995032276164632,0.9466094368004717,0.0,64
1000,3,1,event_class,60.0,1022.9025265249588,1.0229025265249587,1614,110.8,6648,6473,1.0535499398315282,1.0,1.0,2.0,3,0.4995032276164632,0.9466094368004717,0.0,128
1000,3,1,event_class,60.0,1022.9025265249588,1.0229025265249587,1614,110.8,6648,6473,1.0535499398315282,1.0,1.0,2.0,3,0.4995032276164632,0.9466094368004717,0.0,256
1000,3,1,event_class,60.0,1022.9025265249588,1.0229025265249587,1614,110.8,6648,6473,1.0535499398315282,1.0,1.0,2.0,3,0.4995032276164632,0.9466094368004717,0.0,512
1000,3,1,event_class,60.0,1022.9025265249588,1.0229025265249587,1614,110.8,6648,6473,1.0535499398315282,1.0,1.0,2.0,3,0.4995032276164632,0.9466094368004717,0.0,1024
1000,3,1,event_class,60.0,1022.9025265249588,1.0229025265249587,1614,110.8,6648,6473,1.0535499398315282,1.0,1.0,2.0,3,0.4995032276164632,0.9466094368004717,0.0,4096
1000,3,1,pooled,60.0,1022.9025265249588,1.0229025265249587,1614,110.8,6648,6297,1.108604091456077,1.0,2.0,2.0,3,0.4995032276164632,0.9466094368004717,0.0,32
1000,3,1,pooled,60.0,1022.9025265249588,1.0229025265249587,1614,110.8,6648,6297,1.108604091456077,1.0,2.0,2.0,3,0.4995032276164632,0.9466094368004717,0.0,64
1000,3,1,pooled,60.0,1022.9025265249588,1.0229025265249587,1614,110.8,6648,6297,1.108604091456077,1.0,2.0,2.0,3,0.4995032276164632,0.9466094368004717,0.0,128
1000,3,1,pooled,60.0,1022.9025265249588,1.0229025265249587,1614,110.8,6648,6297,1.108604091456077,1.0,2.0,2.0,3,0.4995032276164632,0.9466094368004717,0.0,256
1000,3,1,pooled,60.0,1022.9025265249588,1.0229025265249587,1614,110.8,6648,6297,1.108604091456077,1.0,2.0,2.0,3,0.4995032276164632,0.9466094368004717,0.0,512
1000,3,1,pooled,60.0,1022.9025265249588,1.0229025265249587,1614,110.8,6648,6297,1.108604091456077,1.0,2.0,2.0,3,0.4995032276164632,0.9466094368004717,0.0,1024
1000,3,1,pooled,60.0,1022.9025265249588,1.0229025265249587,1614,110.8,6648,6297,1.108604091456077,1.0,2.0,2.0,3,0.4995032276164632,0.9466094368004717,0.0,4096
1000,3,1,route_key,60.0,1022.9025265249588,1.0229025265249587,1614,110.8,6648,6560,1.02647412755716,1.0,1.0,2.0,2,0.4995032276164632,0.9466094368004717,0.0,32
1000,3,1,route_key,60.0,1022.9025265249588,1.0229025265249587,1614,110.8,6648,6560,1.02647412755716,1.0,1.0,2.0,2,0.4995032276164632,0.9466094368004717,0.0,64
1000,3,1,route_key,60.0,1022.9025265249588,1.0229025265249587,1614,110.8,6648,6560,1.02647412755716,1.0,1.0,2.0,2,0.4995032276164632,0.9466094368004717,0.0,128
1000,3,1,route_key,60.0,1022.9025265249588,1.0229025265249587,1614,110.8,6648,6560,1.02647412755716,1.0,1.0,2.0,2,0.4995032276164632,0.9466094368004717,0.0,256
1000,3,1,route_key,60.0,1022.9025265249588,1.0229025265249587,1614,110.8,6648,6560,1.02647412755716,1.0,1.0,2.0,2,0.4995032276164632,0.9466094368004717,0.0,512
1000,3,1,route_key,60.0,1022.9025265249588,1.0229025265249587,1614,110.8,6648,6560,1.02647412755716,1.0,1.0,2.0,2,0.4995032276164632,0.9466094368004717,0.0,1024
1000,3,1,route_key,60.0,1022.9025265249588,1.0229025265249587,1614,110.8,6648,6560,1.02647412755716,1.0,1.0,2.0,2,0.4995032276164632,0.9466094368004717,0.0,4096
1000,3,5,event_class,60.0,1022.9025265249588,1.0229025265249587,1614,110.8,6648,5823,1.2719614921780986,1.0,2.0,3.0,4,2.4652071987355506,4.731530533813455,0.0,32
1000,3,5,event_class,60.0,1022.9025265249588,1.0229025265249587,1614,110.8,6648,5823,1.2719614921780986,1.0,2.0,3.0,4,2.4652071987355506,4.731530533813455,0.0,64
1000,3,5,event_class,60.0,1022.9025265249588,1.0229025265249587,1614,110.8,6648,5823,1.2719614921780986,1.0,2.0,3.0,4,2.4652071987355506,4.731530533813455,0.0,128
1000,3,5,event_class,60.0,1022.9025265249588,1.0229025265249587,1614,110.8,6648,5823,1.2719614921780986,1.0,2.0,3.0,4,2.4652071987355506,4.731530533813455,0.0,256
1000,3,5,event_class,60.0,1022.9025265249588,1.0229025265249587,1614,110.8,6648,5823,1.2719614921780986,1.0,2.0,3.0,4,2.4652071987355506,4.731530533813455,0.0,512
1000,3,5,event_class,60.0,1022.9025265249588,1.0229025265249587,1614,110.8,6648,5823,1.2719614921780986,1.0,2.0,3.0,4,2.4652071987355506,4.731530533813455,0.0,1024
1000,3,5,event_class,60.0,1022.9025265249588,1.0229025265249587,1614,110.8,6648,5823,1.2719614921780986,1.0,2.0,3.0,4,2.4652071987355506,4.731530533813455,0.0,4096
1000,3,5,pooled,60.0,1022.9025265249588,1.0229025265249587,1614,110.8,6648,5077,1.5607701564380265,1.0,3.0,4.0,5,2.4652071987355506,4.731530533813455,0.0,32
1000,3,5,pooled,60.0,1022.9025265249588,1.0229025265249587,1614,110.8,6648,5077,1.5607701564380265,1.0,3.0,4.0,5,2.4652071987355506,4.731530533813455,0.0,64
1000,3,5,pooled,60.0,1022.9025265249588,1.0229025265249587,1614,110.8,6648,5077,1.5607701564380265,1.0,3.0,4.0,5,2.4652071987355506,4.731530533813455,0.0,128
1000,3,5,pooled,60.0,1022.9025265249588,1.0229025265249587,1614,110.8,6648,5077,1.5607701564380265,1.0,3.0,4.0,5,2.4652071987355506,4.731530533813455,0.0,256
1000,3,5,pooled,60.0,1022.9025265249588,1.0229025265249587,1614,110.8,6648,5077,1.5607701564380265,1.0,3.0,4.0,5,2.4652071987355506,4.731530533813455,0.0,512
1000,3,5,pooled,60.0,1022.9025265249588,1.0229025265249587,1614,110.8,6648,5077,1.5607701564380265,1.0,3.0,4.0,5,2.4652071987355506,4.731530533813455,0.0,1024
1000,3,5,pooled,60.0,1022.9025265249588,1.0229025265249587,1614,110.8,6648,5077,1.5607701564380265,1.0,3.0,4.0,5,2.4652071987355506,4.731530533813455,0.0,4096
1000,3,5,route_key,60.0,1022.9025265249588,1.0229025265249587,1614,110.8,6648,6212,1.1425992779783394,1.0,2.0,3.0,4,2.4652071987355506,4.731530533813455,0.0,32
1000,3,5,route_key,60.0,1022.9025265249588,1.0229025265249587,1614,110.8,6648,6212,1.1425992779783394,1.0,2.0,3.0,4,2.4652071987355506,4.731530533813455,0.0,64
1000,3,5,route_key,60.0,1022.9025265249588,1.0229025265249587,1614,110.8,6648,6212,1.1425992779783394,1.0,2.0,3.0,4,2.4652071987355506,4.731530533813455,0.0,128
1000,3,5,route_key,60.0,1022.9025265249588,1.0229025265249587,1614,110.8,6648,6212,1.1425992779783394,1.0,2.0,3.0,4,2.4652071987355506,4.731530533813455,0.0,256
1000,3,5,route_key,60.0,1022.9025265249588,1.0229025265249587,1614,110.8,6648,6212,1.1425992779783394,1.0,2.0,3.0,4,2.4652071987355506,4.731530533813455,0.0,512
1000,3,5,route_key,60.0,1022.9025265249588,1.0229025265249587,1614,110.8,6648,6212,1.1425992779783394,1.0,2.0,3.0,4,2.4652071987355506,4.731530533813455,0.0,1024
1000,3,5,route_key,60.0,1022.9025265249588,1.0229025265249587,1614,110.8,6648,6212,1.1425992779783394,1.0,2.0,3.0,4,2.4652071987355506,4.731530533813455,0.0,4096
1000,3,10,event_class,60.0,1022.9025265249588,1.0229025265249587,1614,110.8,6648,5134,1.549037304452467,1.0,3.0,4.0,6,4.952421398494886,9.498691790059866,0.0,32
1000,3,10,event_class,60.0,1022.9025265249588,1.0229025265249587,1614,110.8,6648,5134,1.549037304452467,1.0,3.0,4.0,6,4.952421398494886,9.498691790059866,0.0,64
1000,3,10,event_class,60.0,1022.9025265249588,1.0229025265249587,1614,110.8,6648,5134,1.549037304452467,1.0,3.0,4.0,6,4.952421398494886,9.498691790059866,0.0,128
1000,3,10,event_class,60.0,1022.9025265249588,1.0229025265249587,1614,110.8,6648,5134,1.549037304452467,1.0,3.0,4.0,6,4.952421398494886,9.498691790059866,0.0,256
1000,3,10,event_class,60.0,1022.9025265249588,1.0229025265249587,1614,110.8,6648,5134,1.549037304452467,1.0,3.0,4.0,6,4.952421398494886,9.498691790059866,0.0,512
1000,3,10,event_class,60.0,1022.9025265249588,1.0229025265249587,1614,110.8,6648,5134,1.549037304452467,1.0,3.0,4.0,6,4.952421398494886,9.498691790059866,0.0,1024
1000,3,10,event_class,60.0,1022.9025265249588,1.0229025265249587,1614,110.8,6648,5134,1.549037304452467,1.0,3.0,4.0,6,4.952421398494886,9.498691790059866,0.0,4096
1000,3,10,pooled,60.0,1022.9025265249588,1.0229025265249587,1614,110.8,6648,3991,2.1314681107099878,2.0,4.0,5.0,7,4.952421398494886,9.498691790059866,0.0,32
1000,3,10,pooled,60.0,1022.9025265249588,1.0229025265249587,1614,110.8,6648,3991,2.1314681107099878,2.0,4.0,5.0,7,4.952421398494886,9.498691790059866,0.0,64
1000,3,10,pooled,60.0,1022.9025265249588,1.0229025265249587,1614,110.8,6648,3991,2.1314681107099878,2.0,4.0,5.0,7,4.952421398494886,9.498691790059866,0.0,128
1000,3,10,pooled,60.0,1022.9025265249588,1.0229025265249587,1614,110.8,6648,3991,2.1314681107099878,2.0,4.0,5.0,7,4.952421398494886,9.498691790059866,0.0,256
1000,3,10,pooled,60.0,1022.9025265249588,1.0229025265249587,1614,110.8,6648,3991,2.1314681107099878,2.0,4.0,5.0,7,4.952421398494886,9.498691790059866,0.0,512
1000,3,10,pooled,60.0,1022.9025265249588,1.0229025265249587,1614,110.8,6648,3991,2.1314681107099878,2.0,4.0,5.0,7,4.952421398494886,9.498691790059866,0.0,1024
1000,3,10,pooled,60.0,1022.9025265249588,1.0229025265249587,1614,110.8,6648,3991,2.1314681107099878,2.0,4.0,5.0,7,4.952421398494886,9.498691790059866,0.0,4096
1000,3,10,route_key,60.0,1022.9025265249588,1.0229025265249587,1614,110.8,6648,5837,1.2882069795427196,1.0,2.0,4.0,6,4.952421398494886,9.498691790059866,0.0,32
1000,3,10,route_key,60.0,1022.9025265249588,1.0229025265249587,1614,110.8,6648,5837,1.2882069795427196,1.0,2.0,4.0,6,4.952421398494886,9.498691790059866,0.0,64
1000,3,10,route_key,60.0,1022.9025265249588,1.0229025265249587,1614,110.8,6648,5837,1.2882069795427196,1.0,2.0,4.0,6,4.952421398494886,9.498691790059866,0.0,128
1000,3,10,route_key,60.0,1022.9025265249588,1.0229025265249587,1614,110.8,6648,5837,1.2882069795427196,1.0,2.0,4.0,6,4.952421398494886,9.498691790059866,0.0,256
1000,3,10,route_key,60.0,1022.9025265249588,1.0229025265249587,1614,110.8,6648,5837,1.2882069795427196,1.0,2.0,4.0,6,4.952421398494886,9.498691790059866,0.0,512
1000,3,10,route_key,60.0,1022.9025265249588,1.0229025265249587,1614,110.8,6648,5837,1.2882069795427196,1.0,2.0,4.0,6,4.952421398494886,9.498691790059866,0.0,1024
1000,3,10,route_key,60.0,1022.9025265249588,1.0229025265249587,1614,110.8,6648,5837,1.2882069795427196,1.0,2.0,4.0,6,4.952421398494886,9.498691790059866,0.0,4096
1000,3,25,event_class,60.0,1022.9025265249588,1.0229025265249587,1614,110.8,6648,3646,2.3504813477737665,2.0,4.0,6.0,7,12.618636801624655,23.733613719318928,0.0,32
1000,3,25,event_class,60.0,1022.9025265249588,1.0229025265249587,1614,110.8,6648,3646,2.3504813477737665,2.0,4.0,6.0,7,12.618636801624655,23.733613719318928,0.0,64
1000,3,25,event_class,60.0,1022.9025265249588,1.0229025265249587,1614,110.8,6648,3646,2.3504813477737665,2.0,4.0,6.0,7,12.618636801624655,23.733613719318928,0.0,128
1000,3,25,event_class,60.0,1022.9025265249588,1.0229025265249587,1614,110.8,6648,3646,2.3504813477737665,2.0,4.0,6.0,7,12.618636801624655,23.733613719318928,0.0,256
1000,3,25,event_class,60.0,1022.9025265249588,1.0229025265249587,1614,110.8,6648,3646,2.3504813477737665,2.0,4.0,6.0,7,12.618636801624655,23.733613719318928,0.0,512
1000,3,25,event_class,60.0,1022.9025265249588,1.0229025265249587,1614,110.8,6648,3646,2.3504813477737665,2.0,4.0,6.0,7,12.618636801624655,23.733613719318928,0.0,1024
1000,3,25,event_class,60.0,1022.9025265249588,1.0229025265249587,1614,110.8,6648,3646,2.3504813477737665,2.0,4.0,6.0,7,12.618636801624655,23.733613719318928,0.0,4096
1000,3,25,pooled,60.0,1022.9025265249588,1.0229025265249587,1614,110.8,6648,2258,3.7376654632972324,4.0,6.0,8.0,10,12.618636801624655,23.733613719318928,0.0,32
1000,3,25,pooled,60.0,1022.9025265249588,1.0229025265249587,1614,110.8,6648,2258,3.7376654632972324,4.0,6.0,8.0,10,12.618636801624655,23.733613719318928,0.0,64
1000,3,25,pooled,60.0,1022.9025265249588,1.0229025265249587,1614,110.8,6648,2258,3.7376654632972324,4.0,6.0,8.0,10,12.618636801624655,23.733613719318928,0.0,128
1000,3,25,pooled,60.0,1022.9025265249588,1.0229025265249587,1614,110.8,6648,2258,3.7376654632972324,4.0,6.0,8.0,10,12.618636801624655,23.733613719318928,0.0,256
1000,3,25,pooled,60.0,1022.9025265249588,1.0229025265249587,1614,110.8,6648,2258,3.7376654632972324,4.0,6.0,8.0,10,12.618636801624655,23.733613719318928,0.0,512
1000,3,25,pooled,60.0,1022.9025265249588,1.0229025265249587,1614,110.8,6648,2258,3.7376654632972324,4.0,6.0,8.0,10,12.618636801624655,23.733613719318928,0.0,1024
1000,3,25,pooled,60.0,1022.9025265249588,1.0229025265249587,1614,110.8,6648,2258,3.7376654632972324,4.0,6.0,8.0,10,12.618636801624655,23.733613719318928,0.0,4096
1000,3,25,route_key,60.0,1022.9025265249588,1.0229025265249587,1614,110.8,6648,4978,1.7132972322503008,1.0,3.0,5.0,7,12.618636801624655,23.733613719318928,0.0,32
1000,3,25,route_key,60.0,1022.9025265249588,1.0229025265249587,1614,110.8,6648,4978,1.7132972322503008,1.0,3.0,5.0,7,12.618636801624655,23.733613719318928,0.0,64
1000,3,25,route_key,60.0,1022.9025265249588,1.0229025265249587,1614,110.8,6648,4978,1.7132972322503008,1.0,3.0,5.0,7,12.618636801624655,23.733613719318928,0.0,128
1000,3,25,route_key,60.0,1022.9025265249588,1.0229025265249587,1614,110.8,6648,4978,1.7132972322503008,1.0,3.0,5.0,7,12.618636801624655,23.733613719318928,0.0,256
1000,3,25,route_key,60.0,1022.9025265249588,1.0229025265249587,1614,110.8,6648,4978,1.7132972322503008,1.0,3.0,5.0,7,12.618636801624655,23.733613719318928,0.0,512
1000,3,25,route_key,60.0,1022.9025265249588,1.0229025265249587,1614,110.8,6648,4978,1.7132972322503008,1.0,3.0,5.0,7,12.618636801624655,23.733613719318928,0.0,1024
1000,3,25,route_key,60.0,1022.9025265249588,1.0229025265249587,1614,110.8,6648,4978,1.7132972322503008,1.0,3.0,5.0,7,12.618636801624655,23.733613719318928,0.0,4096
1000,3,50,event_class,60.0,1022.9025265249588,1.0229025265249587,1614,110.8,6648,2285,3.710890493381468,4.0,6.0,8.0,9,25.19760792075824,47.68147973679664,0.0,32
1000,3,50,event_class,60.0,1022.9025265249588,1.0229025265249587,1614,110.8,6648,2285,3.710890493381468,4.0,6.0,8.0,9,25.19760792075824,47.68147973679664,0.0,64
1000,3,50,event_class,60.0,1022.9025265249588,1.0229025265249587,1614,110.8,6648,2285,3.710890493381468,4.0,6.0,8.0,9,25.19760792075824,47.68147973679664,0.0,128
1000,3,50,event_class,60.0,1022.9025265249588,1.0229025265249587,1614,110.8,6648,2285,3.710890493381468,4.0,6.0,8.0,9,25.19760792075824,47.68147973679664,0.0,256
1000,3,50,event_class,60.0,1022.9025265249588,1.0229025265249587,1614,110.8,6648,2285,3.710890493381468,4.0,6.0,8.0,9,25.19760792075824,47.68147973679664,0.0,512
1000,3,50,event_class,60.0,1022.9025265249588,1.0229025265249587,1614,110.8,6648,2285,3.710890493381468,4.0,6.0,8.0,9,25.19760792075824,47.68147973679664,0.0,1024
1000,3,50,event_class,60.0,1022.9025265249588,1.0229025265249587,1614,110.8,6648,2285,3.710890493381468,4.0,6.0,8.0,9,25.19760792075824,47.68147973679664,0.0,4096
1000,3,50,pooled,60.0,1022.9025265249588,1.0229025265249587,1614,110.8,6648,1196,6.541817087845969,6.0,10.0,13.0,14,25.19760792075824,47.68147973679664,0.0,32
1000,3,50,pooled,60.0,1022.9025265249588,1.0229025265249587,1614,110.8,6648,1196,6.541817087845969,6.0,10.0,13.0,14,25.19760792075824,47.68147973679664,0.0,64
1000,3,50,pooled,60.0,1022.9025265249588,1.0229025265249587,1614,110.8,6648,1196,6.541817087845969,6.0,10.0,13.0,14,25.19760792075824,47.68147973679664,0.0,128
1000,3,50,pooled,60.0,1022.9025265249588,1.0229025265249587,1614,110.8,6648,1196,6.541817087845969,6.0,10.0,13.0,14,25.19760792075824,47.68147973679664,0.0,256
1000,3,50,pooled,60.0,1022.9025265249588,1.0229025265249587,1614,110.8,6648,1196,6.541817087845969,6.0,10.0,13.0,14,25.19760792075824,47.68147973679664,0.0,512
1000,3,50,pooled,60.0,1022.9025265249588,1.0229025265249587,1614,110.8,6648,1196,6.541817087845969,6.0,10.0,13.0,14,25.19760792075824,47.68147973679664,0.0,1024
1000,3,50,pooled,60.0,1022.9025265249588,1.0229025265249587,1614,110.8,6648,1196,6.541817087845969,6.0,10.0,13.0,14,25.19760792075824,47.68147973679664,0.0,4096
1000,3,50,route_key,60.0,1022.9025265249588,1.0229025265249587,1614,110.8,6648,4112,2.437424789410349,2.0,5.0,7.529999999999745,9,25.19760792075824,47.68147973679664,0.0,32
1000,3,50,route_key,60.0,1022.9025265249588,1.0229025265249587,1614,110.8,6648,4112,2.437424789410349,2.0,5.0,7.529999999999745,9,25.19760792075824,47.68147973679664,0.0,64
1000,3,50,route_key,60.0,1022.9025265249588,1.0229025265249587,1614,110.8,6648,4112,2.437424789410349,2.0,5.0,7.529999999999745,9,25.19760792075824,47.68147973679664,0.0,128
1000,3,50,route_key,60.0,1022.9025265249588,1.0229025265249587,1614,110.8,6648,4112,2.437424789410349,2.0,5.0,7.529999999999745,9,25.19760792075824,47.68147973679664,0.0,256
1000,3,50,route_key,60.0,1022.9025265249588,1.0229025265249587,1614,110.8,6648,4112,2.437424789410349,2.0,5.0,7.529999999999745,9,25.19760792075824,47.68147973679664,0.0,512
1000,3,50,route_key,60.0,1022.9025265249588,1.0229025265249587,1614,110.8,6648,4112,2.437424789410349,2.0,5.0,7.529999999999745,9,25.19760792075824,47.68147973679664,0.0,1024
1000,3,50,route_key,60.0,1022.9025265249588,1.0229025265249587,1614,110.8,6648,4112,2.437424789410349,2.0,5.0,7.529999999999745,9,25.19760792075824,47.68147973679664,0.0,4096
1000,3,100,event_class,60.0,1022.9025265249588,1.0229025265249587,1614,110.8,6648,1235,6.482551143200963,6.0,10.0,13.0,14,50.21265003868842,95.39803598113848,0.0,32
1000,3,100,event_class,60.0,1022.9025265249588,1.0229025265249587,1614,110.8,6648,1235,6.482551143200963,6.0,10.0,13.0,14,50.21265003868842,95.39803598113848,0.0,64
1000,3,100,event_class,60.0,1022.9025265249588,1.0229025265249587,1614,110.8,6648,1235,6.482551143200963,6.0,10.0,13.0,14,50.21265003868842,95.39803598113848,0.0,128
1000,3,100,event_class,60.0,1022.9025265249588,1.0229025265249587,1614,110.8,6648,1235,6.482551143200963,6.0,10.0,13.0,14,50.21265003868842,95.39803598113848,0.0,256
1000,3,100,event_class,60.0,1022.9025265249588,1.0229025265249587,1614,110.8,6648,1235,6.482551143200963,6.0,10.0,13.0,14,50.21265003868842,95.39803598113848,0.0,512
1000,3,100,event_class,60.0,1022.9025265249588,1.0229025265249587,1614,110.8,6648,1235,6.482551143200963,6.0,10.0,13.0,14,50.21265003868842,95.39803598113848,0.0,1024
1000,3,100,event_class,60.0,1022.9025265249588,1.0229025265249587,1614,110.8,6648,1235,6.482551143200963,6.0,10.0,13.0,14,50.21265003868842,95.39803598113848,0.0,4096
1000,3,100,pooled,60.0,1022.9025265249588,1.0229025265249587,1614,110.8,6648,600,12.072202166064981,12.0,17.0,23.0,24,50.21265003868842,95.39803598113848,0.0,32
1000,3,100,pooled,60.0,1022.9025265249588,1.0229025265249587,1614,110.8,6648,600,12.072202166064981,12.0,17.0,23.0,24,50.21265003868842,95.39803598113848,0.0,64
1000,3,100,pooled,60.0,1022.9025265249588,1.0229025265249587,1614,110.8,6648,600,12.072202166064981,12.0,17.0,23.0,24,50.21265003868842,95.39803598113848,0.0,128
1000,3,100,pooled,60.0,1022.9025265249588,1.0229025265249587,1614,110.8,6648,600,12.072202166064981,12.0,17.0,23.0,24,50.21265003868842,95.39803598113848,0.0,256
1000,3,100,pooled,60.0,1022.9025265249588,1.0229025265249587,1614,110.8,6648,600,12.072202166064981,12.0,17.0,23.0,24,50.21265003868842,95.39803598113848,0.0,512
1000,3,100,pooled,60.0,1022.9025265249588,1.0229025265249587,1614,110.8,6648,600,12.072202166064981,12.0,17.0,23.0,24,50.21265003868842,95.39803598113848,0.0,1024
1000,3,100,pooled,60.0,1022.9025265249588,1.0229025265249587,1614,110.8,6648,600,12.072202166064981,12.0,17.0,23.0,24,50.21265003868842,95.39803598113848,0.0,4096
1000,3,100,route_key,60.0,1022.9025265249588,1.0229025265249587,1614,110.8,6648,3279,3.8790613718411553,3.0,8.0,12.0,14,50.21265003868842,95.39803598113848,0.0,32
1000,3,100,route_key,60.0,1022.9025265249588,1.0229025265249587,1614,110.8,6648,3279,3.8790613718411553,3.0,8.0,12.0,14,50.21265003868842,95.39803598113848,0.0,64
1000,3,100,route_key,60.0,1022.9025265249588,1.0229025265249587,1614,110.8,6648,3279,3.8790613718411553,3.0,8.0,12.0,14,50.21265003868842,95.39803598113848,0.0,128
1000,3,100,route_key,60.0,1022.9025265249588,1.0229025265249587,1614,110.8,6648,3279,3.8790613718411553,3.0,8.0,12.0,14,50.21265003868842,95.39803598113848,0.0,256
1000,3,100,route_key,60.0,1022.9025265249588,1.0229025265249587,1614,110.8,6648,3279,3.8790613718411553,3.0,8.0,12.0,14,50.21265003868842,95.39803598113848,0.0,512
1000,3,100,route_key,60.0,1022.9025265249588,1.0229025265249587,1614,110.8,6648,3279,3.8790613718411553,3.0,8.0,12.0,14,50.21265003868842,95.39803598113848,0.0,1024
1000,3,100,route_key,60.0,1022.9025265249588,1.0229025265249587,1614,110.8,6648,3279,3.8790613718411553,3.0,8.0,12.0,14,50.21265003868842,95.39803598113848,0.0,4096
1000,3,250,event_class,60.0,1022.9025265249588,1.0229025265249587,1614,110.8,6648,517,14.703068592057761,15.0,20.0,24.0,30,125.43076074867477,237.24846568314047,0.0,32
1000,3,250,event_class,60.0,1022.9025265249588,1.0229025265249587,1614,110.8,6648,517,14.703068592057761,15.0,20.0,24.0,30,125.43076074867477,237.24846568314047,0.0,64
1000,3,250,event_class,60.0,1022.9025265249588,1.0229025265249587,1614,110.8,6648,517,14.703068592057761,15.0,20.0,24.0,30,125.43076074867477,237.24846568314047,0.0,128
1000,3,250,event_class,60.0,1022.9025265249588,1.0229025265249587,1614,110.8,6648,517,14.703068592057761,15.0,20.0,24.0,30,125.43076074867477,237.24846568314047,0.0,256
1000,3,250,event_class,60.0,1022.9025265249588,1.0229025265249587,1614,110.8,6648,517,14.703068592057761,15.0,20.0,24.0,30,125.43076074867477,237.24846568314047,0.0,512
1000,3,250,event_class,60.0,1022.9025265249588,1.0229025265249587,1614,110.8,6648,517,14.703068592057761,15.0,20.0,24.0,30,125.43076074867477,237.24846568314047,0.0,1024
1000,3,250,event_class,60.0,1022.9025265249588,1.0229025265249587,1614,110.8,6648,517,14.703068592057761,15.0,20.0,24.0,30,125.43076074867477,237.24846568314047,0.0,4096
1000,3,250,pooled,60.0,1022.9025265249588,1.0229025265249587,1614,110.8,6648,240,28.65583634175692,28.0,35.0,42.0,45,125.43076074867477,237.24846568314047,0.2641395908543923,32
1000,3,250,pooled,60.0,1022.9025265249588,1.0229025265249587,1614,110.8,6648,240,28.65583634175692,28.0,35.0,42.0,45,125.43076074867477,237.24846568314047,0.0,64
1000,3,250,pooled,60.0,1022.9025265249588,1.0229025265249587,1614,110.8,6648,240,28.65583634175692,28.0,35.0,42.0,45,125.43076074867477,237.24846568314047,0.0,128
1000,3,250,pooled,60.0,1022.9025265249588,1.0229025265249587,1614,110.8,6648,240,28.65583634175692,28.0,35.0,42.0,45,125.43076074867477,237.24846568314047,0.0,256
1000,3,250,pooled,60.0,1022.9025265249588,1.0229025265249587,1614,110.8,6648,240,28.65583634175692,28.0,35.0,42.0,45,125.43076074867477,237.24846568314047,0.0,512
1000,3,250,pooled,60.0,1022.9025265249588,1.0229025265249587,1614,110.8,6648,240,28.65583634175692,28.0,35.0,42.0,45,125.43076074867477,237.24846568314047,0.0,1024
1000,3,250,pooled,60.0,1022.9025265249588,1.0229025265249587,1614,110.8,6648,240,28.65583634175692,28.0,35.0,42.0,45,125.43076074867477,237.24846568314047,0.0,4096
1000,3,250,route_key,60.0,1022.9025265249588,1.0229025265249587,1614,110.8,6648,2399,8.201263537906136,7.0,17.0,22.0,23,125.43076074867477,237.24846568314047,0.0,32
1000,3,250,route_key,60.0,1022.9025265249588,1.0229025265249587,1614,110.8,6648,2399,8.201263537906136,7.0,17.0,22.0,23,125.43076074867477,237.24846568314047,0.0,64
1000,3,250,route_key,60.0,1022.9025265249588,1.0229025265249587,1614,110.8,6648,2399,8.201263537906136,7.0,17.0,22.0,23,125.43076074867477,237.24846568314047,0.0,128
1000,3,250,route_key,60.0,1022.9025265249588,1.0229025265249587,1614,110.8,6648,2399,8.201263537906136,7.0,17.0,22.0,23,125.43076074867477,237.24846568314047,0.0,256
1000,3,250,route_key,60.0,1022.9025265249588,1.0229025265249587,1614,110.8,6648,2399,8.201263537906136,7.0,17.0,22.0,23,125.43076074867477,237.24846568314047,0.0,512
1000,3,250,route_key,60.0,1022.9025265249588,1.0229025265249587,1614,110.8,6648,2399,8.201263537906136,7.0,17.0,22.0,23,125.43076074867477,237.24846568314047,0.0,1024
1000,3,250,route_key,60.0,1022.9025265249588,1.0229025265249587,1614,110.8,6648,2399,8.201263537906136,7.0,17.0,22.0,23,125.43076074867477,237.24846568314047,0.0,4096
1000,3,500,event_class,60.0,1022.9025265249588,1.0229025265249587,1614,110.8,6648,274,28.351083032490976,29.0,35.0,41.0,44,249.64104955733907,476.05151950413176,0.2770758122743682,32
1000,3,500,event_class,60.0,1022.9025265249588,1.0229025265249587,1614,110.8,6648,274,28.351083032490976,29.0,35.0,41.0,44,249.64104955733907,476.05151950413176,0.0,64
1000,3,500,event_class,60.0,1022.9025265249588,1.0229025265249587,1614,110.8,6648,274,28.351083032490976,29.0,35.0,41.0,44,249.64104955733907,476.05151950413176,0.0,128
1000,3,500,event_class,60.0,1022.9025265249588,1.0229025265249587,1614,110.8,6648,274,28.351083032490976,29.0,35.0,41.0,44,249.64104955733907,476.05151950413176,0.0,256
1000,3,500,event_class,60.0,1022.9025265249588,1.0229025265249587,1614,110.8,6648,274,28.351083032490976,29.0,35.0,41.0,44,249.64104955733907,476.05151950413176,0.0,512
1000,3,500,event_class,60.0,1022.9025265249588,1.0229025265249587,1614,110.8,6648,274,28.351083032490976,29.0,35.0,41.0,44,249.64104955733907,476.05151950413176,0.0,1024
1000,3,500,event_class,60.0,1022.9025265249588,1.0229025265249587,1614,110.8,6648,274,28.351083032490976,29.0,35.0,41.0,44,249.64104955733907,476.05151950413176,0.0,4096
1000,3,500,pooled,60.0,1022.9025265249588,1.0229025265249587,1614,110.8,6648,120,56.35860409145608,56.0,66.0,78.0,78,249.64104955733907,476.05151950413176,1.0,32
1000,3,500,pooled,60.0,1022.9025265249588,1.0229025265249587,1614,110.8,6648,120,56.35860409145608,56.0,66.0,78.0,78,249.64104955733907,476.05151950413176,0.18231046931407943,64
1000,3,500,pooled,60.0,1022.9025265249588,1.0229025265249587,1614,110.8,6648,120,56.35860409145608,56.0,66.0,78.0,78,249.64104955733907,476.05151950413176,0.0,128
1000,3,500,pooled,60.0,1022.9025265249588,1.0229025265249587,1614,110.8,6648,120,56.35860409145608,56.0,66.0,78.0,78,249.64104955733907,476.05151950413176,0.0,256
1000,3,500,pooled,60.0,1022.9025265249588,1.0229025265249587,1614,110.8,6648,120,56.35860409145608,56.0,66.0,78.0,78,249.64104955733907,476.05151950413176,0.0,512
1000,3,500,pooled,60.0,1022.9025265249588,1.0229025265249587,1614,110.8,6648,120,56.35860409145608,56.0,66.0,78.0,78,249.64104955733907,476.05151950413176,0.0,1024
1000,3,500,pooled,60.0,1022.9025265249588,1.0229025265249587,1614,110.8,6648,120,56.35860409145608,56.0,66.0,78.0,78,249.64104955733907,476.05151950413176,0.0,4096
1000,3,500,route_key,60.0,1022.9025265249588,1.0229025265249587,1614,110.8,6648,1879,15.401022864019254,14.0,31.0,39.0,40,249.64104955733907,476.05151950413176,0.08965102286401926,32
1000,3,500,route_key,60.0,1022.9025265249588,1.0229025265249587,1614,110.8,6648,1879,15.401022864019254,14.0,31.0,39.0,40,249.64104955733907,476.05151950413176,0.0,64
1000,3,500,route_key,60.0,1022.9025265249588,1.0229025265249587,1614,110.8,6648,1879,15.401022864019254,14.0,31.0,39.0,40,249.64104955733907,476.05151950413176,0.0,128
1000,3,500,route_key,60.0,1022.9025265249588,1.0229025265249587,1614,110.8,6648,1879,15.401022864019254,14.0,31.0,39.0,40,249.64104955733907,476.05151950413176,0.0,256
1000,3,500,route_key,60.0,1022.9025265249588,1.0229025265249587,1614,110.8,6648,1879,15.401022864019254,14.0,31.0,39.0,40,249.64104955733907,476.05151950413176,0.0,512
1000,3,500,route_key,60.0,1022.9025265249588,1.0229025265249587,1614,110.8,6648,1879,15.401022864019254,14.0,31.0,39.0,40,249.64104955733907,476.05151950413176,0.0,1024
1000,3,500,route_key,60.0,1022.9025265249588,1.0229025265249587,1614,110.8,6648,1879,15.401022864019254,14.0,31.0,39.0,40,249.64104955733907,476.05151950413176,0.0,4096
1000,3,1000,event_class,60.0,1022.9025265249588,1.0229025265249587,1614,110.8,6648,150,55.82160048134777,55.0,68.0,74.0,74,498.0616271746676,954.0772788383449,0.9938327316486161,32
1000,3,1000,event_class,60.0,1022.9025265249588,1.0229025265249587,1614,110.8,6648,150,55.82160048134777,55.0,68.0,74.0,74,498.0616271746676,954.0772788383449,0.1635078219013237,64
1000,3,1000,event_class,60.0,1022.9025265249588,1.0229025265249587,1614,110.8,6648,150,55.82160048134777,55.0,68.0,74.0,74,498.0616271746676,954.0772788383449,0.0,128
1000,3,1000,event_class,60.0,1022.9025265249588,1.0229025265249587,1614,110.8,6648,150,55.82160048134777,55.0,68.0,74.0,74,498.0616271746676,954.0772788383449,0.0,256
1000,3,1000,event_class,60.0,1022.9025265249588,1.0229025265249587,1614,110.8,6648,150,55.82160048134777,55.0,68.0,74.0,74,498.0616271746676,954.0772788383449,0.0,512
1000,3,1000,event_class,60.0,1022.9025265249588,1.0229025265249587,1614,110.8,6648,150,55.82160048134777,55.0,68.0,74.0,74,498.0616271746676,954.0772788383449,0.0,1024
1000,3,1000,event_class,60.0,1022.9025265249588,1.0229025265249587,1614,110.8,6648,150,55.82160048134777,55.0,68.0,74.0,74,498.0616271746676,954.0772788383449,0.0,4096
1000,3,1000,pooled,60.0,1022.9025265249588,1.0229025265249587,1614,110.8,6648,60,111.73044524669073,110.0,126.0,135.0,135,498.0616271746676,954.0772788383449,1.0,32
1000,3,1000,pooled,60.0,1022.9025265249588,1.0229025265249587,1614,110.8,6648,60,111.73044524669073,110.0,126.0,135.0,135,498.0616271746676,954.0772788383449,1.0,64
1000,3,1000,pooled,60.0,1022.9025265249588,1.0229025265249587,1614,110.8,6648,60,111.73044524669073,110.0,126.0,135.0,135,498.0616271746676,954.0772788383449,0.05896510228640193,128
1000,3,1000,pooled,60.0,1022.9025265249588,1.0229025265249587,1614,110.8,6648,60,111.73044524669073,110.0,126.0,135.0,135,498.0616271746676,954.0772788383449,0.0,256
1000,3,1000,pooled,60.0,1022.9025265249588,1.0229025265249587,1614,110.8,6648,60,111.73044524669073,110.0,126.0,135.0,135,498.0616271746676,954.0772788383449,0.0,512
1000,3,1000,pooled,60.0,1022.9025265249588,1.0229025265249587,1614,110.8,6648,60,111.73044524669073,110.0,126.0,135.0,135,498.0616271746676,954.0772788383449,0.0,1024
1000,3,1000,pooled,60.0,1022.9025265249588,1.0229025265249587,1614,110.8,6648,60,111.73044524669073,110.0,126.0,135.0,135,498.0616271746676,954.0772788383449,0.0,4096
1000,3,1000,route_key,60.0,1022.9025265249588,1.0229025265249587,1614,110.8,6648,1419,29.772563176895307,24.0,59.0,69.0,69,498.0616271746676,954.0772788383449,0.47352587244283995,32
1000,3,1000,route_key,60.0,1022.9025265249588,1.0229025265249587,1614,110.8,6648,1419,29.772563176895307,24.0,59.0,69.0,69,498.0616271746676,954.0772788383449,0.050090252707581225,64
1000,3,1000,route_key,60.0,1022.9025265249588,1.0229025265249587,1614,110.8,6648,1419,29.772563176895307,24.0,59.0,69.0,69,498.0616271746676,954.0772788383449,0.0,128
1000,3,1000,route_key,60.0,1022.9025265249588,1.0229025265249587,1614,110.8,6648,1419,29.772563176895307,24.0,59.0,69.0,69,498.0616271746676,954.0772788383449,0.0,256
1000,3,1000,route_key,60.0,1022.9025265249588,1.0229025265249587,1614,110.8,6648,1419,29.772563176895307,24.0,59.0,69.0,69,498.0616271746676,954.0772788383449,0.0,512
1000,3,1000,route_key,60.0,1022.9025265249588,1.0229025265249587,1614,110.8,6648,1419,29.772563176895307,24.0,59.0,69.0,69,498.0616271746676,954.0772788383449,0.0,1024
1000,3,1000,route_key,60.0,1022.9025265249588,1.0229025265249587,1614,110.8,6648,1419,29.772563176895307,24.0,59.0,69.0,69,498.0616271746676,954.0772788383449,0.0,4096
1000,4,1,event_class,60.0,974.8398351623568,0.9748398351623568,1600,105.6,6336,6193,1.0451388888888888,1.0,1.0,2.0,2,0.5025050129684479,0.9493705180894096,0.0,32
1000,4,1,event_class,60.0,974.8398351623568,0.9748398351623568,1600,105.6,6336,6193,1.0451388888888888,1.0,1.0,2.0,2,0.5025050129684479,0.9493705180894096,0.0,64
1000,4,1,event_class,60.0,974.8398351623568,0.9748398351623568,1600,105.6,6336,6193,1.0451388888888888,1.0,1.0,2.0,2,0.5025050129684479,0.9493705180894096,0.0,128
1000,4,1,event_class,60.0,974.8398351623568,0.9748398351623568,1600,105.6,6336,6193,1.0451388888888888,1.0,1.0,2.0,2,0.5025050129684479,0.9493705180894096,0.0,256
1000,4,1,event_class,60.0,974.8398351623568,0.9748398351623568,1600,105.6,6336,6193,1.0451388888888888,1.0,1.0,2.0,2,0.5025050129684479,0.9493705180894096,0.0,512
1000,4,1,event_class,60.0,974.8398351623568,0.9748398351623568,1600,105.6,6336,6193,1.0451388888888888,1.0,1.0,2.0,2,0.5025050129684479,0.9493705180894096,0.0,1024
1000,4,1,event_class,60.0,974.8398351623568,0.9748398351623568,1600,105.6,6336,6193,1.0451388888888888,1.0,1.0,2.0,2,0.5025050129684479,0.9493705180894096,0.0,4096
1000,4,1,pooled,60.0,974.8398351623568,0.9748398351623568,1600,105.6,6336,6033,1.0981691919191918,1.0,1.0,2.0,3,0.5025050129684479,0.9493705180894096,0.0,32
1000,4,1,pooled,60.0,974.8398351623568,0.9748398351623568,1600,105.6,6336,6033,1.0981691919191918,1.0,1.0,2.0,3,0.5025050129684479,0.9493705180894096,0.0,64
1000,4,1,pooled,60.0,974.8398351623568,0.9748398351623568,1600,105.6,6336,6033,1.0981691919191918,1.0,1.0,2.0,3,0.5025050129684479,0.9493705180894096,0.0,128
1000,4,1,pooled,60.0,974.8398351623568,0.9748398351623568,1600,105.6,6336,6033,1.0981691919191918,1.0,1.0,2.0,3,0.5025050129684479,0.9493705180894096,0.0,256
1000,4,1,pooled,60.0,974.8398351623568,0.9748398351623568,1600,105.6,6336,6033,1.0981691919191918,1.0,1.0,2.0,3,0.5025050129684479,0.9493705180894096,0.0,512
1000,4,1,pooled,60.0,974.8398351623568,0.9748398351623568,1600,105.6,6336,6033,1.0981691919191918,1.0,1.0,2.0,3,0.5025050129684479,0.9493705180894096,0.0,1024
1000,4,1,pooled,60.0,974.8398351623568,0.9748398351623568,1600,105.6,6336,6033,1.0981691919191918,1.0,1.0,2.0,3,0.5025050129684479,0.9493705180894096,0.0,4096
1000,4,1,route_key,60.0,974.8398351623568,0.9748398351623568,1600,105.6,6336,6257,1.0249368686868687,1.0,1.0,2.0,2,0.5025050129684479,0.9493705180894096,0.0,32
1000,4,1,route_key,60.0,974.8398351623568,0.9748398351623568,1600,105.6,6336,6257,1.0249368686868687,1.0,1.0,2.0,2,0.5025050129684479,0.9493705180894096,0.0,64
1000,4,1,route_key,60.0,974.8398351623568,0.9748398351623568,1600,105.6,6336,6257,1.0249368686868687,1.0,1.0,2.0,2,0.5025050129684479,0.9493705180894096,0.0,128
1000,4,1,route_key,60.0,974.8398351623568,0.9748398351623568,1600,105.6,6336,6257,1.0249368686868687,1.0,1.0,2.0,2,0.5025050129684479,0.9493705180894096,0.0,256
1000,4,1,route_key,60.0,974.8398351623568,0.9748398351623568,1600,105.6,6336,6257,1.0249368686868687,1.0,1.0,2.0,2,0.5025050129684479,0.9493705180894096,0.0,512
1000,4,1,route_key,60.0,974.8398351623568,0.9748398351623568,1600,105.6,6336,6257,1.0249368686868687,1.0,1.0,2.0,2,0.5025050129684479,0.9493705180894096,0.0,1024
1000,4,1,route_key,60.0,974.8398351623568,0.9748398351623568,1600,105.6,6336,6257,1.0249368686868687,1.0,1.0,2.0,2,0.5025050129684479,0.9493705180894096,0.0,4096
1000,4,5,event_class,60.0,974.8398351623568,0.9748398351623568,1600,105.6,6336,5619,1.2471590909090908,1.0,2.0,3.0,4,2.5299671341805454,4.759698330402573,0.0,32
1000,4,5,event_class,60.0,974.8398351623568,0.9748398351623568,1600,105.6,6336,5619,1.2471590909090908,1.0,2.0,3.0,4,2.5299671341805454,4.759698330402573,0.0,64
1000,4,5,event_class,60.0,974.8398351623568,0.9748398351623568,1600,105.6,6336,5619,1.2471590909090908,1.0,2.0,3.0,4,2.5299671341805454,4.759698330402573,0.0,128
1000,4,5,event_class,60.0,974.8398351623568,0.9748398351623568,1600,105.6,6336,5619,1.2471590909090908,1.0,2.0,3.0,4,2.5299671341805454,4.759698330402573,0.0,256
1000,4,5,event_class,60.0,974.8398351623568,0.9748398351623568,1600,105.6,6336,5619,1.2471590909090908,1.0,2.0,3.0,4,2.5299671341805454,4.759698330402573,0.0,512
1000,4,5,event_class,60.0,974.8398351623568,0.9748398351623568,1600,105.6,6336,5619,1.2471590909090908,1.0,2.0,3.0,4,2.5299671341805454,4.759698330402573,0.0,1024
1000,4,5,event_class,60.0,974.8398351623568,0.9748398351623568,1600,105.6,6336,5619,1.2471590909090908,1.0,2.0,3.0,4,2.5299671341805454,4.759698330402573,0.0,4096
1000,4,5,pooled,60.0,974.8398351623568,0.9748398351623568,1600,105.6,6336,4945,1.52020202020202,1.0,2.0,4.0,5,2.5299671341805454,4.759698330402573,0.0,32
1000,4,5,pooled,60.0,974.8398351623568,0.9748398351623568,1600,105.6,6336,4945,1.52020202020202,1.0,2.0,4.0,5,2.5299671341805454,4.759698330402573,0.0,64
1000,4,5,pooled,60.0,974.8398351623568,0.9748398351623568,1600,105.6,6336,4945,1.52020202020202,1.0,2.0,4.0,5,2.5299671341805454,4.759698330402573,0.0,128
1000,4,5,pooled,60.0,974.8398351623568,0.9748398351623568,1600,105.6,6336,4945,1.52020202020202,1.0,2.0,4.0,5,2.5299671341805454,4.759698330402573,0.0,256
1000,4,5,pooled,60.0,974.8398351623568,0.9748398351623568,1600,105.6,6336,4945,1.52020202020202,1.0,2.0,4.0,5,2.5299671341805454,4.759698330402573,0.0,512
1000,4,5,pooled,60.0,974.8398351623568,0.9748398351623568,1600,105.6,6336,4945,1.52020202020202,1.0,2.0,4.0,5,2.5299671341805454,4.759698330402573,0.0,1024
1000,4,5,pooled,60.0,974.8398351623568,0.9748398351623568,1600,105.6,6336,4945,1.52020202020202,1.0,2.0,4.0,5,2.5299671341805454,4.759698330402573,0.0,4096
1000,4,5,route_key,60.0,974.8398351623568,0.9748398351623568,1600,105.6,6336,5926,1.137310606060606,1.0,2.0,3.0,4,2.5299671341805454,4.759698330402573,0.0,32
1000,4,5,route_key,60.0,974.8398351623568,0.9748398351623568,1600,105.6,6336,5926,1.137310606060606,1.0,2.0,3.0,4,2.5299671341805454,4.759698330402573,0.0,64
1000,4,5,route_key,60.0,974.8398351623568,0.9748398351623568,1600,105.6,6336,5926,1.137310606060606,1.0,2.0,3.0,4,2.5299671341805454,4.759698330402573,0.0,128
1000,4,5,route_key,60.0,974.8398351623568,0.9748398351623568,1600,105.6,6336,5926,1.137310606060606,1.0,2.0,3.0,4,2.5299671341805454,4.759698330402573,0.0,256
1000,4,5,route_key,60.0,974.8398351623568,0.9748398351623568,1600,105.6,6336,5926,1.137310606060606,1.0,2.0,3.0,4,2.5299671341805454,4.759698330402573,0.0,512
1000,4,5,route_key,60.0,974.8398351623568,0.9748398351623568,1600,105.6,6336,5926,1.137310606060606,1.0,2.0,3.0,4,2.5299671341805454,4.759698330402573,0.0,1024
1000,4,5,route_key,60.0,974.8398351623568,0.9748398351623568,1600,105.6,6336,5926,1.137310606060606,1.0,2.0,3.0,4,2.5299671341805454,4.759698330402573,0.0,4096
1000,4,10,event_class,60.0,974.8398351623568,0.9748398351623568,1600,105.6,6336,4978,1.5069444444444444,1.0,2.0,4.0,6,5.014184305897706,9.553906585844985,0.0,32
1000,4,10,event_class,60.0,974.8398351623568,0.9748398351623568,1600,105.6,6336,4978,1.5069444444444444,1.0,2.0,4.0,6,5.014184305897706,9.553906585844985,0.0,64
1000,4,10,event_class,60.0,974.8398351623568,0.9748398351623568,1600,105.6,6336,4978,1.5069444444444444,1.0,2.0,4.0,6,5.014184305897706,9.553906585844985,0.0,128
1000,4,10,event_class,60.0,974.8398351623568,0.9748398351623568,1600,105.6,6336,4978,1.5069444444444444,1.0,2.0,4.0,6,5.014184305897706,9.553906585844985,0.0,256
1000,4,10,event_class,60.0,974.8398351623568,0.9748398351623568,1600,105.6,6336,4978,1.5069444444444444,1.0,2.0,4.0,6,5.014184305897706,9.553906585844985,0.0,512
1000,4,10,event_class,60.0,974.8398351623568,0.9748398351623568,1600,105.6,6336,4978,1.5069444444444444,1.0,2.0,4.0,6,5.014184305897706,9.553906585844985,0.0,1024
1000,4,10,event_class,60.0,974.8398351623568,0.9748398351623568,1600,105.6,6336,4978,1.5069444444444444,1.0,2.0,4.0,6,5.014184305897706,9.553906585844985,0.0,4096
1000,4,10,pooled,60.0,974.8398351623568,0.9748398351623568,1600,105.6,6336,3939,2.05334595959596,2.0,3.0,5.0,9,5.014184305897706,9.553906585844985,0.0,32
1000,4,10,pooled,60.0,974.8398351623568,0.9748398351623568,1600,105.6,6336,3939,2.05334595959596,2.0,3.0,5.0,9,5.014184305897706,9.553906585844985,0.0,64
1000,4,10,pooled,60.0,974.8398351623568,0.9748398351623568,1600,105.6,6336,3939,2.05334595959596,2.0,3.0,5.0,9,5.014184305897706,9.553906585844985,0.0,128
1000,4,10,pooled,60.0,974.8398351623568,0.9748398351623568,1600,105.6,6336,3939,2.05334595959596,2.0,3.0,5.0,9,5.014184305897706,9.553906585844985,0.0,256
1000,4,10,pooled,60.0,974.8398351623568,0.9748398351623568,1600,105.6,6336,3939,2.05334595959596,2.0,3.0,5.0,9,5.014184305897706,9.553906585844985,0.0,512
1000,4,10,pooled,60.0,974.8398351623568,0.9748398351623568,1600,105.6,6336,3939,2.05334595959596,2.0,3.0,5.0,9,5.014184305897706,9.553906585844985,0.0,1024
1000,4,10,pooled,60.0,974.8398351623568,0.9748398351623568,1600,105.6,6336,3939,2.05334595959596,2.0,3.0,5.0,9,5.014184305897706,9.553906585844985,0.0,4096
1000,4,10,route_key,60.0,974.8398351623568,0.9748398351623568,1600,105.6,6336,5545,1.2875631313131313,1.0,2.0,3.0,5,5.014184305897706,9.553906585844985,0.0,32
1000,4,10,route_key,60.0,974.8398351623568,0.9748398351623568,1600,105.6,6336,5545,1.2875631313131313,1.0,2.0,3.0,5,5.014184305897706,9.553906585844985,0.0,64
1000,4,10,route_key,60.0,974.8398351623568,0.9748398351623568,1600,105.6,6336,5545,1.2875631313131313,1.0,2.0,3.0,5,5.014184305897706,9.553906585844985,0.0,128
1000,4,10,route_key,60.0,974.8398351623568,0.9748398351623568,1600,105.6,6336,5545,1.2875631313131313,1.0,2.0,3.0,5,5.014184305897706,9.553906585844985,0.0,256
1000,4,10,route_key,60.0,974.8398351623568,0.9748398351623568,1600,105.6,6336,5545,1.2875631313131313,1.0,2.0,3.0,5,5.014184305897706,9.553906585844985,0.0,512
1000,4,10,route_key,60.0,974.8398351623568,0.9748398351623568,1600,105.6,6336,5545,1.2875631313131313,1.0,2.0,3.0,5,5.014184305897706,9.553906585844985,0.0,1024
1000,4,10,route_key,60.0,974.8398351623568,0.9748398351623568,1600,105.6,6336,5545,1.2875631313131313,1.0,2.0,3.0,5,5.014184305897706,9.553906585844985,0.0,4096
1000,4,25,event_class,60.0,974.8398351623568,0.9748398351623568,1600,105.6,6336,3533,2.3027146464646466,2.0,4.0,6.0,7,12.412385063474483,23.83756133002457,0.0,32
1000,4,25,event_class,60.0,974.8398351623568,0.9748398351623568,1600,105.6,6336,3533,2.3027146464646466,2.0,4.0,6.0,7,12.412385063474483,23.83756133002457,0.0,64
1000,4,25,event_class,60.0,974.8398351623568,0.9748398351623568,1600,105.6,6336,3533,2.3027146464646466,2.0,4.0,6.0,7,12.412385063474483,23.83756133002457,0.0,128
1000,4,25,event_class,60.0,974.8398351623568,0.9748398351623568,1600,105.6,6336,3533,2.3027146464646466,2.0,4.0,6.0,7,12.412385063474483,23.83756133002457,0.0,256
1000,4,25,event_class,60.0,974.8398351623568,0.9748398351623568,1600,105.6,6336,3533,2.3027146464646466,2.0,4.0,6.0,7,12.412385063474483,23.83756133002457,0.0,512
1000,4,25,event_class,60.0,974.8398351623568,0.9748398351623568,1600,105.6,6336,3533,2.3027146464646466,2.0,4.0,6.0,7,12.412385063474483,23.83756133002457,0.0,1024
1000,4,25,event_class,60.0,974.8398351623568,0.9748398351623568,1600,105.6,6336,3533,2.3027146464646466,2.0,4.0,6.0,7,12.412385063474483,23.83756133002457,0.0,4096
1000,4,25,pooled,60.0,974.8398351623568,0.9748398351623568,1600,105.6,6336,2229,3.6347853535353534,4.0,6.0,8.0,10,12.412385063474483,23.83756133002457,0.0,32
1000,4,25,pooled,60.0,974.8398351623568,0.9748398351623568,1600,105.6,6336,2229,3.6347853535353534,4.0,6.0,8.0,10,12.412385063474483,23.83756133002457,0.0,64
1000,4,25,pooled,60.0,974.8398351623568,0.9748398351623568,1600,105.6,6336,2229,3.6347853535353534,4.0,6.0,8.0,10,12.412385063474483,23.83756133002457,0.0,128
1000,4,25,pooled,60.0,974.8398351623568,0.9748398351623568,1600,105.6,6336,2229,3.6347853535353534,4.0,6.0,8.0,10,12.412385063474483,23.83756133002457,0.0,256
1000,4,25,pooled,60.0,974.8398351623568,0.9748398351623568,1600,105.6,6336,2229,3.6347853535353534,4.0,6.0,8.0,10,12.412385063474483,23.83756133002457,0.0,512
1000,4,25,pooled,60.0,974.8398351623568,0.9748398351623568,1600,105.6,6336,2229,3.6347853535353534,4.0,6.0,8.0,10,12.412385063474483,23.83756133002457,0.0,1024
1000,4,25,pooled,60.0,974.8398351623568,0.9748398351623568,1600,105.6,6336,2229,3.6347853535353534,4.0,6.0,8.0,10,12.412385063474483,23.83756133002457,0.0,4096
1000,4,25,route_key,60.0,974.8398351623568,0.9748398351623568,1600,105.6,6336,4653,1.7601010101010102,1.0,3.0,5.0,7,12.412385063474483,23.83756133002457,0.0,32
1000,4,25,route_key,60.0,974.8398351623568,0.9748398351623568,1600,105.6,6336,4653,1.7601010101010102,1.0,3.0,5.0,7,12.412385063474483,23.83756133002457,0.0,64
1000,4,25,route_key,60.0,974.8398351623568,0.9748398351623568,1600,105.6,6336,4653,1.7601010101010102,1.0,3.0,5.0,7,12.412385063474483,23.83756133002457,0.0,128
1000,4,25,route_key,60.0,974.8398351623568,0.9748398351623568,1600,105.6,6336,4653,1.7601010101010102,1.0,3.0,5.0,7,12.412385063474483,23.83756133002457,0.0,256
1000,4,25,route_key,60.0,974.8398351623568,0.9748398351623568,1600,105.6,6336,4653,1.7601010101010102,1.0,3.0,5.0,7,12.412385063474483,23.83756133002457,0.0,512
1000,4,25,route_key,60.0,974.8398351623568,0.9748398351623568,1600,105.6,6336,4653,1.7601010101010102,1.0,3.0,5.0,7,12.412385063474483,23.83756133002457,0.0,1024
1000,4,25,route_key,60.0,974.8398351623568,0.9748398351623568,1600,105.6,6336,4653,1.7601010101010102,1.0,3.0,5.0,7,12.412385063474483,23.83756133002457,0.0,4096
1000,4,50,event_class,60.0,974.8398351623568,0.9748398351623568,1600,105.6,6336,2268,3.5760732323232323,3.0,6.0,8.0,10,24.868982285696706,47.632561542021,0.0,32
1000,4,50,event_class,60.0,974.8398351623568,0.9748398351623568,1600,105.6,6336,2268,3.5760732323232323,3.0,6.0,8.0,10,24.868982285696706,47.632561542021,0.0,64
1000,4,50,event_class,60.0,974.8398351623568,0.9748398351623568,1600,105.6,6336,2268,3.5760732323232323,3.0,6.0,8.0,10,24.868982285696706,47.632561542021,0.0,128
1000,4,50,event_class,60.0,974.8398351623568,0.9748398351623568,1600,105.6,6336,2268,3.5760732323232323,3.0,6.0,8.0,10,24.868982285696706,47.632561542021,0.0,256
1000,4,50,event_class,60.0,974.8398351623568,0.9748398351623568,1600,105.6,6336,2268,3.5760732323232323,3.0,6.0,8.0,10,24.868982285696706,47.632561542021,0.0,512
1000,4,50,event_class,60.0,974.8398351623568,0.9748398351623568,1600,105.6,6336,2268,3.5760732323232323,3.0,6.0,8.0,10,24.868982285696706,47.632561542021,0.0,1024
1000,4,50,event_class,60.0,974.8398351623568,0.9748398351623568,1600,105.6,6336,2268,3.5760732323232323,3.0,6.0,8.0,10,24.868982285696706,47.632561542021,0.0,4096
1000,4,50,pooled,60.0,974.8398351623568,0.9748398351623568,1600,105.6,6336,1195,6.240845959595959,6.0,9.0,12.0,14,24.868982285696706,47.632561542021,0.0,32
1000,4,50,pooled,60.0,974.8398351623568,0.9748398351623568,1600,105.6,6336,1195,6.240845959595959,6.0,9.0,12.0,14,24.868982285696706,47.632561542021,0.0,64
1000,4,50,pooled,60.0,974.8398351623568,0.9748398351623568,1600,105.6,6336,1195,6.240845959595959,6.0,9.0,12.0,14,24.868982285696706,47.632561542021,0.0,128
1000,4,50,pooled,60.0,974.8398351623568,0.9748398351623568,1600,105.6,6336,1195,6.240845959595959,6.0,9.0,12.0,14,24.868982285696706,47.632561542021,0.0,256
1000,4,50,pooled,60.0,974.8398351623568,0.9748398351623568,1600,105.6,6336,1195,6.240845959595959,6.0,9.0,12.0,14,24.868982285696706,47.632561542021,0.0,512
1000,4,50,pooled,60.0,974.8398351623568,0.9748398351623568,1600,105.6,6336,1195,6.240845959595959,6.0,9.0,12.0,14,24.868982285696706,47.632561542021,0.0,1024
1000,4,50,pooled,60.0,974.8398351623568,0.9748398351623568,1600,105.6,6336,1195,6.240845959595959,6.0,9.0,12.0,14,24.868982285696706,47.632561542021,0.0,4096
1000,4,50,route_key,60.0,974.8398351623568,0.9748398351623568,1600,105.6,6336,3829,2.502209595959596,2.0,5.0,8.0,10,24.868982285696706,47.632561542021,0.0,32
1000,4,50,route_key,60.0,974.8398351623568,0.9748398351623568,1600,105.6,6336,3829,2.502209595959596,2.0,5.0,8.0,10,24.868982285696706,47.632561542021,0.0,64
1000,4,50,route_key,60.0,974.8398351623568,0.9748398351623568,1600,105.6,6336,3829,2.502209595959596,2.0,5.0,8.0,10,24.868982285696706,47.632561542021,0.0,128
1000,4,50,route_key,60.0,974.8398351623568,0.9748398351623568,1600,105.6,6336,3829,2.502209595959596,2.0,5.0,8.0,10,24.868982285696706,47.632561542021,0.0,256
1000,4,50,route_key,60.0,974.8398351623568,0.9748398351623568,1600,105.6,6336,3829,2.502209595959596,2.0,5.0,8.0,10,24.868982285696706,47.632561542021,0.0,512
1000,4,50,route_key,60.0,974.8398351623568,0.9748398351623568,1600,105.6,6336,3829,2.502209595959596,2.0,5.0,8.0,10,24.868982285696706,47.632561542021,0.0,1024
1000,4,50,route_key,60.0,974.8398351623568,0.9748398351623568,1600,105.6,6336,3829,2.502209595959596,2.0,5.0,8.0,10,24.868982285696706,47.632561542021,0.0,4096
1000,4,100,event_class,60.0,974.8398351623568,0.9748398351623568,1600,105.6,6336,1228,6.185290404040404,6.0,9.0,12.0,17,50.17674743721189,94.7027902544999,0.0,32
1000,4,100,event_class,60.0,974.8398351623568,0.9748398351623568,1600,105.6,6336,1228,6.185290404040404,6.0,9.0,12.0,17,50.17674743721189,94.7027902544999,0.0,64
1000,4,100,event_class,60.0,974.8398351623568,0.9748398351623568,1600,105.6,6336,1228,6.185290404040404,6.0,9.0,12.0,17,50.17674743721189,94.7027902544999,0.0,128
1000,4,100,event_class,60.0,974.8398351623568,0.9748398351623568,1600,105.6,6336,1228,6.185290404040404,6.0,9.0,12.0,17,50.17674743721189,94.7027902544999,0.0,256
1000,4,100,event_class,60.0,974.8398351623568,0.9748398351623568,1600,105.6,6336,1228,6.185290404040404,6.0,9.0,12.0,17,50.17674743721189,94.7027902544999,0.0,512
1000,4,100,event_class,60.0,974.8398351623568,0.9748398351623568,1600,105.6,6336,1228,6.185290404040404,6.0,9.0,12.0,17,50.17674743721189,94.7027902544999,0.0,1024
1000,4,100,event_class,60.0,974.8398351623568,0.9748398351623568,1600,105.6,6336,1228,6.185290404040404,6.0,9.0,12.0,17,50.17674743721189,94.7027902544999,0.0,4096
1000,4,100,pooled,60.0,974.8398351623568,0.9748398351623568,1600,105.6,6336,600,11.547032828282829,11.0,16.0,20.0,26,50.17674743721189,94.7027902544999,0.0,32
1000,4,100,pooled,60.0,974.8398351623568,0.9748398351623568,1600,105.6,6336,600,11.547032828282829,11.0,16.0,20.0,26,50.17674743721189,94.7027902544999,0.0,64
1000,4,100,pooled,60.0,974.8398351623568,0.9748398351623568,1600,105.6,6336,600,11.547032828282829,11.0,16.0,20.0,26,50.17674743721189,94.7027902544999,0.0,128
1000,4,100,pooled,60.0,974.8398351623568,0.9748398351623568,1600,105.6,6336,600,11.547032828282829,11.0,16.0,20.0,26,50.17674743721189,94.7027902544999,0.0,256
1000,4,100,pooled,60.0,974.8398351623568,0.9748398351623568,1600,105.6,6336,600,11.547032828282829,11.0,16.0,20.0,26,50.17674743721189,94.7027902544999,0.0,512
1000,4,100,pooled,60.0,974.8398351623568,0.9748398351623568,1600,105.6,6336,600,11.547032828282829,11.0,16.0,20.0,26,50.17674743721189,94.7027902544999,0.0,1024
1000,4,100,pooled,60.0,974.8398351623568,0.9748398351623568,1600,105.6,6336,600,11.547032828282829,11.0,16.0,20.0,26,50.17674743721189,94.7027902544999,0.0,4096
1000,4,100,route_key,60.0,974.8398351623568,0.9748398351623568,1600,105.6,6336,3030,4.015782828282828,3.0,8.0,12.0,17,50.17674743721189,94.7027902544999,0.0,32
1000,4,100,route_key,60.0,974.8398351623568,0.9748398351623568,1600,105.6,6336,3030,4.015782828282828,3.0,8.0,12.0,17,50.17674743721189,94.7027902544999,0.0,64
1000,4,100,route_key,60.0,974.8398351623568,0.9748398351623568,1600,105.6,6336,3030,4.015782828282828,3.0,8.0,12.0,17,50.17674743721189,94.7027902544999,0.0,128
1000,4,100,route_key,60.0,974.8398351623568,0.9748398351623568,1600,105.6,6336,3030,4.015782828282828,3.0,8.0,12.0,17,50.17674743721189,94.7027902544999,0.0,256
1000,4,100,route_key,60.0,974.8398351623568,0.9748398351623568,1600,105.6,6336,3030,4.015782828282828,3.0,8.0,12.0,17,50.17674743721189,94.7027902544999,0.0,512
1000,4,100,route_key,60.0,974.8398351623568,0.9748398351623568,1600,105.6,6336,3030,4.015782828282828,3.0,8.0,12.0,17,50.17674743721189,94.7027902544999,0.0,1024
1000,4,100,route_key,60.0,974.8398351623568,0.9748398351623568,1600,105.6,6336,3030,4.015782828282828,3.0,8.0,12.0,17,50.17674743721189,94.7027902544999,0.0,4096
1000,4,250,event_class,60.0,974.8398351623568,0.9748398351623568,1600,105.6,6336,512,14.07986111111111,14.0,19.0,23.0,26,124.56910854832135,237.38567480137363,0.0,32
1000,4,250,event_class,60.0,974.8398351623568,0.9748398351623568,1600,105.6,6336,512,14.07986111111111,14.0,19.0,23.0,26,124.56910854832135,237.38567480137363,0.0,64
1000,4,250,event_class,60.0,974.8398351623568,0.9748398351623568,1600,105.6,6336,512,14.07986111111111,14.0,19.0,23.0,26,124.56910854832135,237.38567480137363,0.0,128
1000,4,250,event_class,60.0,974.8398351623568,0.9748398351623568,1600,105.6,6336,512,14.07986111111111,14.0,19.0,23.0,26,124.56910854832135,237.38567480137363,0.0,256
1000,4,250,event_class,60.0,974.8398351623568,0.9748398351623568,1600,105.6,6336,512,14.07986111111111,14.0,19.0,23.0,26,124.56910854832135,237.38567480137363,0.0,512
1000,4,250,event_class,60.0,974.8398351623568,0.9748398351623568,1600,105.6,6336,512,14.07986111111111,14.0,19.0,23.0,26,124.56910854832135,237.38567480137363,0.0,1024
1000,4,250,event_class,60.0,974.8398351623568,0.9748398351623568,1600,105.6,6336,512,14.07986111111111,14.0,19.0,23.0,26,124.56910854832135,237.38567480137363,0.0,4096
1000,4,250,pooled,60.0,974.8398351623568,0.9748398351623568,1600,105.6,6336,240,27.353535353535353,27.0,34.0,39.0,42,124.56910854832135,237.38567480137363,0.17992424242424243,32
1000,4,250,pooled,60.0,974.8398351623568,0.9748398351623568,1600,105.6,6336,240,27.353535353535353,27.0,34.0,39.0,42,124.56910854832135,237.38567480137363,0.0,64
1000,4,250,pooled,60.0,974.8398351623568,0.9748398351623568,1600,105.6,6336,240,27.353535353535353,27.0,34.0,39.0,42,124.56910854832135,237.38567480137363,0.0,128
1000,4,250,pooled,60.0,974.8398351623568,0.9748398351623568,1600,105.6,6336,240,27.353535353535353,27.0,34.0,39.0,42,124.56910854832135,237.38567480137363,0.0,256
1000,4,250,pooled,60.0,974.8398351623568,0.9748398351623568,1600,105.6,6336,240,27.353535353535353,27.0,34.0,39.0,42,124.56910854832135,237.38567480137363,0.0,512
1000,4,250,pooled,60.0,974.8398351623568,0.9748398351623568,1600,105.6,6336,240,27.353535353535353,27.0,34.0,39.0,42,124.56910854832135,237.38567480137363,0.0,1024
1000,4,250,pooled,60.0,974.8398351623568,0.9748398351623568,1600,105.6,6336,240,27.353535353535353,27.0,34.0,39.0,42,124.56910854832135,237.38567480137363,0.0,4096
1000,4,250,route_key,60.0,974.8398351623568,0.9748398351623568,1600,105.6,6336,2213,8.584280303030303,8.0,17.0,23.0,26,124.56910854832135,237.38567480137363,0.0,32
1000,4,250,route_key,60.0,974.8398351623568,0.9748398351623568,1600,105.6,6336,2213,8.584280303030303,8.0,17.0,23.0,26,124.56910854832135,237.38567480137363,0.0,64
1000,4,250,route_key,60.0,974.8398351623568,0.9748398351623568,1600,105.6,6336,2213,8.584280303030303,8.0,17.0,23.0,26,124.56910854832135,237.38567480137363,0.0,128
1000,4,250,route_key,60.0,974.8398351623568,0.9748398351623568,1600,105.6,6336,2213,8.584280303030303,8.0,17.0,23.0,26,124.56910854832135,237.38567480137363,0.0,256
1000,4,250,route_key,60.0,974.8398351623568,0.9748398351623568,1600,105.6,6336,2213,8.584280303030303,8.0,17.0,23.0,26,124.56910854832135,237.38567480137363,0.0,512
1000,4,250,route_key,60.0,974.8398351623568,0.9748398351623568,1600,105.6,6336,2213,8.584280303030303,8.0,17.0,23.0,26,124.56910854832135,237.38567480137363,0.0,1024
1000,4,250,route_key,60.0,974.8398351623568,0.9748398351623568,1600,105.6,6336,2213,8.584280303030303,8.0,17.0,23.0,26,124.56910854832135,237.38567480137363,0.0,4096
1000,4,500,event_class,60.0,974.8398351623568,0.9748398351623568,1600,105.6,6336,271,27.090593434343436,27.0,34.0,41.0,43,251.1079343058971,475.2529423397905,0.18181818181818182,32
1000,4,500,event_class,60.0,974.8398351623568,0.9748398351623568,1600,105.6,6336,271,27.090593434343436,27.0,34.0,41.0,43,251.1079343058971,475.2529423397905,0.0,64
1000,4,500,event_class,60.0,974.8398351623568,0.9748398351623568,1600,105.6,6336,271,27.090593434343436,27.0,34.0,41.0,43,251.1079343058971,475.2529423397905,0.0,128
1000,4,500,event_class,60.0,974.8398351623568,0.9748398351623568,1600,105.6,6336,271,27.090593434343436,27.0,34.0,41.0,43,251.1079343058971,475.2529423397905,0.0,256
1000,4,500,event_class,60.0,974.8398351623568,0.9748398351623568,1600,105.6,6336,271,27.090593434343436,27.0,34.0,41.0,43,251.1079343058971,475.2529423397905,0.0,512
1000,4,500,event_class,60.0,974.8398351623568,0.9748398351623568,1600,105.6,6336,271,27.090593434343436,27.0,34.0,41.0,43,251.1079343058971,475.2529423397905,0.0,1024
1000,4,500,event_class,60.0,974.8398351623568,0.9748398351623568,1600,105.6,6336,271,27.090593434343436,27.0,34.0,41.0,43,251.1079343058971,475.2529423397905,0.0,4096
1000,4,500,pooled,60.0,974.8398351623568,0.9748398351623568,1600,105.6,6336,120,53.83806818181818,54.0,62.0,73.0,73,251.1079343058971,475.2529423397905,1.0,32
1000,4,500,pooled,60.0,974.8398351623568,0.9748398351623568,1600,105.6,6336,120,53.83806818181818,54.0,62.0,73.0,73,251.1079343058971,475.2529423397905,0.0855429292929293,64
1000,4,500,pooled,60.0,974.8398351623568,0.9748398351623568,1600,105.6,6336,120,53.83806818181818,54.0,62.0,73.0,73,251.1079343058971,475.2529423397905,0.0,128
1000,4,500,pooled,60.0,974.8398351623568,0.9748398351623568,1600,105.6,6336,120,53.83806818181818,54.0,62.0,73.0,73,251.1079343058971,475.2529423397905,0.0,256
1000,4,500,pooled,60.0,974.8398351623568,0.9748398351623568,1600,105.6,6336,120,53.83806818181818,54.0,62.0,73.0,73,251.1079343058971,475.2529423397905,0.0,512
1000,4,500,pooled,60.0,974.8398351623568,0.9748398351623568,1600,105.6,6336,120,53.83806818181818,54.0,62.0,73.0,73,251.1079343058971,475.2529423397905,0.0,1024
1000,4,500,pooled,60.0,974.8398351623568,0.9748398351623568,1600,105.6,6336,120,53.83806818181818,54.0,62.0,73.0,73,251.1079343058971,475.2529423397905,0.0,4096
1000,4,500,route_key,60.0,974.8398351623568,0.9748398351623568,1600,105.6,6336,1758,16.09816919191919,16.0,32.5,41.0,43,251.1079343058971,475.2529423397905,0.10511363636363637,32
1000,4,500,route_key,60.0,974.8398351623568,0.9748398351623568,1600,105.6,6336,1758,16.09816919191919,16.0,32.5,41.0,43,251.1079343058971,475.2529423397905,0.0,64
1000,4,500,route_key,60.0,974.8398351623568,0.9748398351623568,1600,105.6,6336,1758,16.09816919191919,16.0,32.5,41.0,43,251.1079343058971,475.2529423397905,0.0,128
1000,4,500,route_key,60.0,974.8398351623568,0.9748398351623568,1600,105.6,6336,1758,16.09816919191919,16.0,32.5,41.0,43,251.1079343058971,475.2529423397905,0.0,256
1000,4,500,route_key,60.0,974.8398351623568,0.9748398351623568,1600,105.6,6336,1758,16.09816919191919,16.0,32.5,41.0,43,251.1079343058971,475.2529423397905,0.0,512
1000,4,500,route_key,60.0,974.8398351623568,0.9748398351623568,1600,105.6,6336,1758,16.09816919191919,16.0,32.5,41.0,43,251.1079343058971,475.2529423397905,0.0,1024
1000,4,500,route_key,60.0,974.8398351623568,0.9748398351623568,1600,105.6,6336,1758,16.09816919191919,16.0,32.5,41.0,43,251.1079343058971,475.2529423397905,0.0,4096
1000,4,1000,event_class,60.0,974.8398351623568,0.9748398351623568,1600,105.6,6336,147,53.17645202020202,53.0,61.0,73.0,73,506.079525214988,954.2759624837771,0.9941603535353535,32
1000,4,1000,event_class,60.0,974.8398351623568,0.9748398351623568,1600,105.6,6336,147,53.17645202020202,53.0,61.0,73.0,73,506.079525214988,954.2759624837771,0.07607323232323232,64
1000,4,1000,event_class,60.0,974.8398351623568,0.9748398351623568,1600,105.6,6336,147,53.17645202020202,53.0,61.0,73.0,73,506.079525214988,954.2759624837771,0.0,128
1000,4,1000,event_class,60.0,974.8398351623568,0.9748398351623568,1600,105.6,6336,147,53.17645202020202,53.0,61.0,73.0,73,506.079525214988,954.2759624837771,0.0,256
1000,4,1000,event_class,60.0,974.8398351623568,0.9748398351623568,1600,105.6,6336,147,53.17645202020202,53.0,61.0,73.0,73,506.079525214988,954.2759624837771,0.0,512
1000,4,1000,event_class,60.0,974.8398351623568,0.9748398351623568,1600,105.6,6336,147,53.17645202020202,53.0,61.0,73.0,73,506.079525214988,954.2759624837771,0.0,1024
1000,4,1000,event_class,60.0,974.8398351623568,0.9748398351623568,1600,105.6,6336,147,53.17645202020202,53.0,61.0,73.0,73,506.079525214988,954.2759624837771,0.0,4096
1000,4,1000,pooled,60.0,974.8398351623568,0.9748398351623568,1600,105.6,6336,60,106.69760101010101,107.0,120.0,132.0,132,506.079525214988,954.2759624837771,1.0,32
1000,4,1000,pooled,60.0,974.8398351623568,0.9748398351623568,1600,105.6,6336,60,106.69760101010101,107.0,120.0,132.0,132,506.079525214988,954.2759624837771,1.0,64
1000,4,1000,pooled,60.0,974.8398351623568,0.9748398351623568,1600,105.6,6336,60,106.69760101010101,107.0,120.0,132.0,132,506.079525214988,954.2759624837771,0.041035353535353536,128
1000,4,1000,pooled,60.0,974.8398351623568,0.9748398351623568,1600,105.6,6336,60,106.69760101010101,107.0,120.0,132.0,132,506.079525214988,954.2759624837771,0.0,256
1000,4,1000,pooled,60.0,974.8398351623568,0.9748398351623568,1600,105.6,6336,60,106.69760101010101,107.0,120.0,132.0,132,506.079525214988,954.2759624837771,0.0,512
1000,4,1000,pooled,60.0,974.8398351623568,0.9748398351623568,1600,105.6,6336,60,106.69760101010101,107.0,120.0,132.0,132,506.079525214988,954.2759624837771,0.0,1024
1000,4,1000,pooled,60.0,974.8398351623568,0.9748398351623568,1600,105.6,6336,60,106.69760101010101,107.0,120.0,132.0,132,506.079525214988,954.2759624837771,0.0,4096
1000,4,1000,route_key,60.0,974.8398351623568,0.9748398351623568,1600,105.6,6336,1340,31.195075757575758,35.0,58.0,73.0,73,506.079525214988,954.2759624837771,0.5020517676767676,32
1000,4,1000,route_key,60.0,974.8398351623568,0.9748398351623568,1600,105.6,6336,1340,31.195075757575758,35.0,58.0,73.0,73,506.079525214988,954.2759624837771,0.054924242424242424,64
1000,4,1000,route_key,60.0,974.8398351623568,0.9748398351623568,1600,105.6,6336,1340,31.195075757575758,35.0,58.0,73.0,73,506.079525214988,954.2759624837771,0.0,128
1000,4,1000,route_key,60.0,974.8398351623568,0.9748398351623568,1600,105.6,6336,1340,31.195075757575758,35.0,58.0,73.0,73,506.079525214988,954.2759624837771,0.0,256
1000,4,1000,route_key,60.0,974.8398351623568,0.9748398351623568,1600,105.6,6336,1340,31.195075757575758,35.0,58.0,73.0,73,506.079525214988,954.2759624837771,0.0,512
1000,4,1000,route_key,60.0,974.8398351623568,0.9748398351623568,1600,105.6,6336,1340,31.195075757575758,35.0,58.0,73.0,73,506.079525214988,954.2759624837771,0.0,1024
1000,4,1000,route_key,60.0,974.8398351623568,0.9748398351623568,1600,105.6,6336,1340,31.195075757575758,35.0,58.0,73.0,73,506.079525214988,954.2759624837771,0.0,4096
10000,0,1,event_class,60.0,9997.073338683264,0.9997073338683263,16248,1092.4,65544,50754,1.534358598803857,1.0,3.0,4.0,6,0.5017174650199596,0.9520424080702306,0.0,32
10000,0,1,event_class,60.0,9997.073338683264,0.9997073338683263,16248,1092.4,65544,50754,1.534358598803857,1.0,3.0,4.0,6,0.5017174650199596,0.9520424080702306,0.0,64
10000,0,1,event_class,60.0,9997.073338683264,0.9997073338683263,16248,1092.4,65544,50754,1.534358598803857,1.0,3.0,4.0,6,0.5017174650199596,0.9520424080702306,0.0,128
10000,0,1,event_class,60.0,9997.073338683264,0.9997073338683263,16248,1092.4,65544,50754,1.534358598803857,1.0,3.0,4.0,6,0.5017174650199596,0.9520424080702306,0.0,256
10000,0,1,event_class,60.0,9997.073338683264,0.9997073338683263,16248,1092.4,65544,50754,1.534358598803857,1.0,3.0,4.0,6,0.5017174650199596,0.9520424080702306,0.0,512
10000,0,1,event_class,60.0,9997.073338683264,0.9997073338683263,16248,1092.4,65544,50754,1.534358598803857,1.0,3.0,4.0,6,0.5017174650199596,0.9520424080702306,0.0,1024
10000,0,1,event_class,60.0,9997.073338683264,0.9997073338683263,16248,1092.4,65544,50754,1.534358598803857,1.0,3.0,4.0,6,0.5017174650199596,0.9520424080702306,0.0,4096
10000,0,1,pooled,60.0,9997.073338683264,0.9997073338683263,16248,1092.4,65544,39967,2.085103136824118,2.0,3.0,5.0,7,0.5017174650199596,0.9520424080702306,0.0,32
10000,0,1,pooled,60.0,9997.073338683264,0.9997073338683263,16248,1092.4,65544,39967,2.085103136824118,2.0,3.0,5.0,7,0.5017174650199596,0.9520424080702306,0.0,64
10000,0,1,pooled,60.0,9997.073338683264,0.9997073338683263,16248,1092.4,65544,39967,2.085103136824118,2.0,3.0,5.0,7,0.5017174650199596,0.9520424080702306,0.0,128
10000,0,1,pooled,60.0,9997.073338683264,0.9997073338683263,16248,1092.4,65544,39967,2.085103136824118,2.0,3.0,5.0,7,0.5017174650199596,0.9520424080702306,0.0,256
10000,0,1,pooled,60.0,9997.073338683264,0.9997073338683263,16248,1092.4,65544,39967,2.085103136824118,2.0,3.0,5.0,7,0.5017174650199596,0.9520424080702306,0.0,512
10000,0,1,pooled,60.0,9997.073338683264,0.9997073338683263,16248,1092.4,65544,39967,2.085103136824118,2.0,3.0,5.0,7,0.5017174650199596,0.9520424080702306,0.0,1024
10000,0,1,pooled,60.0,9997.073338683264,0.9997073338683263,16248,1092.4,65544,39967,2.085103136824118,2.0,3.0,5.0,7,0.5017174650199596,0.9520424080702306,0.0,4096
10000,0,1,route_key,60.0,9997.073338683264,0.9997073338683263,16248,1092.4,65544,57239,1.2925363114854145,1.0,2.0,3.0,6,0.5017174650199596,0.9520424080702306,0.0,32
10000,0,1,route_key,60.0,9997.073338683264,0.9997073338683263,16248,1092.4,65544,57239,1.2925363114854145,1.0,2.0,3.0,6,0.5017174650199596,0.9520424080702306,0.0,64
10000,0,1,route_key,60.0,9997.073338683264,0.9997073338683263,16248,1092.4,65544,57239,1.2925363114854145,1.0,2.0,3.0,6,0.5017174650199596,0.9520424080702306,0.0,128
10000,0,1,route_key,60.0,9997.073338683264,0.9997073338683263,16248,1092.4,65544,57239,1.2925363114854145,1.0,2.0,3.0,6,0.5017174650199596,0.9520424080702306,0.0,256
10000,0,1,route_key,60.0,9997.073338683264,0.9997073338683263,16248,1092.4,65544,57239,1.2925363114854145,1.0,2.0,3.0,6,0.5017174650199596,0.9520424080702306,0.0,512
10000,0,1,route_key,60.0,9997.073338683264,0.9997073338683263,16248,1092.4,65544,57239,1.2925363114854145,1.0,2.0,3.0,6,0.5017174650199596,0.9520424080702306,0.0,1024
10000,0,1,route_key,60.0,9997.073338683264,0.9997073338683263,16248,1092.4,65544,57239,1.2925363114854145,1.0,2.0,3.0,6,0.5017174650199596,0.9520424080702306,0.0,4096
10000,0,5,event_class,60.0,9997.073338683264,0.9997073338683263,16248,1092.4,65544,22722,3.71027096301721,4.0,6.0,8.0,11,2.499795092262735,4.749925805293609,0.0,32
10000,0,5,event_class,60.0,9997.073338683264,0.9997073338683263,16248,1092.4,65544,22722,3.71027096301721,4.0,6.0,8.0,11,2.499795092262735,4.749925805293609,0.0,64
10000,0,5,event_class,60.0,9997.073338683264,0.9997073338683263,16248,1092.4,65544,22722,3.71027096301721,4.0,6.0,8.0,11,2.499795092262735,4.749925805293609,0.0,128
10000,0,5,event_class,60.0,9997.073338683264,0.9997073338683263,16248,1092.4,65544,22722,3.71027096301721,4.0,6.0,8.0,11,2.499795092262735,4.749925805293609,0.0,256
10000,0,5,event_class,60.0,9997.073338683264,0.9997073338683263,16248,1092.4,65544,22722,3.71027096301721,4.0,6.0,8.0,11,2.499795092262735,4.749925805293609,0.0,512
10000,0,5,event_class,60.0,9997.073338683264,0.9997073338683263,16248,1092.4,65544,22722,3.71027096301721,4.0,6.0,8.0,11,2.499795092262735,4.749925805293609,0.0,1024
10000,0,5,event_class,60.0,9997.073338683264,0.9997073338683263,16248,1092.4,65544,22722,3.71027096301721,4.0,6.0,8.0,11,2.499795092262735,4.749925805293609,0.0,4096
10000,0,5,pooled,60.0,9997.073338683264,0.9997073338683263,16248,1092.4,65544,11942,6.474887098742829,6.0,10.0,13.0,17,2.499795092262735,4.749925805293609,0.0,32
10000,0,5,pooled,60.0,9997.073338683264,0.9997073338683263,16248,1092.4,65544,11942,6.474887098742829,6.0,10.0,13.0,17,2.499795092262735,4.749925805293609,0.0,64
10000,0,5,pooled,60.0,9997.073338683264,0.9997073338683263,16248,1092.4,65544,11942,6.474887098742829,6.0,10.0,13.0,17,2.499795092262735,4.749925805293609,0.0,128
10000,0,5,pooled,60.0,9997.073338683264,0.9997073338683263,16248,1092.4,65544,11942,6.474887098742829,6.0,10.0,13.0,17,2.499795092262735,4.749925805293609,0.0,256
10000,0,5,pooled,60.0,9997.073338683264,0.9997073338683263,16248,1092.4,65544,11942,6.474887098742829,6.0,10.0,13.0,17,2.499795092262735,4.749925805293609,0.0,512
10000,0,5,pooled,60.0,9997.073338683264,0.9997073338683263,16248,1092.4,65544,11942,6.474887098742829,6.0,10.0,13.0,17,2.499795092262735,4.749925805293609,0.0,1024
10000,0,5,pooled,60.0,9997.073338683264,0.9997073338683263,16248,1092.4,65544,11942,6.474887098742829,6.0,10.0,13.0,17,2.499795092262735,4.749925805293609,0.0,4096
10000,0,5,route_key,60.0,9997.073338683264,0.9997073338683263,16248,1092.4,65544,39678,2.483797143903332,2.0,5.0,7.0,11,2.499795092262735,4.749925805293609,0.0,32
10000,0,5,route_key,60.0,9997.073338683264,0.9997073338683263,16248,1092.4,65544,39678,2.483797143903332,2.0,5.0,7.0,11,2.499795092262735,4.749925805293609,0.0,64
10000,0,5,route_key,60.0,9997.073338683264,0.9997073338683263,16248,1092.4,65544,39678,2.483797143903332,2.0,5.0,7.0,11,2.499795092262735,4.749925805293609,0.0,128
10000,0,5,route_key,60.0,9997.073338683264,0.9997073338683263,16248,1092.4,65544,39678,2.483797143903332,2.0,5.0,7.0,11,2.499795092262735,4.749925805293609,0.0,256
10000,0,5,route_key,60.0,9997.073338683264,0.9997073338683263,16248,1092.4,65544,39678,2.483797143903332,2.0,5.0,7.0,11,2.499795092262735,4.749925805293609,0.0,512
10000,0,5,route_key,60.0,9997.073338683264,0.9997073338683263,16248,1092.4,65544,39678,2.483797143903332,2.0,5.0,7.0,11,2.499795092262735,4.749925805293609,0.0,1024
10000,0,5,route_key,60.0,9997.073338683264,0.9997073338683263,16248,1092.4,65544,39678,2.483797143903332,2.0,5.0,7.0,11,2.499795092262735,4.749925805293609,0.0,4096
10000,0,10,event_class,60.0,9997.073338683264,0.9997073338683263,16248,1092.4,65544,12299,6.417276943732454,6.0,10.0,13.0,17,4.986902989247976,9.497874945603613,0.0,32
10000,0,10,event_class,60.0,9997.073338683264,0.9997073338683263,16248,1092.4,65544,12299,6.417276943732454,6.0,10.0,13.0,17,4.986902989247976,9.497874945603613,0.0,64
10000,0,10,event_class,60.0,9997.073338683264,0.9997073338683263,16248,1092.4,65544,12299,6.417276943732454,6.0,10.0,13.0,17,4.986902989247976,9.497874945603613,0.0,128
10000,0,10,event_class,60.0,9997.073338683264,0.9997073338683263,16248,1092.4,65544,12299,6.417276943732454,6.0,10.0,13.0,17,4.986902989247976,9.497874945603613,0.0,256
10000,0,10,event_class,60.0,9997.073338683264,0.9997073338683263,16248,1092.4,65544,12299,6.417276943732454,6.0,10.0,13.0,17,4.986902989247976,9.497874945603613,0.0,512
10000,0,10,event_class,60.0,9997.073338683264,0.9997073338683263,16248,1092.4,65544,12299,6.417276943732454,6.0,10.0,13.0,17,4.986902989247976,9.497874945603613,0.0,1024
10000,0,10,event_class,60.0,9997.073338683264,0.9997073338683263,16248,1092.4,65544,12299,6.417276943732454,6.0,10.0,13.0,17,4.986902989247976,9.497874945603613,0.0,4096
10000,0,10,pooled,60.0,9997.073338683264,0.9997073338683263,16248,1092.4,65544,6000,11.931801537898206,12.0,16.0,20.0,25,4.986902989247976,9.497874945603613,0.0,32
10000,0,10,pooled,60.0,9997.073338683264,0.9997073338683263,16248,1092.4,65544,6000,11.931801537898206,12.0,16.0,20.0,25,4.986902989247976,9.497874945603613,0.0,64
10000,0,10,pooled,60.0,9997.073338683264,0.9997073338683263,16248,1092.4,65544,6000,11.931801537898206,12.0,16.0,20.0,25,4.986902989247976,9.497874945603613,0.0,128
10000,0,10,pooled,60.0,9997.073338683264,0.9997073338683263,16248,1092.4,65544,6000,11.931801537898206,12.0,16.0,20.0,25,4.986902989247976,9.497874945603613,0.0,256
10000,0,10,pooled,60.0,9997.073338683264,0.9997073338683263,16248,1092.4,65544,6000,11.931801537898206,12.0,16.0,20.0,25,4.986902989247976,9.497874945603613,0.0,512
10000,0,10,pooled,60.0,9997.073338683264,0.9997073338683263,16248,1092.4,65544,6000,11.931801537898206,12.0,16.0,20.0,25,4.986902989247976,9.497874945603613,0.0,1024
10000,0,10,pooled,60.0,9997.073338683264,0.9997073338683263,16248,1092.4,65544,6000,11.931801537898206,12.0,16.0,20.0,25,4.986902989247976,9.497874945603613,0.0,4096
10000,0,10,route_key,60.0,9997.073338683264,0.9997073338683263,16248,1092.4,65544,31346,3.965641401196143,3.0,8.0,11.0,16,4.986902989247976,9.497874945603613,0.0,32
10000,0,10,route_key,60.0,9997.073338683264,0.9997073338683263,16248,1092.4,65544,31346,3.965641401196143,3.0,8.0,11.0,16,4.986902989247976,9.497874945603613,0.0,64
10000,0,10,route_key,60.0,9997.073338683264,0.9997073338683263,16248,1092.4,65544,31346,3.965641401196143,3.0,8.0,11.0,16,4.986902989247976,9.497874945603613,0.0,128
10000,0,10,route_key,60.0,9997.073338683264,0.9997073338683263,16248,1092.4,65544,31346,3.965641401196143,3.0,8.0,11.0,16,4.986902989247976,9.497874945603613,0.0,256
10000,0,10,route_key,60.0,9997.073338683264,0.9997073338683263,16248,1092.4,65544,31346,3.965641401196143,3.0,8.0,11.0,16,4.986902989247976,9.497874945603613,0.0,512
10000,0,10,route_key,60.0,9997.073338683264,0.9997073338683263,16248,1092.4,65544,31346,3.965641401196143,3.0,8.0,11.0,16,4.986902989247976,9.497874945603613,0.0,1024
10000,0,10,route_key,60.0,9997.073338683264,0.9997073338683263,16248,1092.4,65544,31346,3.965641401196143,3.0,8.0,11.0,16,4.986902989247976,9.497874945603613,0.0,4096
10000,0,25,event_class,60.0,9997.073338683264,0.9997073338683263,16248,1092.4,65544,5140,14.539332356890029,14.0,20.0,24.0,30,12.538776539840931,23.76887002995458,0.0,32
10000,0,25,event_class,60.0,9997.073338683264,0.9997073338683263,16248,1092.4,65544,5140,14.539332356890029,14.0,20.0,24.0,30,12.538776539840931,23.76887002995458,0.0,64
10000,0,25,event_class,60.0,9997.073338683264,0.9997073338683263,16248,1092.4,65544,5140,14.539332356890029,14.0,20.0,24.0,30,12.538776539840931,23.76887002995458,0.0,128
10000,0,25,event_class,60.0,9997.073338683264,0.9997073338683263,16248,1092.4,65544,5140,14.539332356890029,14.0,20.0,24.0,30,12.538776539840931,23.76887002995458,0.0,256
10000,0,25,event_class,60.0,9997.073338683264,0.9997073338683263,16248,1092.4,65544,5140,14.539332356890029,14.0,20.0,24.0,30,12.538776539840931,23.76887002995458,0.0,512
10000,0,25,event_class,60.0,9997.073338683264,0.9997073338683263,16248,1092.4,65544,5140,14.539332356890029,14.0,20.0,24.0,30,12.538776539840931,23.76887002995458,0.0,1024
10000,0,25,event_class,60.0,9997.073338683264,0.9997073338683263,16248,1092.4,65544,5140,14.539332356890029,14.0,20.0,24.0,30,12.538776539840931,23.76887002995458,0.0,4096
10000,0,25,pooled,60.0,9997.073338683264,0.9997073338683263,16248,1092.4,65544,2400,28.317679726595873,28.0,35.0,41.0,45,12.538776539840931,23.76887002995458,0.2644025387525937,32
10000,0,25,pooled,60.0,9997.073338683264,0.9997073338683263,16248,1092.4,65544,2400,28.317679726595873,28.0,35.0,41.0,45,12.538776539840931,23.76887002995458,0.0,64
10000,0,25,pooled,60.0,9997.073338683264,0.9997073338683263,16248,1092.4,65544,2400,28.317679726595873,28.0,35.0,41.0,45,12.538776539840931,23.76887002995458,0.0,128
10000,0,25,pooled,60.0,9997.073338683264,0.9997073338683263,16248,1092.4,65544,2400,28.317679726595873,28.0,35.0,41.0,45,12.538776539840931,23.76887002995458,0.0,256
10000,0,25,pooled,60.0,9997.073338683264,0.9997073338683263,16248,1092.4,65544,2400,28.317679726595873,28.0,35.0,41.0,45,12.538776539840931,23.76887002995458,0.0,512
10000,0,25,pooled,60.0,9997.073338683264,0.9997073338683263,16248,1092.4,65544,2400,28.317679726595873,28.0,35.0,41.0,45,12.538776539840931,23.76887002995458,0.0,1024
10000,0,25,pooled,60.0,9997.073338683264,0.9997073338683263,16248,1092.4,65544,2400,28.317679726595873,28.0,35.0,41.0,45,12.538776539840931,23.76887002995458,0.0,4096
10000,0,25,route_key,60.0,9997.073338683264,0.9997073338683263,16248,1092.4,65544,22891,8.417429512998902,8.0,17.0,22.0,25,12.538776539840931,23.76887002995458,0.0,32
10000,0,25,route_key,60.0,9997.073338683264,0.9997073338683263,16248,1092.4,65544,22891,8.417429512998902,8.0,17.0,22.0,25,12.538776539840931,23.76887002995458,0.0,64
10000,0,25,route_key,60.0,9997.073338683264,0.9997073338683263,16248,1092.4,65544,22891,8.417429512998902,8.0,17.0,22.0,25,12.538776539840931,23.76887002995458,0.0,128
10000,0,25,route_key,60.0,9997.073338683264,0.9997073338683263,16248,1092.4,65544,22891,8.417429512998902,8.0,17.0,22.0,25,12.538776539840931,23.76887002995458,0.0,256
10000,0,25,route_key,60.0,9997.073338683264,0.9997073338683263,16248,1092.4,65544,22891,8.417429512998902,8.0,17.0,22.0,25,12.538776539840931,23.76887002995458,0.0,512
10000,0,25,route_key,60.0,9997.073338683264,0.9997073338683263,16248,1092.4,65544,22891,8.417429512998902,8.0,17.0,22.0,25,12.538776539840931,23.76887002995458,0.0,1024
10000,0,25,route_key,60.0,9997.073338683264,0.9997073338683263,16248,1092.4,65544,22891,8.417429512998902,8.0,17.0,22.0,25,12.538776539840931,23.76887002995458,0.0,4096
10000,0,50,event_class,60.0,9997.073338683264,0.9997073338683263,16248,1092.4,65544,2714,28.117997070670086,28.0,35.0,43.0,48,25.010551225548237,47.48802566134671,0.27384657634566095,32
10000,0,50,event_class,60.0,9997.073338683264,0.9997073338683263,16248,1092.4,65544,2714,28.117997070670086,28.0,35.0,43.0,48,25.010551225548237,47.48802566134671,0.0,64
10000,0,50,event_class,60.0,9997.073338683264,0.9997073338683263,16248,1092.4,65544,2714,28.117997070670086,28.0,35.0,43.0,48,25.010551225548237,47.48802566134671,0.0,128
10000,0,50,event_class,60.0,9997.073338683264,0.9997073338683263,16248,1092.4,65544,2714,28.117997070670086,28.0,35.0,43.0,48,25.010551225548237,47.48802566134671,0.0,256
10000,0,50,event_class,60.0,9997.073338683264,0.9997073338683263,16248,1092.4,65544,2714,28.117997070670086,28.0,35.0,43.0,48,25.010551225548237,47.48802566134671,0.0,512
10000,0,50,event_class,60.0,9997.073338683264,0.9997073338683263,16248,1092.4,65544,2714,28.117997070670086,28.0,35.0,43.0,48,25.010551225548237,47.48802566134671,0.0,1024
10000,0,50,event_class,60.0,9997.073338683264,0.9997073338683263,16248,1092.4,65544,2714,28.117997070670086,28.0,35.0,43.0,48,25.010551225548237,47.48802566134671,0.0,4096
10000,0,50,pooled,60.0,9997.073338683264,0.9997073338683263,16248,1092.4,65544,1200,55.69696692298304,56.0,66.0,76.0,82,25.010551225548237,47.48802566134671,1.0,32
10000,0,50,pooled,60.0,9997.073338683264,0.9997073338683263,16248,1092.4,65544,1200,55.69696692298304,56.0,66.0,76.0,82,25.010551225548237,47.48802566134671,0.14545953863053826,64
10000,0,50,pooled,60.0,9997.073338683264,0.9997073338683263,16248,1092.4,65544,1200,55.69696692298304,56.0,66.0,76.0,82,25.010551225548237,47.48802566134671,0.0,128
10000,0,50,pooled,60.0,9997.073338683264,0.9997073338683263,16248,1092.4,65544,1200,55.69696692298304,56.0,66.0,76.0,82,25.010551225548237,47.48802566134671,0.0,256
10000,0,50,pooled,60.0,9997.073338683264,0.9997073338683263,16248,1092.4,65544,1200,55.69696692298304,56.0,66.0,76.0,82,25.010551225548237,47.48802566134671,0.0,512
10000,0,50,pooled,60.0,9997.073338683264,0.9997073338683263,16248,1092.4,65544,1200,55.69696692298304,56.0,66.0,76.0,82,25.010551225548237,47.48802566134671,0.0,1024
10000,0,50,pooled,60.0,9997.073338683264,0.9997073338683263,16248,1092.4,65544,1200,55.69696692298304,56.0,66.0,76.0,82,25.010551225548237,47.48802566134671,0.0,4096
10000,0,50,route_key,60.0,9997.073338683264,0.9997073338683263,16248,1092.4,65544,17947,15.873031856462834,15.0,32.0,39.0,47,25.010551225548237,47.48802566134671,0.108903942389845,32
10000,0,50,route_key,60.0,9997.073338683264,0.9997073338683263,16248,1092.4,65544,17947,15.873031856462834,15.0,32.0,39.0,47,25.010551225548237,47.48802566134671,0.0,64
10000,0,50,route_key,60.0,9997.073338683264,0.9997073338683263,16248,1092.4,65544,17947,15.873031856462834,15.0,32.0,39.0,47,25.010551225548237,47.48802566134671,0.0,128
10000,0,50,route_key,60.0,9997.073338683264,0.9997073338683263,16248,1092.4,65544,17947,15.873031856462834,15.0,32.0,39.0,47,25.010551225548237,47.48802566134671,0.0,256
10000,0,50,route_key,60.0,9997.073338683264,0.9997073338683263,16248,1092.4,65544,17947,15.873031856462834,15.0,32.0,39.0,47,25.010551225548237,47.48802566134671,0.0,512
10000,0,50,route_key,60.0,9997.073338683264,0.9997073338683263,16248,1092.4,65544,17947,15.873031856462834,15.0,32.0,39.0,47,25.010551225548237,47.48802566134671,0.0,1024
10000,0,50,route_key,60.0,9997.073338683264,0.9997073338683263,16248,1092.4,65544,17947,15.873031856462834,15.0,32.0,39.0,47,25.010551225548237,47.48802566134671,0.0,4096
10000,0,100,event_class,60.0,9997.073338683264,0.9997073338683263,16248,1092.4,65544,1469,55.13880751861345,55.0,65.0,75.0,83,50.08988724410069,95.07368417286415,0.993058098376663,32
10000,0,100,event_class,60.0,9997.073338683264,0.9997073338683263,16248,1092.4,65544,1469,55.13880751861345,55.0,65.0,75.0,83,50.08988724410069,95.07368417286415,0.14735139753448065,64
10000,0,100,event_class,60.0,9997.073338683264,0.9997073338683263,16248,1092.4,65544,1469,55.13880751861345,55.0,65.0,75.0,83,50.08988724410069,95.07368417286415,0.0,128
10000,0,100,event_class,60.0,9997.073338683264,0.9997073338683263,16248,1092.4,65544,1469,55.13880751861345,55.0,65.0,75.0,83,50.08988724410069,95.07368417286415,0.0,256
10000,0,100,event_class,60.0,9997.073338683264,0.9997073338683263,16248,1092.4,65544,1469,55.13880751861345,55.0,65.0,75.0,83,50.08988724410069,95.07368417286415,0.0,512
10000,0,100,event_class,60.0,9997.073338683264,0.9997073338683263,16248,1092.4,65544,1469,55.13880751861345,55.0,65.0,75.0,83,50.08988724410069,95.07368417286415,0.0,1024
10000,0,100,event_class,60.0,9997.073338683264,0.9997073338683263,16248,1092.4,65544,1469,55.13880751861345,55.0,65.0,75.0,83,50.08988724410069,95.07368417286415,0.0,4096
10000,0,100,pooled,60.0,9997.073338683264,0.9997073338683263,16248,1092.4,65544,600,110.30959355547418,110.0,124.0,140.0,150,50.08988724410069,95.07368417286415,1.0,32
10000,0,100,pooled,60.0,9997.073338683264,0.9997073338683263,16248,1092.4,65544,600,110.30959355547418,110.0,124.0,140.0,150,50.08988724410069,95.07368417286415,1.0,64
10000,0,100,pooled,60.0,9997.073338683264,0.9997073338683263,16248,1092.4,65544,600,110.30959355547418,110.0,124.0,140.0,150,50.08988724410069,95.07368417286415,0.06279751006957159,128
10000,0,100,pooled,60.0,9997.073338683264,0.9997073338683263,16248,1092.4,65544,600,110.30959355547418,110.0,124.0,140.0,150,50.08988724410069,95.07368417286415,0.0,256
10000,0,100,pooled,60.0,9997.073338683264,0.9997073338683263,16248,1092.4,65544,600,110.30959355547418,110.0,124.0,140.0,150,50.08988724410069,95.07368417286415,0.0,512
10000,0,100,pooled,60.0,9997.073338683264,0.9997073338683263,16248,1092.4,65544,600,110.30959355547418,110.0,124.0,140.0,150,50.08988724410069,95.07368417286415,0.0,1024
10000,0,100,pooled,60.0,9997.073338683264,0.9997073338683263,16248,1092.4,65544,600,110.30959355547418,110.0,124.0,140.0,150,50.08988724410069,95.07368417286415,0.0,4096
10000,0,100,route_key,60.0,9997.073338683264,0.9997073338683263,16248,1092.4,65544,13669,30.670267301354816,27.0,59.0,70.0,75,50.08988724410069,95.07368417286415,0.48462101794214574,32
10000,0,100,route_key,60.0,9997.073338683264,0.9997073338683263,16248,1092.4,65544,13669,30.670267301354816,27.0,59.0,70.0,75,50.08988724410069,95.07368417286415,0.05332295862321494,64
10000,0,100,route_key,60.0,9997.073338683264,0.9997073338683263,16248,1092.4,65544,13669,30.670267301354816,27.0,59.0,70.0,75,50.08988724410069,95.07368417286415,0.0,128
10000,0,100,route_key,60.0,9997.073338683264,0.9997073338683263,16248,1092.4,65544,13669,30.670267301354816,27.0,59.0,70.0,75,50.08988724410069,95.07368417286415,0.0,256
10000,0,100,route_key,60.0,9997.073338683264,0.9997073338683263,16248,1092.4,65544,13669,30.670267301354816,27.0,59.0,70.0,75,50.08988724410069,95.07368417286415,0.0,512
10000,0,100,route_key,60.0,9997.073338683264,0.9997073338683263,16248,1092.4,65544,13669,30.670267301354816,27.0,59.0,70.0,75,50.08988724410069,95.07368417286415,0.0,1024
10000,0,100,route_key,60.0,9997.073338683264,0.9997073338683263,16248,1092.4,65544,13669,30.670267301354816,27.0,59.0,70.0,75,50.08988724410069,95.07368417286415,0.0,4096
10000,0,250,event_class,60.0,9997.073338683264,0.9997073338683263,16248,1092.4,65544,658,136.19544123031855,136.0,153.0,167.0,178,124.65582768105742,237.57289493669305,0.9943854509947516,32
10000,0,250,event_class,60.0,9997.073338683264,0.9997073338683263,16248,1092.4,65544,658,136.19544123031855,136.0,153.0,167.0,178,124.65582768105742,237.57289493669305,0.9943854509947516,64
10000,0,250,event_class,60.0,9997.073338683264,0.9997073338683263,16248,1092.4,65544,658,136.19544123031855,136.0,153.0,167.0,178,124.65582768105742,237.57289493669305,0.7782253142926889,128
10000,0,250,event_class,60.0,9997.073338683264,0.9997073338683263,16248,1092.4,65544,658,136.19544123031855,136.0,153.0,167.0,178,124.65582768105742,237.57289493669305,0.0,256
10000,0,250,event_class,60.0,9997.073338683264,0.9997073338683263,16248,1092.4,65544,658,136.19544123031855,136.0,153.0,167.0,178,124.65582768105742,237.57289493669305,0.0,512
10000,0,250,event_class,60.0,9997.073338683264,0.9997073338683263,16248,1092.4,65544,658,136.19544123031855,136.0,153.0,167.0,178,124.65582768105742,237.57289493669305,0.0,1024
10000,0,250,event_class,60.0,9997.073338683264,0.9997073338683263,16248,1092.4,65544,658,136.19544123031855,136.0,153.0,167.0,178,124.65582768105742,237.57289493669305,0.0,4096
10000,0,250,pooled,60.0,9997.073338683264,0.9997073338683263,16248,1092.4,65544,240,274.20313072134746,274.0,296.0,318.0,331,124.65582768105742,237.57289493669305,1.0,32
10000,0,250,pooled,60.0,9997.073338683264,0.9997073338683263,16248,1092.4,65544,240,274.20313072134746,274.0,296.0,318.0,331,124.65582768105742,237.57289493669305,1.0,64
10000,0,250,pooled,60.0,9997.073338683264,0.9997073338683263,16248,1092.4,65544,240,274.20313072134746,274.0,296.0,318.0,331,124.65582768105742,237.57289493669305,1.0,128
10000,0,250,pooled,60.0,9997.073338683264,0.9997073338683263,16248,1092.4,65544,240,274.20313072134746,274.0,296.0,318.0,331,124.65582768105742,237.57289493669305,0.8685158061760039,256
10000,0,250,pooled,60.0,9997.073338683264,0.9997073338683263,16248,1092.4,65544,240,274.20313072134746,274.0,296.0,318.0,331,124.65582768105742,237.57289493669305,0.0,512
10000,0,250,pooled,60.0,9997.073338683264,0.9997073338683263,16248,1092.4,65544,240,274.20313072134746,274.0,296.0,318.0,331,124.65582768105742,237.57289493669305,0.0,1024
10000,0,250,pooled,60.0,9997.073338683264,0.9997073338683263,16248,1092.4,65544,240,274.20313072134746,274.0,296.0,318.0,331,124.65582768105742,237.57289493669305,0.0,4096
10000,0,250,route_key,60.0,9997.073338683264,0.9997073338683263,16248,1092.4,65544,8622,75.14036372513121,61.0,142.0,160.13999999999942,167,124.65582768105742,237.57289493669305,0.6646832662028561,32
10000,0,250,route_key,60.0,9997.073338683264,0.9997073338683263,16248,1092.4,65544,8622,75.14036372513121,61.0,142.0,160.13999999999942,167,124.65582768105742,237.57289493669305,0.49415659709508114,64
10000,0,250,route_key,60.0,9997.073338683264,0.9997073338683263,16248,1092.4,65544,8622,75.14036372513121,61.0,142.0,160.13999999999942,167,124.65582768105742,237.57289493669305,0.3365067740754302,128
10000,0,250,route_key,60.0,9997.073338683264,0.9997073338683263,16248,1092.4,65544,8622,75.14036372513121,61.0,142.0,160.13999999999942,167,124.65582768105742,237.57289493669305,0.0,256
10000,0,250,route_key,60.0,9997.073338683264,0.9997073338683263,16248,1092.4,65544,8622,75.14036372513121,61.0,142.0,160.13999999999942,167,124.65582768105742,237.57289493669305,0.0,512
10000,0,250,route_key,60.0,9997.073338683264,0.9997073338683263,16248,1092.4,65544,8622,75.14036372513121,61.0,142.0,160.13999999999942,167,124.65582768105742,237.57289493669305,0.0,1024
10000,0,250,route_key,60.0,9997.073338683264,0.9997073338683263,16248,1092.4,65544,8622,75.14036372513121,61.0,142.0,160.13999999999942,167,124.65582768105742,237.57289493669305,0.0,4096
10000,0,500,event_class,60.0,9997.073338683264,0.9997073338683263,16248,1092.4,65544,351,271.34215183693397,272.0,297.0,324.5599999999977,328,249.95715198229018,474.93700093007016,0.9943854509947516,32
10000,0,500,event_class,60.0,9997.073338683264,0.9997073338683263,16248,1092.4,65544,351,271.34215183693397,272.0,297.0,324.5599999999977,328,249.95715198229018,474.93700093007016,0.9943854509947516,64
10000,0,500,event_class,60.0,9997.073338683264,0.9997073338683263,16248,1092.4,65544,351,271.34215183693397,272.0,297.0,324.5599999999977,328,249.95715198229018,474.93700093007016,0.9943854509947516,128
10000,0,500,event_class,60.0,9997.073338683264,0.9997073338683263,16248,1092.4,65544,351,271.34215183693397,272.0,297.0,324.5599999999977,328,249.95715198229018,474.93700093007016,0.8064201147320884,256
10000,0,500,event_class,60.0,9997.073338683264,0.9997073338683263,16248,1092.4,65544,351,271.34215183693397,272.0,297.0,324.5599999999977,328,249.95715198229018,474.93700093007016,0.0,512
10000,0,500,event_class,60.0,9997.073338683264,0.9997073338683263,16248,1092.4,65544,351,271.34215183693397,272.0,297.0,324.5599999999977,328,249.95715198229018,474.93700093007016,0.0,1024
10000,0,500,event_class,60.0,9997.073338683264,0.9997073338683263,16248,1092.4,65544,351,271.34215183693397,272.0,297.0,324.5599999999977,328,249.95715198229018,474.93700093007016,0.0,4096
10000,0,500,pooled,60.0,9997.073338683264,0.9997073338683263,16248,1092.4,65544,120,547.1920541926035,547.0,577.0,600.0,612,249.95715198229018,474.93700093007016,1.0,32
10000,0,500,pooled,60.0,9997.073338683264,0.9997073338683263,16248,1092.4,65544,120,547.1920541926035,547.0,577.0,600.0,612,249.95715198229018,474.93700093007016,1.0,64
10000,0,500,pooled,60.0,9997.073338683264,0.9997073338683263,16248,1092.4,65544,120,547.1920541926035,547.0,577.0,600.0,612,249.95715198229018,474.93700093007016,1.0,128
10000,0,500,pooled,60.0,9997.073338683264,0.9997073338683263,16248,1092.4,65544,120,547.1920541926035,547.0,577.0,600.0,612,249.95715198229018,474.93700093007016,1.0,256
10000,0,500,pooled,60.0,9997.073338683264,0.9997073338683263,16248,1092.4,65544,120,547.1920541926035,547.0,577.0,600.0,612,249.95715198229018,474.93700093007016,0.938529842548517,512
10000,0,500,pooled,60.0,9997.073338683264,0.9997073338683263,16248,1092.4,65544,120,547.1920541926035,547.0,577.0,600.0,612,249.95715198229018,474.93700093007016,0.0,1024
10000,0,500,pooled,60.0,9997.073338683264,0.9997073338683263,16248,1092.4,65544,120,547.1920541926035,547.0,577.0,600.0,612,249.95715198229018,474.93700093007016,0.0,4096
10000,0,500,route_key,60.0,9997.073338683264,0.9997073338683263,16248,1092.4,65544,5584,149.17786525082388,114.0,279.0,304.0,328,249.95715198229018,474.93700093007016,0.6666819235933114,32
10000,0,500,route_key,60.0,9997.073338683264,0.9997073338683263,16248,1092.4,65544,5584,149.17786525082388,114.0,279.0,304.0,328,249.95715198229018,474.93700093007016,0.6651104601489076,64
10000,0,500,route_key,60.0,9997.073338683264,0.9997073338683263,16248,1092.4,65544,5584,149.17786525082388,114.0,279.0,304.0,328,249.95715198229018,474.93700093007016,0.4839802270230685,128
10000,0,500,route_key,60.0,9997.073338683264,0.9997073338683263,16248,1092.4,65544,5584,149.17786525082388,114.0,279.0,304.0,328,249.95715198229018,474.93700093007016,0.32456060051263275,256
10000,0,500,route_key,60.0,9997.073338683264,0.9997073338683263,16248,1092.4,65544,5584,149.17786525082388,114.0,279.0,304.0,328,249.95715198229018,474.93700093007016,0.0,512
10000,0,500,route_key,60.0,9997.073338683264,0.9997073338683263,16248,1092.4,65544,5584,149.17786525082388,114.0,279.0,304.0,328,249.95715198229018,474.93700093007016,0.0,1024
10000,0,500,route_key,60.0,9997.073338683264,0.9997073338683263,16248,1092.4,65544,5584,149.17786525082388,114.0,279.0,304.0,328,249.95715198229018,474.93700093007016,0.0,4096
10000,0,1000,event_class,60.0,9997.073338683264,0.9997073338683263,16248,1092.4,65544,180,541.6248321738069,546.0,585.0,611.0,612,499.9571519822902,950.5935551256043,0.9943854509947516,32
10000,0,1000,event_class,60.0,9997.073338683264,0.9997073338683263,16248,1092.4,65544,180,541.6248321738069,546.0,585.0,611.0,612,499.9571519822902,950.5935551256043,0.9943854509947516,64
10000,0,1000,event_class,60.0,9997.073338683264,0.9997073338683263,16248,1092.4,65544,180,541.6248321738069,546.0,585.0,611.0,612,499.9571519822902,950.5935551256043,0.9943854509947516,128
10000,0,1000,event_class,60.0,9997.073338683264,0.9997073338683263,16248,1092.4,65544,180,541.6248321738069,546.0,585.0,611.0,612,499.9571519822902,950.5935551256043,0.9943854509947516,256
10000,0,1000,event_class,60.0,9997.073338683264,0.9997073338683263,16248,1092.4,65544,180,541.6248321738069,546.0,585.0,611.0,612,499.9571519822902,950.5935551256043,0.8413584767484438,512
10000,0,1000,event_class,60.0,9997.073338683264,0.9997073338683263,16248,1092.4,65544,180,541.6248321738069,546.0,585.0,611.0,612,499.9571519822902,950.5935551256043,0.0,1024
10000,0,1000,event_class,60.0,9997.073338683264,0.9997073338683263,16248,1092.4,65544,180,541.6248321738069,546.0,585.0,611.0,612,499.9571519822902,950.5935551256043,0.0,4096
10000,0,1000,pooled,60.0,9997.073338683264,0.9997073338683263,16248,1092.4,65544,60,1093.2459111436592,1096.0,1124.0,1197.0,1197,499.9571519822902,950.5935551256043,1.0,32
10000,0,1000,pooled,60.0,9997.073338683264,0.9997073338683263,16248,1092.4,65544,60,1093.2459111436592,1096.0,1124.0,1197.0,1197,499.9571519822902,950.5935551256043,1.0,64
10000,0,1000,pooled,60.0,9997.073338683264,0.9997073338683263,16248,1092.4,65544,60,1093.2459111436592,1096.0,1124.0,1197.0,1197,499.9571519822902,950.5935551256043,1.0,128
10000,0,1000,pooled,60.0,9997.073338683264,0.9997073338683263,16248,1092.4,65544,60,1093.2459111436592,1096.0,1124.0,1197.0,1197,499.9571519822902,950.5935551256043,1.0,256
10000,0,1000,pooled,60.0,9997.073338683264,0.9997073338683263,16248,1092.4,65544,60,1093.2459111436592,1096.0,1124.0,1197.0,1197,499.9571519822902,950.5935551256043,1.0,512
10000,0,1000,pooled,60.0,9997.073338683264,0.9997073338683263,16248,1092.4,65544,60,1093.2459111436592,1096.0,1124.0,1197.0,1197,499.9571519822902,950.5935551256043,1.0,1024
10000,0,1000,pooled,60.0,9997.073338683264,0.9997073338683263,16248,1092.4,65544,60,1093.2459111436592,1096.0,1124.0,1197.0,1197,499.9571519822902,950.5935551256043,0.0,4096
10000,0,1000,route_key,60.0,9997.073338683264,0.9997073338683263,16248,1092.4,65544,3331,297.3699804711339,217.0,545.0,611.0,612,499.9571519822902,950.5935551256043,0.7458348590259978,32
10000,0,1000,route_key,60.0,9997.073338683264,0.9997073338683263,16248,1092.4,65544,3331,297.3699804711339,217.0,545.0,611.0,612,499.9571519822902,950.5935551256043,0.6651104601489076,64
10000,0,1000,route_key,60.0,9997.073338683264,0.9997073338683263,16248,1092.4,65544,3331,297.3699804711339,217.0,545.0,611.0,612,499.9571519822902,950.5935551256043,0.6651104601489076,128
10000,0,1000,route_key,60.0,9997.073338683264,0.9997073338683263,16248,1092.4,65544,3331,297.3699804711339,217.0,545.0,611.0,612,499.9571519822902,950.5935551256043,0.4819968265592579,256
10000,0,1000,route_key,60.0,9997.073338683264,0.9997073338683263,16248,1092.4,65544,3331,297.3699804711339,217.0,545.0,611.0,612,499.9571519822902,950.5935551256043,0.3444098620773831,512
10000,0,1000,route_key,60.0,9997.073338683264,0.9997073338683263,16248,1092.4,65544,3331,297.3699804711339,217.0,545.0,611.0,612,499.9571519822902,950.5935551256043,0.0,1024
10000,0,1000,route_key,60.0,9997.073338683264,0.9997073338683263,16248,1092.4,65544,3331,297.3699804711339,217.0,545.0,611.0,612,499.9571519822902,950.5935551256043,0.0,4096
10000,1,1,event_class,60.0,10136.979237585405,1.0136979237585404,16356,1109.95,66597,51146,1.5524873492799975,1.0,3.0,4.0,7,0.4995723201936147,0.9501932868523965,0.0,32
10000,1,1,event_class,60.0,10136.979237585405,1.0136979237585404,16356,1109.95,66597,51146,1.5524873492799975,1.0,3.0,4.0,7,0.4995723201936147,0.9501932868523965,0.0,64
10000,1,1,event_class,60.0,10136.979237585405,1.0136979237585404,16356,1109.95,66597,51146,1.5524873492799975,1.0,3.0,4.0,7,0.4995723201936147,0.9501932868523965,0.0,128
10000,1,1,event_class,60.0,10136.979237585405,1.0136979237585404,16356,1109.95,66597,51146,1.5524873492799975,1.0,3.0,4.0,7,0.4995723201936147,0.9501932868523965,0.0,256
10000,1,1,event_class,60.0,10136.979237585405,1.0136979237585404,16356,1109.95,66597,51146,1.5524873492799975,1.0,3.0,4.0,7,0.4995723201936147,0.9501932868523965,0.0,512
10000,1,1,event_class,60.0,10136.979237585405,1.0136979237585404,16356,1109.95,66597,51146,1.5524873492799975,1.0,3.0,4.0,7,0.4995723201936147,0.9501932868523965,0.0,1024
10000,1,1,event_class,60.0,10136.979237585405,1.0136979237585404,16356,1109.95,66597,51146,1.5524873492799975,1.0,3.0,4.0,7,0.4995723201936147,0.9501932868523965,0.0,4096
10000,1,1,pooled,60.0,10136.979237585405,1.0136979237585404,16356,1109.95,66597,40125,2.1141643016952716,2.0,4.0,5.0,10,0.4995723201936147,0.9501932868523965,0.0,32
10000,1,1,pooled,60.0,10136.979237585405,1.0136979237585404,16356,1109.95,66597,40125,2.1141643016952716,2.0,4.0,5.0,10,0.4995723201936147,0.9501932868523965,0.0,64
10000,1,1,pooled,60.0,10136.979237585405,1.0136979237585404,16356,1109.95,66597,40125,2.1141643016952716,2.0,4.0,5.0,10,0.4995723201936147,0.9501932868523965,0.0,128
10000,1,1,pooled,60.0,10136.979237585405,1.0136979237585404,16356,1109.95,66597,40125,2.1141643016952716,2.0,4.0,5.0,10,0.4995723201936147,0.9501932868523965,0.0,256
10000,1,1,pooled,60.0,10136.979237585405,1.0136979237585404,16356,1109.95,66597,40125,2.1141643016952716,2.0,4.0,5.0,10,0.4995723201936147,0.9501932868523965,0.0,512
10000,1,1,pooled,60.0,10136.979237585405,1.0136979237585404,16356,1109.95,66597,40125,2.1141643016952716,2.0,4.0,5.0,10,0.4995723201936147,0.9501932868523965,0.0,1024
10000,1,1,pooled,60.0,10136.979237585405,1.0136979237585404,16356,1109.95,66597,40125,2.1141643016952716,2.0,4.0,5.0,10,0.4995723201936147,0.9501932868523965,0.0,4096
10000,1,1,route_key,60.0,10136.979237585405,1.0136979237585404,16356,1109.95,66597,58122,1.2953586497890295,1.0,2.0,3.0,7,0.4995723201936147,0.9501932868523965,0.0,32
10000,1,1,route_key,60.0,10136.979237585405,1.0136979237585404,16356,1109.95,66597,58122,1.2953586497890295,1.0,2.0,3.0,7,0.4995723201936147,0.9501932868523965,0.0,64
10000,1,1,route_key,60.0,10136.979237585405,1.0136979237585404,16356,1109.95,66597,58122,1.2953586497890295,1.0,2.0,3.0,7,0.4995723201936147,0.9501932868523965,0.0,128
10000,1,1,route_key,60.0,10136.979237585405,1.0136979237585404,16356,1109.95,66597,58122,1.2953586497890295,1.0,2.0,3.0,7,0.4995723201936147,0.9501932868523965,0.0,256
10000,1,1,route_key,60.0,10136.979237585405,1.0136979237585404,16356,1109.95,66597,58122,1.2953586497890295,1.0,2.0,3.0,7,0.4995723201936147,0.9501932868523965,0.0,512
10000,1,1,route_key,60.0,10136.979237585405,1.0136979237585404,16356,1109.95,66597,58122,1.2953586497890295,1.0,2.0,3.0,7,0.4995723201936147,0.9501932868523965,0.0,1024
10000,1,1,route_key,60.0,10136.979237585405,1.0136979237585404,16356,1109.95,66597,58122,1.2953586497890295,1.0,2.0,3.0,7,0.4995723201936147,0.9501932868523965,0.0,4096
10000,1,5,event_class,60.0,10136.979237585405,1.0136979237585404,16356,1109.95,66597,22850,3.7545084613421027,4.0,6.0,8.0,11,2.4990167396119105,4.7457151282230825,0.0,32
10000,1,5,event_class,60.0,10136.979237585405,1.0136979237585404,16356,1109.95,66597,22850,3.7545084613421027,4.0,6.0,8.0,11,2.4990167396119105,4.7457151282230825,0.0,64
10000,1,5,event_class,60.0,10136.979237585405,1.0136979237585404,16356,1109.95,66597,22850,3.7545084613421027,4.0,6.0,8.0,11,2.4990167396119105,4.7457151282230825,0.0,128
10000,1,5,event_class,60.0,10136.979237585405,1.0136979237585404,16356,1109.95,66597,22850,3.7545084613421027,4.0,6.0,8.0,11,2.4990167396119105,4.7457151282230825,0.0,256
10000,1,5,event_class,60.0,10136.979237585405,1.0136979237585404,16356,1109.95,66597,22850,3.7545084613421027,4.0,6.0,8.0,11,2.4990167396119105,4.7457151282230825,0.0,512
10000,1,5,event_class,60.0,10136.979237585405,1.0136979237585404,16356,1109.95,66597,22850,3.7545084613421027,4.0,6.0,8.0,11,2.4990167396119105,4.7457151282230825,0.0,1024
10000,1,5,event_class,60.0,10136.979237585405,1.0136979237585404,16356,1109.95,66597,22850,3.7545084613421027,4.0,6.0,8.0,11,2.4990167396119105,4.7457151282230825,0.0,4096
10000,1,5,pooled,60.0,10136.979237585405,1.0136979237585404,16356,1109.95,66597,11940,6.549799540519843,6.0,10.0,13.0,18,2.4990167396119105,4.7457151282230825,0.0,32
10000,1,5,pooled,60.0,10136.979237585405,1.0136979237585404,16356,1109.95,66597,11940,6.549799540519843,6.0,10.0,13.0,18,2.4990167396119105,4.7457151282230825,0.0,64
10000,1,5,pooled,60.0,10136.979237585405,1.0136979237585404,16356,1109.95,66597,11940,6.549799540519843,6.0,10.0,13.0,18,2.4990167396119105,4.7457151282230825,0.0,128
10000,1,5,pooled,60.0,10136.979237585405,1.0136979237585404,16356,1109.95,66597,11940,6.549799540519843,6.0,10.0,13.0,18,2.4990167396119105,4.7457151282230825,0.0,256
10000,1,5,pooled,60.0,10136.979237585405,1.0136979237585404,16356,1109.95,66597,11940,6.549799540519843,6.0,10.0,13.0,18,2.4990167396119105,4.7457151282230825,0.0,512
10000,1,5,pooled,60.0,10136.979237585405,1.0136979237585404,16356,1109.95,66597,11940,6.549799540519843,6.0,10.0,13.0,18,2.4990167396119105,4.7457151282230825,0.0,1024
10000,1,5,pooled,60.0,10136.979237585405,1.0136979237585404,16356,1109.95,66597,11940,6.549799540519843,6.0,10.0,13.0,18,2.4990167396119105,4.7457151282230825,0.0,4096
10000,1,5,route_key,60.0,10136.979237585405,1.0136979237585404,16356,1109.95,66597,40676,2.4623181224379476,2.0,5.0,7.0,10,2.4990167396119105,4.7457151282230825,0.0,32
10000,1,5,route_key,60.0,10136.979237585405,1.0136979237585404,16356,1109.95,66597,40676,2.4623181224379476,2.0,5.0,7.0,10,2.4990167396119105,4.7457151282230825,0.0,64
10000,1,5,route_key,60.0,10136.979237585405,1.0136979237585404,16356,1109.95,66597,40676,2.4623181224379476,2.0,5.0,7.0,10,2.4990167396119105,4.7457151282230825,0.0,128
10000,1,5,route_key,60.0,10136.979237585405,1.0136979237585404,16356,1109.95,66597,40676,2.4623181224379476,2.0,5.0,7.0,10,2.4990167396119105,4.7457151282230825,0.0,256
10000,1,5,route_key,60.0,10136.979237585405,1.0136979237585404,16356,1109.95,66597,40676,2.4623181224379476,2.0,5.0,7.0,10,2.4990167396119105,4.7457151282230825,0.0,512
10000,1,5,route_key,60.0,10136.979237585405,1.0136979237585404,16356,1109.95,66597,40676,2.4623181224379476,2.0,5.0,7.0,10,2.4990167396119105,4.7457151282230825,0.0,1024
10000,1,5,route_key,60.0,10136.979237585405,1.0136979237585404,16356,1109.95,66597,40676,2.4623181224379476,2.0,5.0,7.0,10,2.4990167396119105,4.7457151282230825,0.0,4096
10000,1,10,event_class,60.0,10136.979237585405,1.0136979237585404,16356,1109.95,66597,12313,6.5173656471012205,6.0,10.0,13.0,18,4.999279514211378,9.495030432011474,0.0,32
10000,1,10,event_class,60.0,10136.979237585405,1.0136979237585404,16356,1109.95,66597,12313,6.5173656471012205,6.0,10.0,13.0,18,4.999279514211378,9.495030432011474,0.0,64
10000,1,10,event_class,60.0,10136.979237585405,1.0136979237585404,16356,1109.95,66597,12313,6.5173656471012205,6.0,10.0,13.0,18,4.999279514211378,9.495030432011474,0.0,128
10000,1,10,event_class,60.0,10136.979237585405,1.0136979237585404,16356,1109.95,66597,12313,6.5173656471012205,6.0,10.0,13.0,18,4.999279514211378,9.495030432011474,0.0,256
10000,1,10,event_class,60.0,10136.979237585405,1.0136979237585404,16356,1109.95,66597,12313,6.5173656471012205,6.0,10.0,13.0,18,4.999279514211378,9.495030432011474,0.0,512
10000,1,10,event_class,60.0,10136.979237585405,1.0136979237585404,16356,1109.95,66597,12313,6.5173656471012205,6.0,10.0,13.0,18,4.999279514211378,9.495030432011474,0.0,1024
10000,1,10,event_class,60.0,10136.979237585405,1.0136979237585404,16356,1109.95,66597,12313,6.5173656471012205,6.0,10.0,13.0,18,4.999279514211378,9.495030432011474,0.0,4096
10000,1,10,pooled,60.0,10136.979237585405,1.0136979237585404,16356,1109.95,66597,6000,12.105935702809436,12.0,16.0,21.0,26,4.999279514211378,9.495030432011474,0.0,32
10000,1,10,pooled,60.0,10136.979237585405,1.0136979237585404,16356,1109.95,66597,6000,12.105935702809436,12.0,16.0,21.0,26,4.999279514211378,9.495030432011474,0.0,64
10000,1,10,pooled,60.0,10136.979237585405,1.0136979237585404,16356,1109.95,66597,6000,12.105935702809436,12.0,16.0,21.0,26,4.999279514211378,9.495030432011474,0.0,128
10000,1,10,pooled,60.0,10136.979237585405,1.0136979237585404,16356,1109.95,66597,6000,12.105935702809436,12.0,16.0,21.0,26,4.999279514211378,9.495030432011474,0.0,256
10000,1,10,pooled,60.0,10136.979237585405,1.0136979237585404,16356,1109.95,66597,6000,12.105935702809436,12.0,16.0,21.0,26,4.999279514211378,9.495030432011474,0.0,512
10000,1,10,pooled,60.0,10136.979237585405,1.0136979237585404,16356,1109.95,66597,6000,12.105935702809436,12.0,16.0,21.0,26,4.999279514211378,9.495030432011474,0.0,1024
10000,1,10,pooled,60.0,10136.979237585405,1.0136979237585404,16356,1109.95,66597,6000,12.105935702809436,12.0,16.0,21.0,26,4.999279514211378,9.495030432011474,0.0,4096
10000,1,10,route_key,60.0,10136.979237585405,1.0136979237585404,16356,1109.95,66597,32160,3.93172365121552,3.0,8.0,12.0,15,4.999279514211378,9.495030432011474,0.0,32
10000,1,10,route_key,60.0,10136.979237585405,1.0136979237585404,16356,1109.95,66597,32160,3.93172365121552,3.0,8.0,12.0,15,4.999279514211378,9.495030432011474,0.0,64
10000,1,10,route_key,60.0,10136.979237585405,1.0136979237585404,16356,1109.95,66597,32160,3.93172365121552,3.0,8.0,12.0,15,4.999279514211378,9.495030432011474,0.0,128
10000,1,10,route_key,60.0,10136.979237585405,1.0136979237585404,16356,1109.95,66597,32160,3.93172365121552,3.0,8.0,12.0,15,4.999279514211378,9.495030432011474,0.0,256
10000,1,10,route_key,60.0,10136.979237585405,1.0136979237585404,16356,1109.95,66597,32160,3.93172365121552,3.0,8.0,12.0,15,4.999279514211378,9.495030432011474,0.0,512
10000,1,10,route_key,60.0,10136.979237585405,1.0136979237585404,16356,1109.95,66597,32160,3.93172365121552,3.0,8.0,12.0,15,4.999279514211378,9.495030432011474,0.0,1024
10000,1,10,route_key,60.0,10136.979237585405,1.0136979237585404,16356,1109.95,66597,32160,3.93172365121552,3.0,8.0,12.0,15,4.999279514211378,9.495030432011474,0.0,4096
10000,1,25,event_class,60.0,10136.979237585405,1.0136979237585404,16356,1109.95,66597,5139,14.729026833040527,15.0,20.0,24.0,30,12.46215321723204,23.726831222016642,0.0,32
10000,1,25,event_class,60.0,10136.979237585405,1.0136979237585404,16356,1109.95,66597,5139,14.729026833040527,15.0,20.0,24.0,30,12.46215321723204,23.726831222016642,0.0,64
10000,1,25,event_class,60.0,10136.979237585405,1.0136979237585404,16356,1109.95,66597,5139,14.729026833040527,15.0,20.0,24.0,30,12.46215321723204,23.726831222016642,0.0,128
10000,1,25,event_class,60.0,10136.979237585405,1.0136979237585404,16356,1109.95,66597,5139,14.729026833040527,15.0,20.0,24.0,30,12.46215321723204,23.726831222016642,0.0,256
10000,1,25,event_class,60.0,10136.979237585405,1.0136979237585404,16356,1109.95,66597,5139,14.729026833040527,15.0,20.0,24.0,30,12.46215321723204,23.726831222016642,0.0,512
10000,1,25,event_class,60.0,10136.979237585405,1.0136979237585404,16356,1109.95,66597,5139,14.729026833040527,15.0,20.0,24.0,30,12.46215321723204,23.726831222016642,0.0,1024
10000,1,25,event_class,60.0,10136.979237585405,1.0136979237585404,16356,1109.95,66597,5139,14.729026833040527,15.0,20.0,24.0,30,12.46215321723204,23.726831222016642,0.0,4096
10000,1,25,pooled,60.0,10136.979237585405,1.0136979237585404,16356,1109.95,66597,2400,28.722720242653573,28.0,36.0,41.0,50,12.46215321723204,23.726831222016642,0.28788083547306936,32
10000,1,25,pooled,60.0,10136.979237585405,1.0136979237585404,16356,1109.95,66597,2400,28.722720242653573,28.0,36.0,41.0,50,12.46215321723204,23.726831222016642,0.0,64
10000,1,25,pooled,60.0,10136.979237585405,1.0136979237585404,16356,1109.95,66597,2400,28.722720242653573,28.0,36.0,41.0,50,12.46215321723204,23.726831222016642,0.0,128
10000,1,25,pooled,60.0,10136.979237585405,1.0136979237585404,16356,1109.95,66597,2400,28.722720242653573,28.0,36.0,41.0,50,12.46215321723204,23.726831222016642,0.0,256
10000,1,25,pooled,60.0,10136.979237585405,1.0136979237585404,16356,1109.95,66597,2400,28.722720242653573,28.0,36.0,41.0,50,12.46215321723204,23.726831222016642,0.0,512
10000,1,25,pooled,60.0,10136.979237585405,1.0136979237585404,16356,1109.95,66597,2400,28.722720242653573,28.0,36.0,41.0,50,12.46215321723204,23.726831222016642,0.0,1024
10000,1,25,pooled,60.0,10136.979237585405,1.0136979237585404,16356,1109.95,66597,2400,28.722720242653573,28.0,36.0,41.0,50,12.46215321723204,23.726831222016642,0.0,4096
10000,1,25,route_key,60.0,10136.979237585405,1.0136979237585404,16356,1109.95,66597,23510,8.29807648993198,8.0,17.0,22.0,26,12.46215321723204,23.726831222016642,0.0,32
10000,1,25,route_key,60.0,10136.979237585405,1.0136979237585404,16356,1109.95,66597,23510,8.29807648993198,8.0,17.0,22.0,26,12.46215321723204,23.726831222016642,0.0,64
10000,1,25,route_key,60.0,10136.979237585405,1.0136979237585404,16356,1109.95,66597,23510,8.29807648993198,8.0,17.0,22.0,26,12.46215321723204,23.726831222016642,0.0,128
10000,1,25,route_key,60.0,10136.979237585405,1.0136979237585404,16356,1109.95,66597,23510,8.29807648993198,8.0,17.0,22.0,26,12.46215321723204,23.726831222016642,0.0,256
10000,1,25,route_key,60.0,10136.979237585405,1.0136979237585404,16356,1109.95,66597,23510,8.29807648993198,8.0,17.0,22.0,26,12.46215321723204,23.726831222016642,0.0,512
10000,1,25,route_key,60.0,10136.979237585405,1.0136979237585404,16356,1109.95,66597,23510,8.29807648993198,8.0,17.0,22.0,26,12.46215321723204,23.726831222016642,0.0,1024
10000,1,25,route_key,60.0,10136.979237585405,1.0136979237585404,16356,1109.95,66597,23510,8.29807648993198,8.0,17.0,22.0,26,12.46215321723204,23.726831222016642,0.0,4096
10000,1,50,event_class,60.0,10136.979237585405,1.0136979237585404,16356,1109.95,66597,2713,28.480066669669807,28.0,35.0,41.0,47,25.02765917095368,47.43736750643208,0.28944246737841045,32
10000,1,50,event_class,60.0,10136.979237585405,1.0136979237585404,16356,1109.95,66597,2713,28.480066669669807,28.0,35.0,41.0,47,25.02765917095368,47.43736750643208,0.0,64
10000,1,50,event_class,60.0,10136.979237585405,1.0136979237585404,16356,1109.95,66597,2713,28.480066669669807,28.0,35.0,41.0,47,25.02765917095368,47.43736750643208,0.0,128
10000,1,50,event_class,60.0,10136.979237585405,1.0136979237585404,16356,1109.95,66597,2713,28.480066669669807,28.0,35.0,41.0,47,25.02765917095368,47.43736750643208,0.0,256
10000,1,50,event_class,60.0,10136.979237585405,1.0136979237585404,16356,1109.95,66597,2713,28.480066669669807,28.0,35.0,41.0,47,25.02765917095368,47.43736750643208,0.0,512
10000,1,50,event_class,60.0,10136.979237585405,1.0136979237585404,16356,1109.95,66597,2713,28.480066669669807,28.0,35.0,41.0,47,25.02765917095368,47.43736750643208,0.0,1024
10000,1,50,event_class,60.0,10136.979237585405,1.0136979237585404,16356,1109.95,66597,2713,28.480066669669807,28.0,35.0,41.0,47,25.02765917095368,47.43736750643208,0.0,4096
10000,1,50,pooled,60.0,10136.979237585405,1.0136979237585404,16356,1109.95,66597,1200,56.4185623977056,56.0,66.0,74.0,78,25.02765917095368,47.43736750643208,1.0,32
10000,1,50,pooled,60.0,10136.979237585405,1.0136979237585404,16356,1109.95,66597,1200,56.4185623977056,56.0,66.0,74.0,78,25.02765917095368,47.43736750643208,0.16051774103938615,64
10000,1,50,pooled,60.0,10136.979237585405,1.0136979237585404,16356,1109.95,66597,1200,56.4185623977056,56.0,66.0,74.0,78,25.02765917095368,47.43736750643208,0.0,128
10000,1,50,pooled,60.0,10136.979237585405,1.0136979237585404,16356,1109.95,66597,1200,56.4185623977056,56.0,66.0,74.0,78,25.02765917095368,47.43736750643208,0.0,256
10000,1,50,pooled,60.0,10136.979237585405,1.0136979237585404,16356,1109.95,66597,1200,56.4185623977056,56.0,66.0,74.0,78,25.02765917095368,47.43736750643208,0.0,512
10000,1,50,pooled,60.0,10136.979237585405,1.0136979237585404,16356,1109.95,66597,1200,56.4185623977056,56.0,66.0,74.0,78,25.02765917095368,47.43736750643208,0.0,1024
10000,1,50,pooled,60.0,10136.979237585405,1.0136979237585404,16356,1109.95,66597,1200,56.4185623977056,56.0,66.0,74.0,78,25.02765917095368,47.43736750643208,0.0,4096
10000,1,50,route_key,60.0,10136.979237585405,1.0136979237585404,16356,1109.95,66597,18449,15.607955313302401,14.0,31.0,38.0,44,25.02765917095368,47.43736750643208,0.09399822814841509,32
10000,1,50,route_key,60.0,10136.979237585405,1.0136979237585404,16356,1109.95,66597,18449,15.607955313302401,14.0,31.0,38.0,44,25.02765917095368,47.43736750643208,0.0,64
10000,1,50,route_key,60.0,10136.979237585405,1.0136979237585404,16356,1109.95,66597,18449,15.607955313302401,14.0,31.0,38.0,44,25.02765917095368,47.43736750643208,0.0,128
10000,1,50,route_key,60.0,10136.979237585405,1.0136979237585404,16356,1109.95,66597,18449,15.607955313302401,14.0,31.0,38.0,44,25.02765917095368,47.43736750643208,0.0,256
10000,1,50,route_key,60.0,10136.979237585405,1.0136979237585404,16356,1109.95,66597,18449,15.607955313302401,14.0,31.0,38.0,44,25.02765917095368,47.43736750643208,0.0,512
10000,1,50,route_key,60.0,10136.979237585405,1.0136979237585404,16356,1109.95,66597,18449,15.607955313302401,14.0,31.0,38.0,44,25.02765917095368,47.43736750643208,0.0,1024
10000,1,50,route_key,60.0,10136.979237585405,1.0136979237585404,16356,1109.95,66597,18449,15.607955313302401,14.0,31.0,38.0,44,25.02765917095368,47.43736750643208,0.0,4096
10000,1,100,event_class,60.0,10136.979237585405,1.0136979237585404,16356,1109.95,66597,1469,55.9728666456447,56.0,66.0,75.0,81,50.06932771458179,94.97470602720738,0.9940387705151884,32
10000,1,100,event_class,60.0,10136.979237585405,1.0136979237585404,16356,1109.95,66597,1469,55.9728666456447,56.0,66.0,75.0,81,50.06932771458179,94.97470602720738,0.16733486493385588,64
10000,1,100,event_class,60.0,10136.979237585405,1.0136979237585404,16356,1109.95,66597,1469,55.9728666456447,56.0,66.0,75.0,81,50.06932771458179,94.97470602720738,0.0,128
10000,1,100,event_class,60.0,10136.979237585405,1.0136979237585404,16356,1109.95,66597,1469,55.9728666456447,56.0,66.0,75.0,81,50.06932771458179,94.97470602720738,0.0,256
10000,1,100,event_class,60.0,10136.979237585405,1.0136979237585404,16356,1109.95,66597,1469,55.9728666456447,56.0,66.0,75.0,81,50.06932771458179,94.97470602720738,0.0,512
10000,1,100,event_class,60.0,10136.979237585405,1.0136979237585404,16356,1109.95,66597,1469,55.9728666456447,56.0,66.0,75.0,81,50.06932771458179,94.97470602720738,0.0,1024
10000,1,100,event_class,60.0,10136.979237585405,1.0136979237585404,16356,1109.95,66597,1469,55.9728666456447,56.0,66.0,75.0,81,50.06932771458179,94.97470602720738,0.0,4096
10000,1,100,pooled,60.0,10136.979237585405,1.0136979237585404,16356,1109.95,66597,600,111.88067030046399,112.0,125.0,135.0,139,50.06932771458179,94.97470602720738,1.0,32
10000,1,100,pooled,60.0,10136.979237585405,1.0136979237585404,16356,1109.95,66597,600,111.88067030046399,112.0,125.0,135.0,139,50.06932771458179,94.97470602720738,1.0,64
10000,1,100,pooled,60.0,10136.979237585405,1.0136979237585404,16356,1109.95,66597,600,111.88067030046399,112.0,125.0,135.0,139,50.06932771458179,94.97470602720738,0.05917683979758848,128
10000,1,100,pooled,60.0,10136.979237585405,1.0136979237585404,16356,1109.95,66597,600,111.88067030046399,112.0,125.0,135.0,139,50.06932771458179,94.97470602720738,0.0,256
10000,1,100,pooled,60.0,10136.979237585405,1.0136979237585404,16356,1109.95,66597,600,111.88067030046399,112.0,125.0,135.0,139,50.06932771458179,94.97470602720738,0.0,512
10000,1,100,pooled,60.0,10136.979237585405,1.0136979237585404,16356,1109.95,66597,600,111.88067030046399,112.0,125.0,135.0,139,50.06932771458179,94.97470602720738,0.0,1024
10000,1,100,pooled,60.0,10136.979237585405,1.0136979237585404,16356,1109.95,66597,600,111.88067030046399,112.0,125.0,135.0,139,50.06932771458179,94.97470602720738,0.0,4096
10000,1,100,route_key,60.0,10136.979237585405,1.0136979237585404,16356,1109.95,66597,13984,30.24377974983858,26.0,59.0,67.0,77,50.06932771458179,94.97470602720738,0.47691337447632776,32
10000,1,100,route_key,60.0,10136.979237585405,1.0136979237585404,16356,1109.95,66597,13984,30.24377974983858,26.0,59.0,67.0,77,50.06932771458179,94.97470602720738,0.031818250071324536,64
10000,1,100,route_key,60.0,10136.979237585405,1.0136979237585404,16356,1109.95,66597,13984,30.24377974983858,26.0,59.0,67.0,77,50.06932771458179,94.97470602720738,0.0,128
10000,1,100,route_key,60.0,10136.979237585405,1.0136979237585404,16356,1109.95,66597,13984,30.24377974983858,26.0,59.0,67.0,77,50.06932771458179,94.97470602720738,0.0,256
10000,1,100,route_key,60.0,10136.979237585405,1.0136979237585404,16356,1109.95,66597,13984,30.24377974983858,26.0,59.0,67.0,77,50.06932771458179,94.97470602720738,0.0,512
10000,1,100,route_key,60.0,10136.979237585405,1.0136979237585404,16356,1109.95,66597,13984,30.24377974983858,26.0,59.0,67.0,77,50.06932771458179,94.97470602720738,0.0,1024
10000,1,100,route_key,60.0,10136.979237585405,1.0136979237585404,16356,1109.95,66597,13984,30.24377974983858,26.0,59.0,67.0,77,50.06932771458179,94.97470602720738,0.0,4096
10000,1,250,event_class,60.0,10136.979237585405,1.0136979237585404,16356,1109.95,66597,671,138.41712089133145,139.0,155.0,171.0,182,125.2926861241181,237.693932695192,0.9944892412571137,32
10000,1,250,event_class,60.0,10136.979237585405,1.0136979237585404,16356,1109.95,66597,671,138.41712089133145,139.0,155.0,171.0,182,125.2926861241181,237.693932695192,0.9944892412571137,64
10000,1,250,event_class,60.0,10136.979237585405,1.0136979237585404,16356,1109.95,66597,671,138.41712089133145,139.0,155.0,171.0,182,125.2926861241181,237.693932695192,0.8113728846644743,128
10000,1,250,event_class,60.0,10136.979237585405,1.0136979237585404,16356,1109.95,66597,671,138.41712089133145,139.0,155.0,171.0,182,125.2926861241181,237.693932695192,0.0,256
10000,1,250,event_class,60.0,10136.979237585405,1.0136979237585404,16356,1109.95,66597,671,138.41712089133145,139.0,155.0,171.0,182,125.2926861241181,237.693932695192,0.0,512
10000,1,250,event_class,60.0,10136.979237585405,1.0136979237585404,16356,1109.95,66597,671,138.41712089133145,139.0,155.0,171.0,182,125.2926861241181,237.693932695192,0.0,1024
10000,1,250,event_class,60.0,10136.979237585405,1.0136979237585404,16356,1109.95,66597,671,138.41712089133145,139.0,155.0,171.0,182,125.2926861241181,237.693932695192,0.0,4096
10000,1,250,pooled,60.0,10136.979237585405,1.0136979237585404,16356,1109.95,66597,240,278.31996936798953,278.0,298.0,314.0,326,125.2926861241181,237.693932695192,1.0,32
10000,1,250,pooled,60.0,10136.979237585405,1.0136979237585404,16356,1109.95,66597,240,278.31996936798953,278.0,298.0,314.0,326,125.2926861241181,237.693932695192,1.0,64
10000,1,250,pooled,60.0,10136.979237585405,1.0136979237585404,16356,1109.95,66597,240,278.31996936798953,278.0,298.0,314.0,326,125.2926861241181,237.693932695192,1.0,128
10000,1,250,pooled,60.0,10136.979237585405,1.0136979237585404,16356,1109.95,66597,240,278.31996936798953,278.0,298.0,314.0,326,125.2926861241181,237.693932695192,0.9249665900866405,256
10000,1,250,pooled,60.0,10136.979237585405,1.0136979237585404,16356,1109.95,66597,240,278.31996936798953,278.0,298.0,314.0,326,125.2926861241181,237.693932695192,0.0,512
10000,1,250,pooled,60.0,10136.979237585405,1.0136979237585404,16356,1109.95,66597,240,278.31996936798953,278.0,298.0,314.0,326,125.2926861241181,237.693932695192,0.0,1024
10000,1,250,pooled,60.0,10136.979237585405,1.0136979237585404,16356,1109.95,66597,240,278.31996936798953,278.0,298.0,314.0,326,125.2926861241181,237.693932695192,0.0,4096
10000,1,250,route_key,60.0,10136.979237585405,1.0136979237585404,16356,1109.95,66597,8784,74.1326936648798,61.0,141.0,151.0,165,125.2926861241181,237.693932695192,0.6574170007658002,32
10000,1,250,route_key,60.0,10136.979237585405,1.0136979237585404,16356,1109.95,66597,8784,74.1326936648798,61.0,141.0,151.0,165,125.2926861241181,237.693932695192,0.4867936994158896,64
10000,1,250,route_key,60.0,10136.979237585405,1.0136979237585404,16356,1109.95,66597,8784,74.1326936648798,61.0,141.0,151.0,165,125.2926861241181,237.693932695192,0.3218913764884304,128
10000,1,250,route_key,60.0,10136.979237585405,1.0136979237585404,16356,1109.95,66597,8784,74.1326936648798,61.0,141.0,151.0,165,125.2926861241181,237.693932695192,0.0,256
10000,1,250,route_key,60.0,10136.979237585405,1.0136979237585404,16356,1109.95,66597,8784,74.1326936648798,61.0,141.0,151.0,165,125.2926861241181,237.693932695192,0.0,512
10000,1,250,route_key,60.0,10136.979237585405,1.0136979237585404,16356,1109.95,66597,8784,74.1326936648798,61.0,141.0,151.0,165,125.2926861241181,237.693932695192,0.0,1024
10000,1,250,route_key,60.0,10136.979237585405,1.0136979237585404,16356,1109.95,66597,8784,74.1326936648798,61.0,141.0,151.0,165,125.2926861241181,237.693932695192,0.0,4096
10000,1,500,event_class,60.0,10136.979237585405,1.0136979237585404,16356,1109.95,66597,354,275.857816418157,277.0,301.0,326.0,332,249.91917080060503,474.91021117173767,0.9944892412571137,32
10000,1,500,event_class,60.0,10136.979237585405,1.0136979237585404,16356,1109.95,66597,354,275.857816418157,277.0,301.0,326.0,332,249.91917080060503,474.91021117173767,0.9944892412571137,64
10000,1,500,event_class,60.0,10136.979237585405,1.0136979237585404,16356,1109.95,66597,354,275.857816418157,277.0,301.0,326.0,332,249.91917080060503,474.91021117173767,0.9944892412571137,128
10000,1,500,event_class,60.0,10136.979237585405,1.0136979237585404,16356,1109.95,66597,354,275.857816418157,277.0,301.0,326.0,332,249.91917080060503,474.91021117173767,0.8543177620613541,256
10000,1,500,event_class,60.0,10136.979237585405,1.0136979237585404,16356,1109.95,66597,354,275.857816418157,277.0,301.0,326.0,332,249.91917080060503,474.91021117173767,0.0,512
10000,1,500,event_class,60.0,10136.979237585405,1.0136979237585404,16356,1109.95,66597,354,275.857816418157,277.0,301.0,326.0,332,249.91917080060503,474.91021117173767,0.0,1024
10000,1,500,event_class,60.0,10136.979237585405,1.0136979237585404,16356,1109.95,66597,354,275.857816418157,277.0,301.0,326.0,332,249.91917080060503,474.91021117173767,0.0,4096
10000,1,500,pooled,60.0,10136.979237585405,1.0136979237585404,16356,1109.95,66597,120,555.714236377014,559.0,579.0,599.0,605,249.91917080060503,474.91021117173767,1.0,32
10000,1,500,pooled,60.0,10136.979237585405,1.0136979237585404,16356,1109.95,66597,120,555.714236377014,559.0,579.0,599.0,605,249.91917080060503,474.91021117173767,1.0,64
10000,1,500,pooled,60.0,10136.979237585405,1.0136979237585404,16356,1109.95,66597,120,555.714236377014,559.0,579.0,599.0,605,249.91917080060503,474.91021117173767,1.0,128
10000,1,500,pooled,60.0,10136.979237585405,1.0136979237585404,16356,1109.95,66597,120,555.714236377014,559.0,579.0,599.0,605,249.91917080060503,474.91021117173767,1.0,256
10000,1,500,pooled,60.0,10136.979237585405,1.0136979237585404,16356,1109.95,66597,120,555.714236377014,559.0,579.0,599.0,605,249.91917080060503,474.91021117173767,0.9772662432241692,512
10000,1,500,pooled,60.0,10136.979237585405,1.0136979237585404,16356,1109.95,66597,120,555.714236377014,559.0,579.0,599.0,605,249.91917080060503,474.91021117173767,0.0,1024
10000,1,500,pooled,60.0,10136.979237585405,1.0136979237585404,16356,1109.95,66597,120,555.714236377014,559.0,579.0,599.0,605,249.91917080060503,474.91021117173767,0.0,4096
10000,1,500,route_key,60.0,10136.979237585405,1.0136979237585404,16356,1109.95,66597,5648,147.31935372464224,115.0,274.0,292.0,293,249.91917080060503,474.91021117173767,0.6608706097872277,32
10000,1,500,route_key,60.0,10136.979237585405,1.0136979237585404,16356,1109.95,66597,5648,147.31935372464224,115.0,274.0,292.0,293,249.91917080060503,474.91021117173767,0.6574170007658002,64
10000,1,500,route_key,60.0,10136.979237585405,1.0136979237585404,16356,1109.95,66597,5648,147.31935372464224,115.0,274.0,292.0,293,249.91917080060503,474.91021117173767,0.47389522050542815,128
10000,1,500,route_key,60.0,10136.979237585405,1.0136979237585404,16356,1109.95,66597,5648,147.31935372464224,115.0,274.0,292.0,293,249.91917080060503,474.91021117173767,0.34864933855879393,256
10000,1,500,route_key,60.0,10136.979237585405,1.0136979237585404,16356,1109.95,66597,5648,147.31935372464224,115.0,274.0,292.0,293,249.91917080060503,474.91021117173767,0.0,512
10000,1,500,route_key,60.0,10136.979237585405,1.0136979237585404,16356,1109.95,66597,5648,147.31935372464224,115.0,274.0,292.0,293,249.91917080060503,474.91021117173767,0.0,1024
10000,1,500,route_key,60.0,10136.979237585405,1.0136979237585404,16356,1109.95,66597,5648,147.31935372464224,115.0,274.0,292.0,293,249.91917080060503,474.91021117173767,0.0,4096
10000,1,1000,event_class,60.0,10136.979237585405,1.0136979237585404,16356,1109.95,66597,180,550.9355826839047,556.0,595.0,619.0,621,498.03845545306683,948.1456257440996,0.9944892412571137,32
10000,1,1000,event_class,60.0,10136.979237585405,1.0136979237585404,16356,1109.95,66597,180,550.9355826839047,556.0,595.0,619.0,621,498.03845545306683,948.1456257440996,0.9944892412571137,64
10000,1,1000,event_class,60.0,10136.979237585405,1.0136979237585404,16356,1109.95,66597,180,550.9355826839047,556.0,595.0,619.0,621,498.03845545306683,948.1456257440996,0.9944892412571137,128
10000,1,1000,event_class,60.0,10136.979237585405,1.0136979237585404,16356,1109.95,66597,180,550.9355826839047,556.0,595.0,619.0,621,498.03845545306683,948.1456257440996,0.9944892412571137,256
10000,1,1000,event_class,60.0,10136.979237585405,1.0136979237585404,16356,1109.95,66597,180,550.9355826839047,556.0,595.0,619.0,621,498.03845545306683,948.1456257440996,0.8825172305058786,512
10000,1,1000,event_class,60.0,10136.979237585405,1.0136979237585404,16356,1109.95,66597,180,550.9355826839047,556.0,595.0,619.0,621,498.03845545306683,948.1456257440996,0.0,1024
10000,1,1000,event_class,60.0,10136.979237585405,1.0136979237585404,16356,1109.95,66597,180,550.9355826839047,556.0,595.0,619.0,621,498.03845545306683,948.1456257440996,0.0,4096
10000,1,1000,pooled,60.0,10136.979237585405,1.0136979237585404,16356,1109.95,66597,60,1110.673588900401,1112.0,1144.0,1173.0,1173,498.03845545306683,948.1456257440996,1.0,32
10000,1,1000,pooled,60.0,10136.979237585405,1.0136979237585404,16356,1109.95,66597,60,1110.673588900401,1112.0,1144.0,1173.0,1173,498.03845545306683,948.1456257440996,1.0,64
10000,1,1000,pooled,60.0,10136.979237585405,1.0136979237585404,16356,1109.95,66597,60,1110.673588900401,1112.0,1144.0,1173.0,1173,498.03845545306683,948.1456257440996,1.0,128
10000,1,1000,pooled,60.0,10136.979237585405,1.0136979237585404,16356,1109.95,66597,60,1110.673588900401,1112.0,1144.0,1173.0,1173,498.03845545306683,948.1456257440996,1.0,256
10000,1,1000,pooled,60.0,10136.979237585405,1.0136979237585404,16356,1109.95,66597,60,1110.673588900401,1112.0,1144.0,1173.0,1173,498.03845545306683,948.1456257440996,1.0,512
10000,1,1000,pooled,60.0,10136.979237585405,1.0136979237585404,16356,1109.95,66597,60,1110.673588900401,1112.0,1144.0,1173.0,1173,498.03845545306683,948.1456257440996,1.0,1024
10000,1,1000,pooled,60.0,10136.979237585405,1.0136979237585404,16356,1109.95,66597,60,1110.673588900401,1112.0,1144.0,1173.0,1173,498.03845545306683,948.1456257440996,0.0,4096
10000,1,1000,route_key,60.0,10136.979237585405,1.0136979237585404,16356,1109.95,66597,3381,293.8644533537547,222.0,545.0,577.0,579,498.03845545306683,948.1456257440996,0.7417150922714236,32
10000,1,1000,route_key,60.0,10136.979237585405,1.0136979237585404,16356,1109.95,66597,3381,293.8644533537547,222.0,545.0,577.0,579,498.03845545306683,948.1456257440996,0.6584380677808309,64
10000,1,1000,route_key,60.0,10136.979237585405,1.0136979237585404,16356,1109.95,66597,3381,293.8644533537547,222.0,545.0,577.0,579,498.03845545306683,948.1456257440996,0.6574170007658002,128
10000,1,1000,route_key,60.0,10136.979237585405,1.0136979237585404,16356,1109.95,66597,3381,293.8644533537547,222.0,545.0,577.0,579,498.03845545306683,948.1456257440996,0.47389522050542815,256
10000,1,1000,route_key,60.0,10136.979237585405,1.0136979237585404,16356,1109.95,66597,3381,293.8644533537547,222.0,545.0,577.0,579,498.03845545306683,948.1456257440996,0.3619232097541931,512
10000,1,1000,route_key,60.0,10136.979237585405,1.0136979237585404,16356,1109.95,66597,3381,293.8644533537547,222.0,545.0,577.0,579,498.03845545306683,948.1456257440996,0.0,1024
10000,1,1000,route_key,60.0,10136.979237585405,1.0136979237585404,16356,1109.95,66597,3381,293.8644533537547,222.0,545.0,577.0,579,498.03845545306683,948.1456257440996,0.0,4096
10000,2,1,event_class,60.0,9959.50773331985,0.995950773331985,16064,1065.05,63903,49806,1.5214152700186219,1.0,2.0,4.0,6,0.4990466868208693,0.9494077948353663,0.0,32
10000,2,1,event_class,60.0,9959.50773331985,0.995950773331985,16064,1065.05,63903,49806,1.5214152700186219,1.0,2.0,4.0,6,0.4990466868208693,0.9494077948353663,0.0,64
10000,2,1,event_class,60.0,9959.50773331985,0.995950773331985,16064,1065.05,63903,49806,1.5214152700186219,1.0,2.0,4.0,6,0.4990466868208693,0.9494077948353663,0.0,128
10000,2,1,event_class,60.0,9959.50773331985,0.995950773331985,16064,1065.05,63903,49806,1.5214152700186219,1.0,2.0,4.0,6,0.4990466868208693,0.9494077948353663,0.0,256
10000,2,1,event_class,60.0,9959.50773331985,0.995950773331985,16064,1065.05,63903,49806,1.5214152700186219,1.0,2.0,4.0,6,0.4990466868208693,0.9494077948353663,0.0,512
10000,2,1,event_class,60.0,9959.50773331985,0.995950773331985,16064,1065.05,63903,49806,1.5214152700186219,1.0,2.0,4.0,6,0.4990466868208693,0.9494077948353663,0.0,1024
10000,2,1,event_class,60.0,9959.50773331985,0.995950773331985,16064,1065.05,63903,49806,1.5214152700186219,1.0,2.0,4.0,6,0.4990466868208693,0.9494077948353663,0.0,4096
10000,2,1,pooled,60.0,9959.50773331985,0.995950773331985,16064,1065.05,63903,39380,2.0607639703926264,2.0,3.0,5.0,7,0.4990466868208693,0.9494077948353663,0.0,32
10000,2,1,pooled,60.0,9959.50773331985,0.995950773331985,16064,1065.05,63903,39380,2.0607639703926264,2.0,3.0,5.0,7,0.4990466868208693,0.9494077948353663,0.0,64
10000,2,1,pooled,60.0,9959.50773331985,0.995950773331985,16064,1065.05,63903,39380,2.0607639703926264,2.0,3.0,5.0,7,0.4990466868208693,0.9494077948353663,0.0,128
10000,2,1,pooled,60.0,9959.50773331985,0.995950773331985,16064,1065.05,63903,39380,2.0607639703926264,2.0,3.0,5.0,7,0.4990466868208693,0.9494077948353663,0.0,256
10000,2,1,pooled,60.0,9959.50773331985,0.995950773331985,16064,1065.05,63903,39380,2.0607639703926264,2.0,3.0,5.0,7,0.4990466868208693,0.9494077948353663,0.0,512
10000,2,1,pooled,60.0,9959.50773331985,0.995950773331985,16064,1065.05,63903,39380,2.0607639703926264,2.0,3.0,5.0,7,0.4990466868208693,0.9494077948353663,0.0,1024
10000,2,1,pooled,60.0,9959.50773331985,0.995950773331985,16064,1065.05,63903,39380,2.0607639703926264,2.0,3.0,5.0,7,0.4990466868208693,0.9494077948353663,0.0,4096
10000,2,1,route_key,60.0,9959.50773331985,0.995950773331985,16064,1065.05,63903,56027,1.2841494139555263,1.0,2.0,3.0,6,0.4990466868208693,0.9494077948353663,0.0,32
10000,2,1,route_key,60.0,9959.50773331985,0.995950773331985,16064,1065.05,63903,56027,1.2841494139555263,1.0,2.0,3.0,6,0.4990466868208693,0.9494077948353663,0.0,64
10000,2,1,route_key,60.0,9959.50773331985,0.995950773331985,16064,1065.05,63903,56027,1.2841494139555263,1.0,2.0,3.0,6,0.4990466868208693,0.9494077948353663,0.0,128
10000,2,1,route_key,60.0,9959.50773331985,0.995950773331985,16064,1065.05,63903,56027,1.2841494139555263,1.0,2.0,3.0,6,0.4990466868208693,0.9494077948353663,0.0,256
10000,2,1,route_key,60.0,9959.50773331985,0.995950773331985,16064,1065.05,63903,56027,1.2841494139555263,1.0,2.0,3.0,6,0.4990466868208693,0.9494077948353663,0.0,512
10000,2,1,route_key,60.0,9959.50773331985,0.995950773331985,16064,1065.05,63903,56027,1.2841494139555263,1.0,2.0,3.0,6,0.4990466868208693,0.9494077948353663,0.0,1024
10000,2,1,route_key,60.0,9959.50773331985,0.995950773331985,16064,1065.05,63903,56027,1.2841494139555263,1.0,2.0,3.0,6,0.4990466868208693,0.9494077948353663,0.0,4096
10000,2,5,event_class,60.0,9959.50773331985,0.995950773331985,16064,1065.05,63903,22607,3.6399699544622317,3.0,6.0,8.0,13,2.501034073954498,4.749479848106829,0.0,32
10000,2,5,event_class,60.0,9959.50773331985,0.995950773331985,16064,1065.05,63903,22607,3.6399699544622317,3.0,6.0,8.0,13,2.501034073954498,4.749479848106829,0.0,64
10000,2,5,event_class,60.0,9959.50773331985,0.995950773331985,16064,1065.05,63903,22607,3.6399699544622317,3.0,6.0,8.0,13,2.501034073954498,4.749479848106829,0.0,128
10000,2,5,event_class,60.0,9959.50773331985,0.995950773331985,16064,1065.05,63903,22607,3.6399699544622317,3.0,6.0,8.0,13,2.501034073954498,4.749479848106829,0.0,256
10000,2,5,event_class,60.0,9959.50773331985,0.995950773331985,16064,1065.05,63903,22607,3.6399699544622317,3.0,6.0,8.0,13,2.501034073954498,4.749479848106829,0.0,512
10000,2,5,event_class,60.0,9959.50773331985,0.995950773331985,16064,1065.05,63903,22607,3.6399699544622317,3.0,6.0,8.0,13,2.501034073954498,4.749479848106829,0.0,1024
10000,2,5,event_class,60.0,9959.50773331985,0.995950773331985,16064,1065.05,63903,22607,3.6399699544622317,3.0,6.0,8.0,13,2.501034073954498,4.749479848106829,0.0,4096
10000,2,5,pooled,60.0,9959.50773331985,0.995950773331985,16064,1065.05,63903,11929,6.351861414957044,6.0,9.0,12.0,17,2.501034073954498,4.749479848106829,0.0,32
10000,2,5,pooled,60.0,9959.50773331985,0.995950773331985,16064,1065.05,63903,11929,6.351861414957044,6.0,9.0,12.0,17,2.501034073954498,4.749479848106829,0.0,64
10000,2,5,pooled,60.0,9959.50773331985,0.995950773331985,16064,1065.05,63903,11929,6.351861414957044,6.0,9.0,12.0,17,2.501034073954498,4.749479848106829,0.0,128
10000,2,5,pooled,60.0,9959.50773331985,0.995950773331985,16064,1065.05,63903,11929,6.351861414957044,6.0,9.0,12.0,17,2.501034073954498,4.749479848106829,0.0,256
10000,2,5,pooled,60.0,9959.50773331985,0.995950773331985,16064,1065.05,63903,11929,6.351861414957044,6.0,9.0,12.0,17,2.501034073954498,4.749479848106829,0.0,512
10000,2,5,pooled,60.0,9959.50773331985,0.995950773331985,16064,1065.05,63903,11929,6.351861414957044,6.0,9.0,12.0,17,2.501034073954498,4.749479848106829,0.0,1024
10000,2,5,pooled,60.0,9959.50773331985,0.995950773331985,16064,1065.05,63903,11929,6.351861414957044,6.0,9.0,12.0,17,2.501034073954498,4.749479848106829,0.0,4096
10000,2,5,route_key,60.0,9959.50773331985,0.995950773331985,16064,1065.05,63903,39110,2.435644648921021,2.0,5.0,7.0,11,2.501034073954498,4.749479848106829,0.0,32
10000,2,5,route_key,60.0,9959.50773331985,0.995950773331985,16064,1065.05,63903,39110,2.435644648921021,2.0,5.0,7.0,11,2.501034073954498,4.749479848106829,0.0,64
10000,2,5,route_key,60.0,9959.50773331985,0.995950773331985,16064,1065.05,63903,39110,2.435644648921021,2.0,5.0,7.0,11,2.501034073954498,4.749479848106829,0.0,128
10000,2,5,route_key,60.0,9959.50773331985,0.995950773331985,16064,1065.05,63903,39110,2.435644648921021,2.0,5.0,7.0,11,2.501034073954498,4.749479848106829,0.0,256
10000,2,5,route_key,60.0,9959.50773331985,0.995950773331985,16064,1065.05,63903,39110,2.435644648921021,2.0,5.0,7.0,11,2.501034073954498,4.749479848106829,0.0,512
10000,2,5,route_key,60.0,9959.50773331985,0.995950773331985,16064,1065.05,63903,39110,2.435644648921021,2.0,5.0,7.0,11,2.501034073954498,4.749479848106829,0.0,1024
10000,2,5,route_key,60.0,9959.50773331985,0.995950773331985,16064,1065.05,63903,39110,2.435644648921021,2.0,5.0,7.0,11,2.501034073954498,4.749479848106829,0.0,4096
10000,2,10,event_class,60.0,9959.50773331985,0.995950773331985,16064,1065.05,63903,12300,6.258626355570161,6.0,9.0,12.0,16,5.008349849426707,9.502788513894611,0.0,32
10000,2,10,event_class,60.0,9959.50773331985,0.995950773331985,16064,1065.05,63903,12300,6.258626355570161,6.0,9.0,12.0,16,5.008349849426707,9.502788513894611,0.0,64
10000,2,10,event_class,60.0,9959.50773331985,0.995950773331985,16064,1065.05,63903,12300,6.258626355570161,6.0,9.0,12.0,16,5.008349849426707,9.502788513894611,0.0,128
10000,2,10,event_class,60.0,9959.50773331985,0.995950773331985,16064,1065.05,63903,12300,6.258626355570161,6.0,9.0,12.0,16,5.008349849426707,9.502788513894611,0.0,256
10000,2,10,event_class,60.0,9959.50773331985,0.995950773331985,16064,1065.05,63903,12300,6.258626355570161,6.0,9.0,12.0,16,5.008349849426707,9.502788513894611,0.0,512
10000,2,10,event_class,60.0,9959.50773331985,0.995950773331985,16064,1065.05,63903,12300,6.258626355570161,6.0,9.0,12.0,16,5.008349849426707,9.502788513894611,0.0,1024
10000,2,10,event_class,60.0,9959.50773331985,0.995950773331985,16064,1065.05,63903,12300,6.258626355570161,6.0,9.0,12.0,16,5.008349849426707,9.502788513894611,0.0,4096
10000,2,10,pooled,60.0,9959.50773331985,0.995950773331985,16064,1065.05,63903,6000,11.661752969344162,12.0,16.0,19.0,24,5.008349849426707,9.502788513894611,0.0,32
10000,2,10,pooled,60.0,9959.50773331985,0.995950773331985,16064,1065.05,63903,6000,11.661752969344162,12.0,16.0,19.0,24,5.008349849426707,9.502788513894611,0.0,64
10000,2,10,pooled,60.0,9959.50773331985,0.995950773331985,16064,1065.05,63903,6000,11.661752969344162,12.0,16.0,19.0,24,5.008349849426707,9.502788513894611,0.0,128
10000,2,10,pooled,60.0,9959.50773331985,0.995950773331985,16064,1065.05,63903,6000,11.661752969344162,12.0,16.0,19.0,24,5.008349849426707,9.502788513894611,0.0,256
10000,2,10,pooled,60.0,9959.50773331985,0.995950773331985,16064,1065.05,63903,6000,11.661752969344162,12.0,16.0,19.0,24,5.008349849426707,9.502788513894611,0.0,512
10000,2,10,pooled,60.0,9959.50773331985,0.995950773331985,16064,1065.05,63903,6000,11.661752969344162,12.0,16.0,19.0,24,5.008349849426707,9.502788513894611,0.0,1024
10000,2,10,pooled,60.0,9959.50773331985,0.995950773331985,16064,1065.05,63903,6000,11.661752969344162,12.0,16.0,19.0,24,5.008349849426707,9.502788513894611,0.0,4096
10000,2,10,route_key,60.0,9959.50773331985,0.995950773331985,16064,1065.05,63903,30964,3.874982395192714,3.0,8.0,11.0,15,5.008349849426707,9.502788513894611,0.0,32
10000,2,10,route_key,60.0,9959.50773331985,0.995950773331985,16064,1065.05,63903,30964,3.874982395192714,3.0,8.0,11.0,15,5.008349849426707,9.502788513894611,0.0,64
10000,2,10,route_key,60.0,9959.50773331985,0.995950773331985,16064,1065.05,63903,30964,3.874982395192714,3.0,8.0,11.0,15,5.008349849426707,9.502788513894611,0.0,128
10000,2,10,route_key,60.0,9959.50773331985,0.995950773331985,16064,1065.05,63903,30964,3.874982395192714,3.0,8.0,11.0,15,5.008349849426707,9.502788513894611,0.0,256
10000,2,10,route_key,60.0,9959.50773331985,0.995950773331985,16064,1065.05,63903,30964,3.874982395192714,3.0,8.0,11.0,15,5.008349849426707,9.502788513894611,0.0,512
10000,2,10,route_key,60.0,9959.50773331985,0.995950773331985,16064,1065.05,63903,30964,3.874982395192714,3.0,8.0,11.0,15,5.008349849426707,9.502788513894611,0.0,1024
10000,2,10,route_key,60.0,9959.50773331985,0.995950773331985,16064,1065.05,63903,30964,3.874982395192714,3.0,8.0,11.0,15,5.008349849426707,9.502788513894611,0.0,4096
10000,2,25,event_class,60.0,9959.50773331985,0.995950773331985,16064,1065.05,63903,5137,14.175531665180038,14.0,19.0,23.0,28,12.512144663442706,23.742419783371812,0.0,32
10000,2,25,event_class,60.0,9959.50773331985,0.995950773331985,16064,1065.05,63903,5137,14.175531665180038,14.0,19.0,23.0,28,12.512144663442706,23.742419783371812,0.0,64
10000,2,25,event_class,60.0,9959.50773331985,0.995950773331985,16064,1065.05,63903,5137,14.175531665180038,14.0,19.0,23.0,28,12.512144663442706,23.742419783371812,0.0,128
10000,2,25,event_class,60.0,9959.50773331985,0.995950773331985,16064,1065.05,63903,5137,14.175531665180038,14.0,19.0,23.0,28,12.512144663442706,23.742419783371812,0.0,256
10000,2,25,event_class,60.0,9959.50773331985,0.995950773331985,16064,1065.05,63903,5137,14.175531665180038,14.0,19.0,23.0,28,12.512144663442706,23.742419783371812,0.0,512
10000,2,25,event_class,60.0,9959.50773331985,0.995950773331985,16064,1065.05,63903,5137,14.175531665180038,14.0,19.0,23.0,28,12.512144663442706,23.742419783371812,0.0,1024
10000,2,25,event_class,60.0,9959.50773331985,0.995950773331985,16064,1065.05,63903,5137,14.175531665180038,14.0,19.0,23.0,28,12.512144663442706,23.742419783371812,0.0,4096
10000,2,25,pooled,60.0,9959.50773331985,0.995950773331985,16064,1065.05,63903,2400,27.66269189239942,27.0,35.0,40.0,47,12.512144663442706,23.742419783371812,0.23034912288937923,32
10000,2,25,pooled,60.0,9959.50773331985,0.995950773331985,16064,1065.05,63903,2400,27.66269189239942,27.0,35.0,40.0,47,12.512144663442706,23.742419783371812,0.0,64
10000,2,25,pooled,60.0,9959.50773331985,0.995950773331985,16064,1065.05,63903,2400,27.66269189239942,27.0,35.0,40.0,47,12.512144663442706,23.742419783371812,0.0,128
10000,2,25,pooled,60.0,9959.50773331985,0.995950773331985,16064,1065.05,63903,2400,27.66269189239942,27.0,35.0,40.0,47,12.512144663442706,23.742419783371812,0.0,256
10000,2,25,pooled,60.0,9959.50773331985,0.995950773331985,16064,1065.05,63903,2400,27.66269189239942,27.0,35.0,40.0,47,12.512144663442706,23.742419783371812,0.0,512
10000,2,25,pooled,60.0,9959.50773331985,0.995950773331985,16064,1065.05,63903,2400,27.66269189239942,27.0,35.0,40.0,47,12.512144663442706,23.742419783371812,0.0,1024
10000,2,25,pooled,60.0,9959.50773331985,0.995950773331985,16064,1065.05,63903,2400,27.66269189239942,27.0,35.0,40.0,47,12.512144663442706,23.742419783371812,0.0,4096
10000,2,25,route_key,60.0,9959.50773331985,0.995950773331985,16064,1065.05,63903,22668,8.198691767209677,8.0,17.0,21.0,25,12.512144663442706,23.742419783371812,0.0,32
10000,2,25,route_key,60.0,9959.50773331985,0.995950773331985,16064,1065.05,63903,22668,8.198691767209677,8.0,17.0,21.0,25,12.512144663442706,23.742419783371812,0.0,64
10000,2,25,route_key,60.0,9959.50773331985,0.995950773331985,16064,1065.05,63903,22668,8.198691767209677,8.0,17.0,21.0,25,12.512144663442706,23.742419783371812,0.0,128
10000,2,25,route_key,60.0,9959.50773331985,0.995950773331985,16064,1065.05,63903,22668,8.198691767209677,8.0,17.0,21.0,25,12.512144663442706,23.742419783371812,0.0,256
10000,2,25,route_key,60.0,9959.50773331985,0.995950773331985,16064,1065.05,63903,22668,8.198691767209677,8.0,17.0,21.0,25,12.512144663442706,23.742419783371812,0.0,512
10000,2,25,route_key,60.0,9959.50773331985,0.995950773331985,16064,1065.05,63903,22668,8.198691767209677,8.0,17.0,21.0,25,12.512144663442706,23.742419783371812,0.0,1024
10000,2,25,route_key,60.0,9959.50773331985,0.995950773331985,16064,1065.05,63903,22668,8.198691767209677,8.0,17.0,21.0,25,12.512144663442706,23.742419783371812,0.0,4096
10000,2,50,event_class,60.0,9959.50773331985,0.995950773331985,16064,1065.05,63903,2719,27.326056679655103,27.0,34.0,40.0,45,24.92509867186173,47.53346582513343,0.20466957732813795,32
10000,2,50,event_class,60.0,9959.50773331985,0.995950773331985,16064,1065.05,63903,2719,27.326056679655103,27.0,34.0,40.0,45,24.92509867186173,47.53346582513343,0.0,64
10000,2,50,event_class,60.0,9959.50773331985,0.995950773331985,16064,1065.05,63903,2719,27.326056679655103,27.0,34.0,40.0,45,24.92509867186173,47.53346582513343,0.0,128
10000,2,50,event_class,60.0,9959.50773331985,0.995950773331985,16064,1065.05,63903,2719,27.326056679655103,27.0,34.0,40.0,45,24.92509867186173,47.53346582513343,0.0,256
10000,2,50,event_class,60.0,9959.50773331985,0.995950773331985,16064,1065.05,63903,2719,27.326056679655103,27.0,34.0,40.0,45,24.92509867186173,47.53346582513343,0.0,512
10000,2,50,event_class,60.0,9959.50773331985,0.995950773331985,16064,1065.05,63903,2719,27.326056679655103,27.0,34.0,40.0,45,24.92509867186173,47.53346582513343,0.0,1024
10000,2,50,event_class,60.0,9959.50773331985,0.995950773331985,16064,1065.05,63903,2719,27.326056679655103,27.0,34.0,40.0,45,24.92509867186173,47.53346582513343,0.0,4096
10000,2,50,pooled,60.0,9959.50773331985,0.995950773331985,16064,1065.05,63903,1200,54.271927765519614,54.0,64.0,73.0,76,24.92509867186173,47.53346582513343,0.9985603179819413,32
10000,2,50,pooled,60.0,9959.50773331985,0.995950773331985,16064,1065.05,63903,1200,54.271927765519614,54.0,64.0,73.0,76,24.92509867186173,47.53346582513343,0.10287466942084096,64
10000,2,50,pooled,60.0,9959.50773331985,0.995950773331985,16064,1065.05,63903,1200,54.271927765519614,54.0,64.0,73.0,76,24.92509867186173,47.53346582513343,0.0,128
10000,2,50,pooled,60.0,9959.50773331985,0.995950773331985,16064,1065.05,63903,1200,54.271927765519614,54.0,64.0,73.0,76,24.92509867186173,47.53346582513343,0.0,256
10000,2,50,pooled,60.0,9959.50773331985,0.995950773331985,16064,1065.05,63903,1200,54.271927765519614,54.0,64.0,73.0,76,24.92509867186173,47.53346582513343,0.0,512
10000,2,50,pooled,60.0,9959.50773331985,0.995950773331985,16064,1065.05,63903,1200,54.271927765519614,54.0,64.0,73.0,76,24.92509867186173,47.53346582513343,0.0,1024
10000,2,50,pooled,60.0,9959.50773331985,0.995950773331985,16064,1065.05,63903,1200,54.271927765519614,54.0,64.0,73.0,76,24.92509867186173,47.53346582513343,0.0,4096
10000,2,50,route_key,60.0,9959.50773331985,0.995950773331985,16064,1065.05,63903,17850,15.409902508489429,15.0,30.0,37.0,40,24.92509867186173,47.53346582513343,0.07320470087476331,32
10000,2,50,route_key,60.0,9959.50773331985,0.995950773331985,16064,1065.05,63903,17850,15.409902508489429,15.0,30.0,37.0,40,24.92509867186173,47.53346582513343,0.0,64
10000,2,50,route_key,60.0,9959.50773331985,0.995950773331985,16064,1065.05,63903,17850,15.409902508489429,15.0,30.0,37.0,40,24.92509867186173,47.53346582513343,0.0,128
10000,2,50,route_key,60.0,9959.50773331985,0.995950773331985,16064,1065.05,63903,17850,15.409902508489429,15.0,30.0,37.0,40,24.92509867186173,47.53346582513343,0.0,256
10000,2,50,route_key,60.0,9959.50773331985,0.995950773331985,16064,1065.05,63903,17850,15.409902508489429,15.0,30.0,37.0,40,24.92509867186173,47.53346582513343,0.0,512
10000,2,50,route_key,60.0,9959.50773331985,0.995950773331985,16064,1065.05,63903,17850,15.409902508489429,15.0,30.0,37.0,40,24.92509867186173,47.53346582513343,0.0,1024
10000,2,50,route_key,60.0,9959.50773331985,0.995950773331985,16064,1065.05,63903,17850,15.409902508489429,15.0,30.0,37.0,40,24.92509867186173,47.53346582513343,0.0,4096
10000,2,100,event_class,60.0,9959.50773331985,0.995950773331985,16064,1065.05,63903,1483,53.70675868112608,53.0,64.0,72.0,82,49.77682707271928,95.00283790491153,0.9928485360624697,32
10000,2,100,event_class,60.0,9959.50773331985,0.995950773331985,16064,1065.05,63903,1483,53.70675868112608,53.0,64.0,72.0,82,49.77682707271928,95.00283790491153,0.10919675132622882,64
10000,2,100,event_class,60.0,9959.50773331985,0.995950773331985,16064,1065.05,63903,1483,53.70675868112608,53.0,64.0,72.0,82,49.77682707271928,95.00283790491153,0.0,128
10000,2,100,event_class,60.0,9959.50773331985,0.995950773331985,16064,1065.05,63903,1483,53.70675868112608,53.0,64.0,72.0,82,49.77682707271928,95.00283790491153,0.0,256
10000,2,100,event_class,60.0,9959.50773331985,0.995950773331985,16064,1065.05,63903,1483,53.70675868112608,53.0,64.0,72.0,82,49.77682707271928,95.00283790491153,0.0,512
10000,2,100,event_class,60.0,9959.50773331985,0.995950773331985,16064,1065.05,63903,1483,53.70675868112608,53.0,64.0,72.0,82,49.77682707271928,95.00283790491153,0.0,1024
10000,2,100,event_class,60.0,9959.50773331985,0.995950773331985,16064,1065.05,63903,1483,53.70675868112608,53.0,64.0,72.0,82,49.77682707271928,95.00283790491153,0.0,4096
10000,2,100,pooled,60.0,9959.50773331985,0.995950773331985,16064,1065.05,63903,600,107.56833012534622,108.0,121.0,132.0,137,49.77682707271928,95.00283790491153,1.0,32
10000,2,100,pooled,60.0,9959.50773331985,0.995950773331985,16064,1065.05,63903,600,107.56833012534622,108.0,121.0,132.0,137,49.77682707271928,95.00283790491153,1.0,64
10000,2,100,pooled,60.0,9959.50773331985,0.995950773331985,16064,1065.05,63903,600,107.56833012534622,108.0,121.0,132.0,137,49.77682707271928,95.00283790491153,0.02470932507081045,128
10000,2,100,pooled,60.0,9959.50773331985,0.995950773331985,16064,1065.05,63903,600,107.56833012534622,108.0,121.0,132.0,137,49.77682707271928,95.00283790491153,0.0,256
10000,2,100,pooled,60.0,9959.50773331985,0.995950773331985,16064,1065.05,63903,600,107.56833012534622,108.0,121.0,132.0,137,49.77682707271928,95.00283790491153,0.0,512
10000,2,100,pooled,60.0,9959.50773331985,0.995950773331985,16064,1065.05,63903,600,107.56833012534622,108.0,121.0,132.0,137,49.77682707271928,95.00283790491153,0.0,1024
10000,2,100,pooled,60.0,9959.50773331985,0.995950773331985,16064,1065.05,63903,600,107.56833012534622,108.0,121.0,132.0,137,49.77682707271928,95.00283790491153,0.0,4096
10000,2,100,route_key,60.0,9959.50773331985,0.995950773331985,16064,1065.05,63903,13546,29.903713440683536,27.0,58.0,67.0,70,49.77682707271928,95.00283790491153,0.48407742985462343,32
10000,2,100,route_key,60.0,9959.50773331985,0.995950773331985,16064,1065.05,63903,13546,29.903713440683536,27.0,58.0,67.0,70,49.77682707271928,95.00283790491153,0.032032924901804295,64
10000,2,100,route_key,60.0,9959.50773331985,0.995950773331985,16064,1065.05,63903,13546,29.903713440683536,27.0,58.0,67.0,70,49.77682707271928,95.00283790491153,0.0,128
10000,2,100,route_key,60.0,9959.50773331985,0.995950773331985,16064,1065.05,63903,13546,29.903713440683536,27.0,58.0,67.0,70,49.77682707271928,95.00283790491153,0.0,256
10000,2,100,route_key,60.0,9959.50773331985,0.995950773331985,16064,1065.05,63903,13546,29.903713440683536,27.0,58.0,67.0,70,49.77682707271928,95.00283790491153,0.0,512
10000,2,100,route_key,60.0,9959.50773331985,0.995950773331985,16064,1065.05,63903,13546,29.903713440683536,27.0,58.0,67.0,70,49.77682707271928,95.00283790491153,0.0,1024
10000,2,100,route_key,60.0,9959.50773331985,0.995950773331985,16064,1065.05,63903,13546,29.903713440683536,27.0,58.0,67.0,70,49.77682707271928,95.00283790491153,0.0,4096
10000,2,250,event_class,60.0,9959.50773331985,0.995950773331985,16064,1065.05,63903,664,132.64533746459477,133.0,149.0,158.0,165,124.77095880362226,237.22294906006377,0.9942256232101779,32
10000,2,250,event_class,60.0,9959.50773331985,0.995950773331985,16064,1065.05,63903,664,132.64533746459477,133.0,149.0,158.0,165,124.77095880362226,237.22294906006377,0.9942256232101779,64
10000,2,250,event_class,60.0,9959.50773331985,0.995950773331985,16064,1065.05,63903,664,132.64533746459477,133.0,149.0,158.0,165,124.77095880362226,237.22294906006377,0.694771763453985,128
10000,2,250,event_class,60.0,9959.50773331985,0.995950773331985,16064,1065.05,63903,664,132.64533746459477,133.0,149.0,158.0,165,124.77095880362226,237.22294906006377,0.0,256
10000,2,250,event_class,60.0,9959.50773331985,0.995950773331985,16064,1065.05,63903,664,132.64533746459477,133.0,149.0,158.0,165,124.77095880362226,237.22294906006377,0.0,512
10000,2,250,event_class,60.0,9959.50773331985,0.995950773331985,16064,1065.05,63903,664,132.64533746459477,133.0,149.0,158.0,165,124.77095880362226,237.22294906006377,0.0,1024
10000,2,250,event_class,60.0,9959.50773331985,0.995950773331985,16064,1065.05,63903,664,132.64533746459477,133.0,149.0,158.0,165,124.77095880362226,237.22294906006377,0.0,4096
10000,2,250,pooled,60.0,9959.50773331985,0.995950773331985,16064,1065.05,63903,240,267.11858598187877,267.0,287.0,299.0,304,124.77095880362226,237.22294906006377,1.0,32
10000,2,250,pooled,60.0,9959.50773331985,0.995950773331985,16064,1065.05,63903,240,267.11858598187877,267.0,287.0,299.0,304,124.77095880362226,237.22294906006377,1.0,64
10000,2,250,pooled,60.0,9959.50773331985,0.995950773331985,16064,1065.05,63903,240,267.11858598187877,267.0,287.0,299.0,304,124.77095880362226,237.22294906006377,1.0,128
10000,2,250,pooled,60.0,9959.50773331985,0.995950773331985,16064,1065.05,63903,240,267.11858598187877,267.0,287.0,299.0,304,124.77095880362226,237.22294906006377,0.772185969359811,256
10000,2,250,pooled,60.0,9959.50773331985,0.995950773331985,16064,1065.05,63903,240,267.11858598187877,267.0,287.0,299.0,304,124.77095880362226,237.22294906006377,0.0,512
10000,2,250,pooled,60.0,9959.50773331985,0.995950773331985,16064,1065.05,63903,240,267.11858598187877,267.0,287.0,299.0,304,124.77095880362226,237.22294906006377,0.0,1024
10000,2,250,pooled,60.0,9959.50773331985,0.995950773331985,16064,1065.05,63903,240,267.11858598187877,267.0,287.0,299.0,304,124.77095880362226,237.22294906006377,0.0,4096
10000,2,250,route_key,60.0,9959.50773331985,0.995950773331985,16064,1065.05,63903,8605,73.20171196970408,58.0,138.0,153.0,157,124.77095880362226,237.22294906006377,0.6645697385099291,32
10000,2,250,route_key,60.0,9959.50773331985,0.995950773331985,16064,1065.05,63903,8605,73.20171196970408,58.0,138.0,153.0,157,124.77095880362226,237.22294906006377,0.4870819836314414,64
10000,2,250,route_key,60.0,9959.50773331985,0.995950773331985,16064,1065.05,63903,8605,73.20171196970408,58.0,138.0,153.0,157,124.77095880362226,237.22294906006377,0.2832730857706211,128
10000,2,250,route_key,60.0,9959.50773331985,0.995950773331985,16064,1065.05,63903,8605,73.20171196970408,58.0,138.0,153.0,157,124.77095880362226,237.22294906006377,0.0,256
10000,2,250,route_key,60.0,9959.50773331985,0.995950773331985,16064,1065.05,63903,8605,73.20171196970408,58.0,138.0,153.0,157,124.77095880362226,237.22294906006377,0.0,512
10000,2,250,route_key,60.0,9959.50773331985,0.995950773331985,16064,1065.05,63903,8605,73.20171196970408,58.0,138.0,153.0,157,124.77095880362226,237.22294906006377,0.0,1024
10000,2,250,route_key,60.0,9959.50773331985,0.995950773331985,16064,1065.05,63903,8605,73.20171196970408,58.0,138.0,153.0,157,124.77095880362226,237.22294906006377,0.0,4096
10000,2,500,event_class,60.0,9959.50773331985,0.995950773331985,16064,1065.05,63903,352,264.3912961832778,265.0,289.0,311.0,314,249.49515015614094,473.7618456765794,0.9942256232101779,32
10000,2,500,event_class,60.0,9959.50773331985,0.995950773331985,16064,1065.05,63903,352,264.3912961832778,265.0,289.0,311.0,314,249.49515015614094,473.7618456765794,0.9942256232101779,64
10000,2,500,event_class,60.0,9959.50773331985,0.995950773331985,16064,1065.05,63903,352,264.3912961832778,265.0,289.0,311.0,314,249.49515015614094,473.7618456765794,0.9942256232101779,128
10000,2,500,event_class,60.0,9959.50773331985,0.995950773331985,16064,1065.05,63903,352,264.3912961832778,265.0,289.0,311.0,314,249.49515015614094,473.7618456765794,0.7143013630033018,256
10000,2,500,event_class,60.0,9959.50773331985,0.995950773331985,16064,1065.05,63903,352,264.3912961832778,265.0,289.0,311.0,314,249.49515015614094,473.7618456765794,0.0,512
10000,2,500,event_class,60.0,9959.50773331985,0.995950773331985,16064,1065.05,63903,352,264.3912961832778,265.0,289.0,311.0,314,249.49515015614094,473.7618456765794,0.0,1024
10000,2,500,event_class,60.0,9959.50773331985,0.995950773331985,16064,1065.05,63903,352,264.3912961832778,265.0,289.0,311.0,314,249.49515015614094,473.7618456765794,0.0,4096
10000,2,500,pooled,60.0,9959.50773331985,0.995950773331985,16064,1065.05,63903,120,533.2839616293445,533.0,558.0,580.0,587,249.49515015614094,473.7618456765794,1.0,32
10000,2,500,pooled,60.0,9959.50773331985,0.995950773331985,16064,1065.05,63903,120,533.2839616293445,533.0,558.0,580.0,587,249.49515015614094,473.7618456765794,1.0,64
10000,2,500,pooled,60.0,9959.50773331985,0.995950773331985,16064,1065.05,63903,120,533.2839616293445,533.0,558.0,580.0,587,249.49515015614094,473.7618456765794,1.0,128
10000,2,500,pooled,60.0,9959.50773331985,0.995950773331985,16064,1065.05,63903,120,533.2839616293445,533.0,558.0,580.0,587,249.49515015614094,473.7618456765794,1.0,256
10000,2,500,pooled,60.0,9959.50773331985,0.995950773331985,16064,1065.05,63903,120,533.2839616293445,533.0,558.0,580.0,587,249.49515015614094,473.7618456765794,0.899363097194185,512
10000,2,500,pooled,60.0,9959.50773331985,0.995950773331985,16064,1065.05,63903,120,533.2839616293445,533.0,558.0,580.0,587,249.49515015614094,473.7618456765794,0.0,1024
10000,2,500,pooled,60.0,9959.50773331985,0.995950773331985,16064,1065.05,63903,120,533.2839616293445,533.0,558.0,580.0,587,249.49515015614094,473.7618456765794,0.0,4096
10000,2,500,route_key,60.0,9959.50773331985,0.995950773331985,16064,1065.05,63903,5550,145.41403376993256,109.0,269.0,284.0,289,249.49515015614094,473.7618456765794,0.6645697385099291,32
10000,2,500,route_key,60.0,9959.50773331985,0.995950773331985,16064,1065.05,63903,5550,145.41403376993256,109.0,269.0,284.0,289,249.49515015614094,473.7618456765794,0.6645697385099291,64
10000,2,500,route_key,60.0,9959.50773331985,0.995950773331985,16064,1065.05,63903,5550,145.41403376993256,109.0,269.0,284.0,289,249.49515015614094,473.7618456765794,0.4828098837300283,128
10000,2,500,route_key,60.0,9959.50773331985,0.995950773331985,16064,1065.05,63903,5550,145.41403376993256,109.0,269.0,284.0,289,249.49515015614094,473.7618456765794,0.27220944243619233,256
10000,2,500,route_key,60.0,9959.50773331985,0.995950773331985,16064,1065.05,63903,5550,145.41403376993256,109.0,269.0,284.0,289,249.49515015614094,473.7618456765794,0.0,512
10000,2,500,route_key,60.0,9959.50773331985,0.995950773331985,16064,1065.05,63903,5550,145.41403376993256,109.0,269.0,284.0,289,249.49515015614094,473.7618456765794,0.0,1024
10000,2,500,route_key,60.0,9959.50773331985,0.995950773331985,16064,1065.05,63903,5550,145.41403376993256,109.0,269.0,284.0,289,249.49515015614094,473.7618456765794,0.0,4096
10000,2,1000,event_class,60.0,9959.50773331985,0.995950773331985,16064,1065.05,63903,180,527.9547908548894,533.0,569.0,590.0,591,498.57578799786984,948.7565738057355,0.9942256232101779,32
10000,2,1000,event_class,60.0,9959.50773331985,0.995950773331985,16064,1065.05,63903,180,527.9547908548894,533.0,569.0,590.0,591,498.57578799786984,948.7565738057355,0.9942256232101779,64
10000,2,1000,event_class,60.0,9959.50773331985,0.995950773331985,16064,1065.05,63903,180,527.9547908548894,533.0,569.0,590.0,591,498.57578799786984,948.7565738057355,0.9942256232101779,128
10000,2,1000,event_class,60.0,9959.50773331985,0.995950773331985,16064,1065.05,63903,180,527.9547908548894,533.0,569.0,590.0,591,498.57578799786984,948.7565738057355,0.9942256232101779,256
10000,2,1000,event_class,60.0,9959.50773331985,0.995950773331985,16064,1065.05,63903,180,527.9547908548894,533.0,569.0,590.0,591,498.57578799786984,948.7565738057355,0.7467411545623837,512
10000,2,1000,event_class,60.0,9959.50773331985,0.995950773331985,16064,1065.05,63903,180,527.9547908548894,533.0,569.0,590.0,591,498.57578799786984,948.7565738057355,0.0,1024
10000,2,1000,event_class,60.0,9959.50773331985,0.995950773331985,16064,1065.05,63903,180,527.9547908548894,533.0,569.0,590.0,591,498.57578799786984,948.7565738057355,0.0,4096
10000,2,1000,pooled,60.0,9959.50773331985,0.995950773331985,16064,1065.05,63903,60,1065.954728260019,1065.0,1099.0,1144.0,1144,498.57578799786984,948.7565738057355,1.0,32
10000,2,1000,pooled,60.0,9959.50773331985,0.995950773331985,16064,1065.05,63903,60,1065.954728260019,1065.0,1099.0,1144.0,1144,498.57578799786984,948.7565738057355,1.0,64
10000,2,1000,pooled,60.0,9959.50773331985,0.995950773331985,16064,1065.05,63903,60,1065.954728260019,1065.0,1099.0,1144.0,1144,498.57578799786984,948.7565738057355,1.0,128
10000,2,1000,pooled,60.0,9959.50773331985,0.995950773331985,16064,1065.05,63903,60,1065.954728260019,1065.0,1099.0,1144.0,1144,498.57578799786984,948.7565738057355,1.0,256
10000,2,1000,pooled,60.0,9959.50773331985,0.995950773331985,16064,1065.05,63903,60,1065.954728260019,1065.0,1099.0,1144.0,1144,498.57578799786984,948.7565738057355,1.0,512
10000,2,1000,pooled,60.0,9959.50773331985,0.995950773331985,16064,1065.05,63903,60,1065.954728260019,1065.0,1099.0,1144.0,1144,498.57578799786984,948.7565738057355,0.9219598453906702,1024
10000,2,1000,pooled,60.0,9959.50773331985,0.995950773331985,16064,1065.05,63903,60,1065.954728260019,1065.0,1099.0,1144.0,1144,498.57578799786984,948.7565738057355,0.0,4096
10000,2,1000,route_key,60.0,9959.50773331985,0.995950773331985,16064,1065.05,63903,3323,290.00029732563416,212.0,535.0,557.0,566,498.57578799786984,948.7565738057355,0.7373832214450026,32
10000,2,1000,route_key,60.0,9959.50773331985,0.995950773331985,16064,1065.05,63903,3323,290.00029732563416,212.0,535.0,557.0,566,498.57578799786984,948.7565738057355,0.6645697385099291,64
10000,2,1000,route_key,60.0,9959.50773331985,0.995950773331985,16064,1065.05,63903,3323,290.00029732563416,212.0,535.0,557.0,566,498.57578799786984,948.7565738057355,0.6645697385099291,128
10000,2,1000,route_key,60.0,9959.50773331985,0.995950773331985,16064,1065.05,63903,3323,290.00029732563416,212.0,535.0,557.0,566,498.57578799786984,948.7565738057355,0.4828098837300283,256
10000,2,1000,route_key,60.0,9959.50773331985,0.995950773331985,16064,1065.05,63903,3323,290.00029732563416,212.0,535.0,557.0,566,498.57578799786984,948.7565738057355,0.2737586654773641,512
10000,2,1000,route_key,60.0,9959.50773331985,0.995950773331985,16064,1065.05,63903,3323,290.00029732563416,212.0,535.0,557.0,566,498.57578799786984,948.7565738057355,0.0,1024
10000,2,1000,route_key,60.0,9959.50773331985,0.995950773331985,16064,1065.05,63903,3323,290.00029732563416,212.0,535.0,557.0,566,498.57578799786984,948.7565738057355,0.0,4096
10000,3,1,event_class,60.0,9863.256570397918,0.9863256570397918,15926,1077.2,64632,50091,1.5333890332962001,1.0,3.0,4.0,7,0.4995120694806339,0.9494902242803248,0.0,32
10000,3,1,event_class,60.0,9863.256570397918,0.9863256570397918,15926,1077.2,64632,50091,1.5333890332962001,1.0,3.0,4.0,7,0.4995120694806339,0.9494902242803248,0.0,64
10000,3,1,event_class,60.0,9863.256570397918,0.9863256570397918,15926,1077.2,64632,50091,1.5333890332962001,1.0,3.0,4.0,7,0.4995120694806339,0.9494902242803248,0.0,128
10000,3,1,event_class,60.0,9863.256570397918,0.9863256570397918,15926,1077.2,64632,50091,1.5333890332962001,1.0,3.0,4.0,7,0.4995120694806339,0.9494902242803248,0.0,256
10000,3,1,event_class,60.0,9863.256570397918,0.9863256570397918,15926,1077.2,64632,50091,1.5333890332962001,1.0,3.0,4.0,7,0.4995120694806339,0.9494902242803248,0.0,512
10000,3,1,event_class,60.0,9863.256570397918,0.9863256570397918,15926,1077.2,64632,50091,1.5333890332962001,1.0,3.0,4.0,7,0.4995120694806339,0.9494902242803248,0.0,1024
10000,3,1,event_class,60.0,9863.256570397918,0.9863256570397918,15926,1077.2,64632,50091,1.5333890332962001,1.0,3.0,4.0,7,0.4995120694806339,0.9494902242803248,0.0,4096
10000,3,1,pooled,60.0,9863.256570397918,0.9863256570397918,15926,1077.2,64632,39580,2.0772063374179974,2.0,3.0,5.0,7,0.4995120694806339,0.9494902242803248,0.0,32
10000,3,1,pooled,60.0,9863.256570397918,0.9863256570397918,15926,1077.2,64632,39580,2.0772063374179974,2.0,3.0,5.0,7,0.4995120694806339,0.9494902242803248,0.0,64
10000,3,1,pooled,60.0,9863.256570397918,0.9863256570397918,15926,1077.2,64632,39580,2.0772063374179974,2.0,3.0,5.0,7,0.4995120694806339,0.9494902242803248,0.0,128
10000,3,1,pooled,60.0,9863.256570397918,0.9863256570397918,15926,1077.2,64632,39580,2.0772063374179974,2.0,3.0,5.0,7,0.4995120694806339,0.9494902242803248,0.0,256
10000,3,1,pooled,60.0,9863.256570397918,0.9863256570397918,15926,1077.2,64632,39580,2.0772063374179974,2.0,3.0,5.0,7,0.4995120694806339,0.9494902242803248,0.0,512
10000,3,1,pooled,60.0,9863.256570397918,0.9863256570397918,15926,1077.2,64632,39580,2.0772063374179974,2.0,3.0,5.0,7,0.4995120694806339,0.9494902242803248,0.0,1024
10000,3,1,pooled,60.0,9863.256570397918,0.9863256570397918,15926,1077.2,64632,39580,2.0772063374179974,2.0,3.0,5.0,7,0.4995120694806339,0.9494902242803248,0.0,4096
10000,3,1,route_key,60.0,9863.256570397918,0.9863256570397918,15926,1077.2,64632,56649,1.2860502537442753,1.0,2.0,3.0,5,0.4995120694806339,0.9494902242803248,0.0,32
10000,3,1,route_key,60.0,9863.256570397918,0.9863256570397918,15926,1077.2,64632,56649,1.2860502537442753,1.0,2.0,3.0,5,0.4995120694806339,0.9494902242803248,0.0,64
10000,3,1,route_key,60.0,9863.256570397918,0.9863256570397918,15926,1077.2,64632,56649,1.2860502537442753,1.0,2.0,3.0,5,0.4995120694806339,0.9494902242803248,0.0,128
10000,3,1,route_key,60.0,9863.256570397918,0.9863256570397918,15926,1077.2,64632,56649,1.2860502537442753,1.0,2.0,3.0,5,0.4995120694806339,0.9494902242803248,0.0,256
10000,3,1,route_key,60.0,9863.256570397918,0.9863256570397918,15926,1077.2,64632,56649,1.2860502537442753,1.0,2.0,3.0,5,0.4995120694806339,0.9494902242803248,0.0,512
10000,3,1,route_key,60.0,9863.256570397918,0.9863256570397918,15926,1077.2,64632,56649,1.2860502537442753,1.0,2.0,3.0,5,0.4995120694806339,0.9494902242803248,0.0,1024
10000,3,1,route_key,60.0,9863.256570397918,0.9863256570397918,15926,1077.2,64632,56649,1.2860502537442753,1.0,2.0,3.0,5,0.4995120694806339,0.9494902242803248,0.0,4096
10000,3,5,event_class,60.0,9863.256570397918,0.9863256570397918,15926,1077.2,64632,22750,3.6617774477039235,3.0,6.0,8.0,11,2.4964330993110537,4.752850208604809,0.0,32
10000,3,5,event_class,60.0,9863.256570397918,0.9863256570397918,15926,1077.2,64632,22750,3.6617774477039235,3.0,6.0,8.0,11,2.4964330993110537,4.752850208604809,0.0,64
10000,3,5,event_class,60.0,9863.256570397918,0.9863256570397918,15926,1077.2,64632,22750,3.6617774477039235,3.0,6.0,8.0,11,2.4964330993110537,4.752850208604809,0.0,128
10000,3,5,event_class,60.0,9863.256570397918,0.9863256570397918,15926,1077.2,64632,22750,3.6617774477039235,3.0,6.0,8.0,11,2.4964330993110537,4.752850208604809,0.0,256
10000,3,5,event_class,60.0,9863.256570397918,0.9863256570397918,15926,1077.2,64632,22750,3.6617774477039235,3.0,6.0,8.0,11,2.4964330993110537,4.752850208604809,0.0,512
10000,3,5,event_class,60.0,9863.256570397918,0.9863256570397918,15926,1077.2,64632,22750,3.6617774477039235,3.0,6.0,8.0,11,2.4964330993110537,4.752850208604809,0.0,1024
10000,3,5,event_class,60.0,9863.256570397918,0.9863256570397918,15926,1077.2,64632,22750,3.6617774477039235,3.0,6.0,8.0,11,2.4964330993110537,4.752850208604809,0.0,4096
10000,3,5,pooled,60.0,9863.256570397918,0.9863256570397918,15926,1077.2,64632,11946,6.383803688575319,6.0,9.900000000001455,12.0,17,2.4964330993110537,4.752850208604809,0.0,32
10000,3,5,pooled,60.0,9863.256570397918,0.9863256570397918,15926,1077.2,64632,11946,6.383803688575319,6.0,9.900000000001455,12.0,17,2.4964330993110537,4.752850208604809,0.0,64
10000,3,5,pooled,60.0,9863.256570397918,0.9863256570397918,15926,1077.2,64632,11946,6.383803688575319,6.0,9.900000000001455,12.0,17,2.4964330993110537,4.752850208604809,0.0,128
10000,3,5,pooled,60.0,9863.256570397918,0.9863256570397918,15926,1077.2,64632,11946,6.383803688575319,6.0,9.900000000001455,12.0,17,2.4964330993110537,4.752850208604809,0.0,256
10000,3,5,pooled,60.0,9863.256570397918,0.9863256570397918,15926,1077.2,64632,11946,6.383803688575319,6.0,9.900000000001455,12.0,17,2.4964330993110537,4.752850208604809,0.0,512
10000,3,5,pooled,60.0,9863.256570397918,0.9863256570397918,15926,1077.2,64632,11946,6.383803688575319,6.0,9.900000000001455,12.0,17,2.4964330993110537,4.752850208604809,0.0,1024
10000,3,5,pooled,60.0,9863.256570397918,0.9863256570397918,15926,1077.2,64632,11946,6.383803688575319,6.0,9.900000000001455,12.0,17,2.4964330993110537,4.752850208604809,0.0,4096
10000,3,5,route_key,60.0,9863.256570397918,0.9863256570397918,15926,1077.2,64632,39820,2.4240314395345957,2.0,5.0,7.0,11,2.4964330993110537,4.752850208604809,0.0,32
10000,3,5,route_key,60.0,9863.256570397918,0.9863256570397918,15926,1077.2,64632,39820,2.4240314395345957,2.0,5.0,7.0,11,2.4964330993110537,4.752850208604809,0.0,64
10000,3,5,route_key,60.0,9863.256570397918,0.9863256570397918,15926,1077.2,64632,39820,2.4240314395345957,2.0,5.0,7.0,11,2.4964330993110537,4.752850208604809,0.0,128
10000,3,5,route_key,60.0,9863.256570397918,0.9863256570397918,15926,1077.2,64632,39820,2.4240314395345957,2.0,5.0,7.0,11,2.4964330993110537,4.752850208604809,0.0,256
10000,3,5,route_key,60.0,9863.256570397918,0.9863256570397918,15926,1077.2,64632,39820,2.4240314395345957,2.0,5.0,7.0,11,2.4964330993110537,4.752850208604809,0.0,512
10000,3,5,route_key,60.0,9863.256570397918,0.9863256570397918,15926,1077.2,64632,39820,2.4240314395345957,2.0,5.0,7.0,11,2.4964330993110537,4.752850208604809,0.0,1024
10000,3,5,route_key,60.0,9863.256570397918,0.9863256570397918,15926,1077.2,64632,39820,2.4240314395345957,2.0,5.0,7.0,11,2.4964330993110537,4.752850208604809,0.0,4096
10000,3,10,event_class,60.0,9863.256570397918,0.9863256570397918,15926,1077.2,64632,12345,6.316530511201881,6.0,9.0,13.0,17,5.008888229896518,9.506785764291514,0.0,32
10000,3,10,event_class,60.0,9863.256570397918,0.9863256570397918,15926,1077.2,64632,12345,6.316530511201881,6.0,9.0,13.0,17,5.008888229896518,9.506785764291514,0.0,64
10000,3,10,event_class,60.0,9863.256570397918,0.9863256570397918,15926,1077.2,64632,12345,6.316530511201881,6.0,9.0,13.0,17,5.008888229896518,9.506785764291514,0.0,128
10000,3,10,event_class,60.0,9863.256570397918,0.9863256570397918,15926,1077.2,64632,12345,6.316530511201881,6.0,9.0,13.0,17,5.008888229896518,9.506785764291514,0.0,256
10000,3,10,event_class,60.0,9863.256570397918,0.9863256570397918,15926,1077.2,64632,12345,6.316530511201881,6.0,9.0,13.0,17,5.008888229896518,9.506785764291514,0.0,512
10000,3,10,event_class,60.0,9863.256570397918,0.9863256570397918,15926,1077.2,64632,12345,6.316530511201881,6.0,9.0,13.0,17,5.008888229896518,9.506785764291514,0.0,1024
10000,3,10,event_class,60.0,9863.256570397918,0.9863256570397918,15926,1077.2,64632,12345,6.316530511201881,6.0,9.0,13.0,17,5.008888229896518,9.506785764291514,0.0,4096
10000,3,10,pooled,60.0,9863.256570397918,0.9863256570397918,15926,1077.2,64632,6000,11.767854932541155,12.0,16.0,20.0,23,5.008888229896518,9.506785764291514,0.0,32
10000,3,10,pooled,60.0,9863.256570397918,0.9863256570397918,15926,1077.2,64632,6000,11.767854932541155,12.0,16.0,20.0,23,5.008888229896518,9.506785764291514,0.0,64
10000,3,10,pooled,60.0,9863.256570397918,0.9863256570397918,15926,1077.2,64632,6000,11.767854932541155,12.0,16.0,20.0,23,5.008888229896518,9.506785764291514,0.0,128
10000,3,10,pooled,60.0,9863.256570397918,0.9863256570397918,15926,1077.2,64632,6000,11.767854932541155,12.0,16.0,20.0,23,5.008888229896518,9.506785764291514,0.0,256
10000,3,10,pooled,60.0,9863.256570397918,0.9863256570397918,15926,1077.2,64632,6000,11.767854932541155,12.0,16.0,20.0,23,5.008888229896518,9.506785764291514,0.0,512
10000,3,10,pooled,60.0,9863.256570397918,0.9863256570397918,15926,1077.2,64632,6000,11.767854932541155,12.0,16.0,20.0,23,5.008888229896518,9.506785764291514,0.0,1024
10000,3,10,pooled,60.0,9863.256570397918,0.9863256570397918,15926,1077.2,64632,6000,11.767854932541155,12.0,16.0,20.0,23,5.008888229896518,9.506785764291514,0.0,4096
10000,3,10,route_key,60.0,9863.256570397918,0.9863256570397918,15926,1077.2,64632,31517,3.8522403762841937,3.0,8.0,11.0,15,5.008888229896518,9.506785764291514,0.0,32
10000,3,10,route_key,60.0,9863.256570397918,0.9863256570397918,15926,1077.2,64632,31517,3.8522403762841937,3.0,8.0,11.0,15,5.008888229896518,9.506785764291514,0.0,64
10000,3,10,route_key,60.0,9863.256570397918,0.9863256570397918,15926,1077.2,64632,31517,3.8522403762841937,3.0,8.0,11.0,15,5.008888229896518,9.506785764291514,0.0,128
10000,3,10,route_key,60.0,9863.256570397918,0.9863256570397918,15926,1077.2,64632,31517,3.8522403762841937,3.0,8.0,11.0,15,5.008888229896518,9.506785764291514,0.0,256
10000,3,10,route_key,60.0,9863.256570397918,0.9863256570397918,15926,1077.2,64632,31517,3.8522403762841937,3.0,8.0,11.0,15,5.008888229896518,9.506785764291514,0.0,512
10000,3,10,route_key,60.0,9863.256570397918,0.9863256570397918,15926,1077.2,64632,31517,3.8522403762841937,3.0,8.0,11.0,15,5.008888229896518,9.506785764291514,0.0,1024
10000,3,10,route_key,60.0,9863.256570397918,0.9863256570397918,15926,1077.2,64632,31517,3.8522403762841937,3.0,8.0,11.0,15,5.008888229896518,9.506785764291514,0.0,4096
10000,3,25,event_class,60.0,9863.256570397918,0.9863256570397918,15926,1077.2,64632,5171,14.300408466394355,14.0,19.0,25.0,29,12.472683254034182,23.72271908716037,0.0,32
10000,3,25,event_class,60.0,9863.256570397918,0.9863256570397918,15926,1077.2,64632,5171,14.300408466394355,14.0,19.0,25.0,29,12.472683254034182,23.72271908716037,0.0,64
10000,3,25,event_class,60.0,9863.256570397918,0.9863256570397918,15926,1077.2,64632,5171,14.300408466394355,14.0,19.0,25.0,29,12.472683254034182,23.72271908716037,0.0,128
10000,3,25,event_class,60.0,9863.256570397918,0.9863256570397918,15926,1077.2,64632,5171,14.300408466394355,14.0,19.0,25.0,29,12.472683254034182,23.72271908716037,0.0,256
10000,3,25,event_class,60.0,9863.256570397918,0.9863256570397918,15926,1077.2,64632,5171,14.300408466394355,14.0,19.0,25.0,29,12.472683254034182,23.72271908716037,0.0,512
10000,3,25,event_class,60.0,9863.256570397918,0.9863256570397918,15926,1077.2,64632,5171,14.300408466394355,14.0,19.0,25.0,29,12.472683254034182,23.72271908716037,0.0,1024
10000,3,25,event_class,60.0,9863.256570397918,0.9863256570397918,15926,1077.2,64632,5171,14.300408466394355,14.0,19.0,25.0,29,12.472683254034182,23.72271908716037,0.0,4096
10000,3,25,pooled,60.0,9863.256570397918,0.9863256570397918,15926,1077.2,64632,2400,27.91378883525189,28.0,35.0,41.0,48,12.472683254034182,23.72271908716037,0.2341873994306226,32
10000,3,25,pooled,60.0,9863.256570397918,0.9863256570397918,15926,1077.2,64632,2400,27.91378883525189,28.0,35.0,41.0,48,12.472683254034182,23.72271908716037,0.0,64
10000,3,25,pooled,60.0,9863.256570397918,0.9863256570397918,15926,1077.2,64632,2400,27.91378883525189,28.0,35.0,41.0,48,12.472683254034182,23.72271908716037,0.0,128
10000,3,25,pooled,60.0,9863.256570397918,0.9863256570397918,15926,1077.2,64632,2400,27.91378883525189,28.0,35.0,41.0,48,12.472683254034182,23.72271908716037,0.0,256
10000,3,25,pooled,60.0,9863.256570397918,0.9863256570397918,15926,1077.2,64632,2400,27.91378883525189,28.0,35.0,41.0,48,12.472683254034182,23.72271908716037,0.0,512
10000,3,25,pooled,60.0,9863.256570397918,0.9863256570397918,15926,1077.2,64632,2400,27.91378883525189,28.0,35.0,41.0,48,12.472683254034182,23.72271908716037,0.0,1024
10000,3,25,pooled,60.0,9863.256570397918,0.9863256570397918,15926,1077.2,64632,2400,27.91378883525189,28.0,35.0,41.0,48,12.472683254034182,23.72271908716037,0.0,4096
10000,3,25,route_key,60.0,9863.256570397918,0.9863256570397918,15926,1077.2,64632,23062,8.127645748236167,8.0,16.0,21.0,27,12.472683254034182,23.72271908716037,0.0,32
10000,3,25,route_key,60.0,9863.256570397918,0.9863256570397918,15926,1077.2,64632,23062,8.127645748236167,8.0,16.0,21.0,27,12.472683254034182,23.72271908716037,0.0,64
10000,3,25,route_key,60.0,9863.256570397918,0.9863256570397918,15926,1077.2,64632,23062,8.127645748236167,8.0,16.0,21.0,27,12.472683254034182,23.72271908716037,0.0,128
10000,3,25,route_key,60.0,9863.256570397918,0.9863256570397918,15926,1077.2,64632,23062,8.127645748236167,8.0,16.0,21.0,27,12.472683254034182,23.72271908716037,0.0,256
10000,3,25,route_key,60.0,9863.256570397918,0.9863256570397918,15926,1077.2,64632,23062,8.127645748236167,8.0,16.0,21.0,27,12.472683254034182,23.72271908716037,0.0,512
10000,3,25,route_key,60.0,9863.256570397918,0.9863256570397918,15926,1077.2,64632,23062,8.127645748236167,8.0,16.0,21.0,27,12.472683254034182,23.72271908716037,0.0,1024
10000,3,25,route_key,60.0,9863.256570397918,0.9863256570397918,15926,1077.2,64632,23062,8.127645748236167,8.0,16.0,21.0,27,12.472683254034182,23.72271908716037,0.0,4096
10000,3,50,event_class,60.0,9863.256570397918,0.9863256570397918,15926,1077.2,64632,2742,27.58574699839089,27.0,34.0,41.0,46,24.995891571895314,47.459260598673936,0.23262470602797375,32
10000,3,50,event_class,60.0,9863.256570397918,0.9863256570397918,15926,1077.2,64632,2742,27.58574699839089,27.0,34.0,41.0,46,24.995891571895314,47.459260598673936,0.0,64
10000,3,50,event_class,60.0,9863.256570397918,0.9863256570397918,15926,1077.2,64632,2742,27.58574699839089,27.0,34.0,41.0,46,24.995891571895314,47.459260598673936,0.0,128
10000,3,50,event_class,60.0,9863.256570397918,0.9863256570397918,15926,1077.2,64632,2742,27.58574699839089,27.0,34.0,41.0,46,24.995891571895314,47.459260598673936,0.0,256
10000,3,50,event_class,60.0,9863.256570397918,0.9863256570397918,15926,1077.2,64632,2742,27.58574699839089,27.0,34.0,41.0,46,24.995891571895314,47.459260598673936,0.0,512
10000,3,50,event_class,60.0,9863.256570397918,0.9863256570397918,15926,1077.2,64632,2742,27.58574699839089,27.0,34.0,41.0,46,24.995891571895314,47.459260598673936,0.0,1024
10000,3,50,event_class,60.0,9863.256570397918,0.9863256570397918,15926,1077.2,64632,2742,27.58574699839089,27.0,34.0,41.0,46,24.995891571895314,47.459260598673936,0.0,4096
10000,3,50,pooled,60.0,9863.256570397918,0.9863256570397918,15926,1077.2,64632,1200,54.81374551305855,55.0,63.0,75.0,80,24.995891571895314,47.459260598673936,0.9995358336427775,32
10000,3,50,pooled,60.0,9863.256570397918,0.9863256570397918,15926,1077.2,64632,1200,54.81374551305855,55.0,63.0,75.0,80,24.995891571895314,47.459260598673936,0.09764512934769154,64
10000,3,50,pooled,60.0,9863.256570397918,0.9863256570397918,15926,1077.2,64632,1200,54.81374551305855,55.0,63.0,75.0,80,24.995891571895314,47.459260598673936,0.0,128
10000,3,50,pooled,60.0,9863.256570397918,0.9863256570397918,15926,1077.2,64632,1200,54.81374551305855,55.0,63.0,75.0,80,24.995891571895314,47.459260598673936,0.0,256
10000,3,50,pooled,60.0,9863.256570397918,0.9863256570397918,15926,1077.2,64632,1200,54.81374551305855,55.0,63.0,75.0,80,24.995891571895314,47.459260598673936,0.0,512
10000,3,50,pooled,60.0,9863.256570397918,0.9863256570397918,15926,1077.2,64632,1200,54.81374551305855,55.0,63.0,75.0,80,24.995891571895314,47.459260598673936,0.0,1024
10000,3,50,pooled,60.0,9863.256570397918,0.9863256570397918,15926,1077.2,64632,1200,54.81374551305855,55.0,63.0,75.0,80,24.995891571895314,47.459260598673936,0.0,4096
10000,3,50,route_key,60.0,9863.256570397918,0.9863256570397918,15926,1077.2,64632,18138,15.257457606139374,14.0,30.0,37.0,45,24.995891571895314,47.459260598673936,0.07599950488921896,32
10000,3,50,route_key,60.0,9863.256570397918,0.9863256570397918,15926,1077.2,64632,18138,15.257457606139374,14.0,30.0,37.0,45,24.995891571895314,47.459260598673936,0.0,64
10000,3,50,route_key,60.0,9863.256570397918,0.9863256570397918,15926,1077.2,64632,18138,15.257457606139374,14.0,30.0,37.0,45,24.995891571895314,47.459260598673936,0.0,128
10000,3,50,route_key,60.0,9863.256570397918,0.9863256570397918,15926,1077.2,64632,18138,15.257457606139374,14.0,30.0,37.0,45,24.995891571895314,47.459260598673936,0.0,256
10000,3,50,route_key,60.0,9863.256570397918,0.9863256570397918,15926,1077.2,64632,18138,15.257457606139374,14.0,30.0,37.0,45,24.995891571895314,47.459260598673936,0.0,512
10000,3,50,route_key,60.0,9863.256570397918,0.9863256570397918,15926,1077.2,64632,18138,15.257457606139374,14.0,30.0,37.0,45,24.995891571895314,47.459260598673936,0.0,1024
10000,3,50,route_key,60.0,9863.256570397918,0.9863256570397918,15926,1077.2,64632,18138,15.257457606139374,14.0,30.0,37.0,45,24.995891571895314,47.459260598673936,0.0,4096
10000,3,100,event_class,60.0,9863.256570397918,0.9863256570397918,15926,1077.2,64632,1498,54.240685728431735,54.0,64.0,74.0,78,50.063969304287944,95.02442301385443,0.9933314766679044,32
10000,3,100,event_class,60.0,9863.256570397918,0.9863256570397918,15926,1077.2,64632,1498,54.240685728431735,54.0,64.0,74.0,78,50.063969304287944,95.02442301385443,0.11505136774353261,64
10000,3,100,event_class,60.0,9863.256570397918,0.9863256570397918,15926,1077.2,64632,1498,54.240685728431735,54.0,64.0,74.0,78,50.063969304287944,95.02442301385443,0.0,128
10000,3,100,event_class,60.0,9863.256570397918,0.9863256570397918,15926,1077.2,64632,1498,54.240685728431735,54.0,64.0,74.0,78,50.063969304287944,95.02442301385443,0.0,256
10000,3,100,event_class,60.0,9863.256570397918,0.9863256570397918,15926,1077.2,64632,1498,54.240685728431735,54.0,64.0,74.0,78,50.063969304287944,95.02442301385443,0.0,512
10000,3,100,event_class,60.0,9863.256570397918,0.9863256570397918,15926,1077.2,64632,1498,54.240685728431735,54.0,64.0,74.0,78,50.063969304287944,95.02442301385443,0.0,1024
10000,3,100,event_class,60.0,9863.256570397918,0.9863256570397918,15926,1077.2,64632,1498,54.240685728431735,54.0,64.0,74.0,78,50.063969304287944,95.02442301385443,0.0,4096
10000,3,100,pooled,60.0,9863.256570397918,0.9863256570397918,15926,1077.2,64632,600,108.70147914345834,109.0,122.0,134.0,139,50.063969304287944,95.02442301385443,1.0,32
10000,3,100,pooled,60.0,9863.256570397918,0.9863256570397918,15926,1077.2,64632,600,108.70147914345834,109.0,122.0,134.0,139,50.063969304287944,95.02442301385443,1.0,64
10000,3,100,pooled,60.0,9863.256570397918,0.9863256570397918,15926,1077.2,64632,600,108.70147914345834,109.0,122.0,134.0,139,50.063969304287944,95.02442301385443,0.040660972892684735,128
10000,3,100,pooled,60.0,9863.256570397918,0.9863256570397918,15926,1077.2,64632,600,108.70147914345834,109.0,122.0,134.0,139,50.063969304287944,95.02442301385443,0.0,256
10000,3,100,pooled,60.0,9863.256570397918,0.9863256570397918,15926,1077.2,64632,600,108.70147914345834,109.0,122.0,134.0,139,50.063969304287944,95.02442301385443,0.0,512
10000,3,100,pooled,60.0,9863.256570397918,0.9863256570397918,15926,1077.2,64632,600,108.70147914345834,109.0,122.0,134.0,139,50.063969304287944,95.02442301385443,0.0,1024
10000,3,100,pooled,60.0,9863.256570397918,0.9863256570397918,15926,1077.2,64632,600,108.70147914345834,109.0,122.0,134.0,139,50.063969304287944,95.02442301385443,0.0,4096
10000,3,100,route_key,60.0,9863.256570397918,0.9863256570397918,15926,1077.2,64632,13803,29.555669018442877,26.0,58.0,67.0,76,50.063969304287944,95.02442301385443,0.4768380987746008,32
10000,3,100,route_key,60.0,9863.256570397918,0.9863256570397918,15926,1077.2,64632,13803,29.555669018442877,26.0,58.0,67.0,76,50.063969304287944,95.02442301385443,0.02484837232330734,64
10000,3,100,route_key,60.0,9863.256570397918,0.9863256570397918,15926,1077.2,64632,13803,29.555669018442877,26.0,58.0,67.0,76,50.063969304287944,95.02442301385443,0.0,128
10000,3,100,route_key,60.0,9863.256570397918,0.9863256570397918,15926,1077.2,64632,13803,29.555669018442877,26.0,58.0,67.0,76,50.063969304287944,95.02442301385443,0.0,256
10000,3,100,route_key,60.0,9863.256570397918,0.9863256570397918,15926,1077.2,64632,13803,29.555669018442877,26.0,58.0,67.0,76,50.063969304287944,95.02442301385443,0.0,512
10000,3,100,route_key,60.0,9863.256570397918,0.9863256570397918,15926,1077.2,64632,13803,29.555669018442877,26.0,58.0,67.0,76,50.063969304287944,95.02442301385443,0.0,1024
10000,3,100,route_key,60.0,9863.256570397918,0.9863256570397918,15926,1077.2,64632,13803,29.555669018442877,26.0,58.0,67.0,76,50.063969304287944,95.02442301385443,0.0,4096
10000,3,250,event_class,60.0,9863.256570397918,0.9863256570397918,15926,1077.2,64632,665,134.13139002351775,134.0,151.0,164.0,176,124.88294442496955,237.70630822952404,0.9937956430251269,32
10000,3,250,event_class,60.0,9863.256570397918,0.9863256570397918,15926,1077.2,64632,665,134.13139002351775,134.0,151.0,164.0,176,124.88294442496955,237.70630822952404,0.9937956430251269,64
10000,3,250,event_class,60.0,9863.256570397918,0.9863256570397918,15926,1077.2,64632,665,134.13139002351775,134.0,151.0,164.0,176,124.88294442496955,237.70630822952404,0.7213454635474688,128
10000,3,250,event_class,60.0,9863.256570397918,0.9863256570397918,15926,1077.2,64632,665,134.13139002351775,134.0,151.0,164.0,176,124.88294442496955,237.70630822952404,0.0,256
10000,3,250,event_class,60.0,9863.256570397918,0.9863256570397918,15926,1077.2,64632,665,134.13139002351775,134.0,151.0,164.0,176,124.88294442496955,237.70630822952404,0.0,512
10000,3,250,event_class,60.0,9863.256570397918,0.9863256570397918,15926,1077.2,64632,665,134.13139002351775,134.0,151.0,164.0,176,124.88294442496955,237.70630822952404,0.0,1024
10000,3,250,event_class,60.0,9863.256570397918,0.9863256570397918,15926,1077.2,64632,665,134.13139002351775,134.0,151.0,164.0,176,124.88294442496955,237.70630822952404,0.0,4096
10000,3,250,pooled,60.0,9863.256570397918,0.9863256570397918,15926,1077.2,64632,240,270.209060527293,272.0,291.0,302.0,305,124.88294442496955,237.70630822952404,1.0,32
10000,3,250,pooled,60.0,9863.256570397918,0.9863256570397918,15926,1077.2,64632,240,270.209060527293,272.0,291.0,302.0,305,124.88294442496955,237.70630822952404,1.0,64
10000,3,250,pooled,60.0,9863.256570397918,0.9863256570397918,15926,1077.2,64632,240,270.209060527293,272.0,291.0,302.0,305,124.88294442496955,237.70630822952404,1.0,128
10000,3,250,pooled,60.0,9863.256570397918,0.9863256570397918,15926,1077.2,64632,240,270.209060527293,272.0,291.0,302.0,305,124.88294442496955,237.70630822952404,0.8128481247679168,256
10000,3,250,pooled,60.0,9863.256570397918,0.9863256570397918,15926,1077.2,64632,240,270.209060527293,272.0,291.0,302.0,305,124.88294442496955,237.70630822952404,0.0,512
10000,3,250,pooled,60.0,9863.256570397918,0.9863256570397918,15926,1077.2,64632,240,270.209060527293,272.0,291.0,302.0,305,124.88294442496955,237.70630822952404,0.0,1024
10000,3,250,pooled,60.0,9863.256570397918,0.9863256570397918,15926,1077.2,64632,240,270.209060527293,272.0,291.0,302.0,305,124.88294442496955,237.70630822952404,0.0,4096
10000,3,250,route_key,60.0,9863.256570397918,0.9863256570397918,15926,1077.2,64632,8687,72.39584106943929,58.0,137.0,152.0,154,124.88294442496955,237.70630822952404,0.6593018937987375,32
10000,3,250,route_key,60.0,9863.256570397918,0.9863256570397918,15926,1077.2,64632,8687,72.39584106943929,58.0,137.0,152.0,154,124.88294442496955,237.70630822952404,0.47891137517019433,64
10000,3,250,route_key,60.0,9863.256570397918,0.9863256570397918,15926,1077.2,64632,8687,72.39584106943929,58.0,137.0,152.0,154,124.88294442496955,237.70630822952404,0.2709957915583612,128
10000,3,250,route_key,60.0,9863.256570397918,0.9863256570397918,15926,1077.2,64632,8687,72.39584106943929,58.0,137.0,152.0,154,124.88294442496955,237.70630822952404,0.0,256
10000,3,250,route_key,60.0,9863.256570397918,0.9863256570397918,15926,1077.2,64632,8687,72.39584106943929,58.0,137.0,152.0,154,124.88294442496955,237.70630822952404,0.0,512
10000,3,250,route_key,60.0,9863.256570397918,0.9863256570397918,15926,1077.2,64632,8687,72.39584106943929,58.0,137.0,152.0,154,124.88294442496955,237.70630822952404,0.0,1024
10000,3,250,route_key,60.0,9863.256570397918,0.9863256570397918,15926,1077.2,64632,8687,72.39584106943929,58.0,137.0,152.0,154,124.88294442496955,237.70630822952404,0.0,4096
10000,3,500,event_class,60.0,9863.256570397918,0.9863256570397918,15926,1077.2,64632,354,267.3737776952593,268.0,295.0,312.0,319,250.41673573577535,475.299065755029,0.9937956430251269,32
10000,3,500,event_class,60.0,9863.256570397918,0.9863256570397918,15926,1077.2,64632,354,267.3737776952593,268.0,295.0,312.0,319,250.41673573577535,475.299065755029,0.9937956430251269,64
10000,3,500,event_class,60.0,9863.256570397918,0.9863256570397918,15926,1077.2,64632,354,267.3737776952593,268.0,295.0,312.0,319,250.41673573577535,475.299065755029,0.9937956430251269,128
10000,3,500,event_class,60.0,9863.256570397918,0.9863256570397918,15926,1077.2,64632,354,267.3737776952593,268.0,295.0,312.0,319,250.41673573577535,475.299065755029,0.744399059289516,256
10000,3,500,event_class,60.0,9863.256570397918,0.9863256570397918,15926,1077.2,64632,354,267.3737776952593,268.0,295.0,312.0,319,250.41673573577535,475.299065755029,0.0,512
10000,3,500,event_class,60.0,9863.256570397918,0.9863256570397918,15926,1077.2,64632,354,267.3737776952593,268.0,295.0,312.0,319,250.41673573577535,475.299065755029,0.0,1024
10000,3,500,event_class,60.0,9863.256570397918,0.9863256570397918,15926,1077.2,64632,354,267.3737776952593,268.0,295.0,312.0,319,250.41673573577535,475.299065755029,0.0,4096
10000,3,500,pooled,60.0,9863.256570397918,0.9863256570397918,15926,1077.2,64632,120,539.4930684490655,542.0,566.0,580.0,584,250.41673573577535,475.299065755029,1.0,32
10000,3,500,pooled,60.0,9863.256570397918,0.9863256570397918,15926,1077.2,64632,120,539.4930684490655,542.0,566.0,580.0,584,250.41673573577535,475.299065755029,1.0,64
10000,3,500,pooled,60.0,9863.256570397918,0.9863256570397918,15926,1077.2,64632,120,539.4930684490655,542.0,566.0,580.0,584,250.41673573577535,475.299065755029,1.0,128
10000,3,500,pooled,60.0,9863.256570397918,0.9863256570397918,15926,1077.2,64632,120,539.4930684490655,542.0,566.0,580.0,584,250.41673573577535,475.299065755029,1.0,256
10000,3,500,pooled,60.0,9863.256570397918,0.9863256570397918,15926,1077.2,64632,120,539.4930684490655,542.0,566.0,580.0,584,250.41673573577535,475.299065755029,0.9075071172174775,512
10000,3,500,pooled,60.0,9863.256570397918,0.9863256570397918,15926,1077.2,64632,120,539.4930684490655,542.0,566.0,580.0,584,250.41673573577535,475.299065755029,0.0,1024
10000,3,500,pooled,60.0,9863.256570397918,0.9863256570397918,15926,1077.2,64632,120,539.4930684490655,542.0,566.0,580.0,584,250.41673573577535,475.299065755029,0.0,4096
10000,3,500,route_key,60.0,9863.256570397918,0.9863256570397918,15926,1077.2,64632,5645,143.8768721376408,109.0,269.0,284.0,302,250.41673573577535,475.299065755029,0.6604158930560713,32
10000,3,500,route_key,60.0,9863.256570397918,0.9863256570397918,15926,1077.2,64632,5645,143.8768721376408,109.0,269.0,284.0,302,250.41673573577535,475.299065755029,0.6593018937987375,64
10000,3,500,route_key,60.0,9863.256570397918,0.9863256570397918,15926,1077.2,64632,5645,143.8768721376408,109.0,269.0,284.0,302,250.41673573577535,475.299065755029,0.47581693278871146,128
10000,3,500,route_key,60.0,9863.256570397918,0.9863256570397918,15926,1077.2,64632,5645,143.8768721376408,109.0,269.0,284.0,302,250.41673573577535,475.299065755029,0.2727750959277138,256
10000,3,500,route_key,60.0,9863.256570397918,0.9863256570397918,15926,1077.2,64632,5645,143.8768721376408,109.0,269.0,284.0,302,250.41673573577535,475.299065755029,0.0,512
10000,3,500,route_key,60.0,9863.256570397918,0.9863256570397918,15926,1077.2,64632,5645,143.8768721376408,109.0,269.0,284.0,302,250.41673573577535,475.299065755029,0.0,1024
10000,3,500,route_key,60.0,9863.256570397918,0.9863256570397918,15926,1077.2,64632,5645,143.8768721376408,109.0,269.0,284.0,302,250.41673573577535,475.299065755029,0.0,4096
10000,3,1000,event_class,60.0,9863.256570397918,0.9863256570397918,15926,1077.2,64632,179,533.9472707018195,536.0,584.0,606.0,612,500.32390246433084,950.7803479904943,0.9937956430251269,32
10000,3,1000,event_class,60.0,9863.256570397918,0.9863256570397918,15926,1077.2,64632,179,533.9472707018195,536.0,584.0,606.0,612,500.32390246433084,950.7803479904943,0.9937956430251269,64
10000,3,1000,event_class,60.0,9863.256570397918,0.9863256570397918,15926,1077.2,64632,179,533.9472707018195,536.0,584.0,606.0,612,500.32390246433084,950.7803479904943,0.9937956430251269,128
10000,3,1000,event_class,60.0,9863.256570397918,0.9863256570397918,15926,1077.2,64632,179,533.9472707018195,536.0,584.0,606.0,612,500.32390246433084,950.7803479904943,0.9937956430251269,256
10000,3,1000,event_class,60.0,9863.256570397918,0.9863256570397918,15926,1077.2,64632,179,533.9472707018195,536.0,584.0,606.0,612,500.32390246433084,950.7803479904943,0.7644819903453398,512
10000,3,1000,event_class,60.0,9863.256570397918,0.9863256570397918,15926,1077.2,64632,179,533.9472707018195,536.0,584.0,606.0,612,500.32390246433084,950.7803479904943,0.0,1024
10000,3,1000,event_class,60.0,9863.256570397918,0.9863256570397918,15926,1077.2,64632,179,533.9472707018195,536.0,584.0,606.0,612,500.32390246433084,950.7803479904943,0.0,4096
10000,3,1000,pooled,60.0,9863.256570397918,0.9863256570397918,15926,1077.2,64632,60,1078.2158373561085,1076.0,1116.0,1160.0,1160,500.32390246433084,950.7803479904943,1.0,32
10000,3,1000,pooled,60.0,9863.256570397918,0.9863256570397918,15926,1077.2,64632,60,1078.2158373561085,1076.0,1116.0,1160.0,1160,500.32390246433084,950.7803479904943,1.0,64
10000,3,1000,pooled,60.0,9863.256570397918,0.9863256570397918,15926,1077.2,64632,60,1078.2158373561085,1076.0,1116.0,1160.0,1160,500.32390246433084,950.7803479904943,1.0,128
10000,3,1000,pooled,60.0,9863.256570397918,0.9863256570397918,15926,1077.2,64632,60,1078.2158373561085,1076.0,1116.0,1160.0,1160,500.32390246433084,950.7803479904943,1.0,256
10000,3,1000,pooled,60.0,9863.256570397918,0.9863256570397918,15926,1077.2,64632,60,1078.2158373561085,1076.0,1116.0,1160.0,1160,500.32390246433084,950.7803479904943,1.0,512
10000,3,1000,pooled,60.0,9863.256570397918,0.9863256570397918,15926,1077.2,64632,60,1078.2158373561085,1076.0,1116.0,1160.0,1160,500.32390246433084,950.7803479904943,0.9373839584106944,1024
10000,3,1000,pooled,60.0,9863.256570397918,0.9863256570397918,15926,1077.2,64632,60,1078.2158373561085,1076.0,1116.0,1160.0,1160,500.32390246433084,950.7803479904943,0.0,4096
10000,3,1000,route_key,60.0,9863.256570397918,0.9863256570397918,15926,1077.2,64632,3361,286.9015038989974,213.0,534.0,550.0,579,500.32390246433084,950.7803479904943,0.739355118207699,32
10000,3,1000,route_key,60.0,9863.256570397918,0.9863256570397918,15926,1077.2,64632,3361,286.9015038989974,213.0,534.0,550.0,579,500.32390246433084,950.7803479904943,0.6593018937987375,64
10000,3,1000,route_key,60.0,9863.256570397918,0.9863256570397918,15926,1077.2,64632,3361,286.9015038989974,213.0,534.0,550.0,579,500.32390246433084,950.7803479904943,0.6593018937987375,128
10000,3,1000,route_key,60.0,9863.256570397918,0.9863256570397918,15926,1077.2,64632,3361,286.9015038989974,213.0,534.0,550.0,579,500.32390246433084,950.7803479904943,0.47581693278871146,256
10000,3,1000,route_key,60.0,9863.256570397918,0.9863256570397918,15926,1077.2,64632,3361,286.9015038989974,213.0,534.0,550.0,579,500.32390246433084,950.7803479904943,0.254332219334076,512
10000,3,1000,route_key,60.0,9863.256570397918,0.9863256570397918,15926,1077.2,64632,3361,286.9015038989974,213.0,534.0,550.0,579,500.32390246433084,950.7803479904943,0.0,1024
10000,3,1000,route_key,60.0,9863.256570397918,0.9863256570397918,15926,1077.2,64632,3361,286.9015038989974,213.0,534.0,550.0,579,500.32390246433084,950.7803479904943,0.0,4096
10000,4,1,event_class,60.0,9995.862181863902,0.9995862181863903,16161,1087.0666666666666,65224,50567,1.5319207653624434,1.0,2.0,4.0,6,0.4996006251873513,0.9498804137882287,0.0,32
10000,4,1,event_class,60.0,9995.862181863902,0.9995862181863903,16161,1087.0666666666666,65224,50567,1.5319207653624434,1.0,2.0,4.0,6,0.4996006251873513,0.9498804137882287,0.0,64
10000,4,1,event_class,60.0,9995.862181863902,0.9995862181863903,16161,1087.0666666666666,65224,50567,1.5319207653624434,1.0,2.0,4.0,6,0.4996006251873513,0.9498804137882287,0.0,128
10000,4,1,event_class,60.0,9995.862181863902,0.9995862181863903,16161,1087.0666666666666,65224,50567,1.5319207653624434,1.0,2.0,4.0,6,0.4996006251873513,0.9498804137882287,0.0,256
10000,4,1,event_class,60.0,9995.862181863902,0.9995862181863903,16161,1087.0666666666666,65224,50567,1.5319207653624434,1.0,2.0,4.0,6,0.4996006251873513,0.9498804137882287,0.0,512
10000,4,1,event_class,60.0,9995.862181863902,0.9995862181863903,16161,1087.0666666666666,65224,50567,1.5319207653624434,1.0,2.0,4.0,6,0.4996006251873513,0.9498804137882287,0.0,1024
10000,4,1,event_class,60.0,9995.862181863902,0.9995862181863903,16161,1087.0666666666666,65224,50567,1.5319207653624434,1.0,2.0,4.0,6,0.4996006251873513,0.9498804137882287,0.0,4096
10000,4,1,pooled,60.0,9995.862181863902,0.9995862181863903,16161,1087.0666666666666,65224,39866,2.080277198577211,2.0,3.0,5.0,7,0.4996006251873513,0.9498804137882287,0.0,32
10000,4,1,pooled,60.0,9995.862181863902,0.9995862181863903,16161,1087.0666666666666,65224,39866,2.080277198577211,2.0,3.0,5.0,7,0.4996006251873513,0.9498804137882287,0.0,64
10000,4,1,pooled,60.0,9995.862181863902,0.9995862181863903,16161,1087.0666666666666,65224,39866,2.080277198577211,2.0,3.0,5.0,7,0.4996006251873513,0.9498804137882287,0.0,128
10000,4,1,pooled,60.0,9995.862181863902,0.9995862181863903,16161,1087.0666666666666,65224,39866,2.080277198577211,2.0,3.0,5.0,7,0.4996006251873513,0.9498804137882287,0.0,256
10000,4,1,pooled,60.0,9995.862181863902,0.9995862181863903,16161,1087.0666666666666,65224,39866,2.080277198577211,2.0,3.0,5.0,7,0.4996006251873513,0.9498804137882287,0.0,512
10000,4,1,pooled,60.0,9995.862181863902,0.9995862181863903,16161,1087.0666666666666,65224,39866,2.080277198577211,2.0,3.0,5.0,7,0.4996006251873513,0.9498804137882287,0.0,1024
10000,4,1,pooled,60.0,9995.862181863902,0.9995862181863903,16161,1087.0666666666666,65224,39866,2.080277198577211,2.0,3.0,5.0,7,0.4996006251873513,0.9498804137882287,0.0,4096
10000,4,1,route_key,60.0,9995.862181863902,0.9995862181863903,16161,1087.0666666666666,65224,57265,1.280663559425978,1.0,2.0,3.0,6,0.4996006251873513,0.9498804137882287,0.0,32
10000,4,1,route_key,60.0,9995.862181863902,0.9995862181863903,16161,1087.0666666666666,65224,57265,1.280663559425978,1.0,2.0,3.0,6,0.4996006251873513,0.9498804137882287,0.0,64
10000,4,1,route_key,60.0,9995.862181863902,0.9995862181863903,16161,1087.0666666666666,65224,57265,1.280663559425978,1.0,2.0,3.0,6,0.4996006251873513,0.9498804137882287,0.0,128
10000,4,1,route_key,60.0,9995.862181863902,0.9995862181863903,16161,1087.0666666666666,65224,57265,1.280663559425978,1.0,2.0,3.0,6,0.4996006251873513,0.9498804137882287,0.0,256
10000,4,1,route_key,60.0,9995.862181863902,0.9995862181863903,16161,1087.0666666666666,65224,57265,1.280663559425978,1.0,2.0,3.0,6,0.4996006251873513,0.9498804137882287,0.0,512
10000,4,1,route_key,60.0,9995.862181863902,0.9995862181863903,16161,1087.0666666666666,65224,57265,1.280663559425978,1.0,2.0,3.0,6,0.4996006251873513,0.9498804137882287,0.0,1024
10000,4,1,route_key,60.0,9995.862181863902,0.9995862181863903,16161,1087.0666666666666,65224,57265,1.280663559425978,1.0,2.0,3.0,6,0.4996006251873513,0.9498804137882287,0.0,4096
10000,4,5,event_class,60.0,9995.862181863902,0.9995862181863903,16161,1087.0666666666666,65224,22763,3.67695940144732,4.0,6.0,8.0,14,2.5038935235069837,4.748672153494482,0.0,32
10000,4,5,event_class,60.0,9995.862181863902,0.9995862181863903,16161,1087.0666666666666,65224,22763,3.67695940144732,4.0,6.0,8.0,14,2.5038935235069837,4.748672153494482,0.0,64
10000,4,5,event_class,60.0,9995.862181863902,0.9995862181863903,16161,1087.0666666666666,65224,22763,3.67695940144732,4.0,6.0,8.0,14,2.5038935235069837,4.748672153494482,0.0,128
10000,4,5,event_class,60.0,9995.862181863902,0.9995862181863903,16161,1087.0666666666666,65224,22763,3.67695940144732,4.0,6.0,8.0,14,2.5038935235069837,4.748672153494482,0.0,256
10000,4,5,event_class,60.0,9995.862181863902,0.9995862181863903,16161,1087.0666666666666,65224,22763,3.67695940144732,4.0,6.0,8.0,14,2.5038935235069837,4.748672153494482,0.0,512
10000,4,5,event_class,60.0,9995.862181863902,0.9995862181863903,16161,1087.0666666666666,65224,22763,3.67695940144732,4.0,6.0,8.0,14,2.5038935235069837,4.748672153494482,0.0,1024
10000,4,5,event_class,60.0,9995.862181863902,0.9995862181863903,16161,1087.0666666666666,65224,22763,3.67695940144732,4.0,6.0,8.0,14,2.5038935235069837,4.748672153494482,0.0,4096
10000,4,5,pooled,60.0,9995.862181863902,0.9995862181863903,16161,1087.0666666666666,65224,11954,6.419876119219919,6.0,9.0,12.0,15,2.5038935235069837,4.748672153494482,0.0,32
10000,4,5,pooled,60.0,9995.862181863902,0.9995862181863903,16161,1087.0666666666666,65224,11954,6.419876119219919,6.0,9.0,12.0,15,2.5038935235069837,4.748672153494482,0.0,64
10000,4,5,pooled,60.0,9995.862181863902,0.9995862181863903,16161,1087.0666666666666,65224,11954,6.419876119219919,6.0,9.0,12.0,15,2.5038935235069837,4.748672153494482,0.0,128
10000,4,5,pooled,60.0,9995.862181863902,0.9995862181863903,16161,1087.0666666666666,65224,11954,6.419876119219919,6.0,9.0,12.0,15,2.5038935235069837,4.748672153494482,0.0,256
10000,4,5,pooled,60.0,9995.862181863902,0.9995862181863903,16161,1087.0666666666666,65224,11954,6.419876119219919,6.0,9.0,12.0,15,2.5038935235069837,4.748672153494482,0.0,512
10000,4,5,pooled,60.0,9995.862181863902,0.9995862181863903,16161,1087.0666666666666,65224,11954,6.419876119219919,6.0,9.0,12.0,15,2.5038935235069837,4.748672153494482,0.0,1024
10000,4,5,pooled,60.0,9995.862181863902,0.9995862181863903,16161,1087.0666666666666,65224,11954,6.419876119219919,6.0,9.0,12.0,15,2.5038935235069837,4.748672153494482,0.0,4096
10000,4,5,route_key,60.0,9995.862181863902,0.9995862181863903,16161,1087.0666666666666,65224,40031,2.4363731141910954,2.0,5.0,7.0,14,2.5038935235069837,4.748672153494482,0.0,32
10000,4,5,route_key,60.0,9995.862181863902,0.9995862181863903,16161,1087.0666666666666,65224,40031,2.4363731141910954,2.0,5.0,7.0,14,2.5038935235069837,4.748672153494482,0.0,64
10000,4,5,route_key,60.0,9995.862181863902,0.9995862181863903,16161,1087.0666666666666,65224,40031,2.4363731141910954,2.0,5.0,7.0,14,2.5038935235069837,4.748672153494482,0.0,128
10000,4,5,route_key,60.0,9995.862181863902,0.9995862181863903,16161,1087.0666666666666,65224,40031,2.4363731141910954,2.0,5.0,7.0,14,2.5038935235069837,4.748672153494482,0.0,256
10000,4,5,route_key,60.0,9995.862181863902,0.9995862181863903,16161,1087.0666666666666,65224,40031,2.4363731141910954,2.0,5.0,7.0,14,2.5038935235069837,4.748672153494482,0.0,512
10000,4,5,route_key,60.0,9995.862181863902,0.9995862181863903,16161,1087.0666666666666,65224,40031,2.4363731141910954,2.0,5.0,7.0,14,2.5038935235069837,4.748672153494482,0.0,1024
10000,4,5,route_key,60.0,9995.862181863902,0.9995862181863903,16161,1087.0666666666666,65224,40031,2.4363731141910954,2.0,5.0,7.0,14,2.5038935235069837,4.748672153494482,0.0,4096
10000,4,10,event_class,60.0,9995.862181863902,0.9995862181863903,16161,1087.0666666666666,65224,12317,6.366613516496995,6.0,9.0,13.0,16,5.01155941336347,9.504773836342162,0.0,32
10000,4,10,event_class,60.0,9995.862181863902,0.9995862181863903,16161,1087.0666666666666,65224,12317,6.366613516496995,6.0,9.0,13.0,16,5.01155941336347,9.504773836342162,0.0,64
10000,4,10,event_class,60.0,9995.862181863902,0.9995862181863903,16161,1087.0666666666666,65224,12317,6.366613516496995,6.0,9.0,13.0,16,5.01155941336347,9.504773836342162,0.0,128
10000,4,10,event_class,60.0,9995.862181863902,0.9995862181863903,16161,1087.0666666666666,65224,12317,6.366613516496995,6.0,9.0,13.0,16,5.01155941336347,9.504773836342162,0.0,256
10000,4,10,event_class,60.0,9995.862181863902,0.9995862181863903,16161,1087.0666666666666,65224,12317,6.366613516496995,6.0,9.0,13.0,16,5.01155941336347,9.504773836342162,0.0,512
10000,4,10,event_class,60.0,9995.862181863902,0.9995862181863903,16161,1087.0666666666666,65224,12317,6.366613516496995,6.0,9.0,13.0,16,5.01155941336347,9.504773836342162,0.0,1024
10000,4,10,event_class,60.0,9995.862181863902,0.9995862181863903,16161,1087.0666666666666,65224,12317,6.366613516496995,6.0,9.0,13.0,16,5.01155941336347,9.504773836342162,0.0,4096
10000,4,10,pooled,60.0,9995.862181863902,0.9995862181863903,16161,1087.0666666666666,65224,6000,11.854010793572918,12.0,16.0,20.0,25,5.01155941336347,9.504773836342162,0.0,32
10000,4,10,pooled,60.0,9995.862181863902,0.9995862181863903,16161,1087.0666666666666,65224,6000,11.854010793572918,12.0,16.0,20.0,25,5.01155941336347,9.504773836342162,0.0,64
10000,4,10,pooled,60.0,9995.862181863902,0.9995862181863903,16161,1087.0666666666666,65224,6000,11.854010793572918,12.0,16.0,20.0,25,5.01155941336347,9.504773836342162,0.0,128
10000,4,10,pooled,60.0,9995.862181863902,0.9995862181863903,16161,1087.0666666666666,65224,6000,11.854010793572918,12.0,16.0,20.0,25,5.01155941336347,9.504773836342162,0.0,256
10000,4,10,pooled,60.0,9995.862181863902,0.9995862181863903,16161,1087.0666666666666,65224,6000,11.854010793572918,12.0,16.0,20.0,25,5.01155941336347,9.504773836342162,0.0,512
10000,4,10,pooled,60.0,9995.862181863902,0.9995862181863903,16161,1087.0666666666666,65224,6000,11.854010793572918,12.0,16.0,20.0,25,5.01155941336347,9.504773836342162,0.0,1024
10000,4,10,pooled,60.0,9995.862181863902,0.9995862181863903,16161,1087.0666666666666,65224,6000,11.854010793572918,12.0,16.0,20.0,25,5.01155941336347,9.504773836342162,0.0,4096
10000,4,10,route_key,60.0,9995.862181863902,0.9995862181863903,16161,1087.0666666666666,65224,31704,3.8794002207776277,3.0,8.0,11.0,16,5.01155941336347,9.504773836342162,0.0,32
10000,4,10,route_key,60.0,9995.862181863902,0.9995862181863903,16161,1087.0666666666666,65224,31704,3.8794002207776277,3.0,8.0,11.0,16,5.01155941336347,9.504773836342162,0.0,64
10000,4,10,route_key,60.0,9995.862181863902,0.9995862181863903,16161,1087.0666666666666,65224,31704,3.8794002207776277,3.0,8.0,11.0,16,5.01155941336347,9.504773836342162,0.0,128
10000,4,10,route_key,60.0,9995.862181863902,0.9995862181863903,16161,1087.0666666666666,65224,31704,3.8794002207776277,3.0,8.0,11.0,16,5.01155941336347,9.504773836342162,0.0,256
10000,4,10,route_key,60.0,9995.862181863902,0.9995862181863903,16161,1087.0666666666666,65224,31704,3.8794002207776277,3.0,8.0,11.0,16,5.01155941336347,9.504773836342162,0.0,512
10000,4,10,route_key,60.0,9995.862181863902,0.9995862181863903,16161,1087.0666666666666,65224,31704,3.8794002207776277,3.0,8.0,11.0,16,5.01155941336347,9.504773836342162,0.0,1024
10000,4,10,route_key,60.0,9995.862181863902,0.9995862181863903,16161,1087.0666666666666,65224,31704,3.8794002207776277,3.0,8.0,11.0,16,5.01155941336347,9.504773836342162,0.0,4096
10000,4,25,event_class,60.0,9995.862181863902,0.9995862181863903,16161,1087.0666666666666,65224,5148,14.433950692996444,14.0,19.0,24.0,30,12.544216104153154,23.760219551120443,0.0,32
10000,4,25,event_class,60.0,9995.862181863902,0.9995862181863903,16161,1087.0666666666666,65224,5148,14.433950692996444,14.0,19.0,24.0,30,12.544216104153154,23.760219551120443,0.0,64
10000,4,25,event_class,60.0,9995.862181863902,0.9995862181863903,16161,1087.0666666666666,65224,5148,14.433950692996444,14.0,19.0,24.0,30,12.544216104153154,23.760219551120443,0.0,128
10000,4,25,event_class,60.0,9995.862181863902,0.9995862181863903,16161,1087.0666666666666,65224,5148,14.433950692996444,14.0,19.0,24.0,30,12.544216104153154,23.760219551120443,0.0,256
10000,4,25,event_class,60.0,9995.862181863902,0.9995862181863903,16161,1087.0666666666666,65224,5148,14.433950692996444,14.0,19.0,24.0,30,12.544216104153154,23.760219551120443,0.0,512
10000,4,25,event_class,60.0,9995.862181863902,0.9995862181863903,16161,1087.0666666666666,65224,5148,14.433950692996444,14.0,19.0,24.0,30,12.544216104153154,23.760219551120443,0.0,1024
10000,4,25,event_class,60.0,9995.862181863902,0.9995862181863903,16161,1087.0666666666666,65224,5148,14.433950692996444,14.0,19.0,24.0,30,12.544216104153154,23.760219551120443,0.0,4096
10000,4,25,pooled,60.0,9995.862181863902,0.9995862181863903,16161,1087.0666666666666,65224,2400,28.14043910217098,28.0,35.0,41.0,48,12.544216104153154,23.760219551120443,0.24895743897951675,32
10000,4,25,pooled,60.0,9995.862181863902,0.9995862181863903,16161,1087.0666666666666,65224,2400,28.14043910217098,28.0,35.0,41.0,48,12.544216104153154,23.760219551120443,0.0,64
10000,4,25,pooled,60.0,9995.862181863902,0.9995862181863903,16161,1087.0666666666666,65224,2400,28.14043910217098,28.0,35.0,41.0,48,12.544216104153154,23.760219551120443,0.0,128
10000,4,25,pooled,60.0,9995.862181863902,0.9995862181863903,16161,1087.0666666666666,65224,2400,28.14043910217098,28.0,35.0,41.0,48,12.544216104153154,23.760219551120443,0.0,256
10000,4,25,pooled,60.0,9995.862181863902,0.9995862181863903,16161,1087.0666666666666,65224,2400,28.14043910217098,28.0,35.0,41.0,48,12.544216104153154,23.760219551120443,0.0,512
10000,4,25,pooled,60.0,9995.862181863902,0.9995862181863903,16161,1087.0666666666666,65224,2400,28.14043910217098,28.0,35.0,41.0,48,12.544216104153154,23.760219551120443,0.0,1024
10000,4,25,pooled,60.0,9995.862181863902,0.9995862181863903,16161,1087.0666666666666,65224,2400,28.14043910217098,28.0,35.0,41.0,48,12.544216104153154,23.760219551120443,0.0,4096
10000,4,25,route_key,60.0,9995.862181863902,0.9995862181863903,16161,1087.0666666666666,65224,23161,8.1787072243346,8.0,17.0,22.0,30,12.544216104153154,23.760219551120443,0.0,32
10000,4,25,route_key,60.0,9995.862181863902,0.9995862181863903,16161,1087.0666666666666,65224,23161,8.1787072243346,8.0,17.0,22.0,30,12.544216104153154,23.760219551120443,0.0,64
10000,4,25,route_key,60.0,9995.862181863902,0.9995862181863903,16161,1087.0666666666666,65224,23161,8.1787072243346,8.0,17.0,22.0,30,12.544216104153154,23.760219551120443,0.0,128
10000,4,25,route_key,60.0,9995.862181863902,0.9995862181863903,16161,1087.0666666666666,65224,23161,8.1787072243346,8.0,17.0,22.0,30,12.544216104153154,23.760219551120443,0.0,256
10000,4,25,route_key,60.0,9995.862181863902,0.9995862181863903,16161,1087.0666666666666,65224,23161,8.1787072243346,8.0,17.0,22.0,30,12.544216104153154,23.760219551120443,0.0,512
10000,4,25,route_key,60.0,9995.862181863902,0.9995862181863903,16161,1087.0666666666666,65224,23161,8.1787072243346,8.0,17.0,22.0,30,12.544216104153154,23.760219551120443,0.0,1024
10000,4,25,route_key,60.0,9995.862181863902,0.9995862181863903,16161,1087.0666666666666,65224,23161,8.1787072243346,8.0,17.0,22.0,30,12.544216104153154,23.760219551120443,0.0,4096
10000,4,50,event_class,60.0,9995.862181863902,0.9995862181863903,16161,1087.0666666666666,65224,2715,27.872286274990802,28.0,35.0,42.0,47,25.01278595574152,47.47380371964724,0.24231877836379248,32
10000,4,50,event_class,60.0,9995.862181863902,0.9995862181863903,16161,1087.0666666666666,65224,2715,27.872286274990802,28.0,35.0,42.0,47,25.01278595574152,47.47380371964724,0.0,64
10000,4,50,event_class,60.0,9995.862181863902,0.9995862181863903,16161,1087.0666666666666,65224,2715,27.872286274990802,28.0,35.0,42.0,47,25.01278595574152,47.47380371964724,0.0,128
10000,4,50,event_class,60.0,9995.862181863902,0.9995862181863903,16161,1087.0666666666666,65224,2715,27.872286274990802,28.0,35.0,42.0,47,25.01278595574152,47.47380371964724,0.0,256
10000,4,50,event_class,60.0,9995.862181863902,0.9995862181863903,16161,1087.0666666666666,65224,2715,27.872286274990802,28.0,35.0,42.0,47,25.01278595574152,47.47380371964724,0.0,512
10000,4,50,event_class,60.0,9995.862181863902,0.9995862181863903,16161,1087.0666666666666,65224,2715,27.872286274990802,28.0,35.0,42.0,47,25.01278595574152,47.47380371964724,0.0,1024
10000,4,50,event_class,60.0,9995.862181863902,0.9995862181863903,16161,1087.0666666666666,65224,2715,27.872286274990802,28.0,35.0,42.0,47,25.01278595574152,47.47380371964724,0.0,4096
10000,4,50,pooled,60.0,9995.862181863902,0.9995862181863903,16161,1087.0666666666666,65224,1200,55.282503372991535,55.0,64.0,72.0,78,25.01278595574152,47.47380371964724,1.0,32
10000,4,50,pooled,60.0,9995.862181863902,0.9995862181863903,16161,1087.0666666666666,65224,1200,55.282503372991535,55.0,64.0,72.0,78,25.01278595574152,47.47380371964724,0.1266711639887158,64
10000,4,50,pooled,60.0,9995.862181863902,0.9995862181863903,16161,1087.0666666666666,65224,1200,55.282503372991535,55.0,64.0,72.0,78,25.01278595574152,47.47380371964724,0.0,128
10000,4,50,pooled,60.0,9995.862181863902,0.9995862181863903,16161,1087.0666666666666,65224,1200,55.282503372991535,55.0,64.0,72.0,78,25.01278595574152,47.47380371964724,0.0,256
10000,4,50,pooled,60.0,9995.862181863902,0.9995862181863903,16161,1087.0666666666666,65224,1200,55.282503372991535,55.0,64.0,72.0,78,25.01278595574152,47.47380371964724,0.0,512
10000,4,50,pooled,60.0,9995.862181863902,0.9995862181863903,16161,1087.0666666666666,65224,1200,55.282503372991535,55.0,64.0,72.0,78,25.01278595574152,47.47380371964724,0.0,1024
10000,4,50,pooled,60.0,9995.862181863902,0.9995862181863903,16161,1087.0666666666666,65224,1200,55.282503372991535,55.0,64.0,72.0,78,25.01278595574152,47.47380371964724,0.0,4096
10000,4,50,route_key,60.0,9995.862181863902,0.9995862181863903,16161,1087.0666666666666,65224,18217,15.34058015454434,14.0,31.0,37.0,47,25.01278595574152,47.47380371964724,0.0765515761069545,32
10000,4,50,route_key,60.0,9995.862181863902,0.9995862181863903,16161,1087.0666666666666,65224,18217,15.34058015454434,14.0,31.0,37.0,47,25.01278595574152,47.47380371964724,0.0,64
10000,4,50,route_key,60.0,9995.862181863902,0.9995862181863903,16161,1087.0666666666666,65224,18217,15.34058015454434,14.0,31.0,37.0,47,25.01278595574152,47.47380371964724,0.0,128
10000,4,50,route_key,60.0,9995.862181863902,0.9995862181863903,16161,1087.0666666666666,65224,18217,15.34058015454434,14.0,31.0,37.0,47,25.01278595574152,47.47380371964724,0.0,256
10000,4,50,route_key,60.0,9995.862181863902,0.9995862181863903,16161,1087.0666666666666,65224,18217,15.34058015454434,14.0,31.0,37.0,47,25.01278595574152,47.47380371964724,0.0,512
10000,4,50,route_key,60.0,9995.862181863902,0.9995862181863903,16161,1087.0666666666666,65224,18217,15.34058015454434,14.0,31.0,37.0,47,25.01278595574152,47.47380371964724,0.0,1024
10000,4,50,route_key,60.0,9995.862181863902,0.9995862181863903,16161,1087.0666666666666,65224,18217,15.34058015454434,14.0,31.0,37.0,47,25.01278595574152,47.47380371964724,0.0,4096
10000,4,100,event_class,60.0,9995.862181863902,0.9995862181863903,16161,1087.0666666666666,65224,1472,54.80304795780694,55.0,65.0,75.0,89,49.933060701233984,94.92864670233656,0.9937139703176745,32
10000,4,100,event_class,60.0,9995.862181863902,0.9995862181863903,16161,1087.0666666666666,65224,1472,54.80304795780694,55.0,65.0,75.0,89,49.933060701233984,94.92864670233656,0.13530295596712866,64
10000,4,100,event_class,60.0,9995.862181863902,0.9995862181863903,16161,1087.0666666666666,65224,1472,54.80304795780694,55.0,65.0,75.0,89,49.933060701233984,94.92864670233656,0.0,128
10000,4,100,event_class,60.0,9995.862181863902,0.9995862181863903,16161,1087.0666666666666,65224,1472,54.80304795780694,55.0,65.0,75.0,89,49.933060701233984,94.92864670233656,0.0,256
10000,4,100,event_class,60.0,9995.862181863902,0.9995862181863903,16161,1087.0666666666666,65224,1472,54.80304795780694,55.0,65.0,75.0,89,49.933060701233984,94.92864670233656,0.0,512
10000,4,100,event_class,60.0,9995.862181863902,0.9995862181863903,16161,1087.0666666666666,65224,1472,54.80304795780694,55.0,65.0,75.0,89,49.933060701233984,94.92864670233656,0.0,1024
10000,4,100,event_class,60.0,9995.862181863902,0.9995862181863903,16161,1087.0666666666666,65224,1472,54.80304795780694,55.0,65.0,75.0,89,49.933060701233984,94.92864670233656,0.0,4096
10000,4,100,pooled,60.0,9995.862181863902,0.9995862181863903,16161,1087.0666666666666,65224,600,109.64050042928983,110.0,122.0,134.0,143,49.933060701233984,94.92864670233656,1.0,32
10000,4,100,pooled,60.0,9995.862181863902,0.9995862181863903,16161,1087.0666666666666,65224,600,109.64050042928983,110.0,122.0,134.0,143,49.933060701233984,94.92864670233656,1.0,64
10000,4,100,pooled,60.0,9995.862181863902,0.9995862181863903,16161,1087.0666666666666,65224,600,109.64050042928983,110.0,122.0,134.0,143,49.933060701233984,94.92864670233656,0.04262234760210965,128
10000,4,100,pooled,60.0,9995.862181863902,0.9995862181863903,16161,1087.0666666666666,65224,600,109.64050042928983,110.0,122.0,134.0,143,49.933060701233984,94.92864670233656,0.0,256
10000,4,100,pooled,60.0,9995.862181863902,0.9995862181863903,16161,1087.0666666666666,65224,600,109.64050042928983,110.0,122.0,134.0,143,49.933060701233984,94.92864670233656,0.0,512
10000,4,100,pooled,60.0,9995.862181863902,0.9995862181863903,16161,1087.0666666666666,65224,600,109.64050042928983,110.0,122.0,134.0,143,49.933060701233984,94.92864670233656,0.0,1024
10000,4,100,pooled,60.0,9995.862181863902,0.9995862181863903,16161,1087.0666666666666,65224,600,109.64050042928983,110.0,122.0,134.0,143,49.933060701233984,94.92864670233656,0.0,4096
10000,4,100,route_key,60.0,9995.862181863902,0.9995862181863903,16161,1087.0666666666666,65224,13797,29.71820188887526,25.0,58.0,68.0,81,49.933060701233984,94.92864670233656,0.474687231693855,32
10000,4,100,route_key,60.0,9995.862181863902,0.9995862181863903,16161,1087.0666666666666,65224,13797,29.71820188887526,25.0,58.0,68.0,81,49.933060701233984,94.92864670233656,0.032748681466944686,64
10000,4,100,route_key,60.0,9995.862181863902,0.9995862181863903,16161,1087.0666666666666,65224,13797,29.71820188887526,25.0,58.0,68.0,81,49.933060701233984,94.92864670233656,0.0,128
10000,4,100,route_key,60.0,9995.862181863902,0.9995862181863903,16161,1087.0666666666666,65224,13797,29.71820188887526,25.0,58.0,68.0,81,49.933060701233984,94.92864670233656,0.0,256
10000,4,100,route_key,60.0,9995.862181863902,0.9995862181863903,16161,1087.0666666666666,65224,13797,29.71820188887526,25.0,58.0,68.0,81,49.933060701233984,94.92864670233656,0.0,512
10000,4,100,route_key,60.0,9995.862181863902,0.9995862181863903,16161,1087.0666666666666,65224,13797,29.71820188887526,25.0,58.0,68.0,81,49.933060701233984,94.92864670233656,0.0,1024
10000,4,100,route_key,60.0,9995.862181863902,0.9995862181863903,16161,1087.0666666666666,65224,13797,29.71820188887526,25.0,58.0,68.0,81,49.933060701233984,94.92864670233656,0.0,4096
10000,4,250,event_class,60.0,9995.862181863902,0.9995862181863903,16161,1087.0666666666666,65224,664,135.54271433828038,136.0,153.0,166.0,176,125.03348385835243,237.81881260541948,0.9941432601496382,32
10000,4,250,event_class,60.0,9995.862181863902,0.9995862181863903,16161,1087.0666666666666,65224,664,135.54271433828038,136.0,153.0,166.0,176,125.03348385835243,237.81881260541948,0.9941432601496382,64
10000,4,250,event_class,60.0,9995.862181863902,0.9995862181863903,16161,1087.0666666666666,65224,664,135.54271433828038,136.0,153.0,166.0,176,125.03348385835243,237.81881260541948,0.730344658407948,128
10000,4,250,event_class,60.0,9995.862181863902,0.9995862181863903,16161,1087.0666666666666,65224,664,135.54271433828038,136.0,153.0,166.0,176,125.03348385835243,237.81881260541948,0.0,256
10000,4,250,event_class,60.0,9995.862181863902,0.9995862181863903,16161,1087.0666666666666,65224,664,135.54271433828038,136.0,153.0,166.0,176,125.03348385835243,237.81881260541948,0.0,512
10000,4,250,event_class,60.0,9995.862181863902,0.9995862181863903,16161,1087.0666666666666,65224,664,135.54271433828038,136.0,153.0,166.0,176,125.03348385835243,237.81881260541948,0.0,1024
10000,4,250,event_class,60.0,9995.862181863902,0.9995862181863903,16161,1087.0666666666666,65224,664,135.54271433828038,136.0,153.0,166.0,176,125.03348385835243,237.81881260541948,0.0,4096
10000,4,250,pooled,60.0,9995.862181863902,0.9995862181863903,16161,1087.0666666666666,65224,240,272.80412118238684,272.0,294.0,310.0,324,125.03348385835243,237.81881260541948,1.0,32
10000,4,250,pooled,60.0,9995.862181863902,0.9995862181863903,16161,1087.0666666666666,65224,240,272.80412118238684,272.0,294.0,310.0,324,125.03348385835243,237.81881260541948,1.0,64
10000,4,250,pooled,60.0,9995.862181863902,0.9995862181863903,16161,1087.0666666666666,65224,240,272.80412118238684,272.0,294.0,310.0,324,125.03348385835243,237.81881260541948,1.0,128
10000,4,250,pooled,60.0,9995.862181863902,0.9995862181863903,16161,1087.0666666666666,65224,240,272.80412118238684,272.0,294.0,310.0,324,125.03348385835243,237.81881260541948,0.8288666748436159,256
10000,4,250,pooled,60.0,9995.862181863902,0.9995862181863903,16161,1087.0666666666666,65224,240,272.80412118238684,272.0,294.0,310.0,324,125.03348385835243,237.81881260541948,0.0,512
10000,4,250,pooled,60.0,9995.862181863902,0.9995862181863903,16161,1087.0666666666666,65224,240,272.80412118238684,272.0,294.0,310.0,324,125.03348385835243,237.81881260541948,0.0,1024
10000,4,250,pooled,60.0,9995.862181863902,0.9995862181863903,16161,1087.0666666666666,65224,240,272.80412118238684,272.0,294.0,310.0,324,125.03348385835243,237.81881260541948,0.0,4096
10000,4,250,route_key,60.0,9995.862181863902,0.9995862181863903,16161,1087.0666666666666,65224,8698,72.84622224947871,58.0,140.0,153.0,164,125.03348385835243,237.81881260541948,0.6569207653624433,32
10000,4,250,route_key,60.0,9995.862181863902,0.9995862181863903,16161,1087.0666666666666,65224,8698,72.84622224947871,58.0,140.0,153.0,164,125.03348385835243,237.81881260541948,0.47812155034956455,64
10000,4,250,route_key,60.0,9995.862181863902,0.9995862181863903,16161,1087.0666666666666,65224,8698,72.84622224947871,58.0,140.0,153.0,164,125.03348385835243,237.81881260541948,0.27342695940144734,128
10000,4,250,route_key,60.0,9995.862181863902,0.9995862181863903,16161,1087.0666666666666,65224,8698,72.84622224947871,58.0,140.0,153.0,164,125.03348385835243,237.81881260541948,0.0,256
10000,4,250,route_key,60.0,9995.862181863902,0.9995862181863903,16161,1087.0666666666666,65224,8698,72.84622224947871,58.0,140.0,153.0,164,125.03348385835243,237.81881260541948,0.0,512
10000,4,250,route_key,60.0,9995.862181863902,0.9995862181863903,16161,1087.0666666666666,65224,8698,72.84622224947871,58.0,140.0,153.0,164,125.03348385835243,237.81881260541948,0.0,1024
10000,4,250,route_key,60.0,9995.862181863902,0.9995862181863903,16161,1087.0666666666666,65224,8698,72.84622224947871,58.0,140.0,153.0,164,125.03348385835243,237.81881260541948,0.0,4096
10000,4,500,event_class,60.0,9995.862181863902,0.9995862181863903,16161,1087.0666666666666,65224,356,270.08423279774314,273.0,297.0,320.1599999999744,331,249.64635642059943,475.215081292222,0.9941432601496382,32
10000,4,500,event_class,60.0,9995.862181863902,0.9995862181863903,16161,1087.0666666666666,65224,356,270.08423279774314,273.0,297.0,320.1599999999744,331,249.64635642059943,475.215081292222,0.9941432601496382,64
10000,4,500,event_class,60.0,9995.862181863902,0.9995862181863903,16161,1087.0666666666666,65224,356,270.08423279774314,273.0,297.0,320.1599999999744,331,249.64635642059943,475.215081292222,0.9941432601496382,128
10000,4,500,event_class,60.0,9995.862181863902,0.9995862181863903,16161,1087.0666666666666,65224,356,270.08423279774314,273.0,297.0,320.1599999999744,331,249.64635642059943,475.215081292222,0.7776125352630934,256
10000,4,500,event_class,60.0,9995.862181863902,0.9995862181863903,16161,1087.0666666666666,65224,356,270.08423279774314,273.0,297.0,320.1599999999744,331,249.64635642059943,475.215081292222,0.0,512
10000,4,500,event_class,60.0,9995.862181863902,0.9995862181863903,16161,1087.0666666666666,65224,356,270.08423279774314,273.0,297.0,320.1599999999744,331,249.64635642059943,475.215081292222,0.0,1024
10000,4,500,event_class,60.0,9995.862181863902,0.9995862181863903,16161,1087.0666666666666,65224,356,270.08423279774314,273.0,297.0,320.1599999999744,331,249.64635642059943,475.215081292222,0.0,4096
10000,4,500,pooled,60.0,9995.862181863902,0.9995862181863903,16161,1087.0666666666666,65224,120,544.5231509873666,544.0,573.0,600.0,604,249.64635642059943,475.215081292222,1.0,32
10000,4,500,pooled,60.0,9995.862181863902,0.9995862181863903,16161,1087.0666666666666,65224,120,544.5231509873666,544.0,573.0,600.0,604,249.64635642059943,475.215081292222,1.0,64
10000,4,500,pooled,60.0,9995.862181863902,0.9995862181863903,16161,1087.0666666666666,65224,120,544.5231509873666,544.0,573.0,600.0,604,249.64635642059943,475.215081292222,1.0,128
10000,4,500,pooled,60.0,9995.862181863902,0.9995862181863903,16161,1087.0666666666666,65224,120,544.5231509873666,544.0,573.0,600.0,604,249.64635642059943,475.215081292222,1.0,256
10000,4,500,pooled,60.0,9995.862181863902,0.9995862181863903,16161,1087.0666666666666,65224,120,544.5231509873666,544.0,573.0,600.0,604,249.64635642059943,475.215081292222,0.9151999264074574,512
10000,4,500,pooled,60.0,9995.862181863902,0.9995862181863903,16161,1087.0666666666666,65224,120,544.5231509873666,544.0,573.0,600.0,604,249.64635642059943,475.215081292222,0.0,1024
10000,4,500,pooled,60.0,9995.862181863902,0.9995862181863903,16161,1087.0666666666666,65224,120,544.5231509873666,544.0,573.0,600.0,604,249.64635642059943,475.215081292222,0.0,4096
10000,4,500,route_key,60.0,9995.862181863902,0.9995862181863903,16161,1087.0666666666666,65224,5633,144.78878940267387,109.0,272.0,292.0,305,249.64635642059943,475.215081292222,0.6594965043542255,32
10000,4,500,route_key,60.0,9995.862181863902,0.9995862181863903,16161,1087.0666666666666,65224,5633,144.78878940267387,109.0,272.0,292.0,305,249.64635642059943,475.215081292222,0.6573960505335459,64
10000,4,500,route_key,60.0,9995.862181863902,0.9995862181863903,16161,1087.0666666666666,65224,5633,144.78878940267387,109.0,272.0,292.0,305,249.64635642059943,475.215081292222,0.4771249846682203,128
10000,4,500,route_key,60.0,9995.862181863902,0.9995862181863903,16161,1087.0666666666666,65224,5633,144.78878940267387,109.0,272.0,292.0,305,249.64635642059943,475.215081292222,0.273886912792837,256
10000,4,500,route_key,60.0,9995.862181863902,0.9995862181863903,16161,1087.0666666666666,65224,5633,144.78878940267387,109.0,272.0,292.0,305,249.64635642059943,475.215081292222,0.0,512
10000,4,500,route_key,60.0,9995.862181863902,0.9995862181863903,16161,1087.0666666666666,65224,5633,144.78878940267387,109.0,272.0,292.0,305,249.64635642059943,475.215081292222,0.0,1024
10000,4,500,route_key,60.0,9995.862181863902,0.9995862181863903,16161,1087.0666666666666,65224,5633,144.78878940267387,109.0,272.0,292.0,305,249.64635642059943,475.215081292222,0.0,4096
10000,4,1000,event_class,60.0,9995.862181863902,0.9995862181863903,16161,1087.0666666666666,65224,180,539.1760394946646,545.0,580.0,595.0,626,499.54669985246505,949.9082223340451,0.9941432601496382,32
10000,4,1000,event_class,60.0,9995.862181863902,0.9995862181863903,16161,1087.0666666666666,65224,180,539.1760394946646,545.0,580.0,595.0,626,499.54669985246505,949.9082223340451,0.9941432601496382,64
10000,4,1000,event_class,60.0,9995.862181863902,0.9995862181863903,16161,1087.0666666666666,65224,180,539.1760394946646,545.0,580.0,595.0,626,499.54669985246505,949.9082223340451,0.9941432601496382,128
10000,4,1000,event_class,60.0,9995.862181863902,0.9995862181863903,16161,1087.0666666666666,65224,180,539.1760394946646,545.0,580.0,595.0,626,499.54669985246505,949.9082223340451,0.9941432601496382,256
10000,4,1000,event_class,60.0,9995.862181863902,0.9995862181863903,16161,1087.0666666666666,65224,180,539.1760394946646,545.0,580.0,595.0,626,499.54669985246505,949.9082223340451,0.7900006132711885,512
10000,4,1000,event_class,60.0,9995.862181863902,0.9995862181863903,16161,1087.0666666666666,65224,180,539.1760394946646,545.0,580.0,595.0,626,499.54669985246505,949.9082223340451,0.0,1024
10000,4,1000,event_class,60.0,9995.862181863902,0.9995862181863903,16161,1087.0666666666666,65224,180,539.1760394946646,545.0,580.0,595.0,626,499.54669985246505,949.9082223340451,0.0,4096
10000,4,1000,pooled,60.0,9995.862181863902,0.9995862181863903,16161,1087.0666666666666,65224,60,1087.933981356556,1083.0,1128.0,1173.0,1173,499.54669985246505,949.9082223340451,1.0,32
10000,4,1000,pooled,60.0,9995.862181863902,0.9995862181863903,16161,1087.0666666666666,65224,60,1087.933981356556,1083.0,1128.0,1173.0,1173,499.54669985246505,949.9082223340451,1.0,64
10000,4,1000,pooled,60.0,9995.862181863902,0.9995862181863903,16161,1087.0666666666666,65224,60,1087.933981356556,1083.0,1128.0,1173.0,1173,499.54669985246505,949.9082223340451,1.0,128
10000,4,1000,pooled,60.0,9995.862181863902,0.9995862181863903,16161,1087.0666666666666,65224,60,1087.933981356556,1083.0,1128.0,1173.0,1173,499.54669985246505,949.9082223340451,1.0,256
10000,4,1000,pooled,60.0,9995.862181863902,0.9995862181863903,16161,1087.0666666666666,65224,60,1087.933981356556,1083.0,1128.0,1173.0,1173,499.54669985246505,949.9082223340451,1.0,512
10000,4,1000,pooled,60.0,9995.862181863902,0.9995862181863903,16161,1087.0666666666666,65224,60,1087.933981356556,1083.0,1128.0,1173.0,1173,499.54669985246505,949.9082223340451,1.0,1024
10000,4,1000,pooled,60.0,9995.862181863902,0.9995862181863903,16161,1087.0666666666666,65224,60,1087.933981356556,1083.0,1128.0,1173.0,1173,499.54669985246505,949.9082223340451,0.0,4096
10000,4,1000,route_key,60.0,9995.862181863902,0.9995862181863903,16161,1087.0666666666666,65224,3360,288.6196798724396,212.0,540.0,560.0,562,499.54669985246505,949.9082223340451,0.7367840058874034,32
10000,4,1000,route_key,60.0,9995.862181863902,0.9995862181863903,16161,1087.0666666666666,65224,3360,288.6196798724396,212.0,540.0,560.0,562,499.54669985246505,949.9082223340451,0.6583772844351773,64
10000,4,1000,route_key,60.0,9995.862181863902,0.9995862181863903,16161,1087.0666666666666,65224,3360,288.6196798724396,212.0,540.0,560.0,562,499.54669985246505,949.9082223340451,0.6573960505335459,128
10000,4,1000,route_key,60.0,9995.862181863902,0.9995862181863903,16161,1087.0666666666666,65224,3360,288.6196798724396,212.0,540.0,560.0,562,499.54669985246505,949.9082223340451,0.47511652152581874,256
10000,4,1000,route_key,60.0,9995.862181863902,0.9995862181863903,16161,1087.0666666666666,65224,3360,288.6196798724396,212.0,540.0,560.0,562,499.54669985246505,949.9082223340451,0.27097387464736905,512
10000,4,1000,route_key,60.0,9995.862181863902,0.9995862181863903,16161,1087.0666666666666,65224,3360,288.6196798724396,212.0,540.0,560.0,562,499.54669985246505,949.9082223340451,0.0,1024
10000,4,1000,route_key,60.0,9995.862181863902,0.9995862181863903,16161,1087.0666666666666,65224,3360,288.6196798724396,212.0,540.0,560.0,562,499.54669985246505,949.9082223340451,0.0,4096
100000,0,1,event_class,60.0,99326.65619228076,0.9932665619228076,160625,10832.15,649929,123029,6.360505532142742,6.0,9.0,12.0,20,0.5006469983634322,0.950328710163717,0.0,32
100000,0,1,event_class,60.0,99326.65619228076,0.9932665619228076,160625,10832.15,649929,123029,6.360505532142742,6.0,9.0,12.0,20,0.5006469983634322,0.950328710163717,0.0,64
100000,0,1,event_class,60.0,99326.65619228076,0.9932665619228076,160625,10832.15,649929,123029,6.360505532142742,6.0,9.0,12.0,20,0.5006469983634322,0.950328710163717,0.0,128
100000,0,1,event_class,60.0,99326.65619228076,0.9932665619228076,160625,10832.15,649929,123029,6.360505532142742,6.0,9.0,12.0,20,0.5006469983634322,0.950328710163717,0.0,256
100000,0,1,event_class,60.0,99326.65619228076,0.9932665619228076,160625,10832.15,649929,123029,6.360505532142742,6.0,9.0,12.0,20,0.5006469983634322,0.950328710163717,0.0,512
100000,0,1,event_class,60.0,99326.65619228076,0.9932665619228076,160625,10832.15,649929,123029,6.360505532142742,6.0,9.0,12.0,20,0.5006469983634322,0.950328710163717,0.0,1024
100000,0,1,event_class,60.0,99326.65619228076,0.9932665619228076,160625,10832.15,649929,123029,6.360505532142742,6.0,9.0,12.0,20,0.5006469983634322,0.950328710163717,0.0,4096
100000,0,1,pooled,60.0,99326.65619228076,0.9932665619228076,160625,10832.15,649929,60000,11.835580501870204,12.0,16.0,20.0,27,0.5006469983634322,0.950328710163717,0.0,32
100000,0,1,pooled,60.0,99326.65619228076,0.9932665619228076,160625,10832.15,649929,60000,11.835580501870204,12.0,16.0,20.0,27,0.5006469983634322,0.950328710163717,0.0,64
100000,0,1,pooled,60.0,99326.65619228076,0.9932665619228076,160625,10832.15,649929,60000,11.835580501870204,12.0,16.0,20.0,27,0.5006469983634322,0.950328710163717,0.0,128
100000,0,1,pooled,60.0,99326.65619228076,0.9932665619228076,160625,10832.15,649929,60000,11.835580501870204,12.0,16.0,20.0,27,0.5006469983634322,0.950328710163717,0.0,256
100000,0,1,pooled,60.0,99326.65619228076,0.9932665619228076,160625,10832.15,649929,60000,11.835580501870204,12.0,16.0,20.0,27,0.5006469983634322,0.950328710163717,0.0,512
100000,0,1,pooled,60.0,99326.65619228076,0.9932665619228076,160625,10832.15,649929,60000,11.835580501870204,12.0,16.0,20.0,27,0.5006469983634322,0.950328710163717,0.0,1024
100000,0,1,pooled,60.0,99326.65619228076,0.9932665619228076,160625,10832.15,649929,60000,11.835580501870204,12.0,16.0,20.0,27,0.5006469983634322,0.950328710163717,0.0,4096
100000,0,1,route_key,60.0,99326.65619228076,0.9932665619228076,160625,10832.15,649929,315395,3.895596288209943,3.0,8.0,11.0,18,0.5006469983634322,0.950328710163717,0.0,32
100000,0,1,route_key,60.0,99326.65619228076,0.9932665619228076,160625,10832.15,649929,315395,3.895596288209943,3.0,8.0,11.0,18,0.5006469983634322,0.950328710163717,0.0,64
100000,0,1,route_key,60.0,99326.65619228076,0.9932665619228076,160625,10832.15,649929,315395,3.895596288209943,3.0,8.0,11.0,18,0.5006469983634322,0.950328710163717,0.0,128
100000,0,1,route_key,60.0,99326.65619228076,0.9932665619228076,160625,10832.15,649929,315395,3.895596288209943,3.0,8.0,11.0,18,0.5006469983634322,0.950328710163717,0.0,256
100000,0,1,route_key,60.0,99326.65619228076,0.9932665619228076,160625,10832.15,649929,315395,3.895596288209943,3.0,8.0,11.0,18,0.5006469983634322,0.950328710163717,0.0,512
100000,0,1,route_key,60.0,99326.65619228076,0.9932665619228076,160625,10832.15,649929,315395,3.895596288209943,3.0,8.0,11.0,18,0.5006469983634322,0.950328710163717,0.0,1024
100000,0,1,route_key,60.0,99326.65619228076,0.9932665619228076,160625,10832.15,649929,315395,3.895596288209943,3.0,8.0,11.0,18,0.5006469983634322,0.950328710163717,0.0,4096
100000,0,5,event_class,60.0,99326.65619228076,0.9932665619228076,160625,10832.15,649929,27143,27.81649841751945,28.0,35.0,41.0,48,2.503191891728704,4.752658297879009,0.24460364132082119,32
100000,0,5,event_class,60.0,99326.65619228076,0.9932665619228076,160625,10832.15,649929,27143,27.81649841751945,28.0,35.0,41.0,48,2.503191891728704,4.752658297879009,0.0,64
100000,0,5,event_class,60.0,99326.65619228076,0.9932665619228076,160625,10832.15,649929,27143,27.81649841751945,28.0,35.0,41.0,48,2.503191891728704,4.752658297879009,0.0,128
100000,0,5,event_class,60.0,99326.65619228076,0.9932665619228076,160625,10832.15,649929,27143,27.81649841751945,28.0,35.0,41.0,48,2.503191891728704,4.752658297879009,0.0,256
100000,0,5,event_class,60.0,99326.65619228076,0.9932665619228076,160625,10832.15,649929,27143,27.81649841751945,28.0,35.0,41.0,48,2.503191891728704,4.752658297879009,0.0,512
100000,0,5,event_class,60.0,99326.65619228076,0.9932665619228076,160625,10832.15,649929,27143,27.81649841751945,28.0,35.0,41.0,48,2.503191891728704,4.752658297879009,0.0,1024
100000,0,5,event_class,60.0,99326.65619228076,0.9932665619228076,160625,10832.15,649929,27143,27.81649841751945,28.0,35.0,41.0,48,2.503191891728704,4.752658297879009,0.0,4096
100000,0,5,pooled,60.0,99326.65619228076,0.9932665619228076,160625,10832.15,649929,12000,55.17534530694891,55.0,65.0,73.0,85,2.503191891728704,4.752658297879009,0.9998599847060218,32
100000,0,5,pooled,60.0,99326.65619228076,0.9932665619228076,160625,10832.15,649929,12000,55.17534530694891,55.0,65.0,73.0,85,2.503191891728704,4.752658297879009,0.13015421684522463,64
100000,0,5,pooled,60.0,99326.65619228076,0.9932665619228076,160625,10832.15,649929,12000,55.17534530694891,55.0,65.0,73.0,85,2.503191891728704,4.752658297879009,0.0,128
100000,0,5,pooled,60.0,99326.65619228076,0.9932665619228076,160625,10832.15,649929,12000,55.17534530694891,55.0,65.0,73.0,85,2.503191891728704,4.752658297879009,0.0,256
100000,0,5,pooled,60.0,99326.65619228076,0.9932665619228076,160625,10832.15,649929,12000,55.17534530694891,55.0,65.0,73.0,85,2.503191891728704,4.752658297879009,0.0,512
100000,0,5,pooled,60.0,99326.65619228076,0.9932665619228076,160625,10832.15,649929,12000,55.17534530694891,55.0,65.0,73.0,85,2.503191891728704,4.752658297879009,0.0,1024
100000,0,5,pooled,60.0,99326.65619228076,0.9932665619228076,160625,10832.15,649929,12000,55.17534530694891,55.0,65.0,73.0,85,2.503191891728704,4.752658297879009,0.0,4096
100000,0,5,route_key,60.0,99326.65619228076,0.9932665619228076,160625,10832.15,649929,181736,15.479292353472456,14.0,31.0,38.0,47,2.503191891728704,4.752658297879009,0.087844979990122,32
100000,0,5,route_key,60.0,99326.65619228076,0.9932665619228076,160625,10832.15,649929,181736,15.479292353472456,14.0,31.0,38.0,47,2.503191891728704,4.752658297879009,0.0,64
100000,0,5,route_key,60.0,99326.65619228076,0.9932665619228076,160625,10832.15,649929,181736,15.479292353472456,14.0,31.0,38.0,47,2.503191891728704,4.752658297879009,0.0,128
100000,0,5,route_key,60.0,99326.65619228076,0.9932665619228076,160625,10832.15,649929,181736,15.479292353472456,14.0,31.0,38.0,47,2.503191891728704,4.752658297879009,0.0,256
100000,0,5,route_key,60.0,99326.65619228076,0.9932665619228076,160625,10832.15,649929,181736,15.479292353472456,14.0,31.0,38.0,47,2.503191891728704,4.752658297879009,0.0,512
100000,0,5,route_key,60.0,99326.65619228076,0.9932665619228076,160625,10832.15,649929,181736,15.479292353472456,14.0,31.0,38.0,47,2.503191891728704,4.752658297879009,0.0,1024
100000,0,5,route_key,60.0,99326.65619228076,0.9932665619228076,160625,10832.15,649929,181736,15.479292353472456,14.0,31.0,38.0,47,2.503191891728704,4.752658297879009,0.0,4096
100000,0,10,event_class,60.0,99326.65619228076,0.9932665619228076,160625,10832.15,649929,14750,54.61972461607345,55.0,65.0,73.0,86,5.0074885148983075,9.504850528880125,0.9938793314346644,32
100000,0,10,event_class,60.0,99326.65619228076,0.9932665619228076,160625,10832.15,649929,14750,54.61972461607345,55.0,65.0,73.0,86,5.0074885148983075,9.504850528880125,0.1273616041136801,64
100000,0,10,event_class,60.0,99326.65619228076,0.9932665619228076,160625,10832.15,649929,14750,54.61972461607345,55.0,65.0,73.0,86,5.0074885148983075,9.504850528880125,0.0,128
100000,0,10,event_class,60.0,99326.65619228076,0.9932665619228076,160625,10832.15,649929,14750,54.61972461607345,55.0,65.0,73.0,86,5.0074885148983075,9.504850528880125,0.0,256
100000,0,10,event_class,60.0,99326.65619228076,0.9932665619228076,160625,10832.15,649929,14750,54.61972461607345,55.0,65.0,73.0,86,5.0074885148983075,9.504850528880125,0.0,512
100000,0,10,event_class,60.0,99326.65619228076,0.9932665619228076,160625,10832.15,649929,14750,54.61972461607345,55.0,65.0,73.0,86,5.0074885148983075,9.504850528880125,0.0,1024
100000,0,10,event_class,60.0,99326.65619228076,0.9932665619228076,160625,10832.15,649929,14750,54.61972461607345,55.0,65.0,73.0,86,5.0074885148983075,9.504850528880125,0.0,4096
100000,0,10,pooled,60.0,99326.65619228076,0.9932665619228076,160625,10832.15,649929,6000,109.31351424540219,109.0,123.0,134.0,143,5.0074885148983075,9.504850528880125,1.0,32
100000,0,10,pooled,60.0,99326.65619228076,0.9932665619228076,160625,10832.15,649929,6000,109.31351424540219,109.0,123.0,134.0,143,5.0074885148983075,9.504850528880125,1.0,64
100000,0,10,pooled,60.0,99326.65619228076,0.9932665619228076,160625,10832.15,649929,6000,109.31351424540219,109.0,123.0,134.0,143,5.0074885148983075,9.504850528880125,0.04169993953185656,128
100000,0,10,pooled,60.0,99326.65619228076,0.9932665619228076,160625,10832.15,649929,6000,109.31351424540219,109.0,123.0,134.0,143,5.0074885148983075,9.504850528880125,0.0,256
100000,0,10,pooled,60.0,99326.65619228076,0.9932665619228076,160625,10832.15,649929,6000,109.31351424540219,109.0,123.0,134.0,143,5.0074885148983075,9.504850528880125,0.0,512
100000,0,10,pooled,60.0,99326.65619228076,0.9932665619228076,160625,10832.15,649929,6000,109.31351424540219,109.0,123.0,134.0,143,5.0074885148983075,9.504850528880125,0.0,1024
100000,0,10,pooled,60.0,99326.65619228076,0.9932665619228076,160625,10832.15,649929,6000,109.31351424540219,109.0,123.0,134.0,143,5.0074885148983075,9.504850528880125,0.0,4096
100000,0,10,route_key,60.0,99326.65619228076,0.9932665619228076,160625,10832.15,649929,138001,29.941647472262353,26.0,59.0,68.0,79,5.0074885148983075,9.504850528880125,0.48026938327109575,32
100000,0,10,route_key,60.0,99326.65619228076,0.9932665619228076,160625,10832.15,649929,138001,29.941647472262353,26.0,59.0,68.0,79,5.0074885148983075,9.504850528880125,0.03291282586251729,64
100000,0,10,route_key,60.0,99326.65619228076,0.9932665619228076,160625,10832.15,649929,138001,29.941647472262353,26.0,59.0,68.0,79,5.0074885148983075,9.504850528880125,0.0,128
100000,0,10,route_key,60.0,99326.65619228076,0.9932665619228076,160625,10832.15,649929,138001,29.941647472262353,26.0,59.0,68.0,79,5.0074885148983075,9.504850528880125,0.0,256
100000,0,10,route_key,60.0,99326.65619228076,0.9932665619228076,160625,10832.15,649929,138001,29.941647472262353,26.0,59.0,68.0,79,5.0074885148983075,9.504850528880125,0.0,512
100000,0,10,route_key,60.0,99326.65619228076,0.9932665619228076,160625,10832.15,649929,138001,29.941647472262353,26.0,59.0,68.0,79,5.0074885148983075,9.504850528880125,0.0,1024
100000,0,10,route_key,60.0,99326.65619228076,0.9932665619228076,160625,10832.15,649929,138001,29.941647472262353,26.0,59.0,68.0,79,5.0074885148983075,9.504850528880125,0.0,4096
100000,0,25,event_class,60.0,99326.65619228076,0.9932665619228076,160625,10832.15,649929,6701,135.062634533926,136.0,152.0,164.0,181,12.520770734957207,23.76358033492032,0.9943393816863073,32
100000,0,25,event_class,60.0,99326.65619228076,0.9932665619228076,160625,10832.15,649929,6701,135.062634533926,136.0,152.0,164.0,181,12.520770734957207,23.76358033492032,0.9943393816863073,64
100000,0,25,event_class,60.0,99326.65619228076,0.9932665619228076,160625,10832.15,649929,6701,135.062634533926,136.0,152.0,164.0,181,12.520770734957207,23.76358033492032,0.7360480914069075,128
100000,0,25,event_class,60.0,99326.65619228076,0.9932665619228076,160625,10832.15,649929,6701,135.062634533926,136.0,152.0,164.0,181,12.520770734957207,23.76358033492032,0.0,256
100000,0,25,event_class,60.0,99326.65619228076,0.9932665619228076,160625,10832.15,649929,6701,135.062634533926,136.0,152.0,164.0,181,12.520770734957207,23.76358033492032,0.0,512
100000,0,25,event_class,60.0,99326.65619228076,0.9932665619228076,160625,10832.15,649929,6701,135.062634533926,136.0,152.0,164.0,181,12.520770734957207,23.76358033492032,0.0,1024
100000,0,25,event_class,60.0,99326.65619228076,0.9932665619228076,160625,10832.15,649929,6701,135.062634533926,136.0,152.0,164.0,181,12.520770734957207,23.76358033492032,0.0,4096
100000,0,25,pooled,60.0,99326.65619228076,0.9932665619228076,160625,10832.15,649929,2400,271.8206988763388,272.0,293.0,312.0,320,12.520770734957207,23.76358033492032,1.0,32
100000,0,25,pooled,60.0,99326.65619228076,0.9932665619228076,160625,10832.15,649929,2400,271.8206988763388,272.0,293.0,312.0,320,12.520770734957207,23.76358033492032,1.0,64
100000,0,25,pooled,60.0,99326.65619228076,0.9932665619228076,160625,10832.15,649929,2400,271.8206988763388,272.0,293.0,312.0,320,12.520770734957207,23.76358033492032,1.0,128
100000,0,25,pooled,60.0,99326.65619228076,0.9932665619228076,160625,10832.15,649929,2400,271.8206988763388,272.0,293.0,312.0,320,12.520770734957207,23.76358033492032,0.8376453427989826,256
100000,0,25,pooled,60.0,99326.65619228076,0.9932665619228076,160625,10832.15,649929,2400,271.8206988763388,272.0,293.0,312.0,320,12.520770734957207,23.76358033492032,0.0,512
100000,0,25,pooled,60.0,99326.65619228076,0.9932665619228076,160625,10832.15,649929,2400,271.8206988763388,272.0,293.0,312.0,320,12.520770734957207,23.76358033492032,0.0,1024
100000,0,25,pooled,60.0,99326.65619228076,0.9932665619228076,160625,10832.15,649929,2400,271.8206988763388,272.0,293.0,312.0,320,12.520770734957207,23.76358033492032,0.0,4096
100000,0,25,route_key,60.0,99326.65619228076,0.9932665619228076,160625,10832.15,649929,87177,73.37594260296125,58.0,140.0,155.0,165,12.520770734957207,23.76358033492032,0.658013413772889,32
100000,0,25,route_key,60.0,99326.65619228076,0.9932665619228076,160625,10832.15,649929,87177,73.37594260296125,58.0,140.0,155.0,165,12.520770734957207,23.76358033492032,0.4833758764418883,64
100000,0,25,route_key,60.0,99326.65619228076,0.9932665619228076,160625,10832.15,649929,87177,73.37594260296125,58.0,140.0,155.0,165,12.520770734957207,23.76358033492032,0.2869451893976111,128
100000,0,25,route_key,60.0,99326.65619228076,0.9932665619228076,160625,10832.15,649929,87177,73.37594260296125,58.0,140.0,155.0,165,12.520770734957207,23.76358033492032,0.0,256
100000,0,25,route_key,60.0,99326.65619228076,0.9932665619228076,160625,10832.15,649929,87177,73.37594260296125,58.0,140.0,155.0,165,12.520770734957207,23.76358033492032,0.0,512
100000,0,25,route_key,60.0,99326.65619228076,0.9932665619228076,160625,10832.15,649929,87177,73.37594260296125,58.0,140.0,155.0,165,12.520770734957207,23.76358033492032,0.0,1024
100000,0,25,route_key,60.0,99326.65619228076,0.9932665619228076,160625,10832.15,649929,87177,73.37594260296125,58.0,140.0,155.0,165,12.520770734957207,23.76358033492032,0.0,4096
100000,0,50,event_class,60.0,99326.65619228076,0.9932665619228076,160625,10832.15,649929,3549,269.1131939027186,271.0,295.0,312.0,328,24.99690274322273,47.53751133632625,0.9943393816863073,32
100000,0,50,event_class,60.0,99326.65619228076,0.9932665619228076,160625,10832.15,649929,3549,269.1131939027186,271.0,295.0,312.0,328,24.99690274322273,47.53751133632625,0.9943393816863073,64
100000,0,50,event_class,60.0,99326.65619228076,0.9932665619228076,160625,10832.15,649929,3549,269.1131939027186,271.0,295.0,312.0,328,24.99690274322273,47.53751133632625,0.9943393816863073,128
100000,0,50,event_class,60.0,99326.65619228076,0.9932665619228076,160625,10832.15,649929,3549,269.1131939027186,271.0,295.0,312.0,328,24.99690274322273,47.53751133632625,0.771965860886343,256
100000,0,50,event_class,60.0,99326.65619228076,0.9932665619228076,160625,10832.15,649929,3549,269.1131939027186,271.0,295.0,312.0,328,24.99690274322273,47.53751133632625,0.0,512
100000,0,50,event_class,60.0,99326.65619228076,0.9932665619228076,160625,10832.15,649929,3549,269.1131939027186,271.0,295.0,312.0,328,24.99690274322273,47.53751133632625,0.0,1024
100000,0,50,event_class,60.0,99326.65619228076,0.9932665619228076,160625,10832.15,649929,3549,269.1131939027186,271.0,295.0,312.0,328,24.99690274322273,47.53751133632625,0.0,4096
100000,0,50,pooled,60.0,99326.65619228076,0.9932665619228076,160625,10832.15,649929,1200,542.6246697716213,544.0,573.0,595.0,612,24.99690274322273,47.53751133632625,1.0,32
100000,0,50,pooled,60.0,99326.65619228076,0.9932665619228076,160625,10832.15,649929,1200,542.6246697716213,544.0,573.0,595.0,612,24.99690274322273,47.53751133632625,1.0,64
100000,0,50,pooled,60.0,99326.65619228076,0.9932665619228076,160625,10832.15,649929,1200,542.6246697716213,544.0,573.0,595.0,612,24.99690274322273,47.53751133632625,1.0,128
100000,0,50,pooled,60.0,99326.65619228076,0.9932665619228076,160625,10832.15,649929,1200,542.6246697716213,544.0,573.0,595.0,612,24.99690274322273,47.53751133632625,1.0,256
100000,0,50,pooled,60.0,99326.65619228076,0.9932665619228076,160625,10832.15,649929,1200,542.6246697716213,544.0,573.0,595.0,612,24.99690274322273,47.53751133632625,0.906275916292395,512
100000,0,50,pooled,60.0,99326.65619228076,0.9932665619228076,160625,10832.15,649929,1200,542.6246697716213,544.0,573.0,595.0,612,24.99690274322273,47.53751133632625,0.0,1024
100000,0,50,pooled,60.0,99326.65619228076,0.9932665619228076,160625,10832.15,649929,1200,542.6246697716213,544.0,573.0,595.0,612,24.99690274322273,47.53751133632625,0.0,4096
100000,0,50,route_key,60.0,99326.65619228076,0.9932665619228076,160625,10832.15,649929,56315,145.7425918831134,110.0,273.0,295.0,314,24.99690274322273,47.53751133632625,0.6609906620569324,32
100000,0,50,route_key,60.0,99326.65619228076,0.9932665619228076,160625,10832.15,649929,56315,145.7425918831134,110.0,273.0,295.0,314,24.99690274322273,47.53751133632625,0.6587073357243637,64
100000,0,50,route_key,60.0,99326.65619228076,0.9932665619228076,160625,10832.15,649929,56315,145.7425918831134,110.0,273.0,295.0,314,24.99690274322273,47.53751133632625,0.4793831326191015,128
100000,0,50,route_key,60.0,99326.65619228076,0.9932665619228076,160625,10832.15,649929,56315,145.7425918831134,110.0,273.0,295.0,314,24.99690274322273,47.53751133632625,0.289240824767013,256
100000,0,50,route_key,60.0,99326.65619228076,0.9932665619228076,160625,10832.15,649929,56315,145.7425918831134,110.0,273.0,295.0,314,24.99690274322273,47.53751133632625,0.0,512
100000,0,50,route_key,60.0,99326.65619228076,0.9932665619228076,160625,10832.15,649929,56315,145.7425918831134,110.0,273.0,295.0,314,24.99690274322273,47.53751133632625,0.0,1024
100000,0,50,route_key,60.0,99326.65619228076,0.9932665619228076,160625,10832.15,649929,56315,145.7425918831134,110.0,273.0,295.0,314,24.99690274322273,47.53751133632625,0.0,4096
100000,0,100,event_class,60.0,99326.65619228076,0.9932665619228076,160625,10832.15,649929,1799,537.2811630193452,540.0,581.0,612.0,632,49.94639722646629,94.98548423786133,0.9943393816863073,32
100000,0,100,event_class,60.0,99326.65619228076,0.9932665619228076,160625,10832.15,649929,1799,537.2811630193452,540.0,581.0,612.0,632,49.94639722646629,94.98548423786133,0.9943393816863073,64
100000,0,100,event_class,60.0,99326.65619228076,0.9932665619228076,160625,10832.15,649929,1799,537.2811630193452,540.0,581.0,612.0,632,49.94639722646629,94.98548423786133,0.9943393816863073,128
100000,0,100,event_class,60.0,99326.65619228076,0.9932665619228076,160625,10832.15,649929,1799,537.2811630193452,540.0,581.0,612.0,632,49.94639722646629,94.98548423786133,0.9943393816863073,256
100000,0,100,event_class,60.0,99326.65619228076,0.9932665619228076,160625,10832.15,649929,1799,537.2811630193452,540.0,581.0,612.0,632,49.94639722646629,94.98548423786133,0.8128195541359133,512
100000,0,100,event_class,60.0,99326.65619228076,0.9932665619228076,160625,10832.15,649929,1799,537.2811630193452,540.0,581.0,612.0,632,49.94639722646629,94.98548423786133,0.0,1024
100000,0,100,event_class,60.0,99326.65619228076,0.9932665619228076,160625,10832.15,649929,1799,537.2811630193452,540.0,581.0,612.0,632,49.94639722646629,94.98548423786133,0.0,4096
100000,0,100,pooled,60.0,99326.65619228076,0.9932665619228076,160625,10832.15,649929,600,1084.2617070480005,1085.0,1125.0,1171.0,1193,49.94639722646629,94.98548423786133,1.0,32
100000,0,100,pooled,60.0,99326.65619228076,0.9932665619228076,160625,10832.15,649929,600,1084.2617070480005,1085.0,1125.0,1171.0,1193,49.94639722646629,94.98548423786133,1.0,64
100000,0,100,pooled,60.0,99326.65619228076,0.9932665619228076,160625,10832.15,649929,600,1084.2617070480005,1085.0,1125.0,1171.0,1193,49.94639722646629,94.98548423786133,1.0,128
100000,0,100,pooled,60.0,99326.65619228076,0.9932665619228076,160625,10832.15,649929,600,1084.2617070480005,1085.0,1125.0,1171.0,1193,49.94639722646629,94.98548423786133,1.0,256
100000,0,100,pooled,60.0,99326.65619228076,0.9932665619228076,160625,10832.15,649929,600,1084.2617070480005,1085.0,1125.0,1171.0,1193,49.94639722646629,94.98548423786133,1.0,512
100000,0,100,pooled,60.0,99326.65619228076,0.9932665619228076,160625,10832.15,649929,600,1084.2617070480005,1085.0,1125.0,1171.0,1193,49.94639722646629,94.98548423786133,0.9610849800516672,1024
100000,0,100,pooled,60.0,99326.65619228076,0.9932665619228076,160625,10832.15,649929,600,1084.2617070480005,1085.0,1125.0,1171.0,1193,49.94639722646629,94.98548423786133,0.0,4096
100000,0,100,route_key,60.0,99326.65619228076,0.9932665619228076,160625,10832.15,649929,33482,290.49154138375116,212.0,538.0,570.0,587,49.94639722646629,94.98548423786133,0.7376313412695849,32
100000,0,100,route_key,60.0,99326.65619228076,0.9932665619228076,160625,10832.15,649929,33482,290.49154138375116,212.0,538.0,570.0,587,49.94639722646629,94.98548423786133,0.6591104566806528,64
100000,0,100,route_key,60.0,99326.65619228076,0.9932665619228076,160625,10832.15,649929,33482,290.49154138375116,212.0,538.0,570.0,587,49.94639722646629,94.98548423786133,0.6587073357243637,128
100000,0,100,route_key,60.0,99326.65619228076,0.9932665619228076,160625,10832.15,649929,33482,290.49154138375116,212.0,538.0,570.0,587,49.94639722646629,94.98548423786133,0.478986166181229,256
100000,0,100,route_key,60.0,99326.65619228076,0.9932665619228076,160625,10832.15,649929,33482,290.49154138375116,212.0,538.0,570.0,587,49.94639722646629,94.98548423786133,0.30832290911776516,512
100000,0,100,route_key,60.0,99326.65619228076,0.9932665619228076,160625,10832.15,649929,33482,290.49154138375116,212.0,538.0,570.0,587,49.94639722646629,94.98548423786133,0.0,1024
100000,0,100,route_key,60.0,99326.65619228076,0.9932665619228076,160625,10832.15,649929,33482,290.49154138375116,212.0,538.0,570.0,587,49.94639722646629,94.98548423786133,0.0,4096
100000,0,250,event_class,60.0,99326.65619228076,0.9932665619228076,160625,10832.15,649929,720,1341.6218310000015,1349.0,1432.0,1460.0,1490,125.03536848332502,237.5086533352121,0.9943393816863073,32
100000,0,250,event_class,60.0,99326.65619228076,0.9932665619228076,160625,10832.15,649929,720,1341.6218310000015,1349.0,1432.0,1460.0,1490,125.03536848332502,237.5086533352121,0.9943393816863073,64
100000,0,250,event_class,60.0,99326.65619228076,0.9932665619228076,160625,10832.15,649929,720,1341.6218310000015,1349.0,1432.0,1460.0,1490,125.03536848332502,237.5086533352121,0.9943393816863073,128
100000,0,250,event_class,60.0,99326.65619228076,0.9932665619228076,160625,10832.15,649929,720,1341.6218310000015,1349.0,1432.0,1460.0,1490,125.03536848332502,237.5086533352121,0.9943393816863073,256
100000,0,250,event_class,60.0,99326.65619228076,0.9932665619228076,160625,10832.15,649929,720,1341.6218310000015,1349.0,1432.0,1460.0,1490,125.03536848332502,237.5086533352121,0.9943393816863073,512
100000,0,250,event_class,60.0,99326.65619228076,0.9932665619228076,160625,10832.15,649929,720,1341.6218310000015,1349.0,1432.0,1460.0,1490,125.03536848332502,237.5086533352121,0.9943393816863073,1024
100000,0,250,event_class,60.0,99326.65619228076,0.9932665619228076,160625,10832.15,649929,720,1341.6218310000015,1349.0,1432.0,1460.0,1490,125.03536848332502,237.5086533352121,0.0,4096
100000,0,250,pooled,60.0,99326.65619228076,0.9932665619228076,160625,10832.15,649929,240,2709.085350861402,2710.0,2780.0,2832.0,2850,125.03536848332502,237.5086533352121,1.0,32
100000,0,250,pooled,60.0,99326.65619228076,0.9932665619228076,160625,10832.15,649929,240,2709.085350861402,2710.0,2780.0,2832.0,2850,125.03536848332502,237.5086533352121,1.0,64
100000,0,250,pooled,60.0,99326.65619228076,0.9932665619228076,160625,10832.15,649929,240,2709.085350861402,2710.0,2780.0,2832.0,2850,125.03536848332502,237.5086533352121,1.0,128
100000,0,250,pooled,60.0,99326.65619228076,0.9932665619228076,160625,10832.15,649929,240,2709.085350861402,2710.0,2780.0,2832.0,2850,125.03536848332502,237.5086533352121,1.0,256
100000,0,250,pooled,60.0,99326.65619228076,0.9932665619228076,160625,10832.15,649929,240,2709.085350861402,2710.0,2780.0,2832.0,2850,125.03536848332502,237.5086533352121,1.0,512
100000,0,250,pooled,60.0,99326.65619228076,0.9932665619228076,160625,10832.15,649929,240,2709.085350861402,2710.0,2780.0,2832.0,2850,125.03536848332502,237.5086533352121,1.0,1024
100000,0,250,pooled,60.0,99326.65619228076,0.9932665619228076,160625,10832.15,649929,240,2709.085350861402,2710.0,2780.0,2832.0,2850,125.03536848332502,237.5086533352121,0.0,4096
100000,0,250,route_key,60.0,99326.65619228076,0.9932665619228076,160625,10832.15,649929,15238,724.6440011139679,517.0,1326.0,1374.0,1430,125.03536848332502,237.5086533352121,0.8369175709962166,32
100000,0,250,route_key,60.0,99326.65619228076,0.9932665619228076,160625,10832.15,649929,15238,724.6440011139679,517.0,1326.0,1374.0,1430,125.03536848332502,237.5086533352121,0.7520852277710335,64
100000,0,250,route_key,60.0,99326.65619228076,0.9932665619228076,160625,10832.15,649929,15238,724.6440011139679,517.0,1326.0,1374.0,1430,125.03536848332502,237.5086533352121,0.6615630322696787,128
100000,0,250,route_key,60.0,99326.65619228076,0.9932665619228076,160625,10832.15,649929,15238,724.6440011139679,517.0,1326.0,1374.0,1430,125.03536848332502,237.5086533352121,0.6587073357243637,256
100000,0,250,route_key,60.0,99326.65619228076,0.9932665619228076,160625,10832.15,649929,15238,724.6440011139679,517.0,1326.0,1374.0,1430,125.03536848332502,237.5086533352121,0.5110265890581894,512
100000,0,250,route_key,60.0,99326.65619228076,0.9932665619228076,160625,10832.15,649929,15238,724.6440011139679,517.0,1326.0,1374.0,1430,125.03536848332502,237.5086533352121,0.478986166181229,1024
100000,0,250,route_key,60.0,99326.65619228076,0.9932665619228076,160625,10832.15,649929,15238,724.6440011139679,517.0,1326.0,1374.0,1430,125.03536848332502,237.5086533352121,0.0,4096
100000,0,500,event_class,60.0,99326.65619228076,0.9932665619228076,160625,10832.15,649929,360,2682.280490638208,2692.0,2843.0,2890.0,2938,249.83130773207372,474.94260083573465,0.9971166081218102,32
100000,0,500,event_class,60.0,99326.65619228076,0.9932665619228076,160625,10832.15,649929,360,2682.280490638208,2692.0,2843.0,2890.0,2938,249.83130773207372,474.94260083573465,0.9943393816863073,64
100000,0,500,event_class,60.0,99326.65619228076,0.9932665619228076,160625,10832.15,649929,360,2682.280490638208,2692.0,2843.0,2890.0,2938,249.83130773207372,474.94260083573465,0.9943393816863073,128
100000,0,500,event_class,60.0,99326.65619228076,0.9932665619228076,160625,10832.15,649929,360,2682.280490638208,2692.0,2843.0,2890.0,2938,249.83130773207372,474.94260083573465,0.9943393816863073,256
100000,0,500,event_class,60.0,99326.65619228076,0.9932665619228076,160625,10832.15,649929,360,2682.280490638208,2692.0,2843.0,2890.0,2938,249.83130773207372,474.94260083573465,0.9943393816863073,512
100000,0,500,event_class,60.0,99326.65619228076,0.9932665619228076,160625,10832.15,649929,360,2682.280490638208,2692.0,2843.0,2890.0,2938,249.83130773207372,474.94260083573465,0.9943393816863073,1024
100000,0,500,event_class,60.0,99326.65619228076,0.9932665619228076,160625,10832.15,649929,360,2682.280490638208,2692.0,2843.0,2890.0,2938,249.83130773207372,474.94260083573465,0.0,4096
100000,0,500,pooled,60.0,99326.65619228076,0.9932665619228076,160625,10832.15,649929,120,5417.104294469088,5420.0,5509.0,5577.0,5590,249.83130773207372,474.94260083573465,1.0,32
100000,0,500,pooled,60.0,99326.65619228076,0.9932665619228076,160625,10832.15,649929,120,5417.104294469088,5420.0,5509.0,5577.0,5590,249.83130773207372,474.94260083573465,1.0,64
100000,0,500,pooled,60.0,99326.65619228076,0.9932665619228076,160625,10832.15,649929,120,5417.104294469088,5420.0,5509.0,5577.0,5590,249.83130773207372,474.94260083573465,1.0,128
100000,0,500,pooled,60.0,99326.65619228076,0.9932665619228076,160625,10832.15,649929,120,5417.104294469088,5420.0,5509.0,5577.0,5590,249.83130773207372,474.94260083573465,1.0,256
100000,0,500,pooled,60.0,99326.65619228076,0.9932665619228076,160625,10832.15,649929,120,5417.104294469088,5420.0,5509.0,5577.0,5590,249.83130773207372,474.94260083573465,1.0,512
100000,0,500,pooled,60.0,99326.65619228076,0.9932665619228076,160625,10832.15,649929,120,5417.104294469088,5420.0,5509.0,5577.0,5590,249.83130773207372,474.94260083573465,1.0,1024
100000,0,500,pooled,60.0,99326.65619228076,0.9932665619228076,160625,10832.15,649929,120,5417.104294469088,5420.0,5509.0,5577.0,5590,249.83130773207372,474.94260083573465,1.0,4096
100000,0,500,route_key,60.0,99326.65619228076,0.9932665619228076,160625,10832.15,649929,8020,1448.265495154086,1014.0,2632.0,2696.0,2721,249.83130773207372,474.94260083573465,0.8931590989169587,32
100000,0,500,route_key,60.0,99326.65619228076,0.9932665619228076,160625,10832.15,649929,8020,1448.265495154086,1014.0,2632.0,2696.0,2721,249.83130773207372,474.94260083573465,0.8379899958303137,64
100000,0,500,route_key,60.0,99326.65619228076,0.9932665619228076,160625,10832.15,649929,8020,1448.265495154086,1014.0,2632.0,2696.0,2721,249.83130773207372,474.94260083573465,0.7534499922299205,128
100000,0,500,route_key,60.0,99326.65619228076,0.9932665619228076,160625,10832.15,649929,8020,1448.265495154086,1014.0,2632.0,2696.0,2721,249.83130773207372,474.94260083573465,0.6591058407918403,256
100000,0,500,route_key,60.0,99326.65619228076,0.9932665619228076,160625,10832.15,649929,8020,1448.265495154086,1014.0,2632.0,2696.0,2721,249.83130773207372,474.94260083573465,0.6587073357243637,512
100000,0,500,route_key,60.0,99326.65619228076,0.9932665619228076,160625,10832.15,649929,8020,1448.265495154086,1014.0,2632.0,2696.0,2721,249.83130773207372,474.94260083573465,0.4869208790498655,1024
100000,0,500,route_key,60.0,99326.65619228076,0.9932665619228076,160625,10832.15,649929,8020,1448.265495154086,1014.0,2632.0,2696.0,2721,249.83130773207372,474.94260083573465,0.0,4096
100000,0,1000,event_class,60.0,99326.65619228076,0.9932665619228076,160625,10832.15,649929,180,5363.5326766462185,5420.0,5663.0,5718.0,5721,500.12095475505623,949.7763837166842,1.0,32
100000,0,1000,event_class,60.0,99326.65619228076,0.9932665619228076,160625,10832.15,649929,180,5363.5326766462185,5420.0,5663.0,5718.0,5721,500.12095475505623,949.7763837166842,0.9965903967971886,64
100000,0,1000,event_class,60.0,99326.65619228076,0.9932665619228076,160625,10832.15,649929,180,5363.5326766462185,5420.0,5663.0,5718.0,5721,500.12095475505623,949.7763837166842,0.9943393816863073,128
100000,0,1000,event_class,60.0,99326.65619228076,0.9932665619228076,160625,10832.15,649929,180,5363.5326766462185,5420.0,5663.0,5718.0,5721,500.12095475505623,949.7763837166842,0.9943393816863073,256
100000,0,1000,event_class,60.0,99326.65619228076,0.9932665619228076,160625,10832.15,649929,180,5363.5326766462185,5420.0,5663.0,5718.0,5721,500.12095475505623,949.7763837166842,0.9943393816863073,512
100000,0,1000,event_class,60.0,99326.65619228076,0.9932665619228076,160625,10832.15,649929,180,5363.5326766462185,5420.0,5663.0,5718.0,5721,500.12095475505623,949.7763837166842,0.9943393816863073,1024
100000,0,1000,event_class,60.0,99326.65619228076,0.9932665619228076,160625,10832.15,649929,180,5363.5326766462185,5420.0,5663.0,5718.0,5721,500.12095475505623,949.7763837166842,0.9943393816863073,4096
100000,0,1000,pooled,60.0,99326.65619228076,0.9932665619228076,160625,10832.15,649929,60,10833.104214460349,10845.0,10983.0,11018.0,11018,500.12095475505623,949.7763837166842,1.0,32
100000,0,1000,pooled,60.0,99326.65619228076,0.9932665619228076,160625,10832.15,649929,60,10833.104214460349,10845.0,10983.0,11018.0,11018,500.12095475505623,949.7763837166842,1.0,64
100000,0,1000,pooled,60.0,99326.65619228076,0.9932665619228076,160625,10832.15,649929,60,10833.104214460349,10845.0,10983.0,11018.0,11018,500.12095475505623,949.7763837166842,1.0,128
100000,0,1000,pooled,60.0,99326.65619228076,0.9932665619228076,160625,10832.15,649929,60,10833.104214460349,10845.0,10983.0,11018.0,11018,500.12095475505623,949.7763837166842,1.0,256
100000,0,1000,pooled,60.0,99326.65619228076,0.9932665619228076,160625,10832.15,649929,60,10833.104214460349,10845.0,10983.0,11018.0,11018,500.12095475505623,949.7763837166842,1.0,512
100000,0,1000,pooled,60.0,99326.65619228076,0.9932665619228076,160625,10832.15,649929,60,10833.104214460349,10845.0,10983.0,11018.0,11018,500.12095475505623,949.7763837166842,1.0,1024
100000,0,1000,pooled,60.0,99326.65619228076,0.9932665619228076,160625,10832.15,649929,60,10833.104214460349,10845.0,10983.0,11018.0,11018,500.12095475505623,949.7763837166842,1.0,4096
100000,0,1000,route_key,60.0,99326.65619228076,0.9932665619228076,160625,10832.15,649929,4124,2895.5128590969166,2009.0,5240.0,5328.0,5333,500.12095475505623,949.7763837166842,0.9577246129961888,32
100000,0,1000,route_key,60.0,99326.65619228076,0.9932665619228076,160625,10832.15,649929,4124,2895.5128590969166,2009.0,5240.0,5328.0,5333,500.12095475505623,949.7763837166842,0.8907203709943702,64
100000,0,1000,route_key,60.0,99326.65619228076,0.9932665619228076,160625,10832.15,649929,4124,2895.5128590969166,2009.0,5240.0,5328.0,5333,500.12095475505623,949.7763837166842,0.8384562006003733,128
100000,0,1000,route_key,60.0,99326.65619228076,0.9932665619228076,160625,10832.15,649929,4124,2895.5128590969166,2009.0,5240.0,5328.0,5333,500.12095475505623,949.7763837166842,0.7561333622595698,256
100000,0,1000,route_key,60.0,99326.65619228076,0.9932665619228076,160625,10832.15,649929,4124,2895.5128590969166,2009.0,5240.0,5328.0,5333,500.12095475505623,949.7763837166842,0.6587073357243637,512
100000,0,1000,route_key,60.0,99326.65619228076,0.9932665619228076,160625,10832.15,649929,4124,2895.5128590969166,2009.0,5240.0,5328.0,5333,500.12095475505623,949.7763837166842,0.6587073357243637,1024
100000,0,1000,route_key,60.0,99326.65619228076,0.9932665619228076,160625,10832.15,649929,4124,2895.5128590969166,2009.0,5240.0,5328.0,5333,500.12095475505623,949.7763837166842,0.478986166181229,4096
100000,1,1,event_class,60.0,100040.42244370168,1.0004042244370168,161560,10845.583333333334,650735,123124,6.368240528018318,6.0,9.0,12.0,19,0.5000939306935672,0.950240457699536,0.0,32
100000,1,1,event_class,60.0,100040.42244370168,1.0004042244370168,161560,10845.583333333334,650735,123124,6.368240528018318,6.0,9.0,12.0,19,0.5000939306935672,0.950240457699536,0.0,64
100000,1,1,event_class,60.0,100040.42244370168,1.0004042244370168,161560,10845.583333333334,650735,123124,6.368240528018318,6.0,9.0,12.0,19,0.5000939306935672,0.950240457699536,0.0,128
100000,1,1,event_class,60.0,100040.42244370168,1.0004042244370168,161560,10845.583333333334,650735,123124,6.368240528018318,6.0,9.0,12.0,19,0.5000939306935672,0.950240457699536,0.0,256
100000,1,1,event_class,60.0,100040.42244370168,1.0004042244370168,161560,10845.583333333334,650735,123124,6.368240528018318,6.0,9.0,12.0,19,0.5000939306935672,0.950240457699536,0.0,512
100000,1,1,event_class,60.0,100040.42244370168,1.0004042244370168,161560,10845.583333333334,650735,123124,6.368240528018318,6.0,9.0,12.0,19,0.5000939306935672,0.950240457699536,0.0,1024
100000,1,1,event_class,60.0,100040.42244370168,1.0004042244370168,161560,10845.583333333334,650735,123124,6.368240528018318,6.0,9.0,12.0,19,0.5000939306935672,0.950240457699536,0.0,4096
100000,1,1,pooled,60.0,100040.42244370168,1.0004042244370168,161560,10845.583333333334,650735,59997,11.849596225806204,12.0,16.0,20.0,26,0.5000939306935672,0.950240457699536,0.0,32
100000,1,1,pooled,60.0,100040.42244370168,1.0004042244370168,161560,10845.583333333334,650735,59997,11.849596225806204,12.0,16.0,20.0,26,0.5000939306935672,0.950240457699536,0.0,64
100000,1,1,pooled,60.0,100040.42244370168,1.0004042244370168,161560,10845.583333333334,650735,59997,11.849596225806204,12.0,16.0,20.0,26,0.5000939306935672,0.950240457699536,0.0,128
100000,1,1,pooled,60.0,100040.42244370168,1.0004042244370168,161560,10845.583333333334,650735,59997,11.849596225806204,12.0,16.0,20.0,26,0.5000939306935672,0.950240457699536,0.0,256
100000,1,1,pooled,60.0,100040.42244370168,1.0004042244370168,161560,10845.583333333334,650735,59997,11.849596225806204,12.0,16.0,20.0,26,0.5000939306935672,0.950240457699536,0.0,512
100000,1,1,pooled,60.0,100040.42244370168,1.0004042244370168,161560,10845.583333333334,650735,59997,11.849596225806204,12.0,16.0,20.0,26,0.5000939306935672,0.950240457699536,0.0,1024
100000,1,1,pooled,60.0,100040.42244370168,1.0004042244370168,161560,10845.583333333334,650735,59997,11.849596225806204,12.0,16.0,20.0,26,0.5000939306935672,0.950240457699536,0.0,4096
100000,1,1,route_key,60.0,100040.42244370168,1.0004042244370168,161560,10845.583333333334,650735,314280,3.9198460202693877,3.0,8.0,11.0,16,0.5000939306935672,0.950240457699536,0.0,32
100000,1,1,route_key,60.0,100040.42244370168,1.0004042244370168,161560,10845.583333333334,650735,314280,3.9198460202693877,3.0,8.0,11.0,16,0.5000939306935672,0.950240457699536,0.0,64
100000,1,1,route_key,60.0,100040.42244370168,1.0004042244370168,161560,10845.583333333334,650735,314280,3.9198460202693877,3.0,8.0,11.0,16,0.5000939306935672,0.950240457699536,0.0,128
100000,1,1,route_key,60.0,100040.42244370168,1.0004042244370168,161560,10845.583333333334,650735,314280,3.9198460202693877,3.0,8.0,11.0,16,0.5000939306935672,0.950240457699536,0.0,256
100000,1,1,route_key,60.0,100040.42244370168,1.0004042244370168,161560,10845.583333333334,650735,314280,3.9198460202693877,3.0,8.0,11.0,16,0.5000939306935672,0.950240457699536,0.0,512
100000,1,1,route_key,60.0,100040.42244370168,1.0004042244370168,161560,10845.583333333334,650735,314280,3.9198460202693877,3.0,8.0,11.0,16,0.5000939306935672,0.950240457699536,0.0,1024
100000,1,1,route_key,60.0,100040.42244370168,1.0004042244370168,161560,10845.583333333334,650735,314280,3.9198460202693877,3.0,8.0,11.0,16,0.5000939306935672,0.950240457699536,0.0,4096
100000,1,5,event_class,60.0,100040.42244370168,1.0004042244370168,161560,10845.583333333334,650735,27243,27.827332170545613,28.0,35.0,41.0,51,2.5010359424187687,4.749160195094503,0.24433755676273752,32
100000,1,5,event_class,60.0,100040.42244370168,1.0004042244370168,161560,10845.583333333334,650735,27243,27.827332170545613,28.0,35.0,41.0,51,2.5010359424187687,4.749160195094503,0.0,64
100000,1,5,event_class,60.0,100040.42244370168,1.0004042244370168,161560,10845.583333333334,650735,27243,27.827332170545613,28.0,35.0,41.0,51,2.5010359424187687,4.749160195094503,0.0,128
100000,1,5,event_class,60.0,100040.42244370168,1.0004042244370168,161560,10845.583333333334,650735,27243,27.827332170545613,28.0,35.0,41.0,51,2.5010359424187687,4.749160195094503,0.0,256
100000,1,5,event_class,60.0,100040.42244370168,1.0004042244370168,161560,10845.583333333334,650735,27243,27.827332170545613,28.0,35.0,41.0,51,2.5010359424187687,4.749160195094503,0.0,512
100000,1,5,event_class,60.0,100040.42244370168,1.0004042244370168,161560,10845.583333333334,650735,27243,27.827332170545613,28.0,35.0,41.0,51,2.5010359424187687,4.749160195094503,0.0,1024
100000,1,5,event_class,60.0,100040.42244370168,1.0004042244370168,161560,10845.583333333334,650735,27243,27.827332170545613,28.0,35.0,41.0,51,2.5010359424187687,4.749160195094503,0.0,4096
100000,1,5,pooled,60.0,100040.42244370168,1.0004042244370168,161560,10845.583333333334,650735,12000,55.2360407846512,55.0,65.0,73.0,85,2.5010359424187687,4.749160195094503,0.9997233897054869,32
100000,1,5,pooled,60.0,100040.42244370168,1.0004042244370168,161560,10845.583333333334,650735,12000,55.2360407846512,55.0,65.0,73.0,85,2.5010359424187687,4.749160195094503,0.13107639822662068,64
100000,1,5,pooled,60.0,100040.42244370168,1.0004042244370168,161560,10845.583333333334,650735,12000,55.2360407846512,55.0,65.0,73.0,85,2.5010359424187687,4.749160195094503,0.0,128
100000,1,5,pooled,60.0,100040.42244370168,1.0004042244370168,161560,10845.583333333334,650735,12000,55.2360407846512,55.0,65.0,73.0,85,2.5010359424187687,4.749160195094503,0.0,256
100000,1,5,pooled,60.0,100040.42244370168,1.0004042244370168,161560,10845.583333333334,650735,12000,55.2360407846512,55.0,65.0,73.0,85,2.5010359424187687,4.749160195094503,0.0,512
100000,1,5,pooled,60.0,100040.42244370168,1.0004042244370168,161560,10845.583333333334,650735,12000,55.2360407846512,55.0,65.0,73.0,85,2.5010359424187687,4.749160195094503,0.0,1024
100000,1,5,pooled,60.0,100040.42244370168,1.0004042244370168,161560,10845.583333333334,650735,12000,55.2360407846512,55.0,65.0,73.0,85,2.5010359424187687,4.749160195094503,0.0,4096
100000,1,5,route_key,60.0,100040.42244370168,1.0004042244370168,161560,10845.583333333334,650735,180803,15.597757919890585,15.0,31.0,38.0,46,2.5010359424187687,4.749160195094503,0.09336365801747255,32
100000,1,5,route_key,60.0,100040.42244370168,1.0004042244370168,161560,10845.583333333334,650735,180803,15.597757919890585,15.0,31.0,38.0,46,2.5010359424187687,4.749160195094503,0.0,64
100000,1,5,route_key,60.0,100040.42244370168,1.0004042244370168,161560,10845.583333333334,650735,180803,15.597757919890585,15.0,31.0,38.0,46,2.5010359424187687,4.749160195094503,0.0,128
100000,1,5,route_key,60.0,100040.42244370168,1.0004042244370168,161560,10845.583333333334,650735,180803,15.597757919890585,15.0,31.0,38.0,46,2.5010359424187687,4.749160195094503,0.0,256
100000,1,5,route_key,60.0,100040.42244370168,1.0004042244370168,161560,10845.583333333334,650735,180803,15.597757919890585,15.0,31.0,38.0,46,2.5010359424187687,4.749160195094503,0.0,512
100000,1,5,route_key,60.0,100040.42244370168,1.0004042244370168,161560,10845.583333333334,650735,180803,15.597757919890585,15.0,31.0,38.0,46,2.5010359424187687,4.749160195094503,0.0,1024
100000,1,5,route_key,60.0,100040.42244370168,1.0004042244370168,161560,10845.583333333334,650735,180803,15.597757919890585,15.0,31.0,38.0,46,2.5010359424187687,4.749160195094503,0.0,4096
100000,1,10,event_class,60.0,100040.42244370168,1.0004042244370168,161560,10845.583333333334,650735,14810,54.6347883547066,55.0,65.0,73.0,85,5.001032100609121,9.499057023150392,0.9935964716820211,32
100000,1,10,event_class,60.0,100040.42244370168,1.0004042244370168,161560,10845.583333333334,650735,14810,54.6347883547066,55.0,65.0,73.0,85,5.001032100609121,9.499057023150392,0.12722690496131298,64
100000,1,10,event_class,60.0,100040.42244370168,1.0004042244370168,161560,10845.583333333334,650735,14810,54.6347883547066,55.0,65.0,73.0,85,5.001032100609121,9.499057023150392,0.0,128
100000,1,10,event_class,60.0,100040.42244370168,1.0004042244370168,161560,10845.583333333334,650735,14810,54.6347883547066,55.0,65.0,73.0,85,5.001032100609121,9.499057023150392,0.0,256
100000,1,10,event_class,60.0,100040.42244370168,1.0004042244370168,161560,10845.583333333334,650735,14810,54.6347883547066,55.0,65.0,73.0,85,5.001032100609121,9.499057023150392,0.0,512
100000,1,10,event_class,60.0,100040.42244370168,1.0004042244370168,161560,10845.583333333334,650735,14810,54.6347883547066,55.0,65.0,73.0,85,5.001032100609121,9.499057023150392,0.0,1024
100000,1,10,event_class,60.0,100040.42244370168,1.0004042244370168,161560,10845.583333333334,650735,14810,54.6347883547066,55.0,65.0,73.0,85,5.001032100609121,9.499057023150392,0.0,4096
100000,1,10,pooled,60.0,100040.42244370168,1.0004042244370168,161560,10845.583333333334,650735,6000,109.44650741085081,109.0,123.0,135.0,145,5.001032100609121,9.499057023150392,1.0,32
100000,1,10,pooled,60.0,100040.42244370168,1.0004042244370168,161560,10845.583333333334,650735,6000,109.44650741085081,109.0,123.0,135.0,145,5.001032100609121,9.499057023150392,1.0,64
100000,1,10,pooled,60.0,100040.42244370168,1.0004042244370168,161560,10845.583333333334,650735,6000,109.44650741085081,109.0,123.0,135.0,145,5.001032100609121,9.499057023150392,0.04577132012263056,128
100000,1,10,pooled,60.0,100040.42244370168,1.0004042244370168,161560,10845.583333333334,650735,6000,109.44650741085081,109.0,123.0,135.0,145,5.001032100609121,9.499057023150392,0.0,256
100000,1,10,pooled,60.0,100040.42244370168,1.0004042244370168,161560,10845.583333333334,650735,6000,109.44650741085081,109.0,123.0,135.0,145,5.001032100609121,9.499057023150392,0.0,512
100000,1,10,pooled,60.0,100040.42244370168,1.0004042244370168,161560,10845.583333333334,650735,6000,109.44650741085081,109.0,123.0,135.0,145,5.001032100609121,9.499057023150392,0.0,1024
100000,1,10,pooled,60.0,100040.42244370168,1.0004042244370168,161560,10845.583333333334,650735,6000,109.44650741085081,109.0,123.0,135.0,145,5.001032100609121,9.499057023150392,0.0,4096
100000,1,10,route_key,60.0,100040.42244370168,1.0004042244370168,161560,10845.583333333334,650735,136961,30.182272353569424,26.0,59.0,68.0,79,5.001032100609121,9.499057023150392,0.4822116529770183,32
100000,1,10,route_key,60.0,100040.42244370168,1.0004042244370168,161560,10845.583333333334,650735,136961,30.182272353569424,26.0,59.0,68.0,79,5.001032100609121,9.499057023150392,0.037365440617148304,64
100000,1,10,route_key,60.0,100040.42244370168,1.0004042244370168,161560,10845.583333333334,650735,136961,30.182272353569424,26.0,59.0,68.0,79,5.001032100609121,9.499057023150392,0.0,128
100000,1,10,route_key,60.0,100040.42244370168,1.0004042244370168,161560,10845.583333333334,650735,136961,30.182272353569424,26.0,59.0,68.0,79,5.001032100609121,9.499057023150392,0.0,256
100000,1,10,route_key,60.0,100040.42244370168,1.0004042244370168,161560,10845.583333333334,650735,136961,30.182272353569424,26.0,59.0,68.0,79,5.001032100609121,9.499057023150392,0.0,512
100000,1,10,route_key,60.0,100040.42244370168,1.0004042244370168,161560,10845.583333333334,650735,136961,30.182272353569424,26.0,59.0,68.0,79,5.001032100609121,9.499057023150392,0.0,1024
100000,1,10,route_key,60.0,100040.42244370168,1.0004042244370168,161560,10845.583333333334,650735,136961,30.182272353569424,26.0,59.0,68.0,79,5.001032100609121,9.499057023150392,0.0,4096
100000,1,25,event_class,60.0,100040.42244370168,1.0004042244370168,161560,10845.583333333334,650735,6714,135.1121162992616,136.0,152.0,165.0,176,12.51331436604844,23.74392425107814,0.9941543024426226,32
100000,1,25,event_class,60.0,100040.42244370168,1.0004042244370168,161560,10845.583333333334,650735,6714,135.1121162992616,136.0,152.0,165.0,176,12.51331436604844,23.74392425107814,0.9941543024426226,64
100000,1,25,event_class,60.0,100040.42244370168,1.0004042244370168,161560,10845.583333333334,650735,6714,135.1121162992616,136.0,152.0,165.0,176,12.51331436604844,23.74392425107814,0.7497491298301152,128
100000,1,25,event_class,60.0,100040.42244370168,1.0004042244370168,161560,10845.583333333334,650735,6714,135.1121162992616,136.0,152.0,165.0,176,12.51331436604844,23.74392425107814,0.0,256
100000,1,25,event_class,60.0,100040.42244370168,1.0004042244370168,161560,10845.583333333334,650735,6714,135.1121162992616,136.0,152.0,165.0,176,12.51331436604844,23.74392425107814,0.0,512
100000,1,25,event_class,60.0,100040.42244370168,1.0004042244370168,161560,10845.583333333334,650735,6714,135.1121162992616,136.0,152.0,165.0,176,12.51331436604844,23.74392425107814,0.0,1024
100000,1,25,event_class,60.0,100040.42244370168,1.0004042244370168,161560,10845.583333333334,650735,6714,135.1121162992616,136.0,152.0,165.0,176,12.51331436604844,23.74392425107814,0.0,4096
100000,1,25,pooled,60.0,100040.42244370168,1.0004042244370168,161560,10845.583333333334,650735,2400,272.13953298961945,272.0,293.0,311.0,331,12.51331436604844,23.74392425107814,1.0,32
100000,1,25,pooled,60.0,100040.42244370168,1.0004042244370168,161560,10845.583333333334,650735,2400,272.13953298961945,272.0,293.0,311.0,331,12.51331436604844,23.74392425107814,1.0,64
100000,1,25,pooled,60.0,100040.42244370168,1.0004042244370168,161560,10845.583333333334,650735,2400,272.13953298961945,272.0,293.0,311.0,331,12.51331436604844,23.74392425107814,1.0,128
100000,1,25,pooled,60.0,100040.42244370168,1.0004042244370168,161560,10845.583333333334,650735,2400,272.13953298961945,272.0,293.0,311.0,331,12.51331436604844,23.74392425107814,0.848795592675974,256
100000,1,25,pooled,60.0,100040.42244370168,1.0004042244370168,161560,10845.583333333334,650735,2400,272.13953298961945,272.0,293.0,311.0,331,12.51331436604844,23.74392425107814,0.0,512
100000,1,25,pooled,60.0,100040.42244370168,1.0004042244370168,161560,10845.583333333334,650735,2400,272.13953298961945,272.0,293.0,311.0,331,12.51331436604844,23.74392425107814,0.0,1024
100000,1,25,pooled,60.0,100040.42244370168,1.0004042244370168,161560,10845.583333333334,650735,2400,272.13953298961945,272.0,293.0,311.0,331,12.51331436604844,23.74392425107814,0.0,4096
100000,1,25,route_key,60.0,100040.42244370168,1.0004042244370168,161560,10845.583333333334,650735,86514,73.97744243048245,59.0,140.0,156.0,168,12.51331436604844,23.74392425107814,0.6607144229217731,32
100000,1,25,route_key,60.0,100040.42244370168,1.0004042244370168,161560,10845.583333333334,650735,86514,73.97744243048245,59.0,140.0,156.0,168,12.51331436604844,23.74392425107814,0.48521902156791935,64
100000,1,25,route_key,60.0,100040.42244370168,1.0004042244370168,161560,10845.583333333334,650735,86514,73.97744243048245,59.0,140.0,156.0,168,12.51331436604844,23.74392425107814,0.30305731211629927,128
100000,1,25,route_key,60.0,100040.42244370168,1.0004042244370168,161560,10845.583333333334,650735,86514,73.97744243048245,59.0,140.0,156.0,168,12.51331436604844,23.74392425107814,0.0,256
100000,1,25,route_key,60.0,100040.42244370168,1.0004042244370168,161560,10845.583333333334,650735,86514,73.97744243048245,59.0,140.0,156.0,168,12.51331436604844,23.74392425107814,0.0,512
100000,1,25,route_key,60.0,100040.42244370168,1.0004042244370168,161560,10845.583333333334,650735,86514,73.97744243048245,59.0,140.0,156.0,168,12.51331436604844,23.74392425107814,0.0,1024
100000,1,25,route_key,60.0,100040.42244370168,1.0004042244370168,161560,10845.583333333334,650735,86514,73.97744243048245,59.0,140.0,156.0,168,12.51331436604844,23.74392425107814,0.0,4096
100000,1,50,event_class,60.0,100040.42244370168,1.0004042244370168,161560,10845.583333333334,650735,3551,269.257032432557,271.0,294.0,314.0,339,25.03119798995065,47.48684337861402,0.9941543024426226,32
100000,1,50,event_class,60.0,100040.42244370168,1.0004042244370168,161560,10845.583333333334,650735,3551,269.257032432557,271.0,294.0,314.0,339,25.03119798995065,47.48684337861402,0.9941543024426226,64
100000,1,50,event_class,60.0,100040.42244370168,1.0004042244370168,161560,10845.583333333334,650735,3551,269.257032432557,271.0,294.0,314.0,339,25.03119798995065,47.48684337861402,0.9941543024426226,128
100000,1,50,event_class,60.0,100040.42244370168,1.0004042244370168,161560,10845.583333333334,650735,3551,269.257032432557,271.0,294.0,314.0,339,25.03119798995065,47.48684337861402,0.7889386616671917,256
100000,1,50,event_class,60.0,100040.42244370168,1.0004042244370168,161560,10845.583333333334,650735,3551,269.257032432557,271.0,294.0,314.0,339,25.03119798995065,47.48684337861402,0.0,512
100000,1,50,event_class,60.0,100040.42244370168,1.0004042244370168,161560,10845.583333333334,650735,3551,269.257032432557,271.0,294.0,314.0,339,25.03119798995065,47.48684337861402,0.0,1024
100000,1,50,event_class,60.0,100040.42244370168,1.0004042244370168,161560,10845.583333333334,650735,3551,269.257032432557,271.0,294.0,314.0,339,25.03119798995065,47.48684337861402,0.0,4096
100000,1,50,pooled,60.0,100040.42244370168,1.0004042244370168,161560,10845.583333333334,650735,1200,543.3095607274851,543.0,574.0,603.0,619,25.03119798995065,47.48684337861402,1.0,32
100000,1,50,pooled,60.0,100040.42244370168,1.0004042244370168,161560,10845.583333333334,650735,1200,543.3095607274851,543.0,574.0,603.0,619,25.03119798995065,47.48684337861402,1.0,64
100000,1,50,pooled,60.0,100040.42244370168,1.0004042244370168,161560,10845.583333333334,650735,1200,543.3095607274851,543.0,574.0,603.0,619,25.03119798995065,47.48684337861402,1.0,128
100000,1,50,pooled,60.0,100040.42244370168,1.0004042244370168,161560,10845.583333333334,650735,1200,543.3095607274851,543.0,574.0,603.0,619,25.03119798995065,47.48684337861402,1.0,256
100000,1,50,pooled,60.0,100040.42244370168,1.0004042244370168,161560,10845.583333333334,650735,1200,543.3095607274851,543.0,574.0,603.0,619,25.03119798995065,47.48684337861402,0.9169815669973184,512
100000,1,50,pooled,60.0,100040.42244370168,1.0004042244370168,161560,10845.583333333334,650735,1200,543.3095607274851,543.0,574.0,603.0,619,25.03119798995065,47.48684337861402,0.0,1024
100000,1,50,pooled,60.0,100040.42244370168,1.0004042244370168,161560,10845.583333333334,650735,1200,543.3095607274851,543.0,574.0,603.0,619,25.03119798995065,47.48684337861402,0.0,4096
100000,1,50,route_key,60.0,100040.42244370168,1.0004042244370168,161560,10845.583333333334,650735,55868,146.97624839604447,111.0,276.0,297.0,312,25.03119798995065,47.48684337861402,0.6625016327690996,32
100000,1,50,route_key,60.0,100040.42244370168,1.0004042244370168,161560,10845.583333333334,650735,55868,146.97624839604447,111.0,276.0,297.0,312,25.03119798995065,47.48684337861402,0.660994106664003,64
100000,1,50,route_key,60.0,100040.42244370168,1.0004042244370168,161560,10845.583333333334,650735,55868,146.97624839604447,111.0,276.0,297.0,312,25.03119798995065,47.48684337861402,0.4814801724204169,128
100000,1,50,route_key,60.0,100040.42244370168,1.0004042244370168,161560,10845.583333333334,650735,55868,146.97624839604447,111.0,276.0,297.0,312,25.03119798995065,47.48684337861402,0.30813772119219035,256
100000,1,50,route_key,60.0,100040.42244370168,1.0004042244370168,161560,10845.583333333334,650735,55868,146.97624839604447,111.0,276.0,297.0,312,25.03119798995065,47.48684337861402,0.0,512
100000,1,50,route_key,60.0,100040.42244370168,1.0004042244370168,161560,10845.583333333334,650735,55868,146.97624839604447,111.0,276.0,297.0,312,25.03119798995065,47.48684337861402,0.0,1024
100000,1,50,route_key,60.0,100040.42244370168,1.0004042244370168,161560,10845.583333333334,650735,55868,146.97624839604447,111.0,276.0,297.0,312,25.03119798995065,47.48684337861402,0.0,4096
100000,1,100,event_class,60.0,100040.42244370168,1.0004042244370168,161560,10845.583333333334,650735,1798,537.5474332869755,542.0,577.0,605.0,628,50.03561607104358,95.00341309761211,0.9941543024426226,32
100000,1,100,event_class,60.0,100040.42244370168,1.0004042244370168,161560,10845.583333333334,650735,1798,537.5474332869755,542.0,577.0,605.0,628,50.03561607104358,95.00341309761211,0.9941543024426226,64
100000,1,100,event_class,60.0,100040.42244370168,1.0004042244370168,161560,10845.583333333334,650735,1798,537.5474332869755,542.0,577.0,605.0,628,50.03561607104358,95.00341309761211,0.9941543024426226,128
100000,1,100,event_class,60.0,100040.42244370168,1.0004042244370168,161560,10845.583333333334,650735,1798,537.5474332869755,542.0,577.0,605.0,628,50.03561607104358,95.00341309761211,0.9941543024426226,256
100000,1,100,event_class,60.0,100040.42244370168,1.0004042244370168,161560,10845.583333333334,650735,1798,537.5474332869755,542.0,577.0,605.0,628,50.03561607104358,95.00341309761211,0.8278024080462861,512
100000,1,100,event_class,60.0,100040.42244370168,1.0004042244370168,161560,10845.583333333334,650735,1798,537.5474332869755,542.0,577.0,605.0,628,50.03561607104358,95.00341309761211,0.0,1024
100000,1,100,event_class,60.0,100040.42244370168,1.0004042244370168,161560,10845.583333333334,650735,1798,537.5474332869755,542.0,577.0,605.0,628,50.03561607104358,95.00341309761211,0.0,4096
100000,1,100,pooled,60.0,100040.42244370168,1.0004042244370168,161560,10845.583333333334,650735,600,1085.639778097075,1087.0,1129.0,1170.0,1183,50.03561607104358,95.00341309761211,1.0,32
100000,1,100,pooled,60.0,100040.42244370168,1.0004042244370168,161560,10845.583333333334,650735,600,1085.639778097075,1087.0,1129.0,1170.0,1183,50.03561607104358,95.00341309761211,1.0,64
100000,1,100,pooled,60.0,100040.42244370168,1.0004042244370168,161560,10845.583333333334,650735,600,1085.639778097075,1087.0,1129.0,1170.0,1183,50.03561607104358,95.00341309761211,1.0,128
100000,1,100,pooled,60.0,100040.42244370168,1.0004042244370168,161560,10845.583333333334,650735,600,1085.639778097075,1087.0,1129.0,1170.0,1183,50.03561607104358,95.00341309761211,1.0,256
100000,1,100,pooled,60.0,100040.42244370168,1.0004042244370168,161560,10845.583333333334,650735,600,1085.639778097075,1087.0,1129.0,1170.0,1183,50.03561607104358,95.00341309761211,1.0,512
100000,1,100,pooled,60.0,100040.42244370168,1.0004042244370168,161560,10845.583333333334,650735,600,1085.639778097075,1087.0,1129.0,1170.0,1183,50.03561607104358,95.00341309761211,0.9674460417835217,1024
100000,1,100,pooled,60.0,100040.42244370168,1.0004042244370168,161560,10845.583333333334,650735,600,1085.639778097075,1087.0,1129.0,1170.0,1183,50.03561607104358,95.00341309761211,0.0,4096
100000,1,100,route_key,60.0,100040.42244370168,1.0004042244370168,161560,10845.583333333334,650735,33285,292.9361030219675,213.0,542.0,575.0,587,50.03561607104358,95.00341309761211,0.7404949787547926,32
100000,1,100,route_key,60.0,100040.42244370168,1.0004042244370168,161560,10845.583333333334,650735,33285,292.9361030219675,213.0,542.0,575.0,587,50.03561607104358,95.00341309761211,0.661190807317879,64
100000,1,100,route_key,60.0,100040.42244370168,1.0004042244370168,161560,10845.583333333334,650735,33285,292.9361030219675,213.0,542.0,575.0,587,50.03561607104358,95.00341309761211,0.660994106664003,128
100000,1,100,route_key,60.0,100040.42244370168,1.0004042244370168,161560,10845.583333333334,650735,33285,292.9361030219675,213.0,542.0,575.0,587,50.03561607104358,95.00341309761211,0.48088085011563847,256
100000,1,100,route_key,60.0,100040.42244370168,1.0004042244370168,161560,10845.583333333334,650735,33285,292.9361030219675,213.0,542.0,575.0,587,50.03561607104358,95.00341309761211,0.32461601112588073,512
100000,1,100,route_key,60.0,100040.42244370168,1.0004042244370168,161560,10845.583333333334,650735,33285,292.9361030219675,213.0,542.0,575.0,587,50.03561607104358,95.00341309761211,0.0,1024
100000,1,100,route_key,60.0,100040.42244370168,1.0004042244370168,161560,10845.583333333334,650735,33285,292.9361030219675,213.0,542.0,575.0,587,50.03561607104358,95.00341309761211,0.0,4096
100000,1,250,event_class,60.0,100040.42244370168,1.0004042244370168,161560,10845.583333333334,650735,720,1342.3161486626661,1355.0,1421.0,1472.0,1481,125.10012005499853,237.59433921763954,0.9941543024426226,32
100000,1,250,event_class,60.0,100040.42244370168,1.0004042244370168,161560,10845.583333333334,650735,720,1342.3161486626661,1355.0,1421.0,1472.0,1481,125.10012005499853,237.59433921763954,0.9941543024426226,64
100000,1,250,event_class,60.0,100040.42244370168,1.0004042244370168,161560,10845.583333333334,650735,720,1342.3161486626661,1355.0,1421.0,1472.0,1481,125.10012005499853,237.59433921763954,0.9941543024426226,128
100000,1,250,event_class,60.0,100040.42244370168,1.0004042244370168,161560,10845.583333333334,650735,720,1342.3161486626661,1355.0,1421.0,1472.0,1481,125.10012005499853,237.59433921763954,0.9941543024426226,256
100000,1,250,event_class,60.0,100040.42244370168,1.0004042244370168,161560,10845.583333333334,650735,720,1342.3161486626661,1355.0,1421.0,1472.0,1481,125.10012005499853,237.59433921763954,0.9941543024426226,512
100000,1,250,event_class,60.0,100040.42244370168,1.0004042244370168,161560,10845.583333333334,650735,720,1342.3161486626661,1355.0,1421.0,1472.0,1481,125.10012005499853,237.59433921763954,0.9941543024426226,1024
100000,1,250,event_class,60.0,100040.42244370168,1.0004042244370168,161560,10845.583333333334,650735,720,1342.3161486626661,1355.0,1421.0,1472.0,1481,125.10012005499853,237.59433921763954,0.0,4096
100000,1,250,pooled,60.0,100040.42244370168,1.0004042244370168,161560,10845.583333333334,650735,240,2712.318844076314,2715.0,2773.0,2838.0,2886,125.10012005499853,237.59433921763954,1.0,32
100000,1,250,pooled,60.0,100040.42244370168,1.0004042244370168,161560,10845.583333333334,650735,240,2712.318844076314,2715.0,2773.0,2838.0,2886,125.10012005499853,237.59433921763954,1.0,64
100000,1,250,pooled,60.0,100040.42244370168,1.0004042244370168,161560,10845.583333333334,650735,240,2712.318844076314,2715.0,2773.0,2838.0,2886,125.10012005499853,237.59433921763954,1.0,128
100000,1,250,pooled,60.0,100040.42244370168,1.0004042244370168,161560,10845.583333333334,650735,240,2712.318844076314,2715.0,2773.0,2838.0,2886,125.10012005499853,237.59433921763954,1.0,256
100000,1,250,pooled,60.0,100040.42244370168,1.0004042244370168,161560,10845.583333333334,650735,240,2712.318844076314,2715.0,2773.0,2838.0,2886,125.10012005499853,237.59433921763954,1.0,512
100000,1,250,pooled,60.0,100040.42244370168,1.0004042244370168,161560,10845.583333333334,650735,240,2712.318844076314,2715.0,2773.0,2838.0,2886,125.10012005499853,237.59433921763954,1.0,1024
100000,1,250,pooled,60.0,100040.42244370168,1.0004042244370168,161560,10845.583333333334,650735,240,2712.318844076314,2715.0,2773.0,2838.0,2886,125.10012005499853,237.59433921763954,0.0,4096
100000,1,250,route_key,60.0,100040.42244370168,1.0004042244370168,161560,10845.583333333334,650735,15210,730.7620260167349,512.0,1334.0,1391.0,1422,125.10012005499853,237.59433921763954,0.8390035882502094,32
100000,1,250,route_key,60.0,100040.42244370168,1.0004042244370168,161560,10845.583333333334,650735,15210,730.7620260167349,512.0,1334.0,1391.0,1422,125.10012005499853,237.59433921763954,0.7550385333507496,64
100000,1,250,route_key,60.0,100040.42244370168,1.0004042244370168,161560,10845.583333333334,650735,15210,730.7620260167349,512.0,1334.0,1391.0,1422,125.10012005499853,237.59433921763954,0.6633990795024088,128
100000,1,250,route_key,60.0,100040.42244370168,1.0004042244370168,161560,10845.583333333334,650735,15210,730.7620260167349,512.0,1334.0,1391.0,1422,125.10012005499853,237.59433921763954,0.660994106664003,256
100000,1,250,route_key,60.0,100040.42244370168,1.0004042244370168,161560,10845.583333333334,650735,15210,730.7620260167349,512.0,1334.0,1391.0,1422,125.10012005499853,237.59433921763954,0.5002251300452565,512
100000,1,250,route_key,60.0,100040.42244370168,1.0004042244370168,161560,10845.583333333334,650735,15210,730.7620260167349,512.0,1334.0,1391.0,1422,125.10012005499853,237.59433921763954,0.48088085011563847,1024
100000,1,250,route_key,60.0,100040.42244370168,1.0004042244370168,161560,10845.583333333334,650735,15210,730.7620260167349,512.0,1334.0,1391.0,1422,125.10012005499853,237.59433921763954,0.0,4096
100000,1,500,event_class,60.0,100040.42244370168,1.0004042244370168,161560,10845.583333333334,650735,360,2683.6318025002497,2715.0,2817.0,2873.0,2908,249.95509174086143,475.2011529208253,0.997885467970833,32
100000,1,500,event_class,60.0,100040.42244370168,1.0004042244370168,161560,10845.583333333334,650735,360,2683.6318025002497,2715.0,2817.0,2873.0,2908,249.95509174086143,475.2011529208253,0.9941543024426226,64
100000,1,500,event_class,60.0,100040.42244370168,1.0004042244370168,161560,10845.583333333334,650735,360,2683.6318025002497,2715.0,2817.0,2873.0,2908,249.95509174086143,475.2011529208253,0.9941543024426226,128
100000,1,500,event_class,60.0,100040.42244370168,1.0004042244370168,161560,10845.583333333334,650735,360,2683.6318025002497,2715.0,2817.0,2873.0,2908,249.95509174086143,475.2011529208253,0.9941543024426226,256
100000,1,500,event_class,60.0,100040.42244370168,1.0004042244370168,161560,10845.583333333334,650735,360,2683.6318025002497,2715.0,2817.0,2873.0,2908,249.95509174086143,475.2011529208253,0.9941543024426226,512
100000,1,500,event_class,60.0,100040.42244370168,1.0004042244370168,161560,10845.583333333334,650735,360,2683.6318025002497,2715.0,2817.0,2873.0,2908,249.95509174086143,475.2011529208253,0.9941543024426226,1024
100000,1,500,event_class,60.0,100040.42244370168,1.0004042244370168,161560,10845.583333333334,650735,360,2683.6318025002497,2715.0,2817.0,2873.0,2908,249.95509174086143,475.2011529208253,0.0,4096
100000,1,500,pooled,60.0,100040.42244370168,1.0004042244370168,161560,10845.583333333334,650735,120,5423.621306676297,5413.0,5501.0,5563.0,5677,249.95509174086143,475.2011529208253,1.0,32
100000,1,500,pooled,60.0,100040.42244370168,1.0004042244370168,161560,10845.583333333334,650735,120,5423.621306676297,5413.0,5501.0,5563.0,5677,249.95509174086143,475.2011529208253,1.0,64
100000,1,500,pooled,60.0,100040.42244370168,1.0004042244370168,161560,10845.583333333334,650735,120,5423.621306676297,5413.0,5501.0,5563.0,5677,249.95509174086143,475.2011529208253,1.0,128
100000,1,500,pooled,60.0,100040.42244370168,1.0004042244370168,161560,10845.583333333334,650735,120,5423.621306676297,5413.0,5501.0,5563.0,5677,249.95509174086143,475.2011529208253,1.0,256
100000,1,500,pooled,60.0,100040.42244370168,1.0004042244370168,161560,10845.583333333334,650735,120,5423.621306676297,5413.0,5501.0,5563.0,5677,249.95509174086143,475.2011529208253,1.0,512
100000,1,500,pooled,60.0,100040.42244370168,1.0004042244370168,161560,10845.583333333334,650735,120,5423.621306676297,5413.0,5501.0,5563.0,5677,249.95509174086143,475.2011529208253,1.0,1024
100000,1,500,pooled,60.0,100040.42244370168,1.0004042244370168,161560,10845.583333333334,650735,120,5423.621306676297,5413.0,5501.0,5563.0,5677,249.95509174086143,475.2011529208253,1.0,4096
100000,1,500,route_key,60.0,100040.42244370168,1.0004042244370168,161560,10845.583333333334,650735,7996,1460.4785066117545,1007.0,2646.0,2710.0,2746,249.95509174086143,475.2011529208253,0.8943594550777199,32
100000,1,500,route_key,60.0,100040.42244370168,1.0004042244370168,161560,10845.583333333334,650735,7996,1460.4785066117545,1007.0,2646.0,2710.0,2746,249.95509174086143,475.2011529208253,0.8401269333907043,64
100000,1,500,route_key,60.0,100040.42244370168,1.0004042244370168,161560,10845.583333333334,650735,7996,1460.4785066117545,1007.0,2646.0,2710.0,2746,249.95509174086143,475.2011529208253,0.7562986469146427,128
100000,1,500,route_key,60.0,100040.42244370168,1.0004042244370168,161560,10845.583333333334,650735,7996,1460.4785066117545,1007.0,2646.0,2710.0,2746,249.95509174086143,475.2011529208253,0.6613967283149055,256
100000,1,500,route_key,60.0,100040.42244370168,1.0004042244370168,161560,10845.583333333334,650735,7996,1460.4785066117545,1007.0,2646.0,2710.0,2746,249.95509174086143,475.2011529208253,0.660994106664003,512
100000,1,500,route_key,60.0,100040.42244370168,1.0004042244370168,161560,10845.583333333334,650735,7996,1460.4785066117545,1007.0,2646.0,2710.0,2746,249.95509174086143,475.2011529208253,0.4888810345225015,1024
100000,1,500,route_key,60.0,100040.42244370168,1.0004042244370168,161560,10845.583333333334,650735,7996,1460.4785066117545,1007.0,2646.0,2710.0,2746,249.95509174086143,475.2011529208253,0.0,4096
100000,1,1000,event_class,60.0,100040.42244370168,1.0004042244370168,161560,10845.583333333334,650735,180,5366.513854333945,5454.0,5634.0,5681.0,5688,500.0968545167994,950.2109375851866,1.0,32
100000,1,1000,event_class,60.0,100040.42244370168,1.0004042244370168,161560,10845.583333333334,650735,180,5366.513854333945,5454.0,5634.0,5681.0,5688,500.0968545167994,950.2109375851866,0.9976872305930986,64
100000,1,1000,event_class,60.0,100040.42244370168,1.0004042244370168,161560,10845.583333333334,650735,180,5366.513854333945,5454.0,5634.0,5681.0,5688,500.0968545167994,950.2109375851866,0.9941543024426226,128
100000,1,1000,event_class,60.0,100040.42244370168,1.0004042244370168,161560,10845.583333333334,650735,180,5366.513854333945,5454.0,5634.0,5681.0,5688,500.0968545167994,950.2109375851866,0.9941543024426226,256
100000,1,1000,event_class,60.0,100040.42244370168,1.0004042244370168,161560,10845.583333333334,650735,180,5366.513854333945,5454.0,5634.0,5681.0,5688,500.0968545167994,950.2109375851866,0.9941543024426226,512
100000,1,1000,event_class,60.0,100040.42244370168,1.0004042244370168,161560,10845.583333333334,650735,180,5366.513854333945,5454.0,5634.0,5681.0,5688,500.0968545167994,950.2109375851866,0.9941543024426226,1024
100000,1,1000,event_class,60.0,100040.42244370168,1.0004042244370168,161560,10845.583333333334,650735,180,5366.513854333945,5454.0,5634.0,5681.0,5688,500.0968545167994,950.2109375851866,0.9941543024426226,4096
100000,1,1000,pooled,60.0,100040.42244370168,1.0004042244370168,161560,10845.583333333334,650735,60,10846.538598661513,10846.0,10995.0,11074.0,11074,500.0968545167994,950.2109375851866,1.0,32
100000,1,1000,pooled,60.0,100040.42244370168,1.0004042244370168,161560,10845.583333333334,650735,60,10846.538598661513,10846.0,10995.0,11074.0,11074,500.0968545167994,950.2109375851866,1.0,64
100000,1,1000,pooled,60.0,100040.42244370168,1.0004042244370168,161560,10845.583333333334,650735,60,10846.538598661513,10846.0,10995.0,11074.0,11074,500.0968545167994,950.2109375851866,1.0,128
100000,1,1000,pooled,60.0,100040.42244370168,1.0004042244370168,161560,10845.583333333334,650735,60,10846.538598661513,10846.0,10995.0,11074.0,11074,500.0968545167994,950.2109375851866,1.0,256
100000,1,1000,pooled,60.0,100040.42244370168,1.0004042244370168,161560,10845.583333333334,650735,60,10846.538598661513,10846.0,10995.0,11074.0,11074,500.0968545167994,950.2109375851866,1.0,512
100000,1,1000,pooled,60.0,100040.42244370168,1.0004042244370168,161560,10845.583333333334,650735,60,10846.538598661513,10846.0,10995.0,11074.0,11074,500.0968545167994,950.2109375851866,1.0,1024
100000,1,1000,pooled,60.0,100040.42244370168,1.0004042244370168,161560,10845.583333333334,650735,60,10846.538598661513,10846.0,10995.0,11074.0,11074,500.0968545167994,950.2109375851866,1.0,4096
100000,1,1000,route_key,60.0,100040.42244370168,1.0004042244370168,161560,10845.583333333334,650735,4115,2920.011616095646,1999.0,5288.0,5390.0,5391,500.0968545167994,950.2109375851866,0.9580520488370842,32
100000,1,1000,route_key,60.0,100040.42244370168,1.0004042244370168,161560,10845.583333333334,650735,4115,2920.011616095646,1999.0,5288.0,5390.0,5391,500.0968545167994,950.2109375851866,0.8924969457613314,64
100000,1,1000,route_key,60.0,100040.42244370168,1.0004042244370168,161560,10845.583333333334,650735,4115,2920.011616095646,1999.0,5288.0,5390.0,5391,500.0968545167994,950.2109375851866,0.8428100532474817,128
100000,1,1000,route_key,60.0,100040.42244370168,1.0004042244370168,161560,10845.583333333334,650735,4115,2920.011616095646,1999.0,5288.0,5390.0,5391,500.0968545167994,950.2109375851866,0.7567166358041292,256
100000,1,1000,route_key,60.0,100040.42244370168,1.0004042244370168,161560,10845.583333333334,650735,4115,2920.011616095646,1999.0,5288.0,5390.0,5391,500.0968545167994,950.2109375851866,0.660994106664003,512
100000,1,1000,route_key,60.0,100040.42244370168,1.0004042244370168,161560,10845.583333333334,650735,4115,2920.011616095646,1999.0,5288.0,5390.0,5391,500.0968545167994,950.2109375851866,0.660994106664003,1024
100000,1,1000,route_key,60.0,100040.42244370168,1.0004042244370168,161560,10845.583333333334,650735,4115,2920.011616095646,1999.0,5288.0,5390.0,5391,500.0968545167994,950.2109375851866,0.48088085011563847,4096
100000,2,1,event_class,60.0,100104.1987088466,1.001041987088466,161758,10878.433333333332,652706,123159,6.382910529396083,6.0,9.0,12.0,19,0.5001024667814343,0.9500854216470955,0.0,32
100000,2,1,event_class,60.0,100104.1987088466,1.001041987088466,161758,10878.433333333332,652706,123159,6.382910529396083,6.0,9.0,12.0,19,0.5001024667814343,0.9500854216470955,0.0,64
100000,2,1,event_class,60.0,100104.1987088466,1.001041987088466,161758,10878.433333333332,652706,123159,6.382910529396083,6.0,9.0,12.0,19,0.5001024667814343,0.9500854216470955,0.0,128
100000,2,1,event_class,60.0,100104.1987088466,1.001041987088466,161758,10878.433333333332,652706,123159,6.382910529396083,6.0,9.0,12.0,19,0.5001024667814343,0.9500854216470955,0.0,256
100000,2,1,event_class,60.0,100104.1987088466,1.001041987088466,161758,10878.433333333332,652706,123159,6.382910529396083,6.0,9.0,12.0,19,0.5001024667814343,0.9500854216470955,0.0,512
100000,2,1,event_class,60.0,100104.1987088466,1.001041987088466,161758,10878.433333333332,652706,123159,6.382910529396083,6.0,9.0,12.0,19,0.5001024667814343,0.9500854216470955,0.0,1024
100000,2,1,event_class,60.0,100104.1987088466,1.001041987088466,161758,10878.433333333332,652706,123159,6.382910529396083,6.0,9.0,12.0,19,0.5001024667814343,0.9500854216470955,0.0,4096
100000,2,1,pooled,60.0,100104.1987088466,1.001041987088466,161758,10878.433333333332,652706,59998,11.888979111575503,12.0,16.0,20.0,26,0.5001024667814343,0.9500854216470955,0.0,32
100000,2,1,pooled,60.0,100104.1987088466,1.001041987088466,161758,10878.433333333332,652706,59998,11.888979111575503,12.0,16.0,20.0,26,0.5001024667814343,0.9500854216470955,0.0,64
100000,2,1,pooled,60.0,100104.1987088466,1.001041987088466,161758,10878.433333333332,652706,59998,11.888979111575503,12.0,16.0,20.0,26,0.5001024667814343,0.9500854216470955,0.0,128
100000,2,1,pooled,60.0,100104.1987088466,1.001041987088466,161758,10878.433333333332,652706,59998,11.888979111575503,12.0,16.0,20.0,26,0.5001024667814343,0.9500854216470955,0.0,256
100000,2,1,pooled,60.0,100104.1987088466,1.001041987088466,161758,10878.433333333332,652706,59998,11.888979111575503,12.0,16.0,20.0,26,0.5001024667814343,0.9500854216470955,0.0,512
100000,2,1,pooled,60.0,100104.1987088466,1.001041987088466,161758,10878.433333333332,652706,59998,11.888979111575503,12.0,16.0,20.0,26,0.5001024667814343,0.9500854216470955,0.0,1024
100000,2,1,pooled,60.0,100104.1987088466,1.001041987088466,161758,10878.433333333332,652706,59998,11.888979111575503,12.0,16.0,20.0,26,0.5001024667814343,0.9500854216470955,0.0,4096
100000,2,1,route_key,60.0,100104.1987088466,1.001041987088466,161758,10878.433333333332,652706,315526,3.913936749470665,3.0,8.0,11.0,17,0.5001024667814343,0.9500854216470955,0.0,32
100000,2,1,route_key,60.0,100104.1987088466,1.001041987088466,161758,10878.433333333332,652706,315526,3.913936749470665,3.0,8.0,11.0,17,0.5001024667814343,0.9500854216470955,0.0,64
100000,2,1,route_key,60.0,100104.1987088466,1.001041987088466,161758,10878.433333333332,652706,315526,3.913936749470665,3.0,8.0,11.0,17,0.5001024667814343,0.9500854216470955,0.0,128
100000,2,1,route_key,60.0,100104.1987088466,1.001041987088466,161758,10878.433333333332,652706,315526,3.913936749470665,3.0,8.0,11.0,17,0.5001024667814343,0.9500854216470955,0.0,256
100000,2,1,route_key,60.0,100104.1987088466,1.001041987088466,161758,10878.433333333332,652706,315526,3.913936749470665,3.0,8.0,11.0,17,0.5001024667814343,0.9500854216470955,0.0,512
100000,2,1,route_key,60.0,100104.1987088466,1.001041987088466,161758,10878.433333333332,652706,315526,3.913936749470665,3.0,8.0,11.0,17,0.5001024667814343,0.9500854216470955,0.0,1024
100000,2,1,route_key,60.0,100104.1987088466,1.001041987088466,161758,10878.433333333332,652706,315526,3.913936749470665,3.0,8.0,11.0,17,0.5001024667814343,0.9500854216470955,0.0,4096
100000,2,5,event_class,60.0,100104.1987088466,1.001041987088466,161758,10878.433333333332,652706,27283,27.916605638679588,28.0,35.0,41.0,52,2.50358948850331,4.751392558392978,0.25198634607311715,32
100000,2,5,event_class,60.0,100104.1987088466,1.001041987088466,161758,10878.433333333332,652706,27283,27.916605638679588,28.0,35.0,41.0,52,2.50358948850331,4.751392558392978,0.0,64
100000,2,5,event_class,60.0,100104.1987088466,1.001041987088466,161758,10878.433333333332,652706,27283,27.916605638679588,28.0,35.0,41.0,52,2.50358948850331,4.751392558392978,0.0,128
100000,2,5,event_class,60.0,100104.1987088466,1.001041987088466,161758,10878.433333333332,652706,27283,27.916605638679588,28.0,35.0,41.0,52,2.50358948850331,4.751392558392978,0.0,256
100000,2,5,event_class,60.0,100104.1987088466,1.001041987088466,161758,10878.433333333332,652706,27283,27.916605638679588,28.0,35.0,41.0,52,2.50358948850331,4.751392558392978,0.0,512
100000,2,5,event_class,60.0,100104.1987088466,1.001041987088466,161758,10878.433333333332,652706,27283,27.916605638679588,28.0,35.0,41.0,52,2.50358948850331,4.751392558392978,0.0,1024
100000,2,5,event_class,60.0,100104.1987088466,1.001041987088466,161758,10878.433333333332,652706,27283,27.916605638679588,28.0,35.0,41.0,52,2.50358948850331,4.751392558392978,0.0,4096
100000,2,5,pooled,60.0,100104.1987088466,1.001041987088466,161758,10878.433333333332,652706,12000,55.4086464656369,55.0,65.0,73.0,88,2.50358948850331,4.751392558392978,0.9997288212457064,32
100000,2,5,pooled,60.0,100104.1987088466,1.001041987088466,161758,10878.433333333332,652706,12000,55.4086464656369,55.0,65.0,73.0,88,2.50358948850331,4.751392558392978,0.13840381427472706,64
100000,2,5,pooled,60.0,100104.1987088466,1.001041987088466,161758,10878.433333333332,652706,12000,55.4086464656369,55.0,65.0,73.0,88,2.50358948850331,4.751392558392978,0.0,128
100000,2,5,pooled,60.0,100104.1987088466,1.001041987088466,161758,10878.433333333332,652706,12000,55.4086464656369,55.0,65.0,73.0,88,2.50358948850331,4.751392558392978,0.0,256
100000,2,5,pooled,60.0,100104.1987088466,1.001041987088466,161758,10878.433333333332,652706,12000,55.4086464656369,55.0,65.0,73.0,88,2.50358948850331,4.751392558392978,0.0,512
100000,2,5,pooled,60.0,100104.1987088466,1.001041987088466,161758,10878.433333333332,652706,12000,55.4086464656369,55.0,65.0,73.0,88,2.50358948850331,4.751392558392978,0.0,1024
100000,2,5,pooled,60.0,100104.1987088466,1.001041987088466,161758,10878.433333333332,652706,12000,55.4086464656369,55.0,65.0,73.0,88,2.50358948850331,4.751392558392978,0.0,4096
100000,2,5,route_key,60.0,100104.1987088466,1.001041987088466,161758,10878.433333333332,652706,182036,15.576676175797372,15.0,31.0,38.0,49,2.50358948850331,4.751392558392978,0.09195564312263102,32
100000,2,5,route_key,60.0,100104.1987088466,1.001041987088466,161758,10878.433333333332,652706,182036,15.576676175797372,15.0,31.0,38.0,49,2.50358948850331,4.751392558392978,0.0,64
100000,2,5,route_key,60.0,100104.1987088466,1.001041987088466,161758,10878.433333333332,652706,182036,15.576676175797372,15.0,31.0,38.0,49,2.50358948850331,4.751392558392978,0.0,128
100000,2,5,route_key,60.0,100104.1987088466,1.001041987088466,161758,10878.433333333332,652706,182036,15.576676175797372,15.0,31.0,38.0,49,2.50358948850331,4.751392558392978,0.0,256
100000,2,5,route_key,60.0,100104.1987088466,1.001041987088466,161758,10878.433333333332,652706,182036,15.576676175797372,15.0,31.0,38.0,49,2.50358948850331,4.751392558392978,0.0,512
100000,2,5,route_key,60.0,100104.1987088466,1.001041987088466,161758,10878.433333333332,652706,182036,15.576676175797372,15.0,31.0,38.0,49,2.50358948850331,4.751392558392978,0.0,1024
100000,2,5,route_key,60.0,100104.1987088466,1.001041987088466,161758,10878.433333333332,652706,182036,15.576676175797372,15.0,31.0,38.0,49,2.50358948850331,4.751392558392978,0.0,4096
100000,2,10,event_class,60.0,100104.1987088466,1.001041987088466,161758,10878.433333333332,652706,14854,54.83383330320236,55.0,65.0,74.0,84,5.005527573950663,9.49903649626016,0.9936985411502269,32
100000,2,10,event_class,60.0,100104.1987088466,1.001041987088466,161758,10878.433333333332,652706,14854,54.83383330320236,55.0,65.0,74.0,84,5.005527573950663,9.49903649626016,0.13582225381718568,64
100000,2,10,event_class,60.0,100104.1987088466,1.001041987088466,161758,10878.433333333332,652706,14854,54.83383330320236,55.0,65.0,74.0,84,5.005527573950663,9.49903649626016,0.0,128
100000,2,10,event_class,60.0,100104.1987088466,1.001041987088466,161758,10878.433333333332,652706,14854,54.83383330320236,55.0,65.0,74.0,84,5.005527573950663,9.49903649626016,0.0,256
100000,2,10,event_class,60.0,100104.1987088466,1.001041987088466,161758,10878.433333333332,652706,14854,54.83383330320236,55.0,65.0,74.0,84,5.005527573950663,9.49903649626016,0.0,512
100000,2,10,event_class,60.0,100104.1987088466,1.001041987088466,161758,10878.433333333332,652706,14854,54.83383330320236,55.0,65.0,74.0,84,5.005527573950663,9.49903649626016,0.0,1024
100000,2,10,event_class,60.0,100104.1987088466,1.001041987088466,161758,10878.433333333332,652706,14854,54.83383330320236,55.0,65.0,74.0,84,5.005527573950663,9.49903649626016,0.0,4096
100000,2,10,pooled,60.0,100104.1987088466,1.001041987088466,161758,10878.433333333332,652706,6000,109.78186809987957,110.0,123.0,134.0,142,5.005527573950663,9.49903649626016,1.0,32
100000,2,10,pooled,60.0,100104.1987088466,1.001041987088466,161758,10878.433333333332,652706,6000,109.78186809987957,110.0,123.0,134.0,142,5.005527573950663,9.49903649626016,1.0,64
100000,2,10,pooled,60.0,100104.1987088466,1.001041987088466,161758,10878.433333333332,652706,6000,109.78186809987957,110.0,123.0,134.0,142,5.005527573950663,9.49903649626016,0.04203270691551786,128
100000,2,10,pooled,60.0,100104.1987088466,1.001041987088466,161758,10878.433333333332,652706,6000,109.78186809987957,110.0,123.0,134.0,142,5.005527573950663,9.49903649626016,0.0,256
100000,2,10,pooled,60.0,100104.1987088466,1.001041987088466,161758,10878.433333333332,652706,6000,109.78186809987957,110.0,123.0,134.0,142,5.005527573950663,9.49903649626016,0.0,512
100000,2,10,pooled,60.0,100104.1987088466,1.001041987088466,161758,10878.433333333332,652706,6000,109.78186809987957,110.0,123.0,134.0,142,5.005527573950663,9.49903649626016,0.0,1024
100000,2,10,pooled,60.0,100104.1987088466,1.001041987088466,161758,10878.433333333332,652706,6000,109.78186809987957,110.0,123.0,134.0,142,5.005527573950663,9.49903649626016,0.0,4096
100000,2,10,route_key,60.0,100104.1987088466,1.001041987088466,161758,10878.433333333332,652706,138113,30.150802964887713,26.0,59.0,68.0,77,5.005527573950663,9.49903649626016,0.4814250213725628,32
100000,2,10,route_key,60.0,100104.1987088466,1.001041987088466,161758,10878.433333333332,652706,138113,30.150802964887713,26.0,59.0,68.0,77,5.005527573950663,9.49903649626016,0.03610048015492427,64
100000,2,10,route_key,60.0,100104.1987088466,1.001041987088466,161758,10878.433333333332,652706,138113,30.150802964887713,26.0,59.0,68.0,77,5.005527573950663,9.49903649626016,0.0,128
100000,2,10,route_key,60.0,100104.1987088466,1.001041987088466,161758,10878.433333333332,652706,138113,30.150802964887713,26.0,59.0,68.0,77,5.005527573950663,9.49903649626016,0.0,256
100000,2,10,route_key,60.0,100104.1987088466,1.001041987088466,161758,10878.433333333332,652706,138113,30.150802964887713,26.0,59.0,68.0,77,5.005527573950663,9.49903649626016,0.0,512
100000,2,10,route_key,60.0,100104.1987088466,1.001041987088466,161758,10878.433333333332,652706,138113,30.150802964887713,26.0,59.0,68.0,77,5.005527573950663,9.49903649626016,0.0,1024
100000,2,10,route_key,60.0,100104.1987088466,1.001041987088466,161758,10878.433333333332,652706,138113,30.150802964887713,26.0,59.0,68.0,77,5.005527573950663,9.49903649626016,0.0,4096
100000,2,25,event_class,60.0,100104.1987088466,1.001041987088466,161758,10878.433333333332,652706,6705,135.56366878809143,136.0,153.0,167.0,186,12.518764774161264,23.756024036184265,0.9941612303242194,32
100000,2,25,event_class,60.0,100104.1987088466,1.001041987088466,161758,10878.433333333332,652706,6705,135.56366878809143,136.0,153.0,167.0,186,12.518764774161264,23.756024036184265,0.9941612303242194,64
100000,2,25,event_class,60.0,100104.1987088466,1.001041987088466,161758,10878.433333333332,652706,6705,135.56366878809143,136.0,153.0,167.0,186,12.518764774161264,23.756024036184265,0.7457645555579387,128
100000,2,25,event_class,60.0,100104.1987088466,1.001041987088466,161758,10878.433333333332,652706,6705,135.56366878809143,136.0,153.0,167.0,186,12.518764774161264,23.756024036184265,0.0,256
100000,2,25,event_class,60.0,100104.1987088466,1.001041987088466,161758,10878.433333333332,652706,6705,135.56366878809143,136.0,153.0,167.0,186,12.518764774161264,23.756024036184265,0.0,512
100000,2,25,event_class,60.0,100104.1987088466,1.001041987088466,161758,10878.433333333332,652706,6705,135.56366878809143,136.0,153.0,167.0,186,12.518764774161264,23.756024036184265,0.0,1024
100000,2,25,event_class,60.0,100104.1987088466,1.001041987088466,161758,10878.433333333332,652706,6705,135.56366878809143,136.0,153.0,167.0,186,12.518764774161264,23.756024036184265,0.0,4096
100000,2,25,pooled,60.0,100104.1987088466,1.001041987088466,161758,10878.433333333332,652706,2400,272.9467754241573,273.0,295.0,311.0,333,12.518764774161264,23.756024036184265,1.0,32
100000,2,25,pooled,60.0,100104.1987088466,1.001041987088466,161758,10878.433333333332,652706,2400,272.9467754241573,273.0,295.0,311.0,333,12.518764774161264,23.756024036184265,1.0,64
100000,2,25,pooled,60.0,100104.1987088466,1.001041987088466,161758,10878.433333333332,652706,2400,272.9467754241573,273.0,295.0,311.0,333,12.518764774161264,23.756024036184265,1.0,128
100000,2,25,pooled,60.0,100104.1987088466,1.001041987088466,161758,10878.433333333332,652706,2400,272.9467754241573,273.0,295.0,311.0,333,12.518764774161264,23.756024036184265,0.8579161215003386,256
100000,2,25,pooled,60.0,100104.1987088466,1.001041987088466,161758,10878.433333333332,652706,2400,272.9467754241573,273.0,295.0,311.0,333,12.518764774161264,23.756024036184265,0.0,512
100000,2,25,pooled,60.0,100104.1987088466,1.001041987088466,161758,10878.433333333332,652706,2400,272.9467754241573,273.0,295.0,311.0,333,12.518764774161264,23.756024036184265,0.0,1024
100000,2,25,pooled,60.0,100104.1987088466,1.001041987088466,161758,10878.433333333332,652706,2400,272.9467754241573,273.0,295.0,311.0,333,12.518764774161264,23.756024036184265,0.0,4096
100000,2,25,route_key,60.0,100104.1987088466,1.001041987088466,161758,10878.433333333332,652706,87068,73.87982031726382,59.0,140.0,154.0,168,12.518764774161264,23.756024036184265,0.6599586950326793,32
100000,2,25,route_key,60.0,100104.1987088466,1.001041987088466,161758,10878.433333333332,652706,87068,73.87982031726382,59.0,140.0,154.0,168,12.518764774161264,23.756024036184265,0.48641348478488017,64
100000,2,25,route_key,60.0,100104.1987088466,1.001041987088466,161758,10878.433333333332,652706,87068,73.87982031726382,59.0,140.0,154.0,168,12.518764774161264,23.756024036184265,0.29736818720832964,128
100000,2,25,route_key,60.0,100104.1987088466,1.001041987088466,161758,10878.433333333332,652706,87068,73.87982031726382,59.0,140.0,154.0,168,12.518764774161264,23.756024036184265,0.0,256
100000,2,25,route_key,60.0,100104.1987088466,1.001041987088466,161758,10878.433333333332,652706,87068,73.87982031726382,59.0,140.0,154.0,168,12.518764774161264,23.756024036184265,0.0,512
100000,2,25,route_key,60.0,100104.1987088466,1.001041987088466,161758,10878.433333333332,652706,87068,73.87982031726382,59.0,140.0,154.0,168,12.518764774161264,23.756024036184265,0.0,1024
100000,2,25,route_key,60.0,100104.1987088466,1.001041987088466,161758,10878.433333333332,652706,87068,73.87982031726382,59.0,140.0,154.0,168,12.518764774161264,23.756024036184265,0.0,4096
100000,2,50,event_class,60.0,100104.1987088466,1.001041987088466,161758,10878.433333333332,652706,3540,270.14362668644077,271.0,297.0,316.0,330,25.0062782947969,47.50522827447412,0.9941612303242194,32
100000,2,50,event_class,60.0,100104.1987088466,1.001041987088466,161758,10878.433333333332,652706,3540,270.14362668644077,271.0,297.0,316.0,330,25.0062782947969,47.50522827447412,0.9941612303242194,64
100000,2,50,event_class,60.0,100104.1987088466,1.001041987088466,161758,10878.433333333332,652706,3540,270.14362668644077,271.0,297.0,316.0,330,25.0062782947969,47.50522827447412,0.9941612303242194,128
100000,2,50,event_class,60.0,100104.1987088466,1.001041987088466,161758,10878.433333333332,652706,3540,270.14362668644077,271.0,297.0,316.0,330,25.0062782947969,47.50522827447412,0.7899146016736479,256
100000,2,50,event_class,60.0,100104.1987088466,1.001041987088466,161758,10878.433333333332,652706,3540,270.14362668644077,271.0,297.0,316.0,330,25.0062782947969,47.50522827447412,0.0,512
100000,2,50,event_class,60.0,100104.1987088466,1.001041987088466,161758,10878.433333333332,652706,3540,270.14362668644077,271.0,297.0,316.0,330,25.0062782947969,47.50522827447412,0.0,1024
100000,2,50,event_class,60.0,100104.1987088466,1.001041987088466,161758,10878.433333333332,652706,3540,270.14362668644077,271.0,297.0,316.0,330,25.0062782947969,47.50522827447412,0.0,4096
100000,2,50,pooled,60.0,100104.1987088466,1.001041987088466,161758,10878.433333333332,652706,1200,544.8953464500097,545.0,574.0,598.0,624,25.0062782947969,47.50522827447412,1.0,32
100000,2,50,pooled,60.0,100104.1987088466,1.001041987088466,161758,10878.433333333332,652706,1200,544.8953464500097,545.0,574.0,598.0,624,25.0062782947969,47.50522827447412,1.0,64
100000,2,50,pooled,60.0,100104.1987088466,1.001041987088466,161758,10878.433333333332,652706,1200,544.8953464500097,545.0,574.0,598.0,624,25.0062782947969,47.50522827447412,1.0,128
100000,2,50,pooled,60.0,100104.1987088466,1.001041987088466,161758,10878.433333333332,652706,1200,544.8953464500097,545.0,574.0,598.0,624,25.0062782947969,47.50522827447412,1.0,256
100000,2,50,pooled,60.0,100104.1987088466,1.001041987088466,161758,10878.433333333332,652706,1200,544.8953464500097,545.0,574.0,598.0,624,25.0062782947969,47.50522827447412,0.9340637285393424,512
100000,2,50,pooled,60.0,100104.1987088466,1.001041987088466,161758,10878.433333333332,652706,1200,544.8953464500097,545.0,574.0,598.0,624,25.0062782947969,47.50522827447412,0.0,1024
100000,2,50,pooled,60.0,100104.1987088466,1.001041987088466,161758,10878.433333333332,652706,1200,544.8953464500097,545.0,574.0,598.0,624,25.0062782947969,47.50522827447412,0.0,4096
100000,2,50,route_key,60.0,100104.1987088466,1.001041987088466,161758,10878.433333333332,652706,56197,146.7657076846237,112.0,275.0,293.0,320,25.0062782947969,47.50522827447412,0.6620239433987124,32
100000,2,50,route_key,60.0,100104.1987088466,1.001041987088466,161758,10878.433333333332,652706,56197,146.7657076846237,112.0,275.0,293.0,320,25.0062782947969,47.50522827447412,0.6603769537893017,64
100000,2,50,route_key,60.0,100104.1987088466,1.001041987088466,161758,10878.433333333332,652706,56197,146.7657076846237,112.0,275.0,293.0,320,25.0062782947969,47.50522827447412,0.4803066005215212,128
100000,2,50,route_key,60.0,100104.1987088466,1.001041987088466,161758,10878.433333333332,652706,56197,146.7657076846237,112.0,275.0,293.0,320,25.0062782947969,47.50522827447412,0.30832717946518035,256
100000,2,50,route_key,60.0,100104.1987088466,1.001041987088466,161758,10878.433333333332,652706,56197,146.7657076846237,112.0,275.0,293.0,320,25.0062782947969,47.50522827447412,0.0,512
100000,2,50,route_key,60.0,100104.1987088466,1.001041987088466,161758,10878.433333333332,652706,56197,146.7657076846237,112.0,275.0,293.0,320,25.0062782947969,47.50522827447412,0.0,1024
100000,2,50,route_key,60.0,100104.1987088466,1.001041987088466,161758,10878.433333333332,652706,56197,146.7657076846237,112.0,275.0,293.0,320,25.0062782947969,47.50522827447412,0.0,4096
100000,2,100,event_class,60.0,100104.1987088466,1.001041987088466,161758,10878.433333333332,652706,1799,539.3059172123437,541.0,583.0,615.0,642,49.99624314880469,94.99475966560134,0.9941612303242194,32
100000,2,100,event_class,60.0,100104.1987088466,1.001041987088466,161758,10878.433333333332,652706,1799,539.3059172123437,541.0,583.0,615.0,642,49.99624314880469,94.99475966560134,0.9941612303242194,64
100000,2,100,event_class,60.0,100104.1987088466,1.001041987088466,161758,10878.433333333332,652706,1799,539.3059172123437,541.0,583.0,615.0,642,49.99624314880469,94.99475966560134,0.9941612303242194,128
100000,2,100,event_class,60.0,100104.1987088466,1.001041987088466,161758,10878.433333333332,652706,1799,539.3059172123437,541.0,583.0,615.0,642,49.99624314880469,94.99475966560134,0.9941612303242194,256
100000,2,100,event_class,60.0,100104.1987088466,1.001041987088466,161758,10878.433333333332,652706,1799,539.3059172123437,541.0,583.0,615.0,642,49.99624314880469,94.99475966560134,0.8356197123973121,512
100000,2,100,event_class,60.0,100104.1987088466,1.001041987088466,161758,10878.433333333332,652706,1799,539.3059172123437,541.0,583.0,615.0,642,49.99624314880469,94.99475966560134,0.0,1024
100000,2,100,event_class,60.0,100104.1987088466,1.001041987088466,161758,10878.433333333332,652706,1799,539.3059172123437,541.0,583.0,615.0,642,49.99624314880469,94.99475966560134,0.0,4096
100000,2,100,pooled,60.0,100104.1987088466,1.001041987088466,161758,10878.433333333332,652706,600,1088.8141184545568,1090.0,1127.0,1166.0,1208,49.99624314880469,94.99475966560134,1.0,32
100000,2,100,pooled,60.0,100104.1987088466,1.001041987088466,161758,10878.433333333332,652706,600,1088.8141184545568,1090.0,1127.0,1166.0,1208,49.99624314880469,94.99475966560134,1.0,64
100000,2,100,pooled,60.0,100104.1987088466,1.001041987088466,161758,10878.433333333332,652706,600,1088.8141184545568,1090.0,1127.0,1166.0,1208,49.99624314880469,94.99475966560134,1.0,128
100000,2,100,pooled,60.0,100104.1987088466,1.001041987088466,161758,10878.433333333332,652706,600,1088.8141184545568,1090.0,1127.0,1166.0,1208,49.99624314880469,94.99475966560134,1.0,256
100000,2,100,pooled,60.0,100104.1987088466,1.001041987088466,161758,10878.433333333332,652706,600,1088.8141184545568,1090.0,1127.0,1166.0,1208,49.99624314880469,94.99475966560134,1.0,512
100000,2,100,pooled,60.0,100104.1987088466,1.001041987088466,161758,10878.433333333332,652706,600,1088.8141184545568,1090.0,1127.0,1166.0,1208,49.99624314880469,94.99475966560134,0.979958817599348,1024
100000,2,100,pooled,60.0,100104.1987088466,1.001041987088466,161758,10878.433333333332,652706,600,1088.8141184545568,1090.0,1127.0,1166.0,1208,49.99624314880469,94.99475966560134,0.0,4096
100000,2,100,route_key,60.0,100104.1987088466,1.001041987088466,161758,10878.433333333332,652706,33372,292.5326839342675,214.0,540.0,565.0,589,49.99624314880469,94.99475966560134,0.7375219470940975,32
100000,2,100,route_key,60.0,100104.1987088466,1.001041987088466,161758,10878.433333333332,652706,33372,292.5326839342675,214.0,540.0,565.0,589,49.99624314880469,94.99475966560134,0.6604765392075452,64
100000,2,100,route_key,60.0,100104.1987088466,1.001041987088466,161758,10878.433333333332,652706,33372,292.5326839342675,214.0,540.0,565.0,589,49.99624314880469,94.99475966560134,0.6603769537893017,128
100000,2,100,route_key,60.0,100104.1987088466,1.001041987088466,161758,10878.433333333332,652706,33372,292.5326839342675,214.0,540.0,565.0,589,49.99624314880469,94.99475966560134,0.4795114492589313,256
100000,2,100,route_key,60.0,100104.1987088466,1.001041987088466,161758,10878.433333333332,652706,33372,292.5326839342675,214.0,540.0,565.0,589,49.99624314880469,94.99475966560134,0.3333077986107068,512
100000,2,100,route_key,60.0,100104.1987088466,1.001041987088466,161758,10878.433333333332,652706,33372,292.5326839342675,214.0,540.0,565.0,589,49.99624314880469,94.99475966560134,0.0,1024
100000,2,100,route_key,60.0,100104.1987088466,1.001041987088466,161758,10878.433333333332,652706,33372,292.5326839342675,214.0,540.0,565.0,589,49.99624314880469,94.99475966560134,0.0,4096
100000,2,250,event_class,60.0,100104.1987088466,1.001041987088466,161758,10878.433333333332,652706,720,1346.8689547820918,1354.0,1436.0,1484.0,1503,125.01501116993353,237.40762033552443,0.9941612303242194,32
100000,2,250,event_class,60.0,100104.1987088466,1.001041987088466,161758,10878.433333333332,652706,720,1346.8689547820918,1354.0,1436.0,1484.0,1503,125.01501116993353,237.40762033552443,0.9941612303242194,64
100000,2,250,event_class,60.0,100104.1987088466,1.001041987088466,161758,10878.433333333332,652706,720,1346.8689547820918,1354.0,1436.0,1484.0,1503,125.01501116993353,237.40762033552443,0.9941612303242194,128
100000,2,250,event_class,60.0,100104.1987088466,1.001041987088466,161758,10878.433333333332,652706,720,1346.8689547820918,1354.0,1436.0,1484.0,1503,125.01501116993353,237.40762033552443,0.9941612303242194,256
100000,2,250,event_class,60.0,100104.1987088466,1.001041987088466,161758,10878.433333333332,652706,720,1346.8689547820918,1354.0,1436.0,1484.0,1503,125.01501116993353,237.40762033552443,0.9941612303242194,512
100000,2,250,event_class,60.0,100104.1987088466,1.001041987088466,161758,10878.433333333332,652706,720,1346.8689547820918,1354.0,1436.0,1484.0,1503,125.01501116993353,237.40762033552443,0.9941612303242194,1024
100000,2,250,event_class,60.0,100104.1987088466,1.001041987088466,161758,10878.433333333332,652706,720,1346.8689547820918,1354.0,1436.0,1484.0,1503,125.01501116993353,237.40762033552443,0.0,4096
100000,2,250,pooled,60.0,100104.1987088466,1.001041987088466,161758,10878.433333333332,652706,240,2720.7244670648042,2722.0,2793.0,2842.0,2865,125.01501116993353,237.40762033552443,1.0,32
100000,2,250,pooled,60.0,100104.1987088466,1.001041987088466,161758,10878.433333333332,652706,240,2720.7244670648042,2722.0,2793.0,2842.0,2865,125.01501116993353,237.40762033552443,1.0,64
100000,2,250,pooled,60.0,100104.1987088466,1.001041987088466,161758,10878.433333333332,652706,240,2720.7244670648042,2722.0,2793.0,2842.0,2865,125.01501116993353,237.40762033552443,1.0,128
100000,2,250,pooled,60.0,100104.1987088466,1.001041987088466,161758,10878.433333333332,652706,240,2720.7244670648042,2722.0,2793.0,2842.0,2865,125.01501116993353,237.40762033552443,1.0,256
100000,2,250,pooled,60.0,100104.1987088466,1.001041987088466,161758,10878.433333333332,652706,240,2720.7244670648042,2722.0,2793.0,2842.0,2865,125.01501116993353,237.40762033552443,1.0,512
100000,2,250,pooled,60.0,100104.1987088466,1.001041987088466,161758,10878.433333333332,652706,240,2720.7244670648042,2722.0,2793.0,2842.0,2865,125.01501116993353,237.40762033552443,1.0,1024
100000,2,250,pooled,60.0,100104.1987088466,1.001041987088466,161758,10878.433333333332,652706,240,2720.7244670648042,2722.0,2793.0,2842.0,2865,125.01501116993353,237.40762033552443,0.0,4096
100000,2,250,route_key,60.0,100104.1987088466,1.001041987088466,161758,10878.433333333332,652706,15214,729.9780483096524,519.0,1339.0,1391.0,1398,125.01501116993353,237.40762033552443,0.8370016515858595,32
100000,2,250,route_key,60.0,100104.1987088466,1.001041987088466,161758,10878.433333333332,652706,15214,729.9780483096524,519.0,1339.0,1391.0,1398,125.01501116993353,237.40762033552443,0.7523555781622967,64
100000,2,250,route_key,60.0,100104.1987088466,1.001041987088466,161758,10878.433333333332,652706,15214,729.9780483096524,519.0,1339.0,1391.0,1398,125.01501116993353,237.40762033552443,0.6619963658982758,128
100000,2,250,route_key,60.0,100104.1987088466,1.001041987088466,161758,10878.433333333332,652706,15214,729.9780483096524,519.0,1339.0,1391.0,1398,125.01501116993353,237.40762033552443,0.6603769537893017,256
100000,2,250,route_key,60.0,100104.1987088466,1.001041987088466,161758,10878.433333333332,652706,15214,729.9780483096524,519.0,1339.0,1391.0,1398,125.01501116993353,237.40762033552443,0.5125094606147331,512
100000,2,250,route_key,60.0,100104.1987088466,1.001041987088466,161758,10878.433333333332,652706,15214,729.9780483096524,519.0,1339.0,1391.0,1398,125.01501116993353,237.40762033552443,0.4795114492589313,1024
100000,2,250,route_key,60.0,100104.1987088466,1.001041987088466,161758,10878.433333333332,652706,15214,729.9780483096524,519.0,1339.0,1391.0,1398,125.01501116993353,237.40762033552443,0.0,4096
100000,2,500,event_class,60.0,100104.1987088466,1.001041987088466,161758,10878.433333333332,652706,360,2692.539293341872,2716.0,2854.0,2899.0,2907,249.8476310631167,474.8108475307431,0.9974904474602654,32
100000,2,500,event_class,60.0,100104.1987088466,1.001041987088466,161758,10878.433333333332,652706,360,2692.539293341872,2716.0,2854.0,2899.0,2907,249.8476310631167,474.8108475307431,0.9941612303242194,64
100000,2,500,event_class,60.0,100104.1987088466,1.001041987088466,161758,10878.433333333332,652706,360,2692.539293341872,2716.0,2854.0,2899.0,2907,249.8476310631167,474.8108475307431,0.9941612303242194,128
100000,2,500,event_class,60.0,100104.1987088466,1.001041987088466,161758,10878.433333333332,652706,360,2692.539293341872,2716.0,2854.0,2899.0,2907,249.8476310631167,474.8108475307431,0.9941612303242194,256
100000,2,500,event_class,60.0,100104.1987088466,1.001041987088466,161758,10878.433333333332,652706,360,2692.539293341872,2716.0,2854.0,2899.0,2907,249.8476310631167,474.8108475307431,0.9941612303242194,512
100000,2,500,event_class,60.0,100104.1987088466,1.001041987088466,161758,10878.433333333332,652706,360,2692.539293341872,2716.0,2854.0,2899.0,2907,249.8476310631167,474.8108475307431,0.9941612303242194,1024
100000,2,500,event_class,60.0,100104.1987088466,1.001041987088466,161758,10878.433333333332,652706,360,2692.539293341872,2716.0,2854.0,2899.0,2907,249.8476310631167,474.8108475307431,0.0,4096
100000,2,500,pooled,60.0,100104.1987088466,1.001041987088466,161758,10878.433333333332,652706,120,5440.234470037046,5440.0,5550.0,5592.0,5595,249.8476310631167,474.8108475307431,1.0,32
100000,2,500,pooled,60.0,100104.1987088466,1.001041987088466,161758,10878.433333333332,652706,120,5440.234470037046,5440.0,5550.0,5592.0,5595,249.8476310631167,474.8108475307431,1.0,64
100000,2,500,pooled,60.0,100104.1987088466,1.001041987088466,161758,10878.433333333332,652706,120,5440.234470037046,5440.0,5550.0,5592.0,5595,249.8476310631167,474.8108475307431,1.0,128
100000,2,500,pooled,60.0,100104.1987088466,1.001041987088466,161758,10878.433333333332,652706,120,5440.234470037046,5440.0,5550.0,5592.0,5595,249.8476310631167,474.8108475307431,1.0,256
100000,2,500,pooled,60.0,100104.1987088466,1.001041987088466,161758,10878.433333333332,652706,120,5440.234470037046,5440.0,5550.0,5592.0,5595,249.8476310631167,474.8108475307431,1.0,512
100000,2,500,pooled,60.0,100104.1987088466,1.001041987088466,161758,10878.433333333332,652706,120,5440.234470037046,5440.0,5550.0,5592.0,5595,249.8476310631167,474.8108475307431,1.0,1024
100000,2,500,pooled,60.0,100104.1987088466,1.001041987088466,161758,10878.433333333332,652706,120,5440.234470037046,5440.0,5550.0,5592.0,5595,249.8476310631167,474.8108475307431,1.0,4096
100000,2,500,route_key,60.0,100104.1987088466,1.001041987088466,161758,10878.433333333332,652706,7998,1458.8543816051945,1019.0,2653.0,2714.0,2734,249.8476310631167,474.8108475307431,0.8939369333206681,32
100000,2,500,route_key,60.0,100104.1987088466,1.001041987088466,161758,10878.433333333332,652706,7998,1458.8543816051945,1019.0,2653.0,2714.0,2734,249.8476310631167,474.8108475307431,0.8384387457752801,64
100000,2,500,route_key,60.0,100104.1987088466,1.001041987088466,161758,10878.433333333332,652706,7998,1458.8543816051945,1019.0,2653.0,2714.0,2734,249.8476310631167,474.8108475307431,0.752125765658658,128
100000,2,500,route_key,60.0,100104.1987088466,1.001041987088466,161758,10878.433333333332,652706,7998,1458.8543816051945,1019.0,2653.0,2714.0,2734,249.8476310631167,474.8108475307431,0.6603769537893017,256
100000,2,500,route_key,60.0,100104.1987088466,1.001041987088466,161758,10878.433333333332,652706,7998,1458.8543816051945,1019.0,2653.0,2714.0,2734,249.8476310631167,474.8108475307431,0.6603769537893017,512
100000,2,500,route_key,60.0,100104.1987088466,1.001041987088466,161758,10878.433333333332,652706,7998,1458.8543816051945,1019.0,2653.0,2714.0,2734,249.8476310631167,474.8108475307431,0.49697260328539955,1024
100000,2,500,route_key,60.0,100104.1987088466,1.001041987088466,161758,10878.433333333332,652706,7998,1458.8543816051945,1019.0,2653.0,2714.0,2734,249.8476310631167,474.8108475307431,0.0,4096
100000,2,1000,event_class,60.0,100104.1987088466,1.001041987088466,161758,10878.433333333332,652706,180,5384.080814332946,5444.0,5681.0,5765.0,5774,499.261609178838,949.4433310747432,1.0,32
100000,2,1000,event_class,60.0,100104.1987088466,1.001041987088466,161758,10878.433333333332,652706,180,5384.080814332946,5444.0,5681.0,5765.0,5774,499.261609178838,949.4433310747432,0.9971334720379467,64
100000,2,1000,event_class,60.0,100104.1987088466,1.001041987088466,161758,10878.433333333332,652706,180,5384.080814332946,5444.0,5681.0,5765.0,5774,499.261609178838,949.4433310747432,0.9941612303242194,128
100000,2,1000,event_class,60.0,100104.1987088466,1.001041987088466,161758,10878.433333333332,652706,180,5384.080814332946,5444.0,5681.0,5765.0,5774,499.261609178838,949.4433310747432,0.9941612303242194,256
100000,2,1000,event_class,60.0,100104.1987088466,1.001041987088466,161758,10878.433333333332,652706,180,5384.080814332946,5444.0,5681.0,5765.0,5774,499.261609178838,949.4433310747432,0.9941612303242194,512
100000,2,1000,event_class,60.0,100104.1987088466,1.001041987088466,161758,10878.433333333332,652706,180,5384.080814332946,5444.0,5681.0,5765.0,5774,499.261609178838,949.4433310747432,0.9941612303242194,1024
100000,2,1000,event_class,60.0,100104.1987088466,1.001041987088466,161758,10878.433333333332,652706,180,5384.080814332946,5444.0,5681.0,5765.0,5774,499.261609178838,949.4433310747432,0.9941612303242194,4096
100000,2,1000,pooled,60.0,100104.1987088466,1.001041987088466,161758,10878.433333333332,652706,60,10879.474048040005,10877.0,11024.0,11065.0,11065,499.261609178838,949.4433310747432,1.0,32
100000,2,1000,pooled,60.0,100104.1987088466,1.001041987088466,161758,10878.433333333332,652706,60,10879.474048040005,10877.0,11024.0,11065.0,11065,499.261609178838,949.4433310747432,1.0,64
100000,2,1000,pooled,60.0,100104.1987088466,1.001041987088466,161758,10878.433333333332,652706,60,10879.474048040005,10877.0,11024.0,11065.0,11065,499.261609178838,949.4433310747432,1.0,128
100000,2,1000,pooled,60.0,100104.1987088466,1.001041987088466,161758,10878.433333333332,652706,60,10879.474048040005,10877.0,11024.0,11065.0,11065,499.261609178838,949.4433310747432,1.0,256
100000,2,1000,pooled,60.0,100104.1987088466,1.001041987088466,161758,10878.433333333332,652706,60,10879.474048040005,10877.0,11024.0,11065.0,11065,499.261609178838,949.4433310747432,1.0,512
100000,2,1000,pooled,60.0,100104.1987088466,1.001041987088466,161758,10878.433333333332,652706,60,10879.474048040005,10877.0,11024.0,11065.0,11065,499.261609178838,949.4433310747432,1.0,1024
100000,2,1000,pooled,60.0,100104.1987088466,1.001041987088466,161758,10878.433333333332,652706,60,10879.474048040005,10877.0,11024.0,11065.0,11065,499.261609178838,949.4433310747432,1.0,4096
100000,2,1000,route_key,60.0,100104.1987088466,1.001041987088466,161758,10878.433333333332,652706,4121,2916.6837381608257,2014.0,5269.0,5356.0,5448,499.261609178838,949.4433310747432,0.9589646793502741,32
100000,2,1000,route_key,60.0,100104.1987088466,1.001041987088466,161758,10878.433333333332,652706,4121,2916.6837381608257,2014.0,5269.0,5356.0,5448,499.261609178838,949.4433310747432,0.8912879611953927,64
100000,2,1000,route_key,60.0,100104.1987088466,1.001041987088466,161758,10878.433333333332,652706,4121,2916.6837381608257,2014.0,5269.0,5356.0,5448,499.261609178838,949.4433310747432,0.8392400253713004,128
100000,2,1000,route_key,60.0,100104.1987088466,1.001041987088466,161758,10878.433333333332,652706,4121,2916.6837381608257,2014.0,5269.0,5356.0,5448,499.261609178838,949.4433310747432,0.7521747923261008,256
100000,2,1000,route_key,60.0,100104.1987088466,1.001041987088466,161758,10878.433333333332,652706,4121,2916.6837381608257,2014.0,5269.0,5356.0,5448,499.261609178838,949.4433310747432,0.6603769537893017,512
100000,2,1000,route_key,60.0,100104.1987088466,1.001041987088466,161758,10878.433333333332,652706,4121,2916.6837381608257,2014.0,5269.0,5356.0,5448,499.261609178838,949.4433310747432,0.6603769537893017,1024
100000,2,1000,route_key,60.0,100104.1987088466,1.001041987088466,161758,10878.433333333332,652706,4121,2916.6837381608257,2014.0,5269.0,5356.0,5448,499.261609178838,949.4433310747432,0.4795114492589313,4096
100000,3,1,event_class,60.0,100657.26608486626,1.0065726608486627,162513,10923.25,655395,123212,6.405512706078014,6.0,10.0,13.0,17,0.4999033579817373,0.9499575555246054,0.0,32
100000,3,1,event_class,60.0,100657.26608486626,1.0065726608486627,162513,10923.25,655395,123212,6.405512706078014,6.0,10.0,13.0,17,0.4999033579817373,0.9499575555246054,0.0,64
100000,3,1,event_class,60.0,100657.26608486626,1.0065726608486627,162513,10923.25,655395,123212,6.405512706078014,6.0,10.0,13.0,17,0.4999033579817373,0.9499575555246054,0.0,128
100000,3,1,event_class,60.0,100657.26608486626,1.0065726608486627,162513,10923.25,655395,123212,6.405512706078014,6.0,10.0,13.0,17,0.4999033579817373,0.9499575555246054,0.0,256
100000,3,1,event_class,60.0,100657.26608486626,1.0065726608486627,162513,10923.25,655395,123212,6.405512706078014,6.0,10.0,13.0,17,0.4999033579817373,0.9499575555246054,0.0,512
100000,3,1,event_class,60.0,100657.26608486626,1.0065726608486627,162513,10923.25,655395,123212,6.405512706078014,6.0,10.0,13.0,17,0.4999033579817373,0.9499575555246054,0.0,1024
100000,3,1,event_class,60.0,100657.26608486626,1.0065726608486627,162513,10923.25,655395,123212,6.405512706078014,6.0,10.0,13.0,17,0.4999033579817373,0.9499575555246054,0.0,4096
100000,3,1,pooled,60.0,100657.26608486626,1.0065726608486627,162513,10923.25,655395,59999,11.925890493519175,12.0,16.0,20.0,27,0.4999033579817373,0.9499575555246054,0.0,32
100000,3,1,pooled,60.0,100657.26608486626,1.0065726608486627,162513,10923.25,655395,59999,11.925890493519175,12.0,16.0,20.0,27,0.4999033579817373,0.9499575555246054,0.0,64
100000,3,1,pooled,60.0,100657.26608486626,1.0065726608486627,162513,10923.25,655395,59999,11.925890493519175,12.0,16.0,20.0,27,0.4999033579817373,0.9499575555246054,0.0,128
100000,3,1,pooled,60.0,100657.26608486626,1.0065726608486627,162513,10923.25,655395,59999,11.925890493519175,12.0,16.0,20.0,27,0.4999033579817373,0.9499575555246054,0.0,256
100000,3,1,pooled,60.0,100657.26608486626,1.0065726608486627,162513,10923.25,655395,59999,11.925890493519175,12.0,16.0,20.0,27,0.4999033579817373,0.9499575555246054,0.0,512
100000,3,1,pooled,60.0,100657.26608486626,1.0065726608486627,162513,10923.25,655395,59999,11.925890493519175,12.0,16.0,20.0,27,0.4999033579817373,0.9499575555246054,0.0,1024
100000,3,1,pooled,60.0,100657.26608486626,1.0065726608486627,162513,10923.25,655395,59999,11.925890493519175,12.0,16.0,20.0,27,0.4999033579817373,0.9499575555246054,0.0,4096
100000,3,1,route_key,60.0,100657.26608486626,1.0065726608486627,162513,10923.25,655395,316215,3.9205349445754085,3.0,8.0,11.0,17,0.4999033579817373,0.9499575555246054,0.0,32
100000,3,1,route_key,60.0,100657.26608486626,1.0065726608486627,162513,10923.25,655395,316215,3.9205349445754085,3.0,8.0,11.0,17,0.4999033579817373,0.9499575555246054,0.0,64
100000,3,1,route_key,60.0,100657.26608486626,1.0065726608486627,162513,10923.25,655395,316215,3.9205349445754085,3.0,8.0,11.0,17,0.4999033579817373,0.9499575555246054,0.0,128
100000,3,1,route_key,60.0,100657.26608486626,1.0065726608486627,162513,10923.25,655395,316215,3.9205349445754085,3.0,8.0,11.0,17,0.4999033579817373,0.9499575555246054,0.0,256
100000,3,1,route_key,60.0,100657.26608486626,1.0065726608486627,162513,10923.25,655395,316215,3.9205349445754085,3.0,8.0,11.0,17,0.4999033579817373,0.9499575555246054,0.0,512
100000,3,1,route_key,60.0,100657.26608486626,1.0065726608486627,162513,10923.25,655395,316215,3.9205349445754085,3.0,8.0,11.0,17,0.4999033579817373,0.9499575555246054,0.0,1024
100000,3,1,route_key,60.0,100657.26608486626,1.0065726608486627,162513,10923.25,655395,316215,3.9205349445754085,3.0,8.0,11.0,17,0.4999033579817373,0.9499575555246054,0.0,4096
100000,3,5,event_class,60.0,100657.26608486626,1.0065726608486627,162513,10923.25,655395,27338,28.026605329610387,28.0,35.0,41.0,50,2.500081876279859,4.750325618854845,0.2598204136436805,32
100000,3,5,event_class,60.0,100657.26608486626,1.0065726608486627,162513,10923.25,655395,27338,28.026605329610387,28.0,35.0,41.0,50,2.500081876279859,4.750325618854845,0.0,64
100000,3,5,event_class,60.0,100657.26608486626,1.0065726608486627,162513,10923.25,655395,27338,28.026605329610387,28.0,35.0,41.0,50,2.500081876279859,4.750325618854845,0.0,128
100000,3,5,event_class,60.0,100657.26608486626,1.0065726608486627,162513,10923.25,655395,27338,28.026605329610387,28.0,35.0,41.0,50,2.500081876279859,4.750325618854845,0.0,256
100000,3,5,event_class,60.0,100657.26608486626,1.0065726608486627,162513,10923.25,655395,27338,28.026605329610387,28.0,35.0,41.0,50,2.500081876279859,4.750325618854845,0.0,512
100000,3,5,event_class,60.0,100657.26608486626,1.0065726608486627,162513,10923.25,655395,27338,28.026605329610387,28.0,35.0,41.0,50,2.500081876279859,4.750325618854845,0.0,1024
100000,3,5,event_class,60.0,100657.26608486626,1.0065726608486627,162513,10923.25,655395,27338,28.026605329610387,28.0,35.0,41.0,50,2.500081876279859,4.750325618854845,0.0,4096
100000,3,5,pooled,60.0,100657.26608486626,1.0065726608486627,162513,10923.25,655395,12000,55.629855278114725,56.0,65.0,73.0,85,2.500081876279859,4.750325618854845,0.99962923122697,32
100000,3,5,pooled,60.0,100657.26608486626,1.0065726608486627,162513,10923.25,655395,12000,55.629855278114725,56.0,65.0,73.0,85,2.500081876279859,4.750325618854845,0.1482754674661845,64
100000,3,5,pooled,60.0,100657.26608486626,1.0065726608486627,162513,10923.25,655395,12000,55.629855278114725,56.0,65.0,73.0,85,2.500081876279859,4.750325618854845,0.0,128
100000,3,5,pooled,60.0,100657.26608486626,1.0065726608486627,162513,10923.25,655395,12000,55.629855278114725,56.0,65.0,73.0,85,2.500081876279859,4.750325618854845,0.0,256
100000,3,5,pooled,60.0,100657.26608486626,1.0065726608486627,162513,10923.25,655395,12000,55.629855278114725,56.0,65.0,73.0,85,2.500081876279859,4.750325618854845,0.0,512
100000,3,5,pooled,60.0,100657.26608486626,1.0065726608486627,162513,10923.25,655395,12000,55.629855278114725,56.0,65.0,73.0,85,2.500081876279859,4.750325618854845,0.0,1024
100000,3,5,pooled,60.0,100657.26608486626,1.0065726608486627,162513,10923.25,655395,12000,55.629855278114725,56.0,65.0,73.0,85,2.500081876279859,4.750325618854845,0.0,4096
100000,3,5,route_key,60.0,100657.26608486626,1.0065726608486627,162513,10923.25,655395,182243,15.613336995247142,15.0,31.0,38.0,46,2.500081876279859,4.750325618854845,0.09134338833833032,32
100000,3,5,route_key,60.0,100657.26608486626,1.0065726608486627,162513,10923.25,655395,182243,15.613336995247142,15.0,31.0,38.0,46,2.500081876279859,4.750325618854845,0.0,64
100000,3,5,route_key,60.0,100657.26608486626,1.0065726608486627,162513,10923.25,655395,182243,15.613336995247142,15.0,31.0,38.0,46,2.500081876279859,4.750325618854845,0.0,128
100000,3,5,route_key,60.0,100657.26608486626,1.0065726608486627,162513,10923.25,655395,182243,15.613336995247142,15.0,31.0,38.0,46,2.500081876279859,4.750325618854845,0.0,256
100000,3,5,route_key,60.0,100657.26608486626,1.0065726608486627,162513,10923.25,655395,182243,15.613336995247142,15.0,31.0,38.0,46,2.500081876279859,4.750325618854845,0.0,512
100000,3,5,route_key,60.0,100657.26608486626,1.0065726608486627,162513,10923.25,655395,182243,15.613336995247142,15.0,31.0,38.0,46,2.500081876279859,4.750325618854845,0.0,1024
100000,3,5,route_key,60.0,100657.26608486626,1.0065726608486627,162513,10923.25,655395,182243,15.613336995247142,15.0,31.0,38.0,46,2.500081876279859,4.750325618854845,0.0,4096
100000,3,10,event_class,60.0,100657.26608486626,1.0065726608486627,162513,10923.25,655395,14863,55.04278335965334,55.0,65.0,74.0,87,4.999498258766763,9.504886298272195,0.9939105424972726,32
100000,3,10,event_class,60.0,100657.26608486626,1.0065726608486627,162513,10923.25,655395,14863,55.04278335965334,55.0,65.0,74.0,87,4.999498258766763,9.504886298272195,0.14588301711181806,64
100000,3,10,event_class,60.0,100657.26608486626,1.0065726608486627,162513,10923.25,655395,14863,55.04278335965334,55.0,65.0,74.0,87,4.999498258766763,9.504886298272195,0.0,128
100000,3,10,event_class,60.0,100657.26608486626,1.0065726608486627,162513,10923.25,655395,14863,55.04278335965334,55.0,65.0,74.0,87,4.999498258766763,9.504886298272195,0.0,256
100000,3,10,event_class,60.0,100657.26608486626,1.0065726608486627,162513,10923.25,655395,14863,55.04278335965334,55.0,65.0,74.0,87,4.999498258766763,9.504886298272195,0.0,512
100000,3,10,event_class,60.0,100657.26608486626,1.0065726608486627,162513,10923.25,655395,14863,55.04278335965334,55.0,65.0,74.0,87,4.999498258766763,9.504886298272195,0.0,1024
100000,3,10,event_class,60.0,100657.26608486626,1.0065726608486627,162513,10923.25,655395,14863,55.04278335965334,55.0,65.0,74.0,87,4.999498258766763,9.504886298272195,0.0,4096
100000,3,10,pooled,60.0,100657.26608486626,1.0065726608486627,162513,10923.25,655395,6000,110.22441886190771,110.0,124.0,134.0,150,4.999498258766763,9.504886298272195,1.0,32
100000,3,10,pooled,60.0,100657.26608486626,1.0065726608486627,162513,10923.25,655395,6000,110.22441886190771,110.0,124.0,134.0,150,4.999498258766763,9.504886298272195,1.0,64
100000,3,10,pooled,60.0,100657.26608486626,1.0065726608486627,162513,10923.25,655395,6000,110.22441886190771,110.0,124.0,134.0,150,4.999498258766763,9.504886298272195,0.05077090914639263,128
100000,3,10,pooled,60.0,100657.26608486626,1.0065726608486627,162513,10923.25,655395,6000,110.22441886190771,110.0,124.0,134.0,150,4.999498258766763,9.504886298272195,0.0,256
100000,3,10,pooled,60.0,100657.26608486626,1.0065726608486627,162513,10923.25,655395,6000,110.22441886190771,110.0,124.0,134.0,150,4.999498258766763,9.504886298272195,0.0,512
100000,3,10,pooled,60.0,100657.26608486626,1.0065726608486627,162513,10923.25,655395,6000,110.22441886190771,110.0,124.0,134.0,150,4.999498258766763,9.504886298272195,0.0,1024
100000,3,10,pooled,60.0,100657.26608486626,1.0065726608486627,162513,10923.25,655395,6000,110.22441886190771,110.0,124.0,134.0,150,4.999498258766763,9.504886298272195,0.0,4096
100000,3,10,route_key,60.0,100657.26608486626,1.0065726608486627,162513,10923.25,655395,138179,30.225035284065335,26.0,59.0,68.0,87,4.999498258766763,9.504886298272195,0.48079555077472363,32
100000,3,10,route_key,60.0,100657.26608486626,1.0065726608486627,162513,10923.25,655395,138179,30.225035284065335,26.0,59.0,68.0,87,4.999498258766763,9.504886298272195,0.0388529054997368,64
100000,3,10,route_key,60.0,100657.26608486626,1.0065726608486627,162513,10923.25,655395,138179,30.225035284065335,26.0,59.0,68.0,87,4.999498258766763,9.504886298272195,0.0,128
100000,3,10,route_key,60.0,100657.26608486626,1.0065726608486627,162513,10923.25,655395,138179,30.225035284065335,26.0,59.0,68.0,87,4.999498258766763,9.504886298272195,0.0,256
100000,3,10,route_key,60.0,100657.26608486626,1.0065726608486627,162513,10923.25,655395,138179,30.225035284065335,26.0,59.0,68.0,87,4.999498258766763,9.504886298272195,0.0,512
100000,3,10,route_key,60.0,100657.26608486626,1.0065726608486627,162513,10923.25,655395,138179,30.225035284065335,26.0,59.0,68.0,87,4.999498258766763,9.504886298272195,0.0,1024
100000,3,10,route_key,60.0,100657.26608486626,1.0065726608486627,162513,10923.25,655395,138179,30.225035284065335,26.0,59.0,68.0,87,4.999498258766763,9.504886298272195,0.0,4096
100000,3,25,event_class,60.0,100657.26608486626,1.0065726608486627,162513,10923.25,655395,6730,136.0978966882567,136.0,153.0,168.0,190,12.501004983719893,23.753862169958488,0.9940738028211994,32
100000,3,25,event_class,60.0,100657.26608486626,1.0065726608486627,162513,10923.25,655395,6730,136.0978966882567,136.0,153.0,168.0,190,12.501004983719893,23.753862169958488,0.9940738028211994,64
100000,3,25,event_class,60.0,100657.26608486626,1.0065726608486627,162513,10923.25,655395,6730,136.0978966882567,136.0,153.0,168.0,190,12.501004983719893,23.753862169958488,0.7628086878905088,128
100000,3,25,event_class,60.0,100657.26608486626,1.0065726608486627,162513,10923.25,655395,6730,136.0978966882567,136.0,153.0,168.0,190,12.501004983719893,23.753862169958488,0.0,256
100000,3,25,event_class,60.0,100657.26608486626,1.0065726608486627,162513,10923.25,655395,6730,136.0978966882567,136.0,153.0,168.0,190,12.501004983719893,23.753862169958488,0.0,512
100000,3,25,event_class,60.0,100657.26608486626,1.0065726608486627,162513,10923.25,655395,6730,136.0978966882567,136.0,153.0,168.0,190,12.501004983719893,23.753862169958488,0.0,1024
100000,3,25,event_class,60.0,100657.26608486626,1.0065726608486627,162513,10923.25,655395,6730,136.0978966882567,136.0,153.0,168.0,190,12.501004983719893,23.753862169958488,0.0,4096
100000,3,25,pooled,60.0,100657.26608486626,1.0065726608486627,162513,10923.25,655395,2400,274.05344410622604,274.0,295.0,312.0,334,12.501004983719893,23.753862169958488,1.0,32
100000,3,25,pooled,60.0,100657.26608486626,1.0065726608486627,162513,10923.25,655395,2400,274.05344410622604,274.0,295.0,312.0,334,12.501004983719893,23.753862169958488,1.0,64
100000,3,25,pooled,60.0,100657.26608486626,1.0065726608486627,162513,10923.25,655395,2400,274.05344410622604,274.0,295.0,312.0,334,12.501004983719893,23.753862169958488,1.0,128
100000,3,25,pooled,60.0,100657.26608486626,1.0065726608486627,162513,10923.25,655395,2400,274.05344410622604,274.0,295.0,312.0,334,12.501004983719893,23.753862169958488,0.8774189610845368,256
100000,3,25,pooled,60.0,100657.26608486626,1.0065726608486627,162513,10923.25,655395,2400,274.05344410622604,274.0,295.0,312.0,334,12.501004983719893,23.753862169958488,0.0,512
100000,3,25,pooled,60.0,100657.26608486626,1.0065726608486627,162513,10923.25,655395,2400,274.05344410622604,274.0,295.0,312.0,334,12.501004983719893,23.753862169958488,0.0,1024
100000,3,25,pooled,60.0,100657.26608486626,1.0065726608486627,162513,10923.25,655395,2400,274.05344410622604,274.0,295.0,312.0,334,12.501004983719893,23.753862169958488,0.0,4096
100000,3,25,route_key,60.0,100657.26608486626,1.0065726608486627,162513,10923.25,655395,87110,74.0653788936443,59.0,141.0,157.0,174,12.501004983719893,23.753862169958488,0.6601057377611974,32
100000,3,25,route_key,60.0,100657.26608486626,1.0065726608486627,162513,10923.25,655395,87110,74.0653788936443,59.0,141.0,157.0,174,12.501004983719893,23.753862169958488,0.48591154952356974,64
100000,3,25,route_key,60.0,100657.26608486626,1.0065726608486627,162513,10923.25,655395,87110,74.0653788936443,59.0,141.0,157.0,174,12.501004983719893,23.753862169958488,0.3050831941043188,128
100000,3,25,route_key,60.0,100657.26608486626,1.0065726608486627,162513,10923.25,655395,87110,74.0653788936443,59.0,141.0,157.0,174,12.501004983719893,23.753862169958488,0.0,256
100000,3,25,route_key,60.0,100657.26608486626,1.0065726608486627,162513,10923.25,655395,87110,74.0653788936443,59.0,141.0,157.0,174,12.501004983719893,23.753862169958488,0.0,512
100000,3,25,route_key,60.0,100657.26608486626,1.0065726608486627,162513,10923.25,655395,87110,74.0653788936443,59.0,141.0,157.0,174,12.501004983719893,23.753862169958488,0.0,1024
100000,3,25,route_key,60.0,100657.26608486626,1.0065726608486627,162513,10923.25,655395,87110,74.0653788936443,59.0,141.0,157.0,174,12.501004983719893,23.753862169958488,0.0,4096
100000,3,50,event_class,60.0,100657.26608486626,1.0065726608486627,162513,10923.25,655395,3563,271.2246858764562,272.0,298.0,317.0,339,25.017273798709336,47.500289719869116,0.9940738028211994,32
100000,3,50,event_class,60.0,100657.26608486626,1.0065726608486627,162513,10923.25,655395,3563,271.2246858764562,272.0,298.0,317.0,339,25.017273798709336,47.500289719869116,0.9940738028211994,64
100000,3,50,event_class,60.0,100657.26608486626,1.0065726608486627,162513,10923.25,655395,3563,271.2246858764562,272.0,298.0,317.0,339,25.017273798709336,47.500289719869116,0.9940738028211994,128
100000,3,50,event_class,60.0,100657.26608486626,1.0065726608486627,162513,10923.25,655395,3563,271.2246858764562,272.0,298.0,317.0,339,25.017273798709336,47.500289719869116,0.8067318182164954,256
100000,3,50,event_class,60.0,100657.26608486626,1.0065726608486627,162513,10923.25,655395,3563,271.2246858764562,272.0,298.0,317.0,339,25.017273798709336,47.500289719869116,0.0,512
100000,3,50,event_class,60.0,100657.26608486626,1.0065726608486627,162513,10923.25,655395,3563,271.2246858764562,272.0,298.0,317.0,339,25.017273798709336,47.500289719869116,0.0,1024
100000,3,50,event_class,60.0,100657.26608486626,1.0065726608486627,162513,10923.25,655395,3563,271.2246858764562,272.0,298.0,317.0,339,25.017273798709336,47.500289719869116,0.0,4096
100000,3,50,pooled,60.0,100657.26608486626,1.0065726608486627,162513,10923.25,655395,1200,547.1080813860344,547.0,576.0,601.0,619,25.017273798709336,47.500289719869116,1.0,32
100000,3,50,pooled,60.0,100657.26608486626,1.0065726608486627,162513,10923.25,655395,1200,547.1080813860344,547.0,576.0,601.0,619,25.017273798709336,47.500289719869116,1.0,64
100000,3,50,pooled,60.0,100657.26608486626,1.0065726608486627,162513,10923.25,655395,1200,547.1080813860344,547.0,576.0,601.0,619,25.017273798709336,47.500289719869116,1.0,128
100000,3,50,pooled,60.0,100657.26608486626,1.0065726608486627,162513,10923.25,655395,1200,547.1080813860344,547.0,576.0,601.0,619,25.017273798709336,47.500289719869116,1.0,256
100000,3,50,pooled,60.0,100657.26608486626,1.0065726608486627,162513,10923.25,655395,1200,547.1080813860344,547.0,576.0,601.0,619,25.017273798709336,47.500289719869116,0.9466474416191762,512
100000,3,50,pooled,60.0,100657.26608486626,1.0065726608486627,162513,10923.25,655395,1200,547.1080813860344,547.0,576.0,601.0,619,25.017273798709336,47.500289719869116,0.0,1024
100000,3,50,pooled,60.0,100657.26608486626,1.0065726608486627,162513,10923.25,655395,1200,547.1080813860344,547.0,576.0,601.0,619,25.017273798709336,47.500289719869116,0.0,4096
100000,3,50,route_key,60.0,100657.26608486626,1.0065726608486627,162513,10923.25,655395,56287,147.13160613065403,112.0,275.0,298.0,315,25.017273798709336,47.500289719869116,0.662533281456221,32
100000,3,50,route_key,60.0,100657.26608486626,1.0065726608486627,162513,10923.25,655395,56287,147.13160613065403,112.0,275.0,298.0,315,25.017273798709336,47.500289719869116,0.6603361331715988,64
100000,3,50,route_key,60.0,100657.26608486626,1.0065726608486627,162513,10923.25,655395,56287,147.13160613065403,112.0,275.0,298.0,315,25.017273798709336,47.500289719869116,0.47973206997306966,128
100000,3,50,route_key,60.0,100657.26608486626,1.0065726608486627,162513,10923.25,655395,56287,147.13160613065403,112.0,275.0,298.0,315,25.017273798709336,47.500289719869116,0.3160750387171095,256
100000,3,50,route_key,60.0,100657.26608486626,1.0065726608486627,162513,10923.25,655395,56287,147.13160613065403,112.0,275.0,298.0,315,25.017273798709336,47.500289719869116,0.0,512
100000,3,50,route_key,60.0,100657.26608486626,1.0065726608486627,162513,10923.25,655395,56287,147.13160613065403,112.0,275.0,298.0,315,25.017273798709336,47.500289719869116,0.0,1024
100000,3,50,route_key,60.0,100657.26608486626,1.0065726608486627,162513,10923.25,655395,56287,147.13160613065403,112.0,275.0,298.0,315,25.017273798709336,47.500289719869116,0.0,4096
100000,3,100,event_class,60.0,100657.26608486626,1.0065726608486627,162513,10923.25,655395,1799,541.4210163336613,544.0,584.0,610.0,641,50.017845972741796,94.97012076984532,0.9940738028211994,32
100000,3,100,event_class,60.0,100657.26608486626,1.0065726608486627,162513,10923.25,655395,1799,541.4210163336613,544.0,584.0,610.0,641,50.017845972741796,94.97012076984532,0.9940738028211994,64
100000,3,100,event_class,60.0,100657.26608486626,1.0065726608486627,162513,10923.25,655395,1799,541.4210163336613,544.0,584.0,610.0,641,50.017845972741796,94.97012076984532,0.9940738028211994,128
100000,3,100,event_class,60.0,100657.26608486626,1.0065726608486627,162513,10923.25,655395,1799,541.4210163336613,544.0,584.0,610.0,641,50.017845972741796,94.97012076984532,0.9940738028211994,256
100000,3,100,event_class,60.0,100657.26608486626,1.0065726608486627,162513,10923.25,655395,1799,541.4210163336613,544.0,584.0,610.0,641,50.017845972741796,94.97012076984532,0.8614972650081248,512
100000,3,100,event_class,60.0,100657.26608486626,1.0065726608486627,162513,10923.25,655395,1799,541.4210163336613,544.0,584.0,610.0,641,50.017845972741796,94.97012076984532,0.0,1024
100000,3,100,event_class,60.0,100657.26608486626,1.0065726608486627,162513,10923.25,655395,1799,541.4210163336613,544.0,584.0,610.0,641,50.017845972741796,94.97012076984532,0.0,4096
100000,3,100,pooled,60.0,100657.26608486626,1.0065726608486627,162513,10923.25,655395,600,1093.2729224360883,1093.0,1136.0,1170.0,1214,50.017845972741796,94.97012076984532,1.0,32
100000,3,100,pooled,60.0,100657.26608486626,1.0065726608486627,162513,10923.25,655395,600,1093.2729224360883,1093.0,1136.0,1170.0,1214,50.017845972741796,94.97012076984532,1.0,64
100000,3,100,pooled,60.0,100657.26608486626,1.0065726608486627,162513,10923.25,655395,600,1093.2729224360883,1093.0,1136.0,1170.0,1214,50.017845972741796,94.97012076984532,1.0,128
100000,3,100,pooled,60.0,100657.26608486626,1.0065726608486627,162513,10923.25,655395,600,1093.2729224360883,1093.0,1136.0,1170.0,1214,50.017845972741796,94.97012076984532,1.0,256
100000,3,100,pooled,60.0,100657.26608486626,1.0065726608486627,162513,10923.25,655395,600,1093.2729224360883,1093.0,1136.0,1170.0,1214,50.017845972741796,94.97012076984532,1.0,512
100000,3,100,pooled,60.0,100657.26608486626,1.0065726608486627,162513,10923.25,655395,600,1093.2729224360883,1093.0,1136.0,1170.0,1214,50.017845972741796,94.97012076984532,0.9845467237314902,1024
100000,3,100,pooled,60.0,100657.26608486626,1.0065726608486627,162513,10923.25,655395,600,1093.2729224360883,1093.0,1136.0,1170.0,1214,50.017845972741796,94.97012076984532,0.0,4096
100000,3,100,route_key,60.0,100657.26608486626,1.0065726608486627,162513,10923.25,655395,33506,293.2388056057797,216.0,541.0,571.0,591,50.017845972741796,94.97012076984532,0.7395814737677279,32
100000,3,100,route_key,60.0,100657.26608486626,1.0065726608486627,162513,10923.25,655395,33506,293.2388056057797,216.0,541.0,571.0,591,50.017845972741796,94.97012076984532,0.6605405900258623,64
100000,3,100,route_key,60.0,100657.26608486626,1.0065726608486627,162513,10923.25,655395,33506,293.2388056057797,216.0,541.0,571.0,591,50.017845972741796,94.97012076984532,0.6603361331715988,128
100000,3,100,route_key,60.0,100657.26608486626,1.0065726608486627,162513,10923.25,655395,33506,293.2388056057797,216.0,541.0,571.0,591,50.017845972741796,94.97012076984532,0.4787158888914319,256
100000,3,100,route_key,60.0,100657.26608486626,1.0065726608486627,162513,10923.25,655395,33506,293.2388056057797,216.0,541.0,571.0,591,50.017845972741796,94.97012076984532,0.3522928920727195,512
100000,3,100,route_key,60.0,100657.26608486626,1.0065726608486627,162513,10923.25,655395,33506,293.2388056057797,216.0,541.0,571.0,591,50.017845972741796,94.97012076984532,0.0,1024
100000,3,100,route_key,60.0,100657.26608486626,1.0065726608486627,162513,10923.25,655395,33506,293.2388056057797,216.0,541.0,571.0,591,50.017845972741796,94.97012076984532,0.0,4096
100000,3,250,event_class,60.0,100657.26608486626,1.0065726608486627,162513,10923.25,655395,720,1352.1475705490582,1361.0,1438.0,1484.0,1512,125.02719148193688,237.45566667100766,0.9940738028211994,32
100000,3,250,event_class,60.0,100657.26608486626,1.0065726608486627,162513,10923.25,655395,720,1352.1475705490582,1361.0,1438.0,1484.0,1512,125.02719148193688,237.45566667100766,0.9940738028211994,64
100000,3,250,event_class,60.0,100657.26608486626,1.0065726608486627,162513,10923.25,655395,720,1352.1475705490582,1361.0,1438.0,1484.0,1512,125.02719148193688,237.45566667100766,0.9940738028211994,128
100000,3,250,event_class,60.0,100657.26608486626,1.0065726608486627,162513,10923.25,655395,720,1352.1475705490582,1361.0,1438.0,1484.0,1512,125.02719148193688,237.45566667100766,0.9940738028211994,256
100000,3,250,event_class,60.0,100657.26608486626,1.0065726608486627,162513,10923.25,655395,720,1352.1475705490582,1361.0,1438.0,1484.0,1512,125.02719148193688,237.45566667100766,0.9940738028211994,512
100000,3,250,event_class,60.0,100657.26608486626,1.0065726608486627,162513,10923.25,655395,720,1352.1475705490582,1361.0,1438.0,1484.0,1512,125.02719148193688,237.45566667100766,0.9940738028211994,1024
100000,3,250,event_class,60.0,100657.26608486626,1.0065726608486627,162513,10923.25,655395,720,1352.1475705490582,1361.0,1438.0,1484.0,1512,125.02719148193688,237.45566667100766,0.0,4096
100000,3,250,pooled,60.0,100657.26608486626,1.0065726608486627,162513,10923.25,655395,240,2731.8600004577393,2736.0,2796.0,2854.0,2900,125.02719148193688,237.45566667100766,1.0,32
100000,3,250,pooled,60.0,100657.26608486626,1.0065726608486627,162513,10923.25,655395,240,2731.8600004577393,2736.0,2796.0,2854.0,2900,125.02719148193688,237.45566667100766,1.0,64
100000,3,250,pooled,60.0,100657.26608486626,1.0065726608486627,162513,10923.25,655395,240,2731.8600004577393,2736.0,2796.0,2854.0,2900,125.02719148193688,237.45566667100766,1.0,128
100000,3,250,pooled,60.0,100657.26608486626,1.0065726608486627,162513,10923.25,655395,240,2731.8600004577393,2736.0,2796.0,2854.0,2900,125.02719148193688,237.45566667100766,1.0,256
100000,3,250,pooled,60.0,100657.26608486626,1.0065726608486627,162513,10923.25,655395,240,2731.8600004577393,2736.0,2796.0,2854.0,2900,125.02719148193688,237.45566667100766,1.0,512
100000,3,250,pooled,60.0,100657.26608486626,1.0065726608486627,162513,10923.25,655395,240,2731.8600004577393,2736.0,2796.0,2854.0,2900,125.02719148193688,237.45566667100766,1.0,1024
100000,3,250,pooled,60.0,100657.26608486626,1.0065726608486627,162513,10923.25,655395,240,2731.8600004577393,2736.0,2796.0,2854.0,2900,125.02719148193688,237.45566667100766,0.0,4096
100000,3,250,route_key,60.0,100657.26608486626,1.0065726608486627,162513,10923.25,655395,15218,731.6320646327787,519.0,1336.0,1379.0,1394,125.02719148193688,237.45566667100766,0.8390329495952822,32
100000,3,250,route_key,60.0,100657.26608486626,1.0065726608486627,162513,10923.25,655395,15218,731.6320646327787,519.0,1336.0,1379.0,1394,125.02719148193688,237.45566667100766,0.7537393480267625,64
100000,3,250,route_key,60.0,100657.26608486626,1.0065726608486627,162513,10923.25,655395,15218,731.6320646327787,519.0,1336.0,1379.0,1394,125.02719148193688,237.45566667100766,0.6623501857658358,128
100000,3,250,route_key,60.0,100657.26608486626,1.0065726608486627,162513,10923.25,655395,15218,731.6320646327787,519.0,1336.0,1379.0,1394,125.02719148193688,237.45566667100766,0.6603361331715988,256
100000,3,250,route_key,60.0,100657.26608486626,1.0065726608486627,162513,10923.25,655395,15218,731.6320646327787,519.0,1336.0,1379.0,1394,125.02719148193688,237.45566667100766,0.5155349064304732,512
100000,3,250,route_key,60.0,100657.26608486626,1.0065726608486627,162513,10923.25,655395,15218,731.6320646327787,519.0,1336.0,1379.0,1394,125.02719148193688,237.45566667100766,0.4787158888914319,1024
100000,3,250,route_key,60.0,100657.26608486626,1.0065726608486627,162513,10923.25,655395,15218,731.6320646327787,519.0,1336.0,1379.0,1394,125.02719148193688,237.45566667100766,0.0,4096
100000,3,500,event_class,60.0,100657.26608486626,1.0065726608486627,162513,10923.25,655395,360,2703.292043729354,2747.0,2855.0,2905.0,2933,250.0743004772756,474.9918818826138,0.9977845421463393,32
100000,3,500,event_class,60.0,100657.26608486626,1.0065726608486627,162513,10923.25,655395,360,2703.292043729354,2747.0,2855.0,2905.0,2933,250.0743004772756,474.9918818826138,0.9940738028211994,64
100000,3,500,event_class,60.0,100657.26608486626,1.0065726608486627,162513,10923.25,655395,360,2703.292043729354,2747.0,2855.0,2905.0,2933,250.0743004772756,474.9918818826138,0.9940738028211994,128
100000,3,500,event_class,60.0,100657.26608486626,1.0065726608486627,162513,10923.25,655395,360,2703.292043729354,2747.0,2855.0,2905.0,2933,250.0743004772756,474.9918818826138,0.9940738028211994,256
100000,3,500,event_class,60.0,100657.26608486626,1.0065726608486627,162513,10923.25,655395,360,2703.292043729354,2747.0,2855.0,2905.0,2933,250.0743004772756,474.9918818826138,0.9940738028211994,512
100000,3,500,event_class,60.0,100657.26608486626,1.0065726608486627,162513,10923.25,655395,360,2703.292043729354,2747.0,2855.0,2905.0,2933,250.0743004772756,474.9918818826138,0.9940738028211994,1024
100000,3,500,event_class,60.0,100657.26608486626,1.0065726608486627,162513,10923.25,655395,360,2703.292043729354,2747.0,2855.0,2905.0,2933,250.0743004772756,474.9918818826138,0.0,4096
100000,3,500,pooled,60.0,100657.26608486626,1.0065726608486627,162513,10923.25,655395,120,5462.679014945185,5457.0,5557.0,5655.0,5685,250.0743004772756,474.9918818826138,1.0,32
100000,3,500,pooled,60.0,100657.26608486626,1.0065726608486627,162513,10923.25,655395,120,5462.679014945185,5457.0,5557.0,5655.0,5685,250.0743004772756,474.9918818826138,1.0,64
100000,3,500,pooled,60.0,100657.26608486626,1.0065726608486627,162513,10923.25,655395,120,5462.679014945185,5457.0,5557.0,5655.0,5685,250.0743004772756,474.9918818826138,1.0,128
100000,3,500,pooled,60.0,100657.26608486626,1.0065726608486627,162513,10923.25,655395,120,5462.679014945185,5457.0,5557.0,5655.0,5685,250.0743004772756,474.9918818826138,1.0,256
100000,3,500,pooled,60.0,100657.26608486626,1.0065726608486627,162513,10923.25,655395,120,5462.679014945185,5457.0,5557.0,5655.0,5685,250.0743004772756,474.9918818826138,1.0,512
100000,3,500,pooled,60.0,100657.26608486626,1.0065726608486627,162513,10923.25,655395,120,5462.679014945185,5457.0,5557.0,5655.0,5685,250.0743004772756,474.9918818826138,1.0,1024
100000,3,500,pooled,60.0,100657.26608486626,1.0065726608486627,162513,10923.25,655395,120,5462.679014945185,5457.0,5557.0,5655.0,5685,250.0743004772756,474.9918818826138,1.0,4096
100000,3,500,route_key,60.0,100657.26608486626,1.0065726608486627,162513,10923.25,655395,7990,1462.4077647830698,1031.0,2666.0,2737.0,2762,250.0743004772756,474.9918818826138,0.8955713729888083,32
100000,3,500,route_key,60.0,100657.26608486626,1.0065726608486627,162513,10923.25,655395,7990,1462.4077647830698,1031.0,2666.0,2737.0,2762,250.0743004772756,474.9918818826138,0.8401834008498692,64
100000,3,500,route_key,60.0,100657.26608486626,1.0065726608486627,162513,10923.25,655395,7990,1462.4077647830698,1031.0,2666.0,2737.0,2762,250.0743004772756,474.9918818826138,0.7543603475766523,128
100000,3,500,route_key,60.0,100657.26608486626,1.0065726608486627,162513,10923.25,655395,7990,1462.4077647830698,1031.0,2666.0,2737.0,2762,250.0743004772756,474.9918818826138,0.6603361331715988,256
100000,3,500,route_key,60.0,100657.26608486626,1.0065726608486627,162513,10923.25,655395,7990,1462.4077647830698,1031.0,2666.0,2737.0,2762,250.0743004772756,474.9918818826138,0.6603361331715988,512
100000,3,500,route_key,60.0,100657.26608486626,1.0065726608486627,162513,10923.25,655395,7990,1462.4077647830698,1031.0,2666.0,2737.0,2762,250.0743004772756,474.9918818826138,0.5056279037832146,1024
100000,3,500,route_key,60.0,100657.26608486626,1.0065726608486627,162513,10923.25,655395,7990,1462.4077647830698,1031.0,2666.0,2737.0,2762,250.0743004772756,474.9918818826138,0.0,4096
100000,3,1000,event_class,60.0,100657.26608486626,1.0065726608486627,162513,10923.25,655395,180,5405.744958383875,5486.0,5692.0,5760.0,5781,499.66729401552345,950.0502564568404,1.0,32
100000,3,1000,event_class,60.0,100657.26608486626,1.0065726608486627,162513,10923.25,655395,180,5405.744958383875,5486.0,5692.0,5760.0,5781,499.66729401552345,950.0502564568404,0.9977311392366436,64
100000,3,1000,event_class,60.0,100657.26608486626,1.0065726608486627,162513,10923.25,655395,180,5405.744958383875,5486.0,5692.0,5760.0,5781,499.66729401552345,950.0502564568404,0.9940738028211994,128
100000,3,1000,event_class,60.0,100657.26608486626,1.0065726608486627,162513,10923.25,655395,180,5405.744958383875,5486.0,5692.0,5760.0,5781,499.66729401552345,950.0502564568404,0.9940738028211994,256
100000,3,1000,event_class,60.0,100657.26608486626,1.0065726608486627,162513,10923.25,655395,180,5405.744958383875,5486.0,5692.0,5760.0,5781,499.66729401552345,950.0502564568404,0.9940738028211994,512
100000,3,1000,event_class,60.0,100657.26608486626,1.0065726608486627,162513,10923.25,655395,180,5405.744958383875,5486.0,5692.0,5760.0,5781,499.66729401552345,950.0502564568404,0.9940738028211994,1024
100000,3,1000,event_class,60.0,100657.26608486626,1.0065726608486627,162513,10923.25,655395,180,5405.744958383875,5486.0,5692.0,5760.0,5781,499.66729401552345,950.0502564568404,0.9940738028211994,4096
100000,3,1000,pooled,60.0,100657.26608486626,1.0065726608486627,162513,10923.25,655395,60,10924.30234743933,10906.0,11057.0,11196.0,11196,499.66729401552345,950.0502564568404,1.0,32
100000,3,1000,pooled,60.0,100657.26608486626,1.0065726608486627,162513,10923.25,655395,60,10924.30234743933,10906.0,11057.0,11196.0,11196,499.66729401552345,950.0502564568404,1.0,64
100000,3,1000,pooled,60.0,100657.26608486626,1.0065726608486627,162513,10923.25,655395,60,10924.30234743933,10906.0,11057.0,11196.0,11196,499.66729401552345,950.0502564568404,1.0,128
100000,3,1000,pooled,60.0,100657.26608486626,1.0065726608486627,162513,10923.25,655395,60,10924.30234743933,10906.0,11057.0,11196.0,11196,499.66729401552345,950.0502564568404,1.0,256
100000,3,1000,pooled,60.0,100657.26608486626,1.0065726608486627,162513,10923.25,655395,60,10924.30234743933,10906.0,11057.0,11196.0,11196,499.66729401552345,950.0502564568404,1.0,512
100000,3,1000,pooled,60.0,100657.26608486626,1.0065726608486627,162513,10923.25,655395,60,10924.30234743933,10906.0,11057.0,11196.0,11196,499.66729401552345,950.0502564568404,1.0,1024
100000,3,1000,pooled,60.0,100657.26608486626,1.0065726608486627,162513,10923.25,655395,60,10924.30234743933,10906.0,11057.0,11196.0,11196,499.66729401552345,950.0502564568404,1.0,4096
100000,3,1000,route_key,60.0,100657.26608486626,1.0065726608486627,162513,10923.25,655395,4112,2923.798666453055,2025.0,5291.0,5381.0,5426,499.66729401552345,950.0502564568404,0.9586569931110247,32
100000,3,1000,route_key,60.0,100657.26608486626,1.0065726608486627,162513,10923.25,655395,4112,2923.798666453055,2025.0,5291.0,5381.0,5426,499.66729401552345,950.0502564568404,0.8928691857582068,64
100000,3,1000,route_key,60.0,100657.26608486626,1.0065726608486627,162513,10923.25,655395,4112,2923.798666453055,2025.0,5291.0,5381.0,5426,499.66729401552345,950.0502564568404,0.8431312414650707,128
100000,3,1000,route_key,60.0,100657.26608486626,1.0065726608486627,162513,10923.25,655395,4112,2923.798666453055,2025.0,5291.0,5381.0,5426,499.66729401552345,950.0502564568404,0.7549950793033209,256
100000,3,1000,route_key,60.0,100657.26608486626,1.0065726608486627,162513,10923.25,655395,4112,2923.798666453055,2025.0,5291.0,5381.0,5426,499.66729401552345,950.0502564568404,0.6603361331715988,512
100000,3,1000,route_key,60.0,100657.26608486626,1.0065726608486627,162513,10923.25,655395,4112,2923.798666453055,2025.0,5291.0,5381.0,5426,499.66729401552345,950.0502564568404,0.6603361331715988,1024
100000,3,1000,route_key,60.0,100657.26608486626,1.0065726608486627,162513,10923.25,655395,4112,2923.798666453055,2025.0,5291.0,5381.0,5426,499.66729401552345,950.0502564568404,0.4787158888914319,4096
100000,4,1,event_class,60.0,100029.93347294444,1.0002993347294444,161249,10893.95,653637,123060,6.396261227562087,6.0,10.0,13.0,20,0.5002370678053928,0.9500034145553116,0.0,32
100000,4,1,event_class,60.0,100029.93347294444,1.0002993347294444,161249,10893.95,653637,123060,6.396261227562087,6.0,10.0,13.0,20,0.5002370678053928,0.9500034145553116,0.0,64
100000,4,1,event_class,60.0,100029.93347294444,1.0002993347294444,161249,10893.95,653637,123060,6.396261227562087,6.0,10.0,13.0,20,0.5002370678053928,0.9500034145553116,0.0,128
100000,4,1,event_class,60.0,100029.93347294444,1.0002993347294444,161249,10893.95,653637,123060,6.396261227562087,6.0,10.0,13.0,20,0.5002370678053928,0.9500034145553116,0.0,256
100000,4,1,event_class,60.0,100029.93347294444,1.0002993347294444,161249,10893.95,653637,123060,6.396261227562087,6.0,10.0,13.0,20,0.5002370678053928,0.9500034145553116,0.0,512
100000,4,1,event_class,60.0,100029.93347294444,1.0002993347294444,161249,10893.95,653637,123060,6.396261227562087,6.0,10.0,13.0,20,0.5002370678053928,0.9500034145553116,0.0,1024
100000,4,1,event_class,60.0,100029.93347294444,1.0002993347294444,161249,10893.95,653637,123060,6.396261227562087,6.0,10.0,13.0,20,0.5002370678053928,0.9500034145553116,0.0,4096
100000,4,1,pooled,60.0,100029.93347294444,1.0002993347294444,161249,10893.95,653637,60000,11.892559631722195,12.0,16.0,20.0,28,0.5002370678053928,0.9500034145553116,0.0,32
100000,4,1,pooled,60.0,100029.93347294444,1.0002993347294444,161249,10893.95,653637,60000,11.892559631722195,12.0,16.0,20.0,28,0.5002370678053928,0.9500034145553116,0.0,64
100000,4,1,pooled,60.0,100029.93347294444,1.0002993347294444,161249,10893.95,653637,60000,11.892559631722195,12.0,16.0,20.0,28,0.5002370678053928,0.9500034145553116,0.0,128
100000,4,1,pooled,60.0,100029.93347294444,1.0002993347294444,161249,10893.95,653637,60000,11.892559631722195,12.0,16.0,20.0,28,0.5002370678053928,0.9500034145553116,0.0,256
100000,4,1,pooled,60.0,100029.93347294444,1.0002993347294444,161249,10893.95,653637,60000,11.892559631722195,12.0,16.0,20.0,28,0.5002370678053928,0.9500034145553116,0.0,512
100000,4,1,pooled,60.0,100029.93347294444,1.0002993347294444,161249,10893.95,653637,60000,11.892559631722195,12.0,16.0,20.0,28,0.5002370678053928,0.9500034145553116,0.0,1024
100000,4,1,pooled,60.0,100029.93347294444,1.0002993347294444,161249,10893.95,653637,60000,11.892559631722195,12.0,16.0,20.0,28,0.5002370678053928,0.9500034145553116,0.0,4096
100000,4,1,route_key,60.0,100029.93347294444,1.0002993347294444,161249,10893.95,653637,317084,3.888502333864209,3.0,8.0,11.0,20,0.5002370678053928,0.9500034145553116,0.0,32
100000,4,1,route_key,60.0,100029.93347294444,1.0002993347294444,161249,10893.95,653637,317084,3.888502333864209,3.0,8.0,11.0,20,0.5002370678053928,0.9500034145553116,0.0,64
100000,4,1,route_key,60.0,100029.93347294444,1.0002993347294444,161249,10893.95,653637,317084,3.888502333864209,3.0,8.0,11.0,20,0.5002370678053928,0.9500034145553116,0.0,128
100000,4,1,route_key,60.0,100029.93347294444,1.0002993347294444,161249,10893.95,653637,317084,3.888502333864209,3.0,8.0,11.0,20,0.5002370678053928,0.9500034145553116,0.0,256
100000,4,1,route_key,60.0,100029.93347294444,1.0002993347294444,161249,10893.95,653637,317084,3.888502333864209,3.0,8.0,11.0,20,0.5002370678053928,0.9500034145553116,0.0,512
100000,4,1,route_key,60.0,100029.93347294444,1.0002993347294444,161249,10893.95,653637,317084,3.888502333864209,3.0,8.0,11.0,20,0.5002370678053928,0.9500034145553116,0.0,1024
100000,4,1,route_key,60.0,100029.93347294444,1.0002993347294444,161249,10893.95,653637,317084,3.888502333864209,3.0,8.0,11.0,20,0.5002370678053928,0.9500034145553116,0.0,4096
100000,4,5,event_class,60.0,100029.93347294444,1.0002993347294444,161249,10893.95,653637,27197,27.97588110832159,28.0,35.0,41.0,48,2.5002600163226876,4.750576293130848,0.2582519043444603,32
100000,4,5,event_class,60.0,100029.93347294444,1.0002993347294444,161249,10893.95,653637,27197,27.97588110832159,28.0,35.0,41.0,48,2.5002600163226876,4.750576293130848,0.0,64
100000,4,5,event_class,60.0,100029.93347294444,1.0002993347294444,161249,10893.95,653637,27197,27.97588110832159,28.0,35.0,41.0,48,2.5002600163226876,4.750576293130848,0.0,128
100000,4,5,event_class,60.0,100029.93347294444,1.0002993347294444,161249,10893.95,653637,27197,27.97588110832159,28.0,35.0,41.0,48,2.5002600163226876,4.750576293130848,0.0,256
100000,4,5,event_class,60.0,100029.93347294444,1.0002993347294444,161249,10893.95,653637,27197,27.97588110832159,28.0,35.0,41.0,48,2.5002600163226876,4.750576293130848,0.0,512
100000,4,5,event_class,60.0,100029.93347294444,1.0002993347294444,161249,10893.95,653637,27197,27.97588110832159,28.0,35.0,41.0,48,2.5002600163226876,4.750576293130848,0.0,1024
100000,4,5,event_class,60.0,100029.93347294444,1.0002993347294444,161249,10893.95,653637,27197,27.97588110832159,28.0,35.0,41.0,48,2.5002600163226876,4.750576293130848,0.0,4096
100000,4,5,pooled,60.0,100029.93347294444,1.0002993347294444,161249,10893.95,653637,12000,55.4749547531734,55.0,65.0,73.0,83,2.5002600163226876,4.750576293130848,0.9999082059308149,32
100000,4,5,pooled,60.0,100029.93347294444,1.0002993347294444,161249,10893.95,653637,12000,55.4749547531734,55.0,65.0,73.0,83,2.5002600163226876,4.750576293130848,0.14246898507887407,64
100000,4,5,pooled,60.0,100029.93347294444,1.0002993347294444,161249,10893.95,653637,12000,55.4749547531734,55.0,65.0,73.0,83,2.5002600163226876,4.750576293130848,0.0,128
100000,4,5,pooled,60.0,100029.93347294444,1.0002993347294444,161249,10893.95,653637,12000,55.4749547531734,55.0,65.0,73.0,83,2.5002600163226876,4.750576293130848,0.0,256
100000,4,5,pooled,60.0,100029.93347294444,1.0002993347294444,161249,10893.95,653637,12000,55.4749547531734,55.0,65.0,73.0,83,2.5002600163226876,4.750576293130848,0.0,512
100000,4,5,pooled,60.0,100029.93347294444,1.0002993347294444,161249,10893.95,653637,12000,55.4749547531734,55.0,65.0,73.0,83,2.5002600163226876,4.750576293130848,0.0,1024
100000,4,5,pooled,60.0,100029.93347294444,1.0002993347294444,161249,10893.95,653637,12000,55.4749547531734,55.0,65.0,73.0,83,2.5002600163226876,4.750576293130848,0.0,4096
100000,4,5,route_key,60.0,100029.93347294444,1.0002993347294444,161249,10893.95,653637,182835,15.43270500292976,14.0,31.0,38.0,47,2.5002600163226876,4.750576293130848,0.08751952536346627,32
100000,4,5,route_key,60.0,100029.93347294444,1.0002993347294444,161249,10893.95,653637,182835,15.43270500292976,14.0,31.0,38.0,47,2.5002600163226876,4.750576293130848,0.0,64
100000,4,5,route_key,60.0,100029.93347294444,1.0002993347294444,161249,10893.95,653637,182835,15.43270500292976,14.0,31.0,38.0,47,2.5002600163226876,4.750576293130848,0.0,128
100000,4,5,route_key,60.0,100029.93347294444,1.0002993347294444,161249,10893.95,653637,182835,15.43270500292976,14.0,31.0,38.0,47,2.5002600163226876,4.750576293130848,0.0,256
100000,4,5,route_key,60.0,100029.93347294444,1.0002993347294444,161249,10893.95,653637,182835,15.43270500292976,14.0,31.0,38.0,47,2.5002600163226876,4.750576293130848,0.0,512
100000,4,5,route_key,60.0,100029.93347294444,1.0002993347294444,161249,10893.95,653637,182835,15.43270500292976,14.0,31.0,38.0,47,2.5002600163226876,4.750576293130848,0.0,1024
100000,4,5,route_key,60.0,100029.93347294444,1.0002993347294444,161249,10893.95,653637,182835,15.43270500292976,14.0,31.0,38.0,47,2.5002600163226876,4.750576293130848,0.0,4096
100000,4,10,event_class,60.0,100029.93347294444,1.0002993347294444,161249,10893.95,653637,14762,54.951902967549266,55.0,65.0,74.0,86,5.001495411503804,9.50117674957127,0.994074692834096,32
100000,4,10,event_class,60.0,100029.93347294444,1.0002993347294444,161249,10893.95,653637,14762,54.951902967549266,55.0,65.0,74.0,86,5.001495411503804,9.50117674957127,0.14234812288778023,64
100000,4,10,event_class,60.0,100029.93347294444,1.0002993347294444,161249,10893.95,653637,14762,54.951902967549266,55.0,65.0,74.0,86,5.001495411503804,9.50117674957127,0.0,128
100000,4,10,event_class,60.0,100029.93347294444,1.0002993347294444,161249,10893.95,653637,14762,54.951902967549266,55.0,65.0,74.0,86,5.001495411503804,9.50117674957127,0.0,256
100000,4,10,event_class,60.0,100029.93347294444,1.0002993347294444,161249,10893.95,653637,14762,54.951902967549266,55.0,65.0,74.0,86,5.001495411503804,9.50117674957127,0.0,512
100000,4,10,event_class,60.0,100029.93347294444,1.0002993347294444,161249,10893.95,653637,14762,54.951902967549266,55.0,65.0,74.0,86,5.001495411503804,9.50117674957127,0.0,1024
100000,4,10,event_class,60.0,100029.93347294444,1.0002993347294444,161249,10893.95,653637,14762,54.951902967549266,55.0,65.0,74.0,86,5.001495411503804,9.50117674957127,0.0,4096
100000,4,10,pooled,60.0,100029.93347294444,1.0002993347294444,161249,10893.95,653637,6000,109.94831840914759,110.0,123.0,135.0,151,5.001495411503804,9.50117674957127,1.0,32
100000,4,10,pooled,60.0,100029.93347294444,1.0002993347294444,161249,10893.95,653637,6000,109.94831840914759,110.0,123.0,135.0,151,5.001495411503804,9.50117674957127,1.0,64
100000,4,10,pooled,60.0,100029.93347294444,1.0002993347294444,161249,10893.95,653637,6000,109.94831840914759,110.0,123.0,135.0,151,5.001495411503804,9.50117674957127,0.046683403785281435,128
100000,4,10,pooled,60.0,100029.93347294444,1.0002993347294444,161249,10893.95,653637,6000,109.94831840914759,110.0,123.0,135.0,151,5.001495411503804,9.50117674957127,0.0,256
100000,4,10,pooled,60.0,100029.93347294444,1.0002993347294444,161249,10893.95,653637,6000,109.94831840914759,110.0,123.0,135.0,151,5.001495411503804,9.50117674957127,0.0,512
100000,4,10,pooled,60.0,100029.93347294444,1.0002993347294444,161249,10893.95,653637,6000,109.94831840914759,110.0,123.0,135.0,151,5.001495411503804,9.50117674957127,0.0,1024
100000,4,10,pooled,60.0,100029.93347294444,1.0002993347294444,161249,10893.95,653637,6000,109.94831840914759,110.0,123.0,135.0,151,5.001495411503804,9.50117674957127,0.0,4096
100000,4,10,route_key,60.0,100029.93347294444,1.0002993347294444,161249,10893.95,653637,138710,29.87232821887378,26.0,59.0,68.0,80,5.001495411503804,9.50117674957127,0.4773995352160297,32
100000,4,10,route_key,60.0,100029.93347294444,1.0002993347294444,161249,10893.95,653637,138710,29.87232821887378,26.0,59.0,68.0,80,5.001495411503804,9.50117674957127,0.03357062100217705,64
100000,4,10,route_key,60.0,100029.93347294444,1.0002993347294444,161249,10893.95,653637,138710,29.87232821887378,26.0,59.0,68.0,80,5.001495411503804,9.50117674957127,0.0,128
100000,4,10,route_key,60.0,100029.93347294444,1.0002993347294444,161249,10893.95,653637,138710,29.87232821887378,26.0,59.0,68.0,80,5.001495411503804,9.50117674957127,0.0,256
100000,4,10,route_key,60.0,100029.93347294444,1.0002993347294444,161249,10893.95,653637,138710,29.87232821887378,26.0,59.0,68.0,80,5.001495411503804,9.50117674957127,0.0,512
100000,4,10,route_key,60.0,100029.93347294444,1.0002993347294444,161249,10893.95,653637,138710,29.87232821887378,26.0,59.0,68.0,80,5.001495411503804,9.50117674957127,0.0,1024
100000,4,10,route_key,60.0,100029.93347294444,1.0002993347294444,161249,10893.95,653637,138710,29.87232821887378,26.0,59.0,68.0,80,5.001495411503804,9.50117674957127,0.0,4096
100000,4,25,event_class,60.0,100029.93347294444,1.0002993347294444,161249,10893.95,653637,6679,135.89986949943165,136.0,154.0,168.0,185,12.497712730903812,23.74648679554241,0.994304178007059,32
100000,4,25,event_class,60.0,100029.93347294444,1.0002993347294444,161249,10893.95,653637,6679,135.89986949943165,136.0,154.0,168.0,185,12.497712730903812,23.74648679554241,0.994304178007059,64
100000,4,25,event_class,60.0,100029.93347294444,1.0002993347294444,161249,10893.95,653637,6679,135.89986949943165,136.0,154.0,168.0,185,12.497712730903812,23.74648679554241,0.7473337647654585,128
100000,4,25,event_class,60.0,100029.93347294444,1.0002993347294444,161249,10893.95,653637,6679,135.89986949943165,136.0,154.0,168.0,185,12.497712730903812,23.74648679554241,0.0,256
100000,4,25,event_class,60.0,100029.93347294444,1.0002993347294444,161249,10893.95,653637,6679,135.89986949943165,136.0,154.0,168.0,185,12.497712730903812,23.74648679554241,0.0,512
100000,4,25,event_class,60.0,100029.93347294444,1.0002993347294444,161249,10893.95,653637,6679,135.89986949943165,136.0,154.0,168.0,185,12.497712730903812,23.74648679554241,0.0,1024
100000,4,25,event_class,60.0,100029.93347294444,1.0002993347294444,161249,10893.95,653637,6679,135.89986949943165,136.0,154.0,168.0,185,12.497712730903812,23.74648679554241,0.0,4096
100000,4,25,pooled,60.0,100029.93347294444,1.0002993347294444,161249,10893.95,653637,2400,273.3493131508773,273.0,294.0,311.0,355,12.497712730903812,23.74648679554241,1.0,32
100000,4,25,pooled,60.0,100029.93347294444,1.0002993347294444,161249,10893.95,653637,2400,273.3493131508773,273.0,294.0,311.0,355,12.497712730903812,23.74648679554241,1.0,64
100000,4,25,pooled,60.0,100029.93347294444,1.0002993347294444,161249,10893.95,653637,2400,273.3493131508773,273.0,294.0,311.0,355,12.497712730903812,23.74648679554241,1.0,128
100000,4,25,pooled,60.0,100029.93347294444,1.0002993347294444,161249,10893.95,653637,2400,273.3493131508773,273.0,294.0,311.0,355,12.497712730903812,23.74648679554241,0.8560011137680394,256
100000,4,25,pooled,60.0,100029.93347294444,1.0002993347294444,161249,10893.95,653637,2400,273.3493131508773,273.0,294.0,311.0,355,12.497712730903812,23.74648679554241,0.0,512
100000,4,25,pooled,60.0,100029.93347294444,1.0002993347294444,161249,10893.95,653637,2400,273.3493131508773,273.0,294.0,311.0,355,12.497712730903812,23.74648679554241,0.0,1024
100000,4,25,pooled,60.0,100029.93347294444,1.0002993347294444,161249,10893.95,653637,2400,273.3493131508773,273.0,294.0,311.0,355,12.497712730903812,23.74648679554241,0.0,4096
100000,4,25,route_key,60.0,100029.93347294444,1.0002993347294444,161249,10893.95,653637,87457,73.19919313013186,58.0,140.0,155.0,169,12.497712730903812,23.74648679554241,0.6574306534054835,32
100000,4,25,route_key,60.0,100029.93347294444,1.0002993347294444,161249,10893.95,653637,87457,73.19919313013186,58.0,140.0,155.0,169,12.497712730903812,23.74648679554241,0.4822493218713139,64
100000,4,25,route_key,60.0,100029.93347294444,1.0002993347294444,161249,10893.95,653637,87457,73.19919313013186,58.0,140.0,155.0,169,12.497712730903812,23.74648679554241,0.2817267076374195,128
100000,4,25,route_key,60.0,100029.93347294444,1.0002993347294444,161249,10893.95,653637,87457,73.19919313013186,58.0,140.0,155.0,169,12.497712730903812,23.74648679554241,0.0,256
100000,4,25,route_key,60.0,100029.93347294444,1.0002993347294444,161249,10893.95,653637,87457,73.19919313013186,58.0,140.0,155.0,169,12.497712730903812,23.74648679554241,0.0,512
100000,4,25,route_key,60.0,100029.93347294444,1.0002993347294444,161249,10893.95,653637,87457,73.19919313013186,58.0,140.0,155.0,169,12.497712730903812,23.74648679554241,0.0,1024
100000,4,25,route_key,60.0,100029.93347294444,1.0002993347294444,161249,10893.95,653637,87457,73.19919313013186,58.0,140.0,155.0,169,12.497712730903812,23.74648679554241,0.0,4096
100000,4,50,event_class,60.0,100029.93347294444,1.0002993347294444,161249,10893.95,653637,3547,270.75120747448506,272.0,298.0,317.0,331,24.99819082501416,47.502790730352324,0.994304178007059,32
100000,4,50,event_class,60.0,100029.93347294444,1.0002993347294444,161249,10893.95,653637,3547,270.75120747448506,272.0,298.0,317.0,331,24.99819082501416,47.502790730352324,0.994304178007059,64
100000,4,50,event_class,60.0,100029.93347294444,1.0002993347294444,161249,10893.95,653637,3547,270.75120747448506,272.0,298.0,317.0,331,24.99819082501416,47.502790730352324,0.994304178007059,128
100000,4,50,event_class,60.0,100029.93347294444,1.0002993347294444,161249,10893.95,653637,3547,270.75120747448506,272.0,298.0,317.0,331,24.99819082501416,47.502790730352324,0.7830737856027122,256
100000,4,50,event_class,60.0,100029.93347294444,1.0002993347294444,161249,10893.95,653637,3547,270.75120747448506,272.0,298.0,317.0,331,24.99819082501416,47.502790730352324,0.0,512
100000,4,50,event_class,60.0,100029.93347294444,1.0002993347294444,161249,10893.95,653637,3547,270.75120747448506,272.0,298.0,317.0,331,24.99819082501416,47.502790730352324,0.0,1024
100000,4,50,event_class,60.0,100029.93347294444,1.0002993347294444,161249,10893.95,653637,3547,270.75120747448506,272.0,298.0,317.0,331,24.99819082501416,47.502790730352324,0.0,4096
100000,4,50,pooled,60.0,100029.93347294444,1.0002993347294444,161249,10893.95,653637,1200,545.7117834516712,545.0,576.0,600.0,621,24.99819082501416,47.502790730352324,1.0,32
100000,4,50,pooled,60.0,100029.93347294444,1.0002993347294444,161249,10893.95,653637,1200,545.7117834516712,545.0,576.0,600.0,621,24.99819082501416,47.502790730352324,1.0,64
100000,4,50,pooled,60.0,100029.93347294444,1.0002993347294444,161249,10893.95,653637,1200,545.7117834516712,545.0,576.0,600.0,621,24.99819082501416,47.502790730352324,1.0,128
100000,4,50,pooled,60.0,100029.93347294444,1.0002993347294444,161249,10893.95,653637,1200,545.7117834516712,545.0,576.0,600.0,621,24.99819082501416,47.502790730352324,1.0,256
100000,4,50,pooled,60.0,100029.93347294444,1.0002993347294444,161249,10893.95,653637,1200,545.7117834516712,545.0,576.0,600.0,621,24.99819082501416,47.502790730352324,0.9272440207638184,512
100000,4,50,pooled,60.0,100029.93347294444,1.0002993347294444,161249,10893.95,653637,1200,545.7117834516712,545.0,576.0,600.0,621,24.99819082501416,47.502790730352324,0.0,1024
100000,4,50,pooled,60.0,100029.93347294444,1.0002993347294444,161249,10893.95,653637,1200,545.7117834516712,545.0,576.0,600.0,621,24.99819082501416,47.502790730352324,0.0,4096
100000,4,50,route_key,60.0,100029.93347294444,1.0002993347294444,161249,10893.95,653637,56340,145.37757960458174,111.0,273.0,293.0,308,24.99819082501416,47.502790730352324,0.6604935155139626,32
100000,4,50,route_key,60.0,100029.93347294444,1.0002993347294444,161249,10893.95,653637,56340,145.37757960458174,111.0,273.0,293.0,308,24.99819082501416,47.502790730352324,0.6578406669145107,64
100000,4,50,route_key,60.0,100029.93347294444,1.0002993347294444,161249,10893.95,653637,56340,145.37757960458174,111.0,273.0,293.0,308,24.99819082501416,47.502790730352324,0.4764081592688296,128
100000,4,50,route_key,60.0,100029.93347294444,1.0002993347294444,161249,10893.95,653637,56340,145.37757960458174,111.0,273.0,293.0,308,24.99819082501416,47.502790730352324,0.29218511191991886,256
100000,4,50,route_key,60.0,100029.93347294444,1.0002993347294444,161249,10893.95,653637,56340,145.37757960458174,111.0,273.0,293.0,308,24.99819082501416,47.502790730352324,0.0,512
100000,4,50,route_key,60.0,100029.93347294444,1.0002993347294444,161249,10893.95,653637,56340,145.37757960458174,111.0,273.0,293.0,308,24.99819082501416,47.502790730352324,0.0,1024
100000,4,50,route_key,60.0,100029.93347294444,1.0002993347294444,161249,10893.95,653637,56340,145.37757960458174,111.0,273.0,293.0,308,24.99819082501416,47.502790730352324,0.0,4096
100000,4,100,event_class,60.0,100029.93347294444,1.0002993347294444,161249,10893.95,653637,1798,540.478129298066,543.0,586.0,608.0,632,49.97879932789879,94.99978575678867,0.994304178007059,32
100000,4,100,event_class,60.0,100029.93347294444,1.0002993347294444,161249,10893.95,653637,1798,540.478129298066,543.0,586.0,608.0,632,49.97879932789879,94.99978575678867,0.994304178007059,64
100000,4,100,event_class,60.0,100029.93347294444,1.0002993347294444,161249,10893.95,653637,1798,540.478129298066,543.0,586.0,608.0,632,49.97879932789879,94.99978575678867,0.994304178007059,128
100000,4,100,event_class,60.0,100029.93347294444,1.0002993347294444,161249,10893.95,653637,1798,540.478129298066,543.0,586.0,608.0,632,49.97879932789879,94.99978575678867,0.994304178007059,256
100000,4,100,event_class,60.0,100029.93347294444,1.0002993347294444,161249,10893.95,653637,1798,540.478129298066,543.0,586.0,608.0,632,49.97879932789879,94.99978575678867,0.8103458035576322,512
100000,4,100,event_class,60.0,100029.93347294444,1.0002993347294444,161249,10893.95,653637,1798,540.478129298066,543.0,586.0,608.0,632,49.97879932789879,94.99978575678867,0.0,1024
100000,4,100,event_class,60.0,100029.93347294444,1.0002993347294444,161249,10893.95,653637,1798,540.478129298066,543.0,586.0,608.0,632,49.97879932789879,94.99978575678867,0.0,4096
100000,4,100,pooled,60.0,100029.93347294444,1.0002993347294444,161249,10893.95,653637,600,1090.3643321904972,1092.0,1133.0,1164.0,1182,49.97879932789879,94.99978575678867,1.0,32
100000,4,100,pooled,60.0,100029.93347294444,1.0002993347294444,161249,10893.95,653637,600,1090.3643321904972,1092.0,1133.0,1164.0,1182,49.97879932789879,94.99978575678867,1.0,64
100000,4,100,pooled,60.0,100029.93347294444,1.0002993347294444,161249,10893.95,653637,600,1090.3643321904972,1092.0,1133.0,1164.0,1182,49.97879932789879,94.99978575678867,1.0,128
100000,4,100,pooled,60.0,100029.93347294444,1.0002993347294444,161249,10893.95,653637,600,1090.3643321904972,1092.0,1133.0,1164.0,1182,49.97879932789879,94.99978575678867,1.0,256
100000,4,100,pooled,60.0,100029.93347294444,1.0002993347294444,161249,10893.95,653637,600,1090.3643321904972,1092.0,1133.0,1164.0,1182,49.97879932789879,94.99978575678867,1.0,512
100000,4,100,pooled,60.0,100029.93347294444,1.0002993347294444,161249,10893.95,653637,600,1090.3643321904972,1092.0,1133.0,1164.0,1182,49.97879932789879,94.99978575678867,0.9783564883872853,1024
100000,4,100,pooled,60.0,100029.93347294444,1.0002993347294444,161249,10893.95,653637,600,1090.3643321904972,1092.0,1133.0,1164.0,1182,49.97879932789879,94.99978575678867,0.0,4096
100000,4,100,route_key,60.0,100029.93347294444,1.0002993347294444,161249,10893.95,653637,33487,289.7153940183925,214.0,537.0,564.0,580,49.97879932789879,94.99978575678867,0.7370191711913493,32
100000,4,100,route_key,60.0,100029.93347294444,1.0002993347294444,161249,10893.95,653637,33487,289.7153940183925,214.0,537.0,564.0,580,49.97879932789879,94.99978575678867,0.6578406669145107,64
100000,4,100,route_key,60.0,100029.93347294444,1.0002993347294444,161249,10893.95,653637,33487,289.7153940183925,214.0,537.0,564.0,580,49.97879932789879,94.99978575678867,0.6578406669145107,128
100000,4,100,route_key,60.0,100029.93347294444,1.0002993347294444,161249,10893.95,653637,33487,289.7153940183925,214.0,537.0,564.0,580,49.97879932789879,94.99978575678867,0.4758099679179728,256
100000,4,100,route_key,60.0,100029.93347294444,1.0002993347294444,161249,10893.95,653637,33487,289.7153940183925,214.0,537.0,564.0,580,49.97879932789879,94.99978575678867,0.29960819231469454,512
100000,4,100,route_key,60.0,100029.93347294444,1.0002993347294444,161249,10893.95,653637,33487,289.7153940183925,214.0,537.0,564.0,580,49.97879932789879,94.99978575678867,0.0,1024
100000,4,100,route_key,60.0,100029.93347294444,1.0002993347294444,161249,10893.95,653637,33487,289.7153940183925,214.0,537.0,564.0,580,49.97879932789879,94.99978575678867,0.0,4096
100000,4,250,event_class,60.0,100029.93347294444,1.0002993347294444,161249,10893.95,653637,720,1349.8812414229917,1359.0,1448.0,1484.0,1520,124.98969987361289,237.49883547756275,0.994304178007059,32
100000,4,250,event_class,60.0,100029.93347294444,1.0002993347294444,161249,10893.95,653637,720,1349.8812414229917,1359.0,1448.0,1484.0,1520,124.98969987361289,237.49883547756275,0.994304178007059,64
100000,4,250,event_class,60.0,100029.93347294444,1.0002993347294444,161249,10893.95,653637,720,1349.8812414229917,1359.0,1448.0,1484.0,1520,124.98969987361289,237.49883547756275,0.994304178007059,128
100000,4,250,event_class,60.0,100029.93347294444,1.0002993347294444,161249,10893.95,653637,720,1349.8812414229917,1359.0,1448.0,1484.0,1520,124.98969987361289,237.49883547756275,0.994304178007059,256
100000,4,250,event_class,60.0,100029.93347294444,1.0002993347294444,161249,10893.95,653637,720,1349.8812414229917,1359.0,1448.0,1484.0,1520,124.98969987361289,237.49883547756275,0.994304178007059,512
100000,4,250,event_class,60.0,100029.93347294444,1.0002993347294444,161249,10893.95,653637,720,1349.8812414229917,1359.0,1448.0,1484.0,1520,124.98969987361289,237.49883547756275,0.994304178007059,1024
100000,4,250,event_class,60.0,100029.93347294444,1.0002993347294444,161249,10893.95,653637,720,1349.8812414229917,1359.0,1448.0,1484.0,1520,124.98969987361289,237.49883547756275,0.0,4096
100000,4,250,pooled,60.0,100029.93347294444,1.0002993347294444,161249,10893.95,653637,240,2724.52585915424,2727.0,2798.0,2831.0,2864,124.98969987361289,237.49883547756275,1.0,32
100000,4,250,pooled,60.0,100029.93347294444,1.0002993347294444,161249,10893.95,653637,240,2724.52585915424,2727.0,2798.0,2831.0,2864,124.98969987361289,237.49883547756275,1.0,64
100000,4,250,pooled,60.0,100029.93347294444,1.0002993347294444,161249,10893.95,653637,240,2724.52585915424,2727.0,2798.0,2831.0,2864,124.98969987361289,237.49883547756275,1.0,128
100000,4,250,pooled,60.0,100029.93347294444,1.0002993347294444,161249,10893.95,653637,240,2724.52585915424,2727.0,2798.0,2831.0,2864,124.98969987361289,237.49883547756275,1.0,256
100000,4,250,pooled,60.0,100029.93347294444,1.0002993347294444,161249,10893.95,653637,240,2724.52585915424,2727.0,2798.0,2831.0,2864,124.98969987361289,237.49883547756275,1.0,512
100000,4,250,pooled,60.0,100029.93347294444,1.0002993347294444,161249,10893.95,653637,240,2724.52585915424,2727.0,2798.0,2831.0,2864,124.98969987361289,237.49883547756275,1.0,1024
100000,4,250,pooled,60.0,100029.93347294444,1.0002993347294444,161249,10893.95,653637,240,2724.52585915424,2727.0,2798.0,2831.0,2864,124.98969987361289,237.49883547756275,0.0,4096
100000,4,250,route_key,60.0,100029.93347294444,1.0002993347294444,161249,10893.95,653637,15267,722.9123642021489,521.0,1329.0,1375.0,1409,124.98969987361289,237.49883547756275,0.8379681688766089,32
100000,4,250,route_key,60.0,100029.93347294444,1.0002993347294444,161249,10893.95,653637,15267,722.9123642021489,521.0,1329.0,1375.0,1409,124.98969987361289,237.49883547756275,0.7513512851934636,64
100000,4,250,route_key,60.0,100029.93347294444,1.0002993347294444,161249,10893.95,653637,15267,722.9123642021489,521.0,1329.0,1375.0,1409,124.98969987361289,237.49883547756275,0.6610809975567479,128
100000,4,250,route_key,60.0,100029.93347294444,1.0002993347294444,161249,10893.95,653637,15267,722.9123642021489,521.0,1329.0,1375.0,1409,124.98969987361289,237.49883547756275,0.6578406669145107,256
100000,4,250,route_key,60.0,100029.93347294444,1.0002993347294444,161249,10893.95,653637,15267,722.9123642021489,521.0,1329.0,1375.0,1409,124.98969987361289,237.49883547756275,0.5230839135483456,512
100000,4,250,route_key,60.0,100029.93347294444,1.0002993347294444,161249,10893.95,653637,15267,722.9123642021489,521.0,1329.0,1375.0,1409,124.98969987361289,237.49883547756275,0.4758099679179728,1024
100000,4,250,route_key,60.0,100029.93347294444,1.0002993347294444,161249,10893.95,653637,15267,722.9123642021489,521.0,1329.0,1375.0,1409,124.98969987361289,237.49883547756275,0.0,4096
100000,4,500,event_class,60.0,100029.93347294444,1.0002993347294444,161249,10893.95,653637,360,2698.635081857361,2736.0,2861.0,2916.0,2943,250.1073110247564,475.07795899868586,0.9972706563428937,32
100000,4,500,event_class,60.0,100029.93347294444,1.0002993347294444,161249,10893.95,653637,360,2698.635081857361,2736.0,2861.0,2916.0,2943,250.1073110247564,475.07795899868586,0.994304178007059,64
100000,4,500,event_class,60.0,100029.93347294444,1.0002993347294444,161249,10893.95,653637,360,2698.635081857361,2736.0,2861.0,2916.0,2943,250.1073110247564,475.07795899868586,0.994304178007059,128
100000,4,500,event_class,60.0,100029.93347294444,1.0002993347294444,161249,10893.95,653637,360,2698.635081857361,2736.0,2861.0,2916.0,2943,250.1073110247564,475.07795899868586,0.994304178007059,256
100000,4,500,event_class,60.0,100029.93347294444,1.0002993347294444,161249,10893.95,653637,360,2698.635081857361,2736.0,2861.0,2916.0,2943,250.1073110247564,475.07795899868586,0.994304178007059,512
100000,4,500,event_class,60.0,100029.93347294444,1.0002993347294444,161249,10893.95,653637,360,2698.635081857361,2736.0,2861.0,2916.0,2943,250.1073110247564,475.07795899868586,0.994304178007059,1024
100000,4,500,event_class,60.0,100029.93347294444,1.0002993347294444,161249,10893.95,653637,360,2698.635081857361,2736.0,2861.0,2916.0,2943,250.1073110247564,475.07795899868586,0.0,4096
100000,4,500,pooled,60.0,100029.93347294444,1.0002993347294444,161249,10893.95,653637,120,5447.937572383448,5453.0,5542.0,5580.0,5658,250.1073110247564,475.07795899868586,1.0,32
100000,4,500,pooled,60.0,100029.93347294444,1.0002993347294444,161249,10893.95,653637,120,5447.937572383448,5453.0,5542.0,5580.0,5658,250.1073110247564,475.07795899868586,1.0,64
100000,4,500,pooled,60.0,100029.93347294444,1.0002993347294444,161249,10893.95,653637,120,5447.937572383448,5453.0,5542.0,5580.0,5658,250.1073110247564,475.07795899868586,1.0,128
100000,4,500,pooled,60.0,100029.93347294444,1.0002993347294444,161249,10893.95,653637,120,5447.937572383448,5453.0,5542.0,5580.0,5658,250.1073110247564,475.07795899868586,1.0,256
100000,4,500,pooled,60.0,100029.93347294444,1.0002993347294444,161249,10893.95,653637,120,5447.937572383448,5453.0,5542.0,5580.0,5658,250.1073110247564,475.07795899868586,1.0,512
100000,4,500,pooled,60.0,100029.93347294444,1.0002993347294444,161249,10893.95,653637,120,5447.937572383448,5453.0,5542.0,5580.0,5658,250.1073110247564,475.07795899868586,1.0,1024
100000,4,500,pooled,60.0,100029.93347294444,1.0002993347294444,161249,10893.95,653637,120,5447.937572383448,5453.0,5542.0,5580.0,5658,250.1073110247564,475.07795899868586,1.0,4096
100000,4,500,route_key,60.0,100029.93347294444,1.0002993347294444,161249,10893.95,653637,8030,1444.7501610220963,1022.0,2639.0,2708.0,2728,250.1073110247564,475.07795899868586,0.894779518295323,32
100000,4,500,route_key,60.0,100029.93347294444,1.0002993347294444,161249,10893.95,653637,8030,1444.7501610220963,1022.0,2639.0,2708.0,2728,250.1073110247564,475.07795899868586,0.8379467502604657,64
100000,4,500,route_key,60.0,100029.93347294444,1.0002993347294444,161249,10893.95,653637,8030,1444.7501610220963,1022.0,2639.0,2708.0,2728,250.1073110247564,475.07795899868586,0.7522707557864686,128
100000,4,500,route_key,60.0,100029.93347294444,1.0002993347294444,161249,10893.95,653637,8030,1444.7501610220963,1022.0,2639.0,2708.0,2728,250.1073110247564,475.07795899868586,0.6582399711154663,256
100000,4,500,route_key,60.0,100029.93347294444,1.0002993347294444,161249,10893.95,653637,8030,1444.7501610220963,1022.0,2639.0,2708.0,2728,250.1073110247564,475.07795899868586,0.6578406669145107,512
100000,4,500,route_key,60.0,100029.93347294444,1.0002993347294444,161249,10893.95,653637,8030,1444.7501610220963,1022.0,2639.0,2708.0,2728,250.1073110247564,475.07795899868586,0.4964422148684973,1024
100000,4,500,route_key,60.0,100029.93347294444,1.0002993347294444,161249,10893.95,653637,8030,1444.7501610220963,1022.0,2639.0,2708.0,2728,250.1073110247564,475.07795899868586,0.0,4096
100000,4,1000,event_class,60.0,100029.93347294444,1.0002993347294444,161249,10893.95,653637,180,5396.376843722127,5520.0,5696.0,5781.0,5809,499.99983546875205,949.8373564398378,1.0,32
100000,4,1000,event_class,60.0,100029.93347294444,1.0002993347294444,161249,10893.95,653637,180,5396.376843722127,5520.0,5696.0,5781.0,5809,499.99983546875205,949.8373564398378,0.9968560531304073,64
100000,4,1000,event_class,60.0,100029.93347294444,1.0002993347294444,161249,10893.95,653637,180,5396.376843722127,5520.0,5696.0,5781.0,5809,499.99983546875205,949.8373564398378,0.994304178007059,128
100000,4,1000,event_class,60.0,100029.93347294444,1.0002993347294444,161249,10893.95,653637,180,5396.376843722127,5520.0,5696.0,5781.0,5809,499.99983546875205,949.8373564398378,0.994304178007059,256
100000,4,1000,event_class,60.0,100029.93347294444,1.0002993347294444,161249,10893.95,653637,180,5396.376843722127,5520.0,5696.0,5781.0,5809,499.99983546875205,949.8373564398378,0.994304178007059,512
100000,4,1000,event_class,60.0,100029.93347294444,1.0002993347294444,161249,10893.95,653637,180,5396.376843722127,5520.0,5696.0,5781.0,5809,499.99983546875205,949.8373564398378,0.994304178007059,1024
100000,4,1000,event_class,60.0,100029.93347294444,1.0002993347294444,161249,10893.95,653637,180,5396.376843722127,5520.0,5696.0,5781.0,5809,499.99983546875205,949.8373564398378,0.994304178007059,4096
100000,4,1000,pooled,60.0,100029.93347294444,1.0002993347294444,161249,10893.95,653637,60,10894.89547715322,10903.0,11034.0,11143.0,11143,499.99983546875205,949.8373564398378,1.0,32
100000,4,1000,pooled,60.0,100029.93347294444,1.0002993347294444,161249,10893.95,653637,60,10894.89547715322,10903.0,11034.0,11143.0,11143,499.99983546875205,949.8373564398378,1.0,64
100000,4,1000,pooled,60.0,100029.93347294444,1.0002993347294444,161249,10893.95,653637,60,10894.89547715322,10903.0,11034.0,11143.0,11143,499.99983546875205,949.8373564398378,1.0,128
100000,4,1000,pooled,60.0,100029.93347294444,1.0002993347294444,161249,10893.95,653637,60,10894.89547715322,10903.0,11034.0,11143.0,11143,499.99983546875205,949.8373564398378,1.0,256
100000,4,1000,pooled,60.0,100029.93347294444,1.0002993347294444,161249,10893.95,653637,60,10894.89547715322,10903.0,11034.0,11143.0,11143,499.99983546875205,949.8373564398378,1.0,512
100000,4,1000,pooled,60.0,100029.93347294444,1.0002993347294444,161249,10893.95,653637,60,10894.89547715322,10903.0,11034.0,11143.0,11143,499.99983546875205,949.8373564398378,1.0,1024
100000,4,1000,pooled,60.0,100029.93347294444,1.0002993347294444,161249,10893.95,653637,60,10894.89547715322,10903.0,11034.0,11143.0,11143,499.99983546875205,949.8373564398378,1.0,4096
100000,4,1000,route_key,60.0,100029.93347294444,1.0002993347294444,161249,10893.95,653637,4132,2888.5249534527575,2029.0,5241.0,5331.0,5396,499.99983546875205,949.8373564398378,0.9588517785865855,32
100000,4,1000,route_key,60.0,100029.93347294444,1.0002993347294444,161249,10893.95,653637,4132,2888.5249534527575,2029.0,5241.0,5331.0,5396,499.99983546875205,949.8373564398378,0.8922138740615969,64
100000,4,1000,route_key,60.0,100029.93347294444,1.0002993347294444,161249,10893.95,653637,4132,2888.5249534527575,2029.0,5241.0,5331.0,5396,499.99983546875205,949.8373564398378,0.8389442458122781,128
100000,4,1000,route_key,60.0,100029.93347294444,1.0002993347294444,161249,10893.95,653637,4132,2888.5249534527575,2029.0,5241.0,5331.0,5396,499.99983546875205,949.8373564398378,0.7553932840399182,256
100000,4,1000,route_key,60.0,100029.93347294444,1.0002993347294444,161249,10893.95,653637,4132,2888.5249534527575,2029.0,5241.0,5331.0,5396,499.99983546875205,949.8373564398378,0.6578406669145107,512
100000,4,1000,route_key,60.0,100029.93347294444,1.0002993347294444,161249,10893.95,653637,4132,2888.5249534527575,2029.0,5241.0,5331.0,5396,499.99983546875205,949.8373564398378,0.6578406669145107,1024
100000,4,1000,route_key,60.0,100029.93347294444,1.0002993347294444,161249,10893.95,653637,4132,2888.5249534527575,2029.0,5241.0,5331.0,5396,499.99983546875205,949.8373564398378,0.4758099679179728,4096
