experiment_id,run_id,recorded_at,case_id,status,error_type,error_message,mode,backend,threads,agent_count,state_width,action_count,steps,repetition,wall_ms,device_ms,agent_steps_per_second,ns_per_agent_step,checksum,correctness_valid,correctness_action_match,correctness_max_abs_error,correctness_max_rel_error
pilot-001-local-crossover,20260811T150801Z,2026-08-11T15:08:01.957058+00:00,75055f9948b1,ok,,,cpu,cpu,8,1048576,8,1,64,0,1267.842809,,52931533.40746676,18.892330065369606,-2.9257473945617676,True,True,0.0,0.0
pilot-001-local-crossover,20260811T150801Z,2026-08-11T15:08:01.957058+00:00,75055f9948b1,ok,,,cpu,cpu,8,1048576,8,1,64,1,1211.933549,,55373385.82249281,18.059217169880867,-2.868828773498535,True,True,0.0,0.0
pilot-001-local-crossover,20260811T150801Z,2026-08-11T15:08:01.957058+00:00,75055f9948b1,ok,,,cpu,cpu,8,1048576,8,1,64,2,1450.395332,,46269360.1664184,21.612574636936188,-2.813701629638672,True,True,0.0,0.0
pilot-001-local-crossover,20260811T150801Z,2026-08-11T15:08:01.957058+00:00,75055f9948b1,ok,,,cpu,cpu,8,1048576,8,1,64,3,1478.800046,,45380620.71442483,22.03583785891533,-2.7603235244750977,True,True,0.0,0.0
pilot-001-local-crossover,20260811T150801Z,2026-08-11T15:08:01.957058+00:00,75055f9948b1,ok,,,cpu,cpu,8,1048576,8,1,64,4,1373.762602,,48850408.28910263,20.470657974481583,-2.7086288928985596,True,True,0.0,0.0
pilot-001-local-crossover,20260811T150801Z,2026-08-11T15:08:01.957058+00:00,75055f9948b1,ok,,,cpu,cpu,8,1048576,8,1,64,5,1211.050084,,55413780.88868536,18.046052515506744,-2.6585640907287598,True,True,0.0,0.0
pilot-001-local-crossover,20260811T150801Z,2026-08-11T15:08:01.957058+00:00,75055f9948b1,ok,,,cpu,cpu,8,1048576,8,1,64,6,1301.211117,,51574155.12612777,19.389556601643562,-2.6100783348083496,True,True,0.0,0.0
pilot-001-local-crossover,20260811T150801Z,2026-08-11T15:08:01.957058+00:00,75055f9948b1,ok,,,cpu,cpu,8,1048576,8,1,64,7,1148.879067,,58412469.969739646,17.1196321696043,-2.5631237030029297,True,True,0.0,0.0
pilot-001-local-crossover,20260811T150801Z,2026-08-11T15:08:01.957058+00:00,75055f9948b1,ok,,,cpu,cpu,8,1048576,8,1,64,8,1300.535711,,51600939.08409409,19.37949226796627,-2.517648935317993,True,True,0.0,0.0
pilot-001-local-crossover,20260811T150801Z,2026-08-11T15:08:01.957058+00:00,75055f9948b1,ok,,,cpu,cpu,8,1048576,8,1,64,9,1177.978303,,56969524.675532155,17.553244575858116,-2.473616600036621,True,True,0.0,0.0
pilot-001-local-crossover,20260811T150801Z,2026-08-11T15:08:15.205906+00:00,755744b4ff43,ok,,,eager-resident,cuda,,16384,8,1,64,0,7.143061,7.098368167877197,146796450.42930475,6.8121538162231445,-2.91506290435791,True,True,0.0,0.0
pilot-001-local-crossover,20260811T150801Z,2026-08-11T15:08:15.205906+00:00,755744b4ff43,ok,,,eager-resident,cuda,,16384,8,1,64,1,7.305319,7.277952194213867,143535963.31659165,6.96689510345459,-2.849886894226074,True,True,0.0,0.0
pilot-001-local-crossover,20260811T150801Z,2026-08-11T15:08:15.205906+00:00,755744b4ff43,ok,,,eager-resident,cuda,,16384,8,1,64,2,7.007703,6.984000205993652,149631912.19719213,6.683066368103027,-2.7867608070373535,True,True,0.0,0.0
pilot-001-local-crossover,20260811T150801Z,2026-08-11T15:08:15.205906+00:00,755744b4ff43,ok,,,eager-resident,cuda,,16384,8,1,64,3,7.214813,7.1906561851501465,145336545.7982071,6.880581855773926,-2.7256174087524414,True,True,0.0,0.0
pilot-001-local-crossover,20260811T150801Z,2026-08-11T15:08:15.205906+00:00,755744b4ff43,ok,,,eager-resident,cuda,,16384,8,1,64,4,7.20245,7.1793599128723145,145586015.86959994,6.868791580200195,-2.6664180755615234,True,True,0.0,0.0
pilot-001-local-crossover,20260811T150801Z,2026-08-11T15:08:15.205906+00:00,755744b4ff43,ok,,,eager-resident,cuda,,16384,8,1,64,5,6.893752,6.870495796203613,152105268.65486312,6.574394226074219,-2.60909366607666,True,True,0.0,0.0
pilot-001-local-crossover,20260811T150801Z,2026-08-11T15:08:15.205906+00:00,755744b4ff43,ok,,,eager-resident,cuda,,16384,8,1,64,6,7.305356,7.281439781188965,143535236.3389272,6.966930389404297,-2.5535755157470703,True,True,0.0,0.0
pilot-001-local-crossover,20260811T150801Z,2026-08-11T15:08:15.205906+00:00,755744b4ff43,ok,,,eager-resident,cuda,,16384,8,1,64,7,7.069456,7.046112060546875,148324849.88943988,6.7419586181640625,-2.499804973602295,True,True,0.0,0.0
pilot-001-local-crossover,20260811T150801Z,2026-08-11T15:08:15.205906+00:00,755744b4ff43,ok,,,eager-resident,cuda,,16384,8,1,64,8,7.215757,7.192255973815918,145317532.1729931,6.881482124328613,-2.4477314949035645,True,True,0.0,0.0
pilot-001-local-crossover,20260811T150801Z,2026-08-11T15:08:15.205906+00:00,755744b4ff43,ok,,,eager-resident,cuda,,16384,8,1,64,9,7.173512,7.1367998123168945,146173310.92496952,6.841194152832031,-2.397304058074951,True,True,0.0,0.0
pilot-001-local-crossover,20260811T150801Z,2026-08-11T15:08:15.289153+00:00,9381d95335fc,ok,,,eager-host-visible,cuda,,16384,32,1,64,0,12.631895,12.599679946899414,83010189.68254565,12.046713829040527,27.950820922851562,True,True,0.0,0.0
pilot-001-local-crossover,20260811T150801Z,2026-08-11T15:08:15.289153+00:00,9381d95335fc,ok,,,eager-host-visible,cuda,,16384,32,1,64,1,12.590837,12.567392349243164,83280881.16778892,12.00755786895752,26.994609832763672,True,True,0.0,0.0
pilot-001-local-crossover,20260811T150801Z,2026-08-11T15:08:15.289153+00:00,9381d95335fc,ok,,,eager-host-visible,cuda,,16384,32,1,64,2,12.434399,12.410528182983398,84328643.46720737,11.858366966247559,26.068531036376953,True,True,0.0,0.0
pilot-001-local-crossover,20260811T150801Z,2026-08-11T15:08:15.289153+00:00,9381d95335fc,ok,,,eager-host-visible,cuda,,16384,32,1,64,3,12.484916,12.461664199829102,83987429.31069781,11.906543731689453,25.171627044677734,True,True,0.0,0.0
pilot-001-local-crossover,20260811T150801Z,2026-08-11T15:08:15.289153+00:00,9381d95335fc,ok,,,eager-host-visible,cuda,,16384,32,1,64,4,12.444027,12.421279907226562,84263398.01416375,11.867548942565918,24.302974700927734,True,True,0.0,0.0
pilot-001-local-crossover,20260811T150801Z,2026-08-11T15:08:15.289153+00:00,9381d95335fc,ok,,,eager-host-visible,cuda,,16384,32,1,64,5,12.367068,12.344927787780762,84787760.52658561,11.79415512084961,23.461700439453125,True,True,0.0,0.0
pilot-001-local-crossover,20260811T150801Z,2026-08-11T15:08:15.289153+00:00,9381d95335fc,ok,,,eager-host-visible,cuda,,16384,32,1,64,6,12.45908,12.436544418334961,84161591.38555977,11.881904602050781,22.64691162109375,True,True,0.0,0.0
pilot-001-local-crossover,20260811T150801Z,2026-08-11T15:08:15.289153+00:00,9381d95335fc,ok,,,eager-host-visible,cuda,,16384,32,1,64,7,12.399208,12.376928329467773,84567982.08401698,11.824806213378906,21.857757568359375,True,True,0.0,0.0
pilot-001-local-crossover,20260811T150801Z,2026-08-11T15:08:15.289153+00:00,9381d95335fc,ok,,,eager-host-visible,cuda,,16384,32,1,64,8,12.413524,12.390624046325684,84470453.35393882,11.838459014892578,21.09347152709961,True,True,0.0,0.0
pilot-001-local-crossover,20260811T150801Z,2026-08-11T15:08:15.289153+00:00,9381d95335fc,ok,,,eager-host-visible,cuda,,16384,32,1,64,9,11.788636,11.761311531066895,88948034.3612272,11.24251937866211,20.353273391723633,True,True,0.0,0.0
pilot-001-local-crossover,20260811T150801Z,2026-08-11T15:08:15.478492+00:00,f2cb631f715b,ok,,,graph-resident,cuda,,262144,8,1,64,0,57.073604,57.02860641479492,293957535.95655185,3.4018518924713135,-3.2131385803222656,True,True,0.0,0.0
pilot-001-local-crossover,20260811T150801Z,2026-08-11T15:08:15.478492+00:00,f2cb631f715b,ok,,,graph-resident,cuda,,262144,8,1,64,1,57.01635,56.9854736328125,294252718.7376954,3.3984392881393433,-3.259335517883301,True,True,0.0,0.0
pilot-001-local-crossover,20260811T150801Z,2026-08-11T15:08:15.478492+00:00,f2cb631f715b,ok,,,graph-resident,cuda,,262144,8,1,64,2,57.064385,57.03257751464844,294005026.0771232,3.401302397251129,-3.3040852546691895,True,True,0.0,0.0
pilot-001-local-crossover,20260811T150801Z,2026-08-11T15:08:15.478492+00:00,f2cb631f715b,ok,,,graph-resident,cuda,,262144,8,1,64,3,57.050634,57.02080154418945,294075890.5501383,3.4004827737808228,-3.3474321365356445,True,True,0.0,0.0
pilot-001-local-crossover,20260811T150801Z,2026-08-11T15:08:15.478492+00:00,f2cb631f715b,ok,,,graph-resident,cuda,,262144,8,1,64,4,56.904188,56.880672454833984,294832710.7312383,3.391753911972046,-3.3894195556640625,True,True,0.0,0.0
pilot-001-local-crossover,20260811T150801Z,2026-08-11T15:08:15.478492+00:00,f2cb631f715b,ok,,,graph-resident,cuda,,262144,8,1,64,5,56.926091,56.905696868896484,294719270.29031384,3.3930594325065613,-3.430083751678467,True,True,0.0,0.0
pilot-001-local-crossover,20260811T150801Z,2026-08-11T15:08:15.478492+00:00,f2cb631f715b,ok,,,graph-resident,cuda,,262144,8,1,64,6,56.865802,56.83961486816406,295031731.02174836,3.3894659280776978,-3.469475746154785,True,True,0.0,0.0
pilot-001-local-crossover,20260811T150801Z,2026-08-11T15:08:15.478492+00:00,f2cb631f715b,ok,,,graph-resident,cuda,,262144,8,1,64,7,56.866173,56.8322868347168,295029806.20834106,3.3894880414009094,-3.507631301879883,True,True,0.0,0.0
pilot-001-local-crossover,20260811T150801Z,2026-08-11T15:08:15.478492+00:00,f2cb631f715b,ok,,,graph-resident,cuda,,262144,8,1,64,8,56.844101,56.81407928466797,295144363.3526722,3.388172447681427,-3.544590950012207,True,True,0.0,0.0
pilot-001-local-crossover,20260811T150801Z,2026-08-11T15:08:15.478492+00:00,f2cb631f715b,ok,,,graph-resident,cuda,,262144,8,1,64,9,56.855225,56.80867385864258,295086616.9292268,3.3888354897499084,-3.5803933143615723,True,True,0.0,0.0
pilot-001-local-crossover,20260811T150801Z,2026-08-11T15:08:16.257162+00:00,f88edfe65498,ok,,,eager-resident,cuda,,1024,32,8,64,0,7.000823,6.965888023376465,9361185.106379636,106.82408142089844,28.06416893005371,True,True,0.0,0.0
pilot-001-local-crossover,20260811T150801Z,2026-08-11T15:08:16.257162+00:00,f88edfe65498,ok,,,eager-resident,cuda,,1024,32,8,64,1,7.46098,7.428031921386719,8783832.686858831,113.84552001953125,27.18938636779785,True,True,0.0,0.0
pilot-001-local-crossover,20260811T150801Z,2026-08-11T15:08:16.257162+00:00,f88edfe65498,ok,,,eager-resident,cuda,,1024,32,8,64,2,7.111392,7.085504055023193,9215635.982378695,108.51123046875,26.346155166625977,True,True,0.0,0.0
pilot-001-local-crossover,20260811T150801Z,2026-08-11T15:08:16.257162+00:00,f88edfe65498,ok,,,eager-resident,cuda,,1024,32,8,64,3,7.548177,7.516831874847412,8682361.31717632,115.17604064941406,25.52603530883789,True,True,0.0,0.0
pilot-001-local-crossover,20260811T150801Z,2026-08-11T15:08:16.257162+00:00,f88edfe65498,ok,,,eager-resident,cuda,,1024,32,8,64,4,7.983119,7.94543981552124,8209322.697056125,121.81272888183594,24.73067283630371,True,True,0.0,0.0
pilot-001-local-crossover,20260811T150801Z,2026-08-11T15:08:16.257162+00:00,f88edfe65498,ok,,,eager-resident,cuda,,1024,32,8,64,5,7.624757,7.570400238037109,8595159.163760891,116.34455871582031,23.958663940429688,True,True,0.0,0.0
pilot-001-local-crossover,20260811T150801Z,2026-08-11T15:08:16.257162+00:00,f88edfe65498,ok,,,eager-resident,cuda,,1024,32,8,64,6,7.58472,7.538271903991699,8640529.907498233,115.733642578125,23.20883560180664,True,True,0.0,0.0
pilot-001-local-crossover,20260811T150801Z,2026-08-11T15:08:16.257162+00:00,f88edfe65498,ok,,,eager-resident,cuda,,1024,32,8,64,7,7.145514,7.105408191680908,9171628.521055307,109.03189086914062,22.482175827026367,True,True,0.0,0.0
pilot-001-local-crossover,20260811T150801Z,2026-08-11T15:08:16.257162+00:00,f88edfe65498,ok,,,eager-resident,cuda,,1024,32,8,64,8,7.030095,6.998271942138672,9322206.88340627,107.27073669433594,21.77796173095703,True,True,0.0,0.0
pilot-001-local-crossover,20260811T150801Z,2026-08-11T15:08:16.257162+00:00,f88edfe65498,ok,,,eager-resident,cuda,,1024,32,8,64,9,7.0021,6.974592208862305,9359477.870924436,106.84356689453125,21.09539031982422,True,True,0.0,0.0
pilot-001-local-crossover,20260811T150801Z,2026-08-11T15:08:16.335288+00:00,a06641d40e4d,ok,,,eager-host-visible,cuda,,1024,8,8,64,0,8.270865,8.236288070678711,7923717.773171246,126.20338439941408,-2.945302963256836,True,True,0.0,0.0
pilot-001-local-crossover,20260811T150801Z,2026-08-11T15:08:16.335288+00:00,a06641d40e4d,ok,,,eager-host-visible,cuda,,1024,8,8,64,1,8.251716,8.223360061645508,7942105.617789077,125.91119384765625,-2.9096508026123047,True,True,0.0,0.0
pilot-001-local-crossover,20260811T150801Z,2026-08-11T15:08:16.335288+00:00,a06641d40e4d,ok,,,eager-host-visible,cuda,,1024,8,8,64,2,8.270198,8.243552207946777,7924356.829183532,126.19320678710939,-2.8775691986083984,True,True,0.0,0.0
pilot-001-local-crossover,20260811T150801Z,2026-08-11T15:08:16.335288+00:00,a06641d40e4d,ok,,,eager-host-visible,cuda,,1024,8,8,64,3,8.275037,8.24623966217041,7919722.896707291,126.2670440673828,-2.8464841842651367,True,True,0.0,0.0
pilot-001-local-crossover,20260811T150801Z,2026-08-11T15:08:16.335288+00:00,a06641d40e4d,ok,,,eager-host-visible,cuda,,1024,8,8,64,4,8.281644,8.252544403076172,7913404.633186358,126.36785888671875,-2.81900691986084,True,True,0.0,0.0
pilot-001-local-crossover,20260811T150801Z,2026-08-11T15:08:16.335288+00:00,a06641d40e4d,ok,,,eager-host-visible,cuda,,1024,8,8,64,5,8.292095,8.263039588928223,7903430.918242013,126.52732849121094,-2.795393943786621,True,True,0.0,0.0
pilot-001-local-crossover,20260811T150801Z,2026-08-11T15:08:16.335288+00:00,a06641d40e4d,ok,,,eager-host-visible,cuda,,1024,8,8,64,6,8.253202,8.226271629333496,7940675.631106569,125.93386840820312,-2.7694034576416016,True,True,0.0,0.0
pilot-001-local-crossover,20260811T150801Z,2026-08-11T15:08:16.335288+00:00,a06641d40e4d,ok,,,eager-host-visible,cuda,,1024,8,8,64,7,8.226438,8.200160026550293,7966509.928112266,125.52548217773438,-2.7396202087402344,True,True,0.0,0.0
pilot-001-local-crossover,20260811T150801Z,2026-08-11T15:08:16.335288+00:00,a06641d40e4d,ok,,,eager-host-visible,cuda,,1024,8,8,64,8,8.249358,8.222335815429688,7944375.792637439,125.87521362304689,-2.711444854736328,True,True,0.0,0.0
pilot-001-local-crossover,20260811T150801Z,2026-08-11T15:08:16.335288+00:00,a06641d40e4d,ok,,,eager-host-visible,cuda,,1024,8,8,64,9,8.131352,8.105119705200195,8059668.306082433,124.0745849609375,-2.686222553253174,True,True,0.0,0.0
pilot-001-local-crossover,20260811T150801Z,2026-08-11T15:08:16.420823+00:00,6c616b3ae1e0,ok,,,cpu,cpu,1,262144,8,1,64,0,655.505115,,25594332.700210888,39.07114952802658,-3.0653767585754395,True,True,0.0,0.0
pilot-001-local-crossover,20260811T150801Z,2026-08-11T15:08:16.420823+00:00,6c616b3ae1e0,ok,,,cpu,cpu,1,262144,8,1,64,1,649.442752,,25833248.501632366,38.70980453491211,-3.116208076477051,True,True,0.0,0.0
pilot-001-local-crossover,20260811T150801Z,2026-08-11T15:08:16.420823+00:00,6c616b3ae1e0,ok,,,cpu,cpu,1,262144,8,1,64,2,655.738338,,25585229.698739987,39.08505070209503,-3.1654410362243652,True,True,0.0,0.0
pilot-001-local-crossover,20260811T150801Z,2026-08-11T15:08:16.420823+00:00,6c616b3ae1e0,ok,,,cpu,cpu,1,262144,8,1,64,3,655.36406,,25599841.407232493,39.06274199485779,-3.2131383419036865,True,True,0.0,0.0
pilot-001-local-crossover,20260811T150801Z,2026-08-11T15:08:16.420823+00:00,6c616b3ae1e0,ok,,,cpu,cpu,1,262144,8,1,64,4,646.545436,,25949013.11777259,38.537111043930054,-3.259335517883301,True,True,0.0,0.0
pilot-001-local-crossover,20260811T150801Z,2026-08-11T15:08:16.420823+00:00,6c616b3ae1e0,ok,,,cpu,cpu,1,262144,8,1,64,5,650.396006,,25795385.95752078,38.76662290096283,-3.304084300994873,True,True,0.0,0.0
pilot-001-local-crossover,20260811T150801Z,2026-08-11T15:08:16.420823+00:00,6c616b3ae1e0,ok,,,cpu,cpu,1,262144,8,1,64,6,660.451281,,25402654.946171574,39.365963995456696,-3.3474318981170654,True,True,0.0,0.0
pilot-001-local-crossover,20260811T150801Z,2026-08-11T15:08:16.420823+00:00,6c616b3ae1e0,ok,,,cpu,cpu,1,262144,8,1,64,7,647.670713,,25903928.745346867,38.60418277978897,-3.3894190788269043,True,True,0.0,0.0
pilot-001-local-crossover,20260811T150801Z,2026-08-11T15:08:16.420823+00:00,6c616b3ae1e0,ok,,,cpu,cpu,1,262144,8,1,64,8,648.876589,,25855788.7345817,38.67605859041214,-3.430083751678467,True,True,0.0,0.0
pilot-001-local-crossover,20260811T150801Z,2026-08-11T15:08:16.420823+00:00,6c616b3ae1e0,ok,,,cpu,cpu,1,262144,8,1,64,9,662.416419,,25327294.91416788,39.48309534788132,-3.469475746154785,True,True,0.0,0.0
pilot-001-local-crossover,20260811T150801Z,2026-08-11T15:08:23.124589+00:00,6cb4a99b691e,ok,,,graph-resident,cuda,,4096,32,1,64,0,3.494902,3.4514238834381104,75007539.55332653,13.331993103027344,25.589458465576172,True,True,0.0,0.0
pilot-001-local-crossover,20260811T150801Z,2026-08-11T15:08:23.124589+00:00,6cb4a99b691e,ok,,,graph-resident,cuda,,4096,32,1,64,1,3.472441,3.449824094772339,75492715.35499091,13.24631118774414,24.811086654663086,True,True,0.0,0.0
pilot-001-local-crossover,20260811T150801Z,2026-08-11T15:08:23.124589+00:00,6cb4a99b691e,ok,,,graph-resident,cuda,,4096,32,1,64,2,3.464253,3.445568084716797,75671147.57496062,13.215076446533203,24.057235717773438,True,True,0.0,0.0
pilot-001-local-crossover,20260811T150801Z,2026-08-11T15:08:23.124589+00:00,6cb4a99b691e,ok,,,graph-resident,cuda,,4096,32,1,64,3,3.463887,3.4433600902557373,75679143.11292487,13.213680267333984,23.3271427154541,True,True,0.0,0.0
pilot-001-local-crossover,20260811T150801Z,2026-08-11T15:08:23.124589+00:00,6cb4a99b691e,ok,,,graph-resident,cuda,,4096,32,1,64,4,3.465283,3.444767951965332,75648655.53549306,13.219005584716797,22.62006187438965,True,True,0.0,0.0
pilot-001-local-crossover,20260811T150801Z,2026-08-11T15:08:23.124589+00:00,6cb4a99b691e,ok,,,graph-resident,cuda,,4096,32,1,64,5,3.467702,3.443648099899292,75595884.53679122,13.228233337402344,21.935256958007812,True,True,0.0,0.0
pilot-001-local-crossover,20260811T150801Z,2026-08-11T15:08:23.124589+00:00,6cb4a99b691e,ok,,,graph-resident,cuda,,4096,32,1,64,6,3.4765,3.4482240676879883,75404573.56536746,13.261795043945312,21.27204704284668,True,True,0.0,0.0
pilot-001-local-crossover,20260811T150801Z,2026-08-11T15:08:23.124589+00:00,6cb4a99b691e,ok,,,graph-resident,cuda,,4096,32,1,64,7,3.466232,3.444159984588623,75627944.11914724,13.222625732421875,20.629732131958008,True,True,0.0,0.0
pilot-001-local-crossover,20260811T150801Z,2026-08-11T15:08:23.124589+00:00,6cb4a99b691e,ok,,,graph-resident,cuda,,4096,32,1,64,8,3.462332,3.4404799938201904,75713132.07398944,13.207748413085938,20.007638931274414,True,True,0.0,0.0
pilot-001-local-crossover,20260811T150801Z,2026-08-11T15:08:23.124589+00:00,6cb4a99b691e,ok,,,graph-resident,cuda,,4096,32,1,64,9,3.470395,3.449631929397583,75537222.70807791,13.238506317138672,19.405128479003906,True,True,0.0,0.0
pilot-001-local-crossover,20260811T150801Z,2026-08-11T15:08:23.182423+00:00,9b4ff05e13f9,ok,,,cpu,cpu,1,1024,32,8,64,0,4.936573,,13275606.377136527,75.32612609863281,28.06417465209961,True,True,0.0,0.0
pilot-001-local-crossover,20260811T150801Z,2026-08-11T15:08:23.182423+00:00,9b4ff05e13f9,ok,,,cpu,cpu,1,1024,32,8,64,1,4.950067,,13239416.759409519,75.53202819824219,27.189390182495117,True,True,0.0,0.0
pilot-001-local-crossover,20260811T150801Z,2026-08-11T15:08:23.182423+00:00,9b4ff05e13f9,ok,,,cpu,cpu,1,1024,32,8,64,2,4.910611,,13345793.425706087,74.92997741699219,26.346160888671875,True,True,0.0,0.0
pilot-001-local-crossover,20260811T150801Z,2026-08-11T15:08:23.182423+00:00,9b4ff05e13f9,ok,,,cpu,cpu,1,1024,32,8,64,3,4.930594,,13291704.812848108,75.23489379882812,25.526033401489258,True,True,0.0,0.0
pilot-001-local-crossover,20260811T150801Z,2026-08-11T15:08:23.182423+00:00,9b4ff05e13f9,ok,,,cpu,cpu,1,1024,32,8,64,4,4.96205,,13207444.503783718,75.71487426757812,24.730674743652344,True,True,0.0,0.0
pilot-001-local-crossover,20260811T150801Z,2026-08-11T15:08:23.182423+00:00,9b4ff05e13f9,ok,,,cpu,cpu,1,1024,32,8,64,5,4.930834,,13291057.86161124,75.23855590820312,23.958662033081055,True,True,0.0,0.0
pilot-001-local-crossover,20260811T150801Z,2026-08-11T15:08:23.182423+00:00,9b4ff05e13f9,ok,,,cpu,cpu,1,1024,32,8,64,6,4.959077,,13215362.455553725,75.66950988769531,23.208831787109375,True,True,0.0,0.0
pilot-001-local-crossover,20260811T150801Z,2026-08-11T15:08:23.182423+00:00,9b4ff05e13f9,ok,,,cpu,cpu,1,1024,32,8,64,7,4.986723,,13142097.52576993,76.09135437011719,22.482173919677734,True,True,0.0,0.0
pilot-001-local-crossover,20260811T150801Z,2026-08-11T15:08:23.182423+00:00,9b4ff05e13f9,ok,,,cpu,cpu,1,1024,32,8,64,8,4.952809,,13232087.084319223,75.57386779785156,21.7779598236084,True,True,0.0,0.0
pilot-001-local-crossover,20260811T150801Z,2026-08-11T15:08:23.182423+00:00,9b4ff05e13f9,ok,,,cpu,cpu,1,1024,32,8,64,9,4.942099,,13260762.279347297,75.41044616699219,21.09539031982422,True,True,0.0,0.0
pilot-001-local-crossover,20260811T150801Z,2026-08-11T15:08:23.254951+00:00,fc5ed10f33c2,ok,,,cpu,cpu,1,65536,8,8,64,0,138.107712,,30369802.954957362,32.92744445800781,-2.941707134246826,True,True,0.0,0.0
pilot-001-local-crossover,20260811T150801Z,2026-08-11T15:08:23.254951+00:00,fc5ed10f33c2,ok,,,cpu,cpu,1,65536,8,8,64,1,128.60892,,32612854.536061727,30.662755966186527,-2.897563934326172,True,True,0.0,0.0
pilot-001-local-crossover,20260811T150801Z,2026-08-11T15:08:23.254951+00:00,fc5ed10f33c2,ok,,,cpu,cpu,1,65536,8,8,64,2,129.902672,,32288050.241183646,30.971210479736328,-2.858430862426758,True,True,0.0,0.0
pilot-001-local-crossover,20260811T150801Z,2026-08-11T15:08:23.254951+00:00,fc5ed10f33c2,ok,,,cpu,cpu,1,65536,8,8,64,3,127.384909,,32926223.623553403,30.37092900276184,-2.8209362030029297,True,True,0.0,0.0
pilot-001-local-crossover,20260811T150801Z,2026-08-11T15:08:23.254951+00:00,fc5ed10f33c2,ok,,,cpu,cpu,1,65536,8,8,64,4,125.175607,,33507358.98568481,29.8441903591156,-2.785040855407715,True,True,0.0,0.0
pilot-001-local-crossover,20260811T150801Z,2026-08-11T15:08:23.254951+00:00,fc5ed10f33c2,ok,,,cpu,cpu,1,65536,8,8,64,5,126.481696,,33161351.66308965,30.15558624267578,-2.7511813640594482,True,True,0.0,0.0
pilot-001-local-crossover,20260811T150801Z,2026-08-11T15:08:23.254951+00:00,fc5ed10f33c2,ok,,,cpu,cpu,1,65536,8,8,64,6,124.393096,,33718141.39910144,29.657625198364258,-2.7208735942840576,True,True,0.0,0.0
pilot-001-local-crossover,20260811T150801Z,2026-08-11T15:08:23.254951+00:00,fc5ed10f33c2,ok,,,cpu,cpu,1,65536,8,8,64,7,125.308094,,33471931.988687016,29.87577772140503,-2.6926259994506836,True,True,0.0,0.0
pilot-001-local-crossover,20260811T150801Z,2026-08-11T15:08:23.254951+00:00,fc5ed10f33c2,ok,,,cpu,cpu,1,65536,8,8,64,8,126.814081,,33074434.376100555,30.234833002090454,-2.6660513877868652,True,True,0.0,0.0
pilot-001-local-crossover,20260811T150801Z,2026-08-11T15:08:23.254951+00:00,fc5ed10f33c2,ok,,,cpu,cpu,1,65536,8,8,64,9,123.687349,,33910533.56637145,29.489362001419067,-2.638972043991089,True,True,0.0,0.0
pilot-001-local-crossover,20260811T150801Z,2026-08-11T15:08:24.568180+00:00,069695ee4154,ok,,,cpu,cpu,1,1048576,8,1,64,0,2913.626383,,23032762.33066702,43.41641639173031,-2.9257473945617676,True,True,0.0,0.0
pilot-001-local-crossover,20260811T150801Z,2026-08-11T15:08:24.568180+00:00,069695ee4154,ok,,,cpu,cpu,1,1048576,8,1,64,1,2945.298528,,22785080.480643217,43.888368129730225,-2.868828773498535,True,True,0.0,0.0
pilot-001-local-crossover,20260811T150801Z,2026-08-11T15:08:24.568180+00:00,069695ee4154,ok,,,cpu,cpu,1,1048576,8,1,64,2,2934.107785,,22871983.21175512,43.7216130644083,-2.813701629638672,True,True,0.0,0.0
pilot-001-local-crossover,20260811T150801Z,2026-08-11T15:08:24.568180+00:00,069695ee4154,ok,,,cpu,cpu,1,1048576,8,1,64,3,2938.40626,,22838524.71781761,43.78566533327103,-2.7603235244750977,True,True,0.0,0.0
pilot-001-local-crossover,20260811T150801Z,2026-08-11T15:08:24.568180+00:00,069695ee4154,ok,,,cpu,cpu,1,1048576,8,1,64,4,2980.623136,,22515044.988230273,44.414745807647705,-2.7086288928985596,True,True,0.0,0.0
pilot-001-local-crossover,20260811T150801Z,2026-08-11T15:08:24.568180+00:00,069695ee4154,ok,,,cpu,cpu,1,1048576,8,1,64,5,2952.863435,,22726707.644032985,44.00109402835369,-2.6585640907287598,True,True,0.0,0.0
pilot-001-local-crossover,20260811T150801Z,2026-08-11T15:08:24.568180+00:00,069695ee4154,ok,,,cpu,cpu,1,1048576,8,1,64,6,2972.358274,,22577649.73590798,44.2915897667408,-2.6100783348083496,True,True,0.0,0.0
pilot-001-local-crossover,20260811T150801Z,2026-08-11T15:08:24.568180+00:00,069695ee4154,ok,,,cpu,cpu,1,1048576,8,1,64,7,2975.928814,,22550560.915399637,44.34479495882988,-2.5631237030029297,True,True,0.0,0.0
pilot-001-local-crossover,20260811T150801Z,2026-08-11T15:08:24.568180+00:00,069695ee4154,ok,,,cpu,cpu,1,1048576,8,1,64,8,2985.977331,,22474672.966631442,44.494529530406,-2.517648935317993,True,True,0.0,0.0
pilot-001-local-crossover,20260811T150801Z,2026-08-11T15:08:24.568180+00:00,069695ee4154,ok,,,cpu,cpu,1,1048576,8,1,64,9,2995.046476,,22406618.57428886,44.629670321941376,-2.473616600036621,True,True,0.0,0.0
pilot-001-local-crossover,20260811T150801Z,2026-08-11T15:08:55.413024+00:00,08345b18751f,ok,,,eager-host-visible,cuda,,1048576,8,8,64,0,300.453749,300.3825378417969,223358384.52127287,4.477109745144844,-2.861100196838379,True,True,0.0,0.0
pilot-001-local-crossover,20260811T150801Z,2026-08-11T15:08:55.413024+00:00,08345b18751f,ok,,,eager-host-visible,cuda,,1048576,8,8,64,1,275.08916,275.03643798828125,243953138.6841997,4.099147915840149,-2.753695487976074,True,True,0.0,0.0
pilot-001-local-crossover,20260811T150801Z,2026-08-11T15:08:55.413024+00:00,08345b18751f,ok,,,eager-host-visible,cuda,,1048576,8,8,64,2,274.985096,274.9322204589844,244045459.10371813,4.097597241401672,-2.6501832008361816,True,True,0.0,0.0
pilot-001-local-crossover,20260811T150801Z,2026-08-11T15:08:55.413024+00:00,08345b18751f,ok,,,eager-host-visible,cuda,,1048576,8,8,64,3,275.045129,274.99102783203125,243992192.27765346,4.098491802811623,-2.5434727668762207,True,True,0.0,0.0
pilot-001-local-crossover,20260811T150801Z,2026-08-11T15:08:55.413024+00:00,08345b18751f,ok,,,eager-host-visible,cuda,,1048576,8,8,64,4,274.934388,274.87811279296875,244090470.05062166,4.096841633319855,-2.4421892166137695,True,True,0.0,0.0
pilot-001-local-crossover,20260811T150801Z,2026-08-11T15:08:55.413024+00:00,08345b18751f,ok,,,eager-host-visible,cuda,,1048576,8,8,64,5,274.435323,274.38385009765625,244534352.45287284,4.089404985308647,-2.341890335083008,True,True,0.0,0.0
pilot-001-local-crossover,20260811T150801Z,2026-08-11T15:08:55.413024+00:00,08345b18751f,ok,,,eager-host-visible,cuda,,1048576,8,8,64,6,274.073462,274.02166748046875,244857212.77166194,4.08401283621788,-2.2398195266723633,True,True,0.0,0.0
pilot-001-local-crossover,20260811T150801Z,2026-08-11T15:08:55.413024+00:00,08345b18751f,ok,,,eager-host-visible,cuda,,1048576,8,8,64,7,278.366842,278.3100891113281,241080667.21538624,4.147989183664322,-2.140958309173584,True,True,0.0,0.0
pilot-001-local-crossover,20260811T150801Z,2026-08-11T15:08:55.413024+00:00,08345b18751f,ok,,,eager-host-visible,cuda,,1048576,8,8,64,8,274.799746,274.74639892578125,244210065.6090126,4.094835311174393,-2.0471701622009277,True,True,0.0,0.0
pilot-001-local-crossover,20260811T150801Z,2026-08-11T15:08:55.413024+00:00,08345b18751f,ok,,,eager-host-visible,cuda,,1048576,8,8,64,9,276.103412,276.0500183105469,243056989.0965346,4.114261448383331,-1.9558019638061523,True,True,0.0,0.0
pilot-001-local-crossover,20260811T150801Z,2026-08-11T15:08:58.302371+00:00,71a74513b223,ok,,,graph-resident,cuda,,4096,8,8,64,0,1.922153,1.8996479511260986,136380402.60062546,7.332431793212891,-2.7588539123535156,True,True,0.0,0.0
pilot-001-local-crossover,20260811T150801Z,2026-08-11T15:08:58.302371+00:00,71a74513b223,ok,,,graph-resident,cuda,,4096,8,8,64,1,1.916009,1.8910720348358154,136817728.93551126,7.308994293212891,-2.704799175262451,True,True,0.0,0.0
pilot-001-local-crossover,20260811T150801Z,2026-08-11T15:08:58.302371+00:00,71a74513b223,ok,,,graph-resident,cuda,,4096,8,8,64,2,1.905953,1.8846399784088135,137539593.05397353,7.270633697509766,-2.6512222290039062,True,True,0.0,0.0
pilot-001-local-crossover,20260811T150801Z,2026-08-11T15:08:58.302371+00:00,71a74513b223,ok,,,graph-resident,cuda,,4096,8,8,64,3,1.902764,1.8865920305252075,137770107.0653008,7.2584686279296875,-2.593958854675293,True,True,0.0,0.0
pilot-001-local-crossover,20260811T150801Z,2026-08-11T15:08:58.302371+00:00,71a74513b223,ok,,,graph-resident,cuda,,4096,8,8,64,4,1.901116,1.8854399919509888,137889534.3577141,7.2521820068359375,-2.535679817199707,True,True,0.0,0.0
pilot-001-local-crossover,20260811T150801Z,2026-08-11T15:08:58.302371+00:00,71a74513b223,ok,,,graph-resident,cuda,,4096,8,8,64,5,1.902023,1.885856032371521,137823780.25922924,7.255641937255859,-2.4792346954345703,True,True,0.0,0.0
pilot-001-local-crossover,20260811T150801Z,2026-08-11T15:08:58.302371+00:00,71a74513b223,ok,,,graph-resident,cuda,,4096,8,8,64,6,1.901338,1.885599970817566,137873434.39199132,7.253028869628906,-2.425436496734619,True,True,0.0,0.0
pilot-001-local-crossover,20260811T150801Z,2026-08-11T15:08:58.302371+00:00,71a74513b223,ok,,,graph-resident,cuda,,4096,8,8,64,7,1.903429,1.8878400325775146,137721974.39463198,7.261005401611328,-2.3811416625976562,True,True,0.0,0.0
pilot-001-local-crossover,20260811T150801Z,2026-08-11T15:08:58.302371+00:00,71a74513b223,ok,,,graph-resident,cuda,,4096,8,8,64,8,1.903923,1.8877439498901367,137686240.46245566,7.262889862060547,-2.341799736022949,True,True,0.0,0.0
pilot-001-local-crossover,20260811T150801Z,2026-08-11T15:08:58.302371+00:00,71a74513b223,ok,,,graph-resident,cuda,,4096,8,8,64,9,1.902063,1.8855040073394775,137820881.8530196,7.255794525146484,-2.303708076477051,True,True,0.0,0.0
pilot-001-local-crossover,20260811T150801Z,2026-08-11T15:08:58.352892+00:00,62f202f4da5b,ok,,,eager-resident,cuda,,16384,32,8,64,0,8.967336,8.941727638244629,116932832.67182139,8.551918029785156,28.06304931640625,True,True,0.0,0.0
pilot-001-local-crossover,20260811T150801Z,2026-08-11T15:08:58.352892+00:00,62f202f4da5b,ok,,,eager-resident,cuda,,16384,32,8,64,1,8.960222,8.941280364990234,117025671.90857548,8.545133590698242,27.19525146484375,True,True,0.0,0.0
pilot-001-local-crossover,20260811T150801Z,2026-08-11T15:08:58.352892+00:00,62f202f4da5b,ok,,,eager-resident,cuda,,16384,32,8,64,2,8.991468,8.97372817993164,116618999.2557389,8.574932098388672,26.357505798339844,True,True,0.0,0.0
pilot-001-local-crossover,20260811T150801Z,2026-08-11T15:08:58.352892+00:00,62f202f4da5b,ok,,,eager-resident,cuda,,16384,32,8,64,3,9.045952,9.027999877929688,115916600.04386494,8.62689208984375,25.547863006591797,True,True,0.0,0.0
pilot-001-local-crossover,20260811T150801Z,2026-08-11T15:08:58.352892+00:00,62f202f4da5b,ok,,,eager-resident,cuda,,16384,32,8,64,4,8.962607,8.945055961608887,116994530.72080477,8.547408103942871,24.766387939453125,True,True,0.0,0.0
pilot-001-local-crossover,20260811T150801Z,2026-08-11T15:08:58.352892+00:00,62f202f4da5b,ok,,,eager-resident,cuda,,16384,32,8,64,5,9.074609,9.05673599243164,115550543.27960576,8.654221534729004,24.006155014038086,True,True,0.0,0.0
pilot-001-local-crossover,20260811T150801Z,2026-08-11T15:08:58.352892+00:00,62f202f4da5b,ok,,,eager-resident,cuda,,16384,32,8,64,6,8.988841,8.97100830078125,116653081.30380768,8.572426795959473,23.272523880004883,True,True,0.0,0.0
pilot-001-local-crossover,20260811T150801Z,2026-08-11T15:08:58.352892+00:00,62f202f4da5b,ok,,,eager-resident,cuda,,16384,32,8,64,7,9.066175,9.04742431640625,115658036.60308786,8.646178245544434,22.564271926879883,True,True,0.0,0.0
pilot-001-local-crossover,20260811T150801Z,2026-08-11T15:08:58.352892+00:00,62f202f4da5b,ok,,,eager-resident,cuda,,16384,32,8,64,8,9.028697,9.01148796081543,116138131.55984747,8.61043643951416,21.882457733154297,True,True,0.0,0.0
pilot-001-local-crossover,20260811T150801Z,2026-08-11T15:08:58.352892+00:00,62f202f4da5b,ok,,,eager-resident,cuda,,16384,32,8,64,9,8.983541,8.965855598449707,116721902.86658677,8.56737232208252,21.227901458740234,True,True,0.0,0.0
pilot-001-local-crossover,20260811T150801Z,2026-08-11T15:08:58.448778+00:00,3b3b2ec6b682,ok,,,cpu,cpu,8,16384,32,8,64,0,12.988682,,80729977.0677271,12.386972427368164,28.063045501708984,True,True,0.0,0.0
pilot-001-local-crossover,20260811T150801Z,2026-08-11T15:08:58.448778+00:00,3b3b2ec6b682,ok,,,cpu,cpu,8,16384,32,8,64,1,13.003981,,80634999.38980225,12.401562690734863,27.19525718688965,True,True,0.0,0.0
pilot-001-local-crossover,20260811T150801Z,2026-08-11T15:08:58.448778+00:00,3b3b2ec6b682,ok,,,cpu,cpu,8,16384,32,8,64,2,11.741661,,89303889.79889642,11.197720527648926,26.357507705688477,True,True,0.0,0.0
pilot-001-local-crossover,20260811T150801Z,2026-08-11T15:08:58.448778+00:00,3b3b2ec6b682,ok,,,cpu,cpu,8,16384,32,8,64,3,12.013248,,87284970.7256522,11.45672607421875,25.547866821289062,True,True,0.0,0.0
pilot-001-local-crossover,20260811T150801Z,2026-08-11T15:08:58.448778+00:00,3b3b2ec6b682,ok,,,cpu,cpu,8,16384,32,8,64,4,11.827413,,88656412.0150366,11.279500007629395,24.766389846801758,True,True,0.0,0.0
pilot-001-local-crossover,20260811T150801Z,2026-08-11T15:08:58.448778+00:00,3b3b2ec6b682,ok,,,cpu,cpu,8,16384,32,8,64,5,11.683938,,89745084.23444219,11.142671585083008,24.006155014038086,True,True,0.0,0.0
pilot-001-local-crossover,20260811T150801Z,2026-08-11T15:08:58.448778+00:00,3b3b2ec6b682,ok,,,cpu,cpu,8,16384,32,8,64,6,11.623236,,90213775.23436674,11.084781646728516,23.27252197265625,True,True,0.0,0.0
pilot-001-local-crossover,20260811T150801Z,2026-08-11T15:08:58.448778+00:00,3b3b2ec6b682,ok,,,cpu,cpu,8,16384,32,8,64,7,11.812129,,88771126.69528075,11.264924049377441,22.564273834228516,True,True,0.0,0.0
pilot-001-local-crossover,20260811T150801Z,2026-08-11T15:08:58.448778+00:00,3b3b2ec6b682,ok,,,cpu,cpu,8,16384,32,8,64,8,12.987674,,80736242.68671973,12.386011123657227,21.882461547851562,True,True,0.0,0.0
pilot-001-local-crossover,20260811T150801Z,2026-08-11T15:08:58.448778+00:00,3b3b2ec6b682,ok,,,cpu,cpu,8,16384,32,8,64,9,12.846347,,81624449.34735143,12.25123119354248,21.227901458740234,True,True,0.0,0.0
pilot-001-local-crossover,20260811T150801Z,2026-08-11T15:08:58.578224+00:00,69614f5cdf5d,ok,,,eager-host-visible,cuda,,256,32,8,64,0,8.297371,8.26364803314209,1974601.3526453138,506.43133544921875,27.978601455688477,True,True,0.0,0.0
pilot-001-local-crossover,20260811T150801Z,2026-08-11T15:08:58.578224+00:00,69614f5cdf5d,ok,,,eager-host-visible,cuda,,256,32,8,64,1,8.386973,8.360544204711914,1953505.7523137373,511.9002075195312,27.052200317382812,True,True,0.0,0.0
pilot-001-local-crossover,20260811T150801Z,2026-08-11T15:08:58.578224+00:00,69614f5cdf5d,ok,,,eager-host-visible,cuda,,256,32,8,64,2,8.00939,7.98367977142334,2045598.9781993385,488.8543701171875,26.158756256103516,True,True,0.0,0.0
pilot-001-local-crossover,20260811T150801Z,2026-08-11T15:08:58.578224+00:00,69614f5cdf5d,ok,,,eager-host-visible,cuda,,256,32,8,64,3,8.160397,8.135071754455566,2007745.4565016874,498.07110595703125,25.293296813964844,True,True,0.0,0.0
pilot-001-local-crossover,20260811T150801Z,2026-08-11T15:08:58.578224+00:00,69614f5cdf5d,ok,,,eager-host-visible,cuda,,256,32,8,64,4,8.02874,8.003264427185059,2040668.8969875718,490.03540039062506,24.456317901611328,True,True,0.0,0.0
pilot-001-local-crossover,20260811T150801Z,2026-08-11T15:08:58.578224+00:00,69614f5cdf5d,ok,,,eager-host-visible,cuda,,256,32,8,64,5,8.606882,8.581343650817871,1903592.9620041265,525.3223876953125,23.648353576660156,True,True,0.0,0.0
pilot-001-local-crossover,20260811T150801Z,2026-08-11T15:08:58.578224+00:00,69614f5cdf5d,ok,,,eager-host-visible,cuda,,256,32,8,64,6,8.075117,8.046976089477539,2028948.9303993986,492.8660278320313,22.86499786376953,True,True,0.0,0.0
pilot-001-local-crossover,20260811T150801Z,2026-08-11T15:08:58.578224+00:00,69614f5cdf5d,ok,,,eager-host-visible,cuda,,256,32,8,64,7,8.602333,8.575584411621094,1904599.601061712,525.0447387695312,22.10663604736328,True,True,0.0,0.0
pilot-001-local-crossover,20260811T150801Z,2026-08-11T15:08:58.578224+00:00,69614f5cdf5d,ok,,,eager-host-visible,cuda,,256,32,8,64,8,8.37572,8.349472045898438,1956130.3386455136,511.21337890624994,21.37319564819336,True,True,0.0,0.0
pilot-001-local-crossover,20260811T150801Z,2026-08-11T15:08:58.578224+00:00,69614f5cdf5d,ok,,,eager-host-visible,cuda,,256,32,8,64,9,8.335763,8.310303688049316,1965506.9367975073,508.77459716796875,20.662372589111328,True,True,0.0,0.0
pilot-001-local-crossover,20260811T150801Z,2026-08-11T15:08:58.664089+00:00,70a26be05f1b,ok,,,eager-host-visible,cuda,,4096,8,8,64,0,8.741212,8.713824272155762,29989433.959501263,33.34507751464844,-2.928821563720703,True,True,0.0,0.0
pilot-001-local-crossover,20260811T150801Z,2026-08-11T15:08:58.664089+00:00,70a26be05f1b,ok,,,eager-host-visible,cuda,,4096,8,8,64,1,8.629804,8.600095748901367,30376587.9271418,32.92008972167969,-2.8713760375976562,True,True,0.0,0.0
pilot-001-local-crossover,20260811T150801Z,2026-08-11T15:08:58.664089+00:00,70a26be05f1b,ok,,,eager-host-visible,cuda,,4096,8,8,64,2,8.599839,8.573856353759766,30482431.12458268,32.805782318115234,-2.814406394958496,True,True,0.0,0.0
pilot-001-local-crossover,20260811T150801Z,2026-08-11T15:08:58.664089+00:00,70a26be05f1b,ok,,,eager-host-visible,cuda,,4096,8,8,64,3,8.318023,8.292703628540039,31515180.951050505,31.73073959350586,-2.7588539123535156,True,True,0.0,0.0
pilot-001-local-crossover,20260811T150801Z,2026-08-11T15:08:58.664089+00:00,70a26be05f1b,ok,,,eager-host-visible,cuda,,4096,8,8,64,4,9.759643,9.728351593017578,26859998.874958847,37.23008346557617,-2.704799175262451,True,True,0.0,0.0
pilot-001-local-crossover,20260811T150801Z,2026-08-11T15:08:58.664089+00:00,70a26be05f1b,ok,,,eager-host-visible,cuda,,4096,8,8,64,5,8.511951,8.486368179321289,30797169.767542128,32.470516204833984,-2.6512222290039062,True,True,0.0,0.0
pilot-001-local-crossover,20260811T150801Z,2026-08-11T15:08:58.664089+00:00,70a26be05f1b,ok,,,eager-host-visible,cuda,,4096,8,8,64,6,8.546982,8.52070426940918,30670943.263949778,32.604148864746094,-2.593958854675293,True,True,0.0,0.0
pilot-001-local-crossover,20260811T150801Z,2026-08-11T15:08:58.664089+00:00,70a26be05f1b,ok,,,eager-host-visible,cuda,,4096,8,8,64,7,8.554772,8.527839660644531,30643014.214756396,32.63386535644531,-2.535679817199707,True,True,0.0,0.0
pilot-001-local-crossover,20260811T150801Z,2026-08-11T15:08:58.664089+00:00,70a26be05f1b,ok,,,eager-host-visible,cuda,,4096,8,8,64,8,8.559906,8.534303665161133,30624635.363986477,32.65345001220703,-2.4792346954345703,True,True,0.0,0.0
pilot-001-local-crossover,20260811T150801Z,2026-08-11T15:08:58.664089+00:00,70a26be05f1b,ok,,,eager-host-visible,cuda,,4096,8,8,64,9,8.454577,8.427583694458008,31006163.880227238,32.251651763916016,-2.425436496734619,True,True,0.0,0.0
pilot-001-local-crossover,20260811T150801Z,2026-08-11T15:08:58.756791+00:00,57d7ae45a8cf,ok,,,cpu,cpu,8,4096,32,8,64,0,5.541562,,47305073.912373446,21.139381408691406,28.0494384765625,True,True,0.0,0.0
pilot-001-local-crossover,20260811T150801Z,2026-08-11T15:08:58.756791+00:00,57d7ae45a8cf,ok,,,cpu,cpu,8,4096,32,8,64,1,5.831331,,44954402.348280355,22.244762420654297,27.170841217041016,True,True,0.0,0.0
pilot-001-local-crossover,20260811T150801Z,2026-08-11T15:08:58.756791+00:00,57d7ae45a8cf,ok,,,cpu,cpu,8,4096,32,8,64,2,7.957246,,32944061.299600393,30.35448455810547,26.31396484375,True,True,0.0,0.0
pilot-001-local-crossover,20260811T150801Z,2026-08-11T15:08:58.756791+00:00,57d7ae45a8cf,ok,,,cpu,cpu,8,4096,32,8,64,3,5.751565,,45577855.76621319,21.940479278564453,25.48153305053711,True,True,0.0,0.0
pilot-001-local-crossover,20260811T150801Z,2026-08-11T15:08:58.756791+00:00,57d7ae45a8cf,ok,,,cpu,cpu,8,4096,32,8,64,4,5.880351,,44579651.79289468,22.431758880615234,24.675325393676758,True,True,0.0,0.0
pilot-001-local-crossover,20260811T150801Z,2026-08-11T15:08:58.756791+00:00,57d7ae45a8cf,ok,,,cpu,cpu,8,4096,32,8,64,5,5.658804,,46324983.15898554,21.586624145507812,23.89447784423828,True,True,0.0,0.0
pilot-001-local-crossover,20260811T150801Z,2026-08-11T15:08:58.756791+00:00,57d7ae45a8cf,ok,,,cpu,cpu,8,4096,32,8,64,6,5.929773,,44208100.37753553,22.620288848876953,23.1442928314209,True,True,0.0,0.0
pilot-001-local-crossover,20260811T150801Z,2026-08-11T15:08:58.756791+00:00,57d7ae45a8cf,ok,,,cpu,cpu,8,4096,32,8,64,7,6.005294,,43652150.918839276,22.90837860107422,22.428966522216797,True,True,0.0,0.0
pilot-001-local-crossover,20260811T150801Z,2026-08-11T15:08:58.756791+00:00,57d7ae45a8cf,ok,,,cpu,cpu,8,4096,32,8,64,8,5.705035,,45949586.63706709,21.762981414794922,21.747852325439453,True,True,0.0,0.0
pilot-001-local-crossover,20260811T150801Z,2026-08-11T15:08:58.756791+00:00,57d7ae45a8cf,ok,,,cpu,cpu,8,4096,32,8,64,9,5.784841,,45315679.376494534,22.06741714477539,21.090051651000977,True,True,0.0,0.0
pilot-001-local-crossover,20260811T150801Z,2026-08-11T15:08:58.820470+00:00,a3b412162330,ok,,,cpu,cpu,1,256,8,1,64,0,2.608296,,6281495.658468211,159.19775390625,-2.878512382507324,True,True,0.0,0.0
pilot-001-local-crossover,20260811T150801Z,2026-08-11T15:08:58.820470+00:00,a3b412162330,ok,,,cpu,cpu,1,256,8,1,64,1,2.606361,,6286159.131448022,159.07965087890625,-2.785146713256836,True,True,0.0,0.0
pilot-001-local-crossover,20260811T150801Z,2026-08-11T15:08:58.820470+00:00,a3b412162330,ok,,,cpu,cpu,1,256,8,1,64,2,2.599699,,6302268.0702650575,158.67303466796875,-2.6947364807128906,True,True,0.0,0.0
pilot-001-local-crossover,20260811T150801Z,2026-08-11T15:08:58.820470+00:00,a3b412162330,ok,,,cpu,cpu,1,256,8,1,64,3,2.635882,,6215756.244020028,160.8814697265625,-2.607166290283203,True,True,0.0,0.0
pilot-001-local-crossover,20260811T150801Z,2026-08-11T15:08:58.820470+00:00,a3b412162330,ok,,,cpu,cpu,1,256,8,1,64,4,2.752551,,5952296.61503093,168.00238037109375,-2.522347927093506,True,True,0.0,0.0
pilot-001-local-crossover,20260811T150801Z,2026-08-11T15:08:58.820470+00:00,a3b412162330,ok,,,cpu,cpu,1,256,8,1,64,5,2.64853,,6186073.029189777,161.6534423828125,-2.4401917457580566,True,True,0.0,0.0
pilot-001-local-crossover,20260811T150801Z,2026-08-11T15:08:58.820470+00:00,a3b412162330,ok,,,cpu,cpu,1,256,8,1,64,6,2.675678,,6123307.812076042,163.3104248046875,-2.3606297969818115,True,True,0.0,0.0
pilot-001-local-crossover,20260811T150801Z,2026-08-11T15:08:58.820470+00:00,a3b412162330,ok,,,cpu,cpu,1,256,8,1,64,7,2.689262,,6092377.760143861,164.1395263671875,-2.2835640907287598,True,True,0.0,0.0
pilot-001-local-crossover,20260811T150801Z,2026-08-11T15:08:58.820470+00:00,a3b412162330,ok,,,cpu,cpu,1,256,8,1,64,8,2.560718,,6398205.503300246,156.2938232421875,-2.2089221477508545,True,True,0.0,0.0
pilot-001-local-crossover,20260811T150801Z,2026-08-11T15:08:58.820470+00:00,a3b412162330,ok,,,cpu,cpu,1,256,8,1,64,9,2.580669,,6348741.353501747,157.51153564453125,-2.1366379261016846,True,True,0.0,0.0
pilot-001-local-crossover,20260811T150801Z,2026-08-11T15:08:59.181924+00:00,5c431cd890fa,ok,,,graph-resident,cuda,,262144,32,1,64,0,118.81254,118.76182556152344,141207451.67134714,7.08177924156189,25.54864501953125,True,True,0.0,0.0
pilot-001-local-crossover,20260811T150801Z,2026-08-11T15:08:59.181924+00:00,5c431cd890fa,ok,,,graph-resident,cuda,,262144,32,1,64,1,118.74324,118.71078491210938,141289862.05867383,7.077648639678955,24.76149559020996,True,True,0.0,0.0
pilot-001-local-crossover,20260811T150801Z,2026-08-11T15:08:59.181924+00:00,5c431cd890fa,ok,,,graph-resident,cuda,,262144,32,1,64,2,118.649345,118.62210845947266,141401673.98311386,7.07205206155777,23.999135971069336,True,True,0.0,0.0
pilot-001-local-crossover,20260811T150801Z,2026-08-11T15:08:59.181924+00:00,5c431cd890fa,ok,,,graph-resident,cuda,,262144,32,1,64,3,118.604026,118.5785903930664,141455704.04161492,7.069350838661194,23.260784149169922,True,True,0.0,0.0
pilot-001-local-crossover,20260811T150801Z,2026-08-11T15:08:59.181924+00:00,5c431cd890fa,ok,,,graph-resident,cuda,,262144,32,1,64,4,118.641794,118.58822631835938,141410673.54392835,7.071601986885071,22.54568862915039,True,True,0.0,0.0
pilot-001-local-crossover,20260811T150801Z,2026-08-11T15:08:59.181924+00:00,5c431cd890fa,ok,,,graph-resident,cuda,,262144,32,1,64,5,118.636751,118.60157012939453,141416684.61571407,7.0713014006614685,21.853111267089844,True,True,0.0,0.0
pilot-001-local-crossover,20260811T150801Z,2026-08-11T15:08:59.181924+00:00,5c431cd890fa,ok,,,graph-resident,cuda,,262144,32,1,64,6,118.57781,118.54662322998047,141486978.04420573,7.067788243293762,21.182350158691406,True,True,0.0,0.0
pilot-001-local-crossover,20260811T150801Z,2026-08-11T15:08:59.181924+00:00,5c431cd890fa,ok,,,graph-resident,cuda,,262144,32,1,64,7,118.602077,118.57350158691406,141458028.5975936,7.069234669208527,20.532726287841797,True,True,0.0,0.0
pilot-001-local-crossover,20260811T150801Z,2026-08-11T15:08:59.181924+00:00,5c431cd890fa,ok,,,graph-resident,cuda,,262144,32,1,64,8,118.633647,118.60089874267578,141420384.72441128,7.071116387844086,19.903566360473633,True,True,0.0,0.0
pilot-001-local-crossover,20260811T150801Z,2026-08-11T15:08:59.181924+00:00,5c431cd890fa,ok,,,graph-resident,cuda,,262144,32,1,64,9,118.581897,118.54589080810547,141482101.60611618,7.068031847476959,19.294214248657227,True,True,0.0,0.0
pilot-001-local-crossover,20260811T150801Z,2026-08-11T15:09:00.808407+00:00,15ead7059037,ok,,,cpu,cpu,1,16384,8,8,64,0,33.185586,,31597332.649180878,31.64824104309082,-2.874419689178467,True,True,0.0,0.0
pilot-001-local-crossover,20260811T150801Z,2026-08-11T15:09:00.808407+00:00,15ead7059037,ok,,,cpu,cpu,1,16384,8,8,64,1,33.222166,,31562541.707846496,31.68312644958496,-2.7745680809020996,True,True,0.0,0.0
pilot-001-local-crossover,20260811T150801Z,2026-08-11T15:09:00.808407+00:00,15ead7059037,ok,,,cpu,cpu,1,16384,8,8,64,2,33.465743,,31332816.96450008,31.91541957855225,-2.677408218383789,True,True,0.0,0.0
pilot-001-local-crossover,20260811T150801Z,2026-08-11T15:09:00.808407+00:00,15ead7059037,ok,,,cpu,cpu,1,16384,8,8,64,3,32.562279,,32202168.650419094,31.053809165954586,-2.586419105529785,True,True,0.0,0.0
pilot-001-local-crossover,20260811T150801Z,2026-08-11T15:09:00.808407+00:00,15ead7059037,ok,,,cpu,cpu,1,16384,8,8,64,4,32.634106,,32131292.335693214,31.122308731079105,-2.5009725093841553,True,True,0.0,0.0
pilot-001-local-crossover,20260811T150801Z,2026-08-11T15:09:00.808407+00:00,15ead7059037,ok,,,cpu,cpu,1,16384,8,8,64,5,32.60571,,32159275.16990122,31.095228195190433,-2.415787935256958,True,True,0.0,0.0
pilot-001-local-crossover,20260811T150801Z,2026-08-11T15:09:00.808407+00:00,15ead7059037,ok,,,cpu,cpu,1,16384,8,8,64,6,32.888569,,31882688.480608568,31.36498355865478,-2.3315577507019043,True,True,0.0,0.0
pilot-001-local-crossover,20260811T150801Z,2026-08-11T15:09:00.808407+00:00,15ead7059037,ok,,,cpu,cpu,1,16384,8,8,64,7,33.573166,,31232562.33862484,32.017866134643555,-2.254214286804199,True,True,0.0,0.0
pilot-001-local-crossover,20260811T150801Z,2026-08-11T15:09:00.808407+00:00,15ead7059037,ok,,,cpu,cpu,1,16384,8,8,64,8,33.353559,,31438204.240812805,31.808432579040524,-2.177088499069214,True,True,0.0,0.0
pilot-001-local-crossover,20260811T150801Z,2026-08-11T15:09:00.808407+00:00,15ead7059037,ok,,,cpu,cpu,1,16384,8,8,64,9,32.469991,,32293695.430959616,30.96579647064209,-2.1020140647888184,True,True,0.0,0.0
pilot-001-local-crossover,20260811T150801Z,2026-08-11T15:09:01.147959+00:00,6adfa836bbf6,ok,,,cpu,cpu,8,256,32,8,64,0,2.83473,,5779739.163870986,173.0181884765625,27.97860336303711,True,True,0.0,0.0
pilot-001-local-crossover,20260811T150801Z,2026-08-11T15:09:01.147959+00:00,6adfa836bbf6,ok,,,cpu,cpu,8,256,32,8,64,1,2.858554,,5731569.177982994,174.4722900390625,27.052200317382812,True,True,0.0,0.0
pilot-001-local-crossover,20260811T150801Z,2026-08-11T15:09:01.147959+00:00,6adfa836bbf6,ok,,,cpu,cpu,8,256,32,8,64,2,3.027523,,5411684.733691536,184.78533935546875,26.158754348754883,True,True,0.0,0.0
pilot-001-local-crossover,20260811T150801Z,2026-08-11T15:09:01.147959+00:00,6adfa836bbf6,ok,,,cpu,cpu,8,256,32,8,64,3,2.844617,,5759650.596196255,173.62164306640625,25.29330062866211,True,True,0.0,0.0
pilot-001-local-crossover,20260811T150801Z,2026-08-11T15:09:01.147959+00:00,6adfa836bbf6,ok,,,cpu,cpu,8,256,32,8,64,4,2.838933,,5771182.342098246,173.27471923828125,24.456315994262695,True,True,0.0,0.0
pilot-001-local-crossover,20260811T150801Z,2026-08-11T15:09:01.147959+00:00,6adfa836bbf6,ok,,,cpu,cpu,8,256,32,8,64,5,2.82874,,5791978.053833156,172.652587890625,23.64834976196289,True,True,0.0,0.0
pilot-001-local-crossover,20260811T150801Z,2026-08-11T15:09:01.147959+00:00,6adfa836bbf6,ok,,,cpu,cpu,8,256,32,8,64,6,2.830893,,5787573.03790712,172.78399658203125,22.864999771118164,True,True,0.0,0.0
pilot-001-local-crossover,20260811T150801Z,2026-08-11T15:09:01.147959+00:00,6adfa836bbf6,ok,,,cpu,cpu,8,256,32,8,64,7,2.819278,,5811416.965620276,172.0750732421875,22.106639862060547,True,True,0.0,0.0
pilot-001-local-crossover,20260811T150801Z,2026-08-11T15:09:01.147959+00:00,6adfa836bbf6,ok,,,cpu,cpu,8,256,32,8,64,8,2.821257,,5807340.486882266,172.19586181640625,21.373199462890625,True,True,0.0,0.0
pilot-001-local-crossover,20260811T150801Z,2026-08-11T15:09:01.147959+00:00,6adfa836bbf6,ok,,,cpu,cpu,8,256,32,8,64,9,2.864008,,5720654.411579856,174.80517578125,20.662376403808594,True,True,0.0,0.0
pilot-001-local-crossover,20260811T150801Z,2026-08-11T15:09:01.180568+00:00,3b0da1b24e32,ok,,,graph-resident,cuda,,1024,32,1,64,0,1.565164,1.5416640043258667,41871650.5107452,23.88250732421875,25.59738540649414,True,True,0.0,0.0
pilot-001-local-crossover,20260811T150801Z,2026-08-11T15:09:01.180568+00:00,3b0da1b24e32,ok,,,graph-resident,cuda,,1024,32,1,64,1,1.563226,1.545151948928833,41923560.63678572,23.852935791015625,24.820770263671875,True,True,0.0,0.0
pilot-001-local-crossover,20260811T150801Z,2026-08-11T15:09:01.180568+00:00,3b0da1b24e32,ok,,,graph-resident,cuda,,1024,32,1,64,2,1.559474,1.5429760217666626,42024426.18472639,23.795684814453125,24.06862449645996,True,True,0.0,0.0
pilot-001-local-crossover,20260811T150801Z,2026-08-11T15:09:01.180568+00:00,3b0da1b24e32,ok,,,graph-resident,cuda,,1024,32,1,64,3,1.558291,1.5424000024795532,42056329.6585811,23.777633666992188,23.3402156829834,True,True,0.0,0.0
pilot-001-local-crossover,20260811T150801Z,2026-08-11T15:09:01.180568+00:00,3b0da1b24e32,ok,,,graph-resident,cuda,,1024,32,1,64,4,1.557748,1.541759967803955,42070989.65943144,23.76934814453125,22.634748458862305,True,True,0.0,0.0
pilot-001-local-crossover,20260811T150801Z,2026-08-11T15:09:01.180568+00:00,3b0da1b24e32,ok,,,graph-resident,cuda,,1024,32,1,64,5,1.559554,1.542207956314087,42022270.469634265,23.796905517578125,21.951505661010742,True,True,0.0,0.0
pilot-001-local-crossover,20260811T150801Z,2026-08-11T15:09:01.180568+00:00,3b0da1b24e32,ok,,,graph-resident,cuda,,1024,32,1,64,6,1.559675,1.543552041053772,42019010.370750315,23.798751831054688,21.289794921875,True,True,0.0,0.0
pilot-001-local-crossover,20260811T150801Z,2026-08-11T15:09:01.180568+00:00,3b0da1b24e32,ok,,,graph-resident,cuda,,1024,32,1,64,7,1.557981,1.542207956314087,42064697.836494796,23.772903442382812,20.648923873901367,True,True,0.0,0.0
pilot-001-local-crossover,20260811T150801Z,2026-08-11T15:09:01.180568+00:00,3b0da1b24e32,ok,,,graph-resident,cuda,,1024,32,1,64,8,1.557199,1.5415359735488892,42085822.04329697,23.760971069335938,20.028247833251953,True,True,0.0,0.0
pilot-001-local-crossover,20260811T150801Z,2026-08-11T15:09:01.180568+00:00,3b0da1b24e32,ok,,,graph-resident,cuda,,1024,32,1,64,9,1.557302,1.5415680408477783,42083038.48579145,23.762542724609375,19.427112579345703,True,True,0.0,0.0
pilot-001-local-crossover,20260811T150801Z,2026-08-11T15:09:01.212274+00:00,5403cf7c71df,ok,,,cpu,cpu,1,1024,8,8,64,0,4.19681,,15615669.99697389,64.03823852539062,-2.9453015327453613,True,True,0.0,0.0
pilot-001-local-crossover,20260811T150801Z,2026-08-11T15:09:01.212274+00:00,5403cf7c71df,ok,,,cpu,cpu,1,1024,8,8,64,1,4.122091,,15898727.126596669,62.89811706542969,-2.9096508026123047,True,True,0.0,0.0
pilot-001-local-crossover,20260811T150801Z,2026-08-11T15:09:01.212274+00:00,5403cf7c71df,ok,,,cpu,cpu,1,1024,8,8,64,2,4.128317,,15874749.928360635,62.99311828613281,-2.8775668144226074,True,True,0.0,0.0
pilot-001-local-crossover,20260811T150801Z,2026-08-11T15:09:01.212274+00:00,5403cf7c71df,ok,,,cpu,cpu,1,1024,8,8,64,3,4.088987,,16027441.515465809,62.392990112304695,-2.8464837074279785,True,True,0.0,0.0
pilot-001-local-crossover,20260811T150801Z,2026-08-11T15:09:01.212274+00:00,5403cf7c71df,ok,,,cpu,cpu,1,1024,8,8,64,4,4.096356,,15998609.495854365,62.50543212890625,-2.8190078735351562,True,True,0.0,0.0
pilot-001-local-crossover,20260811T150801Z,2026-08-11T15:09:01.212274+00:00,5403cf7c71df,ok,,,cpu,cpu,1,1024,8,8,64,5,4.104303,,15967632.01937089,62.62669372558594,-2.795393228530884,True,True,0.0,0.0
pilot-001-local-crossover,20260811T150801Z,2026-08-11T15:09:01.212274+00:00,5403cf7c71df,ok,,,cpu,cpu,1,1024,8,8,64,6,4.106469,,15959209.724948613,62.659744262695305,-2.7694053649902344,True,True,0.0,0.0
pilot-001-local-crossover,20260811T150801Z,2026-08-11T15:09:01.212274+00:00,5403cf7c71df,ok,,,cpu,cpu,1,1024,8,8,64,7,4.069174,,16105479.883632403,62.09066772460938,-2.739619493484497,True,True,0.0,0.0
pilot-001-local-crossover,20260811T150801Z,2026-08-11T15:09:01.212274+00:00,5403cf7c71df,ok,,,cpu,cpu,1,1024,8,8,64,8,4.073779,,16087274.24830851,62.16093444824219,-2.7114450931549072,True,True,0.0,0.0
pilot-001-local-crossover,20260811T150801Z,2026-08-11T15:09:01.212274+00:00,5403cf7c71df,ok,,,cpu,cpu,1,1024,8,8,64,9,4.143439,,15816813.038637713,63.22386169433594,-2.6862220764160156,True,True,0.0,0.0
pilot-001-local-crossover,20260811T150801Z,2026-08-11T15:09:01.255058+00:00,a10ba6503b4f,ok,,,cpu,cpu,1,1024,32,1,64,0,4.05055,,16179531.174778733,61.80648803710938,28.082107543945312,True,True,0.0,0.0
pilot-001-local-crossover,20260811T150801Z,2026-08-11T15:09:01.255058+00:00,a10ba6503b4f,ok,,,cpu,cpu,1,1024,32,1,64,1,3.999169,,16387404.4832814,61.02247619628906,27.227201461791992,True,True,0.0,0.0
pilot-001-local-crossover,20260811T150801Z,2026-08-11T15:09:01.255058+00:00,a10ba6503b4f,ok,,,cpu,cpu,1,1024,32,1,64,2,4.013283,,16329772.906620339,61.237838745117195,26.399250030517578,True,True,0.0,0.0
pilot-001-local-crossover,20260811T150801Z,2026-08-11T15:09:01.255058+00:00,a10ba6503b4f,ok,,,cpu,cpu,1,1024,32,1,64,3,4.009439,,16345428.874214074,61.179183959960945,25.59737777709961,True,True,0.0,0.0
pilot-001-local-crossover,20260811T150801Z,2026-08-11T15:09:01.255058+00:00,a10ba6503b4f,ok,,,cpu,cpu,1,1024,32,1,64,4,4.001704,,16377023.388036696,61.0611572265625,24.82077407836914,True,True,0.0,0.0
pilot-001-local-crossover,20260811T150801Z,2026-08-11T15:09:01.255058+00:00,a10ba6503b4f,ok,,,cpu,cpu,1,1024,32,1,64,5,4.136425,,15843633.08895967,63.11683654785156,24.068626403808594,True,True,0.0,0.0
pilot-001-local-crossover,20260811T150801Z,2026-08-11T15:09:01.255058+00:00,a10ba6503b4f,ok,,,cpu,cpu,1,1024,32,1,64,6,4.045763,,16198675.008892018,61.73344421386719,23.3402099609375,True,True,0.0,0.0
pilot-001-local-crossover,20260811T150801Z,2026-08-11T15:09:01.255058+00:00,a10ba6503b4f,ok,,,cpu,cpu,1,1024,32,1,64,7,4.120482,,15904935.393480666,62.873565673828125,22.634750366210938,True,True,0.0,0.0
pilot-001-local-crossover,20260811T150801Z,2026-08-11T15:09:01.255058+00:00,a10ba6503b4f,ok,,,cpu,cpu,1,1024,32,1,64,8,4.182447,,15669295.988687962,63.81907653808594,21.95151138305664,True,True,0.0,0.0
pilot-001-local-crossover,20260811T150801Z,2026-08-11T15:09:01.255058+00:00,a10ba6503b4f,ok,,,cpu,cpu,1,1024,32,1,64,9,4.086903,,16035614.253629215,62.361190795898445,21.289798736572266,True,True,0.0,0.0
pilot-001-local-crossover,20260811T150801Z,2026-08-11T15:09:01.297378+00:00,cca23375afd4,ok,,,cpu,cpu,8,1048576,8,8,64,0,1269.84048,,52848263.27161975,18.92209768295288,-2.861100196838379,True,True,0.0,0.0
pilot-001-local-crossover,20260811T150801Z,2026-08-11T15:09:01.297378+00:00,cca23375afd4,ok,,,cpu,cpu,8,1048576,8,8,64,1,1313.326642,,51098380.13931038,19.570091992616653,-2.753696918487549,True,True,0.0,0.0
pilot-001-local-crossover,20260811T150801Z,2026-08-11T15:09:01.297378+00:00,cca23375afd4,ok,,,cpu,cpu,8,1048576,8,8,64,2,1457.647117,,46039170.39819453,21.720634654164314,-2.6501808166503906,True,True,0.0,0.0
pilot-001-local-crossover,20260811T150801Z,2026-08-11T15:09:01.297378+00:00,cca23375afd4,ok,,,cpu,cpu,8,1048576,8,8,64,3,1700.318114,,39468416.79062416,25.336714297533035,-2.5434727668762207,True,True,0.0,0.0
pilot-001-local-crossover,20260811T150801Z,2026-08-11T15:09:01.297378+00:00,cca23375afd4,ok,,,cpu,cpu,8,1048576,8,8,64,4,1489.212595,,45063320.19035872,22.190996930003166,-2.4421887397766113,True,True,0.0,0.0
pilot-001-local-crossover,20260811T150801Z,2026-08-11T15:09:01.297378+00:00,cca23375afd4,ok,,,cpu,cpu,8,1048576,8,8,64,5,2478.469546,,27076735.362073317,36.93207421898842,-2.3418922424316406,True,True,0.0,0.0
pilot-001-local-crossover,20260811T150801Z,2026-08-11T15:09:01.297378+00:00,cca23375afd4,ok,,,cpu,cpu,8,1048576,8,8,64,6,3893.749927,,17235021.575128496,58.021395310759544,-2.239820718765259,True,True,0.0,0.0
pilot-001-local-crossover,20260811T150801Z,2026-08-11T15:09:01.297378+00:00,cca23375afd4,ok,,,cpu,cpu,8,1048576,8,8,64,7,1625.221586,,41292131.841030076,24.21768882870674,-2.1409566402435303,True,True,0.0,0.0
pilot-001-local-crossover,20260811T150801Z,2026-08-11T15:09:01.297378+00:00,cca23375afd4,ok,,,cpu,cpu,8,1048576,8,8,64,8,2490.316828,,26947922.146073215,37.10861247777939,-2.0471718311309814,True,True,0.0,0.0
pilot-001-local-crossover,20260811T150801Z,2026-08-11T15:09:01.297378+00:00,cca23375afd4,ok,,,cpu,cpu,8,1048576,8,8,64,9,4021.076897,,16689276.459763264,59.91871501505375,-1.9558014869689941,True,True,0.0,0.0
pilot-001-local-crossover,20260811T150801Z,2026-08-11T15:09:23.448984+00:00,34e1cb6aad6c,ok,,,eager-host-visible,cuda,,262144,8,8,64,0,83.63493,83.58406066894531,200600586.3817905,4.985030293464661,-2.834669589996338,True,True,0.0,0.0
pilot-001-local-crossover,20260811T150801Z,2026-08-11T15:09:23.448984+00:00,34e1cb6aad6c,ok,,,eager-host-visible,cuda,,262144,8,8,64,1,77.758978,77.7174072265625,215759214.32506484,4.6347962617874146,-2.7074432373046875,True,True,0.0,0.0
pilot-001-local-crossover,20260811T150801Z,2026-08-11T15:09:23.448984+00:00,34e1cb6aad6c,ok,,,eager-host-visible,cuda,,262144,8,8,64,2,73.333838,73.29388427734375,228778643.7687879,4.3710373640060425,-2.5869674682617188,True,True,0.0,0.0
pilot-001-local-crossover,20260811T150801Z,2026-08-11T15:09:23.448984+00:00,34e1cb6aad6c,ok,,,eager-host-visible,cuda,,262144,8,8,64,3,73.177564,73.13638305664062,229267210.91726968,4.361722707748413,-2.4723715782165527,True,True,0.0,0.0
pilot-001-local-crossover,20260811T150801Z,2026-08-11T15:09:23.448984+00:00,34e1cb6aad6c,ok,,,eager-host-visible,cuda,,262144,8,8,64,4,73.090659,73.04911804199219,229539810.27862945,4.356542766094208,-2.3616600036621094,True,True,0.0,0.0
pilot-001-local-crossover,20260811T150801Z,2026-08-11T15:09:23.448984+00:00,34e1cb6aad6c,ok,,,eager-host-visible,cuda,,262144,8,8,64,5,72.913066,72.8755874633789,230098896.12926167,4.345957398414612,-2.25516414642334,True,True,0.0,0.0
pilot-001-local-crossover,20260811T150801Z,2026-08-11T15:09:23.448984+00:00,34e1cb6aad6c,ok,,,eager-host-visible,cuda,,262144,8,8,64,6,72.923489,72.88201904296875,230066007.94978416,4.346578657627106,-2.1537108421325684,True,True,0.0,0.0
pilot-001-local-crossover,20260811T150801Z,2026-08-11T15:09:23.448984+00:00,34e1cb6aad6c,ok,,,eager-host-visible,cuda,,262144,8,8,64,7,72.857995,72.81878662109375,230272820.43652174,4.342674911022186,-2.0598883628845215,True,True,0.0,0.0
pilot-001-local-crossover,20260811T150801Z,2026-08-11T15:09:23.448984+00:00,34e1cb6aad6c,ok,,,eager-host-visible,cuda,,262144,8,8,64,8,72.820481,72.77961730957031,230391447.15344572,4.340438902378082,-1.9729523658752441,True,True,0.0,0.0
pilot-001-local-crossover,20260811T150801Z,2026-08-11T15:09:23.448984+00:00,34e1cb6aad6c,ok,,,eager-host-visible,cuda,,262144,8,8,64,9,72.774902,72.7372817993164,230535741.56650874,4.337722182273865,-1.891500473022461,True,True,0.0,0.0
pilot-001-local-crossover,20260811T150801Z,2026-08-11T15:09:25.100904+00:00,289d3b7e3ef3,ok,,,eager-host-visible,cuda,,1048576,32,8,64,0,525.238654,525.1592407226562,127768326.81472829,7.826665848493576,28.092552185058594,False,True,3.457069396972656e-05,0.001776247750967741
pilot-001-local-crossover,20260811T150801Z,2026-08-11T15:09:25.100904+00:00,289d3b7e3ef3,ok,,,eager-host-visible,cuda,,1048576,32,8,64,1,522.140797,522.077392578125,128526375.23361346,7.780504181981087,27.24559783935547,False,True,3.457069396972656e-05,0.001776247750967741
pilot-001-local-crossover,20260811T150801Z,2026-08-11T15:09:25.100904+00:00,289d3b7e3ef3,ok,,,eager-host-visible,cuda,,1048576,32,8,64,2,522.43538,522.36865234375,128453903.71532647,7.784893810749054,26.42505645751953,False,True,3.457069396972656e-05,0.001776247750967741
pilot-001-local-crossover,20260811T150801Z,2026-08-11T15:09:25.100904+00:00,289d3b7e3ef3,ok,,,eager-host-visible,cuda,,1048576,32,8,64,3,521.738055,521.6751098632812,128625587.7961595,7.774502858519555,25.628196716308594,False,True,3.457069396972656e-05,0.001776247750967741
pilot-001-local-crossover,20260811T150801Z,2026-08-11T15:09:25.100904+00:00,289d3b7e3ef3,ok,,,eager-host-visible,cuda,,1048576,32,8,64,4,521.578153,521.5156860351562,128665020.98296283,7.772120133042336,24.856403350830078,False,True,3.457069396972656e-05,0.001776247750967741
pilot-001-local-crossover,20260811T150801Z,2026-08-11T15:09:25.100904+00:00,289d3b7e3ef3,ok,,,eager-host-visible,cuda,,1048576,32,8,64,5,524.701864,524.6390991210938,127899038.68151687,7.818667054176331,24.10675048828125,False,True,3.457069396972656e-05,0.001776247750967741
pilot-001-local-crossover,20260811T150801Z,2026-08-11T15:09:25.100904+00:00,289d3b7e3ef3,ok,,,eager-host-visible,cuda,,1048576,32,8,64,6,526.770709,526.7067260742188,127396726.60880618,7.849495247006416,23.379833221435547,False,True,3.457069396972656e-05,0.001776247750967741
pilot-001-local-crossover,20260811T150801Z,2026-08-11T15:09:25.100904+00:00,289d3b7e3ef3,ok,,,eager-host-visible,cuda,,1048576,32,8,64,7,522.106988,522.0433959960938,128534697.94968536,7.780000388622284,22.672447204589844,False,True,3.457069396972656e-05,0.001776247750967741
pilot-001-local-crossover,20260811T150801Z,2026-08-11T15:09:25.100904+00:00,289d3b7e3ef3,ok,,,eager-host-visible,cuda,,1048576,32,8,64,8,522.090069,522.0274658203125,128538863.28184496,7.779748275876045,21.985862731933594,False,True,3.457069396972656e-05,0.001776247750967741
pilot-001-local-crossover,20260811T150801Z,2026-08-11T15:09:25.100904+00:00,289d3b7e3ef3,ok,,,eager-host-visible,cuda,,1048576,32,8,64,9,521.388223,521.32568359375,128711890.75553784,7.769289955496789,21.320444107055664,False,True,3.457069396972656e-05,0.001776247750967741
pilot-001-local-crossover,20260811T150801Z,2026-08-11T15:09:30.609898+00:00,be04753eae6a,ok,,,eager-host-visible,cuda,,1024,8,1,64,0,8.60154,8.570176124572754,7619100.765676844,131.24908447265625,-3.033872604370117,True,True,0.0,0.0
pilot-001-local-crossover,20260811T150801Z,2026-08-11T15:09:30.609898+00:00,be04753eae6a,ok,,,eager-host-visible,cuda,,1024,8,1,64,1,8.514118,8.487775802612305,7697332.830012457,129.91513061523438,-3.060403347015381,True,True,0.0,0.0
pilot-001-local-crossover,20260811T150801Z,2026-08-11T15:09:30.609898+00:00,be04753eae6a,ok,,,eager-host-visible,cuda,,1024,8,1,64,2,8.651903,8.625184059143066,7574749.740028291,132.01756286621094,-3.086113929748535,True,True,0.0,0.0
pilot-001-local-crossover,20260811T150801Z,2026-08-11T15:09:30.609898+00:00,be04753eae6a,ok,,,eager-host-visible,cuda,,1024,8,1,64,3,8.812913,8.785311698913574,7436360.712967438,134.47438049316406,-3.111006259918213,True,True,0.0,0.0
pilot-001-local-crossover,20260811T150801Z,2026-08-11T15:09:30.609898+00:00,be04753eae6a,ok,,,eager-host-visible,cuda,,1024,8,1,64,4,8.667416,8.640928268432617,7561192.401518515,132.2542724609375,-3.1351170539855957,True,True,0.0,0.0
pilot-001-local-crossover,20260811T150801Z,2026-08-11T15:09:30.609898+00:00,be04753eae6a,ok,,,eager-host-visible,cuda,,1024,8,1,64,5,8.918901,8.892064094543457,7347990.520356712,136.0916290283203,-3.1584854125976562,True,True,0.0,0.0
pilot-001-local-crossover,20260811T150801Z,2026-08-11T15:09:30.609898+00:00,be04753eae6a,ok,,,eager-host-visible,cuda,,1024,8,1,64,6,8.443145,8.416128158569336,7762036.539701736,128.83216857910156,-3.1811132431030273,True,True,0.0,0.0
pilot-001-local-crossover,20260811T150801Z,2026-08-11T15:09:30.609898+00:00,be04753eae6a,ok,,,eager-host-visible,cuda,,1024,8,1,64,7,8.240815,8.21497631072998,7952611.483208882,125.74485778808594,-3.2030210494995117,True,True,0.0,0.0
pilot-001-local-crossover,20260811T150801Z,2026-08-11T15:09:30.609898+00:00,be04753eae6a,ok,,,eager-host-visible,cuda,,1024,8,1,64,8,8.993436,8.965632438659668,7287092.497239097,137.22894287109375,-3.224240779876709,True,True,0.0,0.0
pilot-001-local-crossover,20260811T150801Z,2026-08-11T15:09:30.609898+00:00,be04753eae6a,ok,,,eager-host-visible,cuda,,1024,8,1,64,9,8.588669,8.562975883483887,7630518.768391238,131.0526885986328,-3.244777202606201,True,True,0.0,0.0
pilot-001-local-crossover,20260811T150801Z,2026-08-11T15:09:30.699456+00:00,90053f103e4d,ok,,,graph-resident,cuda,,1048576,8,8,64,0,229.173442,229.11695861816406,292830021.726514,3.4149504005908966,-2.5434727668762207,True,True,0.0,0.0
pilot-001-local-crossover,20260811T150801Z,2026-08-11T15:09:30.699456+00:00,90053f103e4d,ok,,,graph-resident,cuda,,1048576,8,8,64,1,229.101507,229.0590362548828,292921966.6809088,3.413878485560417,-2.4421892166137695,True,True,0.0,0.0
pilot-001-local-crossover,20260811T150801Z,2026-08-11T15:09:30.699456+00:00,90053f103e4d,ok,,,graph-resident,cuda,,1048576,8,8,64,2,229.166431,229.1235809326172,292838980.41768605,3.4148459285497665,-2.341890335083008,True,True,0.0,0.0
pilot-001-local-crossover,20260811T150801Z,2026-08-11T15:09:30.699456+00:00,90053f103e4d,ok,,,graph-resident,cuda,,1048576,8,8,64,3,229.208284,229.166015625,292785508.5726308,3.4154695868492126,-2.2398195266723633,True,True,0.0,0.0
pilot-001-local-crossover,20260811T150801Z,2026-08-11T15:09:30.699456+00:00,90053f103e4d,ok,,,graph-resident,cuda,,1048576,8,8,64,4,229.204294,229.1649627685547,292790605.39764583,3.415410131216049,-2.140958309173584,True,True,0.0,0.0
pilot-001-local-crossover,20260811T150801Z,2026-08-11T15:09:30.699456+00:00,90053f103e4d,ok,,,graph-resident,cuda,,1048576,8,8,64,5,229.163533,229.09571838378906,292842683.6568277,3.4148027449846268,-2.0471701622009277,True,True,0.0,0.0
pilot-001-local-crossover,20260811T150801Z,2026-08-11T15:09:30.699456+00:00,90053f103e4d,ok,,,graph-resident,cuda,,1048576,8,8,64,6,229.035951,228.99551391601562,293005808.50732905,3.4129016250371933,-1.9558019638061523,True,True,0.0,0.0
pilot-001-local-crossover,20260811T150801Z,2026-08-11T15:09:30.699456+00:00,90053f103e4d,ok,,,graph-resident,cuda,,1048576,8,8,64,7,229.297024,229.25657653808594,292672197.9610167,3.4167919158935547,-1.8648042678833008,True,True,0.0,0.0
pilot-001-local-crossover,20260811T150801Z,2026-08-11T15:09:30.699456+00:00,90053f103e4d,ok,,,graph-resident,cuda,,1048576,8,8,64,8,229.195052,229.15528869628906,292802411.8077383,3.4152724146842957,-1.7770519256591797,True,True,0.0,0.0
pilot-001-local-crossover,20260811T150801Z,2026-08-11T15:09:30.699456+00:00,90053f103e4d,ok,,,graph-resident,cuda,,1048576,8,8,64,9,229.165728,229.1229705810547,292839878.7448706,3.4148354530334473,-1.6944966316223145,True,True,0.0,0.0
pilot-001-local-crossover,20260811T150801Z,2026-08-11T15:09:33.787840+00:00,9cd29a1c4c02,ok,,,cpu,cpu,1,4096,32,1,64,0,9.451174,,27736660.01705185,36.053367614746094,28.0797061920166,True,True,0.0,0.0
pilot-001-local-crossover,20260811T150801Z,2026-08-11T15:09:33.787840+00:00,9cd29a1c4c02,ok,,,cpu,cpu,1,4096,32,1,64,1,9.34254,,28059178.767230324,35.63896179199219,27.22293472290039,True,True,0.0,0.0
pilot-001-local-crossover,20260811T150801Z,2026-08-11T15:09:33.787840+00:00,9cd29a1c4c02,ok,,,cpu,cpu,1,4096,32,1,64,2,9.287719,,28224798.79074722,35.42983627319336,26.393131256103516,True,True,0.0,0.0
pilot-001-local-crossover,20260811T150801Z,2026-08-11T15:09:33.787840+00:00,9cd29a1c4c02,ok,,,cpu,cpu,1,4096,32,1,64,3,9.283832,,28236616.086977877,35.415008544921875,25.589452743530273,True,True,0.0,0.0
pilot-001-local-crossover,20260811T150801Z,2026-08-11T15:09:33.787840+00:00,9cd29a1c4c02,ok,,,cpu,cpu,1,4096,32,1,64,4,9.487309,,27631017.39386796,36.19121170043945,24.811084747314453,True,True,0.0,0.0
pilot-001-local-crossover,20260811T150801Z,2026-08-11T15:09:33.787840+00:00,9cd29a1c4c02,ok,,,cpu,cpu,1,4096,32,1,64,5,9.382437,,27939862.532516874,35.79115676879883,24.057233810424805,True,True,0.0,0.0
pilot-001-local-crossover,20260811T150801Z,2026-08-11T15:09:33.787840+00:00,9cd29a1c4c02,ok,,,cpu,cpu,1,4096,32,1,64,6,9.509156,,27567535.96218213,36.27455139160156,23.327146530151367,True,True,0.0,0.0
pilot-001-local-crossover,20260811T150801Z,2026-08-11T15:09:33.787840+00:00,9cd29a1c4c02,ok,,,cpu,cpu,1,4096,32,1,64,7,9.297875,,28193969.052068353,35.46857833862305,22.620059967041016,True,True,0.0,0.0
pilot-001-local-crossover,20260811T150801Z,2026-08-11T15:09:33.787840+00:00,9cd29a1c4c02,ok,,,cpu,cpu,1,4096,32,1,64,8,9.363338,,27996853.2589553,35.718299865722656,21.935256958007812,True,True,0.0,0.0
pilot-001-local-crossover,20260811T150801Z,2026-08-11T15:09:33.787840+00:00,9cd29a1c4c02,ok,,,cpu,cpu,1,4096,32,1,64,9,9.274131,,28266152.37589376,35.37800216674805,21.272048950195312,True,True,0.0,0.0
pilot-001-local-crossover,20260811T150801Z,2026-08-11T15:09:33.884992+00:00,5314b40cf8a6,ok,,,eager-resident,cuda,,65536,8,8,64,0,14.718852,14.688192367553711,284961354.3230138,3.5092477798461914,-2.9417076110839844,True,True,0.0,0.0
pilot-001-local-crossover,20260811T150801Z,2026-08-11T15:09:33.884992+00:00,5314b40cf8a6,ok,,,eager-resident,cuda,,65536,8,8,64,1,14.730861,14.703264236450195,284729046.04829276,3.512110948562622,-2.897563934326172,True,True,0.0,0.0
pilot-001-local-crossover,20260811T150801Z,2026-08-11T15:09:33.884992+00:00,5314b40cf8a6,ok,,,eager-resident,cuda,,65536,8,8,64,2,14.804588,14.778240203857422,283311092.48025006,3.529688835144043,-2.858430862426758,True,True,0.0,0.0
pilot-001-local-crossover,20260811T150801Z,2026-08-11T15:09:33.884992+00:00,5314b40cf8a6,ok,,,eager-resident,cuda,,65536,8,8,64,3,14.725254,14.69820785522461,284837463.5846689,3.5107741355895996,-2.820934295654297,True,True,0.0,0.0
pilot-001-local-crossover,20260811T150801Z,2026-08-11T15:09:33.884992+00:00,5314b40cf8a6,ok,,,eager-resident,cuda,,65536,8,8,64,4,14.772498,14.742976188659668,283926523.46272105,3.522037982940674,-2.7850418090820312,True,True,0.0,0.0
pilot-001-local-crossover,20260811T150801Z,2026-08-11T15:09:33.884992+00:00,5314b40cf8a6,ok,,,eager-resident,cuda,,65536,8,8,64,5,14.896285,14.869695663452148,281567115.5593492,3.551551103591919,-2.751180648803711,True,True,0.0,0.0
pilot-001-local-crossover,20260811T150801Z,2026-08-11T15:09:33.884992+00:00,5314b40cf8a6,ok,,,eager-resident,cuda,,65536,8,8,64,6,14.833872,14.814144134521484,282751799.39532983,3.536670684814453,-2.7208738327026367,True,True,0.0,0.0
pilot-001-local-crossover,20260811T150801Z,2026-08-11T15:09:33.884992+00:00,5314b40cf8a6,ok,,,eager-resident,cuda,,65536,8,8,64,7,14.785144,14.765439987182617,283683675.9926045,3.525053024291992,-2.692626476287842,True,True,0.0,0.0
pilot-001-local-crossover,20260811T150801Z,2026-08-11T15:09:33.884992+00:00,5314b40cf8a6,ok,,,eager-resident,cuda,,65536,8,8,64,8,14.906923,14.88054370880127,281366181.3373558,3.5540874004364014,-2.6660513877868652,True,True,0.0,0.0
pilot-001-local-crossover,20260811T150801Z,2026-08-11T15:09:33.884992+00:00,5314b40cf8a6,ok,,,eager-resident,cuda,,65536,8,8,64,9,14.940613,14.907360076904297,280731720.9809263,3.562119722366333,-2.6389732360839844,True,True,0.0,0.0
pilot-001-local-crossover,20260811T150801Z,2026-08-11T15:09:34.042898+00:00,5b09fb3c6531,ok,,,graph-resident,cuda,,4096,8,1,64,0,1.916758,1.8776960372924805,136764265.49413124,7.311851501464844,-3.2534704208374023,True,True,0.0,0.0
pilot-001-local-crossover,20260811T150801Z,2026-08-11T15:09:34.042898+00:00,5b09fb3c6531,ok,,,graph-resident,cuda,,4096,8,1,64,1,1.903836,1.882464051246643,137692532.33997044,7.2625579833984375,-3.308377265930176,True,True,0.0,0.0
pilot-001-local-crossover,20260811T150801Z,2026-08-11T15:09:34.042898+00:00,5b09fb3c6531,ok,,,graph-resident,cuda,,4096,8,1,64,2,1.895249,1.8762880563735962,138316390.0891123,7.229801177978516,-3.3615598678588867,True,True,0.0,0.0
pilot-001-local-crossover,20260811T150801Z,2026-08-11T15:09:34.042898+00:00,5b09fb3c6531,ok,,,graph-resident,cuda,,4096,8,1,64,3,1.892117,1.874559998512268,138545343.65475285,7.217853546142578,-3.4130754470825195,True,True,0.0,0.0
pilot-001-local-crossover,20260811T150801Z,2026-08-11T15:09:34.042898+00:00,5b09fb3c6531,ok,,,graph-resident,cuda,,4096,8,1,64,4,1.89292,1.8745280504226685,138486571.0119815,7.220916748046875,-3.462961196899414,True,True,0.0,0.0
pilot-001-local-crossover,20260811T150801Z,2026-08-11T15:09:34.042898+00:00,5b09fb3c6531,ok,,,graph-resident,cuda,,4096,8,1,64,5,1.89599,1.8782720565795898,138262332.60723948,7.232627868652344,-3.5112791061401367,True,True,0.0,0.0
pilot-001-local-crossover,20260811T150801Z,2026-08-11T15:09:34.042898+00:00,5b09fb3c6531,ok,,,graph-resident,cuda,,4096,8,1,64,6,1.89441,1.8743040561676025,138377647.92204434,7.226600646972656,-3.558065414428711,True,True,0.0,0.0
pilot-001-local-crossover,20260811T150801Z,2026-08-11T15:09:34.042898+00:00,5b09fb3c6531,ok,,,graph-resident,cuda,,4096,8,1,64,7,1.923723,1.886080026626587,136269099.03348872,7.338420867919922,-3.6033639907836914,True,True,0.0,0.0
pilot-001-local-crossover,20260811T150801Z,2026-08-11T15:09:34.042898+00:00,5b09fb3c6531,ok,,,graph-resident,cuda,,4096,8,1,64,8,1.908205,1.8835519552230835,137377273.4061592,7.279224395751953,-3.6472344398498535,True,True,0.0,0.0
pilot-001-local-crossover,20260811T150801Z,2026-08-11T15:09:34.042898+00:00,5b09fb3c6531,ok,,,graph-resident,cuda,,4096,8,1,64,9,1.901591,1.878432035446167,137855090.81605875,7.253993988037109,-3.6897192001342773,True,True,0.0,0.0
pilot-001-local-crossover,20260811T150801Z,2026-08-11T15:09:34.080510+00:00,9ac6a979f5c5,ok,,,cpu,cpu,8,16384,8,8,64,0,11.400073,,91979761.88398091,10.871956825256348,-2.874419689178467,True,True,0.0,0.0
pilot-001-local-crossover,20260811T150801Z,2026-08-11T15:09:34.080510+00:00,9ac6a979f5c5,ok,,,cpu,cpu,8,16384,8,8,64,1,10.880138,,96375248.18159474,10.376108169555664,-2.7745680809020996,True,True,0.0,0.0
pilot-001-local-crossover,20260811T150801Z,2026-08-11T15:09:34.080510+00:00,9ac6a979f5c5,ok,,,cpu,cpu,8,16384,8,8,64,2,12.890044,,81347744.0418357,12.292903900146484,-2.677408218383789,True,True,0.0,0.0
pilot-001-local-crossover,20260811T150801Z,2026-08-11T15:09:34.080510+00:00,9ac6a979f5c5,ok,,,cpu,cpu,8,16384,8,8,64,3,12.856295,,81561289.6250436,12.26071834564209,-2.586419105529785,True,True,0.0,0.0
pilot-001-local-crossover,20260811T150801Z,2026-08-11T15:09:34.080510+00:00,9ac6a979f5c5,ok,,,cpu,cpu,8,16384,8,8,64,4,13.999384,,74901581.38386661,13.350852966308594,-2.5009725093841553,True,True,0.0,0.0
pilot-001-local-crossover,20260811T150801Z,2026-08-11T15:09:34.080510+00:00,9ac6a979f5c5,ok,,,cpu,cpu,8,16384,8,8,64,5,11.881092,,88255860.65657938,11.330692291259766,-2.415787935256958,True,True,0.0,0.0
pilot-001-local-crossover,20260811T150801Z,2026-08-11T15:09:34.080510+00:00,9ac6a979f5c5,ok,,,cpu,cpu,8,16384,8,8,64,6,12.05242,,87001282.72994138,11.494083404541016,-2.3315577507019043,True,True,0.0,0.0
pilot-001-local-crossover,20260811T150801Z,2026-08-11T15:09:34.080510+00:00,9ac6a979f5c5,ok,,,cpu,cpu,8,16384,8,8,64,7,10.793116,,97152295.96346411,10.29311752319336,-2.254214286804199,True,True,0.0,0.0
pilot-001-local-crossover,20260811T150801Z,2026-08-11T15:09:34.080510+00:00,9ac6a979f5c5,ok,,,cpu,cpu,8,16384,8,8,64,8,10.812812,,96975328.8968679,10.311901092529297,-2.177088499069214,True,True,0.0,0.0
pilot-001-local-crossover,20260811T150801Z,2026-08-11T15:09:34.080510+00:00,9ac6a979f5c5,ok,,,cpu,cpu,8,16384,8,8,64,9,12.329166,,85048412.8447942,11.75800895690918,-2.1020140647888184,True,True,0.0,0.0
pilot-001-local-crossover,20260811T150801Z,2026-08-11T15:09:34.298245+00:00,5b14a69c7426,ok,,,cpu,cpu,8,65536,8,1,64,0,22.904571,,183120827.7160048,5.4608752727508545,-3.184319019317627,True,True,0.0,0.0
pilot-001-local-crossover,20260811T150801Z,2026-08-11T15:09:34.298245+00:00,5b14a69c7426,ok,,,cpu,cpu,8,65536,8,1,64,1,21.05427,,199213936.17541716,5.019729137420654,-3.326930046081543,True,True,0.0,0.0
pilot-001-local-crossover,20260811T150801Z,2026-08-11T15:09:34.298245+00:00,5b14a69c7426,ok,,,cpu,cpu,8,65536,8,1,64,2,20.183847,,207804983.85664535,4.812204122543335,-3.465041160583496,True,True,0.0,0.0
pilot-001-local-crossover,20260811T150801Z,2026-08-11T15:09:34.298245+00:00,5b14a69c7426,ok,,,cpu,cpu,8,65536,8,1,64,3,23.997273,,174782526.33122104,5.72139573097229,-3.5988047122955322,True,True,0.0,0.0
pilot-001-local-crossover,20260811T150801Z,2026-08-11T15:09:34.298245+00:00,5b14a69c7426,ok,,,cpu,cpu,8,65536,8,1,64,4,22.172152,,189169910.07458365,5.286252975463867,-3.728348731994629,True,True,0.0,0.0
pilot-001-local-crossover,20260811T150801Z,2026-08-11T15:09:34.298245+00:00,5b14a69c7426,ok,,,cpu,cpu,8,65536,8,1,64,5,21.099418,,198787663.24265435,5.030493259429932,-3.853804111480713,True,True,0.0,0.0
pilot-001-local-crossover,20260811T150801Z,2026-08-11T15:09:34.298245+00:00,5b14a69c7426,ok,,,cpu,cpu,8,65536,8,1,64,6,19.833671,,211473912.21725923,4.728715658187866,-3.975302219390869,True,True,0.0,0.0
pilot-001-local-crossover,20260811T150801Z,2026-08-11T15:09:34.298245+00:00,5b14a69c7426,ok,,,cpu,cpu,8,65536,8,1,64,7,19.981637,,209907926.9631412,4.763993501663208,-4.092968463897705,True,True,0.0,0.0
pilot-001-local-crossover,20260811T150801Z,2026-08-11T15:09:34.298245+00:00,5b14a69c7426,ok,,,cpu,cpu,8,65536,8,1,64,8,19.846391,,211338373.8131532,4.731748342514038,-4.206932067871094,True,True,0.0,0.0
pilot-001-local-crossover,20260811T150801Z,2026-08-11T15:09:34.298245+00:00,5b14a69c7426,ok,,,cpu,cpu,8,65536,8,1,64,9,19.782134,,212024850.30179253,4.716428279876709,-4.317298889160156,True,True,0.0,0.0
pilot-001-local-crossover,20260811T150801Z,2026-08-11T15:09:34.517679+00:00,4a303d0bb350,ok,,,graph-resident,cuda,,4096,32,8,64,0,2.890805,2.865056037902832,90682007.26095328,11.027545928955078,25.481529235839844,True,True,0.0,0.0
pilot-001-local-crossover,20260811T150801Z,2026-08-11T15:09:34.517679+00:00,4a303d0bb350,ok,,,graph-resident,cuda,,4096,32,8,64,1,2.875767,2.8573760986328125,91156202.84953545,10.97018051147461,24.675321578979492,True,True,0.0,0.0
pilot-001-local-crossover,20260811T150801Z,2026-08-11T15:09:34.517679+00:00,4a303d0bb350,ok,,,graph-resident,cuda,,4096,32,8,64,2,2.860989,2.844032049179077,91627056.23824489,10.913806915283203,23.894481658935547,True,True,0.0,0.0
pilot-001-local-crossover,20260811T150801Z,2026-08-11T15:09:34.517679+00:00,4a303d0bb350,ok,,,graph-resident,cuda,,4096,32,8,64,3,2.863872,2.8462400436401367,91534817.198534,10.9248046875,23.144290924072266,True,True,0.0,0.0
pilot-001-local-crossover,20260811T150801Z,2026-08-11T15:09:34.517679+00:00,4a303d0bb350,ok,,,graph-resident,cuda,,4096,32,8,64,4,2.89555,2.8787200450897217,90533404.70722315,11.045646667480469,22.428966522216797,True,True,0.0,0.0
pilot-001-local-crossover,20260811T150801Z,2026-08-11T15:09:34.517679+00:00,4a303d0bb350,ok,,,graph-resident,cuda,,4096,32,8,64,5,2.914562,2.897439956665039,89942845.61453831,11.118171691894531,21.747848510742188,True,True,0.0,0.0
pilot-001-local-crossover,20260811T150801Z,2026-08-11T15:09:34.517679+00:00,4a303d0bb350,ok,,,graph-resident,cuda,,4096,32,8,64,6,2.87088,2.8547840118408203,91311374.90943544,10.9515380859375,21.09005355834961,True,True,0.0,0.0
pilot-001-local-crossover,20260811T150801Z,2026-08-11T15:09:34.517679+00:00,4a303d0bb350,ok,,,graph-resident,cuda,,4096,32,8,64,7,2.876271,2.859839916229248,91140229.83230717,10.972103118896484,20.45575714111328,True,True,0.0,0.0
pilot-001-local-crossover,20260811T150801Z,2026-08-11T15:09:34.517679+00:00,4a303d0bb350,ok,,,graph-resident,cuda,,4096,32,8,64,8,2.861552,2.8454079627990723,91609028.9465297,10.91595458984375,19.840478897094727,True,True,0.0,0.0
pilot-001-local-crossover,20260811T150801Z,2026-08-11T15:09:34.517679+00:00,4a303d0bb350,ok,,,graph-resident,cuda,,4096,32,8,64,9,2.899864,2.884063959121704,90398722.14696966,11.062103271484375,19.242156982421875,True,True,0.0,0.0
pilot-001-local-crossover,20260811T150801Z,2026-08-11T15:09:34.567316+00:00,219284bce9c7,ok,,,cpu,cpu,1,1048576,8,8,64,0,3705.389654,,18111148.965819396,55.214608520269394,-2.861100196838379,True,True,0.0,0.0
pilot-001-local-crossover,20260811T150801Z,2026-08-11T15:09:34.567316+00:00,219284bce9c7,ok,,,cpu,cpu,1,1048576,8,8,64,1,3738.398661,,17951232.622699678,55.70648105442524,-2.753696918487549,True,True,0.0,0.0
pilot-001-local-crossover,20260811T150801Z,2026-08-11T15:09:34.567316+00:00,219284bce9c7,ok,,,cpu,cpu,1,1048576,8,8,64,2,3771.562117,,17793386.909236476,56.200655058026314,-2.6501808166503906,True,True,0.0,0.0
pilot-001-local-crossover,20260811T150801Z,2026-08-11T15:09:34.567316+00:00,219284bce9c7,ok,,,cpu,cpu,1,1048576,8,8,64,3,3746.671623,,17911594.81072035,55.829757794737816,-2.5434727668762207,True,True,0.0,0.0
pilot-001-local-crossover,20260811T150801Z,2026-08-11T15:09:34.567316+00:00,219284bce9c7,ok,,,cpu,cpu,1,1048576,8,8,64,4,3775.705508,,17773860.767956905,56.26239639520645,-2.4421887397766113,True,True,0.0,0.0
pilot-001-local-crossover,20260811T150801Z,2026-08-11T15:09:34.567316+00:00,219284bce9c7,ok,,,cpu,cpu,1,1048576,8,8,64,5,3807.034651,,17627594.742898494,56.729237005114555,-2.3418922424316406,True,True,0.0,0.0
pilot-001-local-crossover,20260811T150801Z,2026-08-11T15:09:34.567316+00:00,219284bce9c7,ok,,,cpu,cpu,1,1048576,8,8,64,6,3778.149719,,17762362.264924314,56.29881797730923,-2.239820718765259,True,True,0.0,0.0
pilot-001-local-crossover,20260811T150801Z,2026-08-11T15:09:34.567316+00:00,219284bce9c7,ok,,,cpu,cpu,1,1048576,8,8,64,7,3784.661333,,17731801.631720796,56.39584858715534,-2.1409566402435303,True,True,0.0,0.0
pilot-001-local-crossover,20260811T150801Z,2026-08-11T15:09:34.567316+00:00,219284bce9c7,ok,,,cpu,cpu,1,1048576,8,8,64,8,3775.554836,,17774570.07381153,56.26015120744705,-2.0471718311309814,True,True,0.0,0.0
pilot-001-local-crossover,20260811T150801Z,2026-08-11T15:09:34.567316+00:00,219284bce9c7,ok,,,cpu,cpu,1,1048576,8,8,64,9,3742.146656,,17933253.335328396,55.762330532073975,-1.9558014869689941,True,True,0.0,0.0
pilot-001-local-crossover,20260811T150801Z,2026-08-11T15:10:14.526600+00:00,6c992759eb08,ok,,,eager-resident,cuda,,1048576,32,1,64,0,483.545579,483.4833068847656,138784981.01210022,7.205390617251396,27.95545196533203,True,True,0.0,0.0
pilot-001-local-crossover,20260811T150801Z,2026-08-11T15:10:14.526600+00:00,6c992759eb08,ok,,,eager-resident,cuda,,1048576,32,1,64,1,473.988436,473.9330749511719,141583336.01202035,7.062978088855743,27.002792358398438,True,True,0.0,0.0
pilot-001-local-crossover,20260811T150801Z,2026-08-11T15:10:14.526600+00:00,6c992759eb08,ok,,,eager-resident,cuda,,1048576,32,1,64,2,473.8714,473.81396484375,141618304.03776214,7.06123411655426,26.080135345458984,True,True,0.0,0.0
pilot-001-local-crossover,20260811T150801Z,2026-08-11T15:10:14.526600+00:00,6c992759eb08,ok,,,eager-resident,cuda,,1048576,32,1,64,3,473.812263,473.7515869140625,141635979.56518066,7.06035290658474,25.18655014038086,True,True,0.0,0.0
pilot-001-local-crossover,20260811T150801Z,2026-08-11T15:10:14.526600+00:00,6c992759eb08,ok,,,eager-resident,cuda,,1048576,32,1,64,4,473.780441,473.7226867675781,141645492.70618793,7.059878721833229,24.321107864379883,True,True,0.0,0.0
pilot-001-local-crossover,20260811T150801Z,2026-08-11T15:10:14.526600+00:00,6c992759eb08,ok,,,eager-resident,cuda,,1048576,32,1,64,5,473.851961,473.7968444824219,141624113.69655594,7.060944452881813,23.482940673828125,True,True,0.0,0.0
pilot-001-local-crossover,20260811T150801Z,2026-08-11T15:10:14.526600+00:00,6c992759eb08,ok,,,eager-resident,cuda,,1048576,32,1,64,6,473.773296,473.7177734375,141647628.86931473,7.059772253036499,22.67117691040039,True,True,0.0,0.0
pilot-001-local-crossover,20260811T150801Z,2026-08-11T15:10:14.526600+00:00,6c992759eb08,ok,,,eager-resident,cuda,,1048576,32,1,64,7,473.792259,473.7357482910156,141641959.58296567,7.060054823756218,21.884990692138672,True,True,0.0,0.0
pilot-001-local-crossover,20260811T150801Z,2026-08-11T15:10:14.526600+00:00,6c992759eb08,ok,,,eager-resident,cuda,,1048576,32,1,64,8,473.809191,473.7542419433594,141636897.87942505,7.060307130217552,21.123584747314453,True,True,0.0,0.0
pilot-001-local-crossover,20260811T150801Z,2026-08-11T15:10:14.526600+00:00,6c992759eb08,ok,,,eager-resident,cuda,,1048576,32,1,64,9,473.853638,473.7974853515625,141623612.47926095,7.060969442129135,20.38614845275879,True,True,0.0,0.0
pilot-001-local-crossover,20260811T150801Z,2026-08-11T15:10:19.561146+00:00,90d3d8f4f031,ok,,,eager-resident,cuda,,65536,8,1,64,0,14.643297,14.618144035339355,286431669.04283917,3.491234064102173,-3.1843204498291016,True,True,0.0,0.0
pilot-001-local-crossover,20260811T150801Z,2026-08-11T15:10:19.561146+00:00,90d3d8f4f031,ok,,,eager-resident,cuda,,65536,8,1,64,1,14.634269,14.615008354187012,286608371.0775031,3.489081621170044,-3.3269295692443848,True,True,0.0,0.0
pilot-001-local-crossover,20260811T150801Z,2026-08-11T15:10:19.561146+00:00,90d3d8f4f031,ok,,,eager-resident,cuda,,65536,8,1,64,2,14.656315,14.636672019958496,286177255.3332813,3.494337797164917,-3.4650421142578125,True,True,0.0,0.0
pilot-001-local-crossover,20260811T150801Z,2026-08-11T15:10:19.561146+00:00,90d3d8f4f031,ok,,,eager-resident,cuda,,65536,8,1,64,3,14.617525,14.598719596862793,286936673.6160875,3.4850895404815674,-3.598803997039795,True,True,0.0,0.0
pilot-001-local-crossover,20260811T150801Z,2026-08-11T15:10:19.561146+00:00,90d3d8f4f031,ok,,,eager-resident,cuda,,65536,8,1,64,4,14.583558,14.564864158630371,287604986.3826098,3.4769911766052246,-3.7283496856689453,True,True,0.0,0.0
pilot-001-local-crossover,20260811T150801Z,2026-08-11T15:10:19.561146+00:00,90d3d8f4f031,ok,,,eager-resident,cuda,,65536,8,1,64,5,14.613087,14.593567848205566,287023816.3914305,3.4840314388275146,-3.8538055419921875,True,True,0.0,0.0
pilot-001-local-crossover,20260811T150801Z,2026-08-11T15:10:19.561146+00:00,90d3d8f4f031,ok,,,eager-resident,cuda,,65536,8,1,64,6,14.648323,14.629504203796387,286333391.2011635,3.4924323558807373,-3.9753012657165527,True,True,0.0,0.0
pilot-001-local-crossover,20260811T150801Z,2026-08-11T15:10:19.561146+00:00,90d3d8f4f031,ok,,,eager-resident,cuda,,65536,8,1,64,7,14.616092,14.597151756286621,286964805.64024913,3.484747886657715,-4.092968463897705,True,True,0.0,0.0
pilot-001-local-crossover,20260811T150801Z,2026-08-11T15:10:19.561146+00:00,90d3d8f4f031,ok,,,eager-resident,cuda,,65536,8,1,64,8,14.578883,14.560128211975098,287697212.468198,3.475876569747925,-4.2069315910339355,True,True,0.0,0.0
pilot-001-local-crossover,20260811T150801Z,2026-08-11T15:10:19.561146+00:00,90d3d8f4f031,ok,,,eager-resident,cuda,,65536,8,1,64,9,14.657394,14.634943962097168,286156188.4738856,3.4945950508117676,-4.317298889160156,True,True,0.0,0.0
pilot-001-local-crossover,20260811T150801Z,2026-08-11T15:10:19.715601+00:00,74238daac005,ok,,,cpu,cpu,1,16384,8,1,64,0,20.973014,,49996438.280163266,20.00142478942871,-2.915062427520752,True,True,0.0,0.0
pilot-001-local-crossover,20260811T150801Z,2026-08-11T15:10:19.715601+00:00,74238daac005,ok,,,cpu,cpu,1,16384,8,1,64,1,20.187364,,51942195.127605565,19.25217056274414,-2.849886417388916,True,True,0.0,0.0
pilot-001-local-crossover,20260811T150801Z,2026-08-11T15:10:19.715601+00:00,74238daac005,ok,,,cpu,cpu,1,16384,8,1,64,2,20.259412,,51757474.501234286,19.320880889892578,-2.7867603302001953,True,True,0.0,0.0
pilot-001-local-crossover,20260811T150801Z,2026-08-11T15:10:19.715601+00:00,74238daac005,ok,,,cpu,cpu,1,16384,8,1,64,3,20.197146,,51917038.1795527,19.261499404907227,-2.725616455078125,True,True,0.0,0.0
pilot-001-local-crossover,20260811T150801Z,2026-08-11T15:10:19.715601+00:00,74238daac005,ok,,,cpu,cpu,1,16384,8,1,64,4,20.185969,,51945784.71808809,19.250840187072754,-2.6664185523986816,True,True,0.0,0.0
pilot-001-local-crossover,20260811T150801Z,2026-08-11T15:10:19.715601+00:00,74238daac005,ok,,,cpu,cpu,1,16384,8,1,64,5,20.20982,,51884479.92114724,19.27358627319336,-2.609091281890869,True,True,0.0,0.0
pilot-001-local-crossover,20260811T150801Z,2026-08-11T15:10:19.715601+00:00,74238daac005,ok,,,cpu,cpu,1,16384,8,1,64,6,20.269945,,51730579.43669803,19.330925941467285,-2.5535759925842285,True,True,0.0,0.0
pilot-001-local-crossover,20260811T150801Z,2026-08-11T15:10:19.715601+00:00,74238daac005,ok,,,cpu,cpu,1,16384,8,1,64,7,20.175127,,51973700.091206364,19.240500450134277,-2.499805450439453,True,True,0.0,0.0
pilot-001-local-crossover,20260811T150801Z,2026-08-11T15:10:19.715601+00:00,74238daac005,ok,,,cpu,cpu,1,16384,8,1,64,8,20.277479,,51711359.188191,19.33811092376709,-2.44773268699646,True,True,0.0,0.0
pilot-001-local-crossover,20260811T150801Z,2026-08-11T15:10:19.715601+00:00,74238daac005,ok,,,cpu,cpu,1,16384,8,1,64,9,20.166705,,51995405.29798993,19.232468605041504,-2.397305488586426,True,True,0.0,0.0
pilot-001-local-crossover,20260811T150801Z,2026-08-11T15:10:19.924835+00:00,48718bd91447,ok,,,graph-resident,cuda,,262144,8,8,64,0,57.562429,57.51808166503906,291461223.77844757,3.430988132953644,-2.4723715782165527,True,True,0.0,0.0
pilot-001-local-crossover,20260811T150801Z,2026-08-11T15:10:19.924835+00:00,48718bd91447,ok,,,graph-resident,cuda,,262144,8,8,64,1,57.555767,57.52431869506836,291494960.0098284,3.43059104681015,-2.3616600036621094,True,True,0.0,0.0
pilot-001-local-crossover,20260811T150801Z,2026-08-11T15:10:19.924835+00:00,48718bd91447,ok,,,graph-resident,cuda,,262144,8,8,64,2,57.603196,57.56854248046875,291254950.5065657,3.433418035507202,-2.25516414642334,True,True,0.0,0.0
pilot-001-local-crossover,20260811T150801Z,2026-08-11T15:10:19.924835+00:00,48718bd91447,ok,,,graph-resident,cuda,,262144,8,8,64,3,57.542146,57.508480072021484,291563960.78797615,3.4297791719436646,-2.1537108421325684,True,True,0.0,0.0
pilot-001-local-crossover,20260811T150801Z,2026-08-11T15:10:19.924835+00:00,48718bd91447,ok,,,graph-resident,cuda,,262144,8,8,64,4,57.576159,57.54556655883789,291391719.965203,3.43180650472641,-2.0598883628845215,True,True,0.0,0.0
pilot-001-local-crossover,20260811T150801Z,2026-08-11T15:10:19.924835+00:00,48718bd91447,ok,,,graph-resident,cuda,,262144,8,8,64,5,57.509419,57.48495864868164,291729881.67381763,3.4278284907341003,-1.9729523658752441,True,True,0.0,0.0
pilot-001-local-crossover,20260811T150801Z,2026-08-11T15:10:19.924835+00:00,48718bd91447,ok,,,graph-resident,cuda,,262144,8,8,64,6,57.536517,57.515167236328125,291592485.51663285,3.429443657398224,-1.891500473022461,True,True,0.0,0.0
pilot-001-local-crossover,20260811T150801Z,2026-08-11T15:10:19.924835+00:00,48718bd91447,ok,,,graph-resident,cuda,,262144,8,8,64,7,57.494014,57.47206497192383,291808048.0517502,3.4269102811813354,-1.8134422302246094,True,True,0.0,0.0
pilot-001-local-crossover,20260811T150801Z,2026-08-11T15:10:19.924835+00:00,48718bd91447,ok,,,graph-resident,cuda,,262144,8,8,64,8,57.538009,57.5079345703125,291584924.32367617,3.4295325875282288,-1.736231803894043,True,True,0.0,0.0
pilot-001-local-crossover,20260811T150801Z,2026-08-11T15:10:19.924835+00:00,48718bd91447,ok,,,graph-resident,cuda,,262144,8,8,64,9,57.509966,57.47593688964844,291727106.9156953,3.4278610944747925,-1.6591229438781738,True,True,0.0,0.0
pilot-001-local-crossover,20260811T150801Z,2026-08-11T15:10:20.707565+00:00,d891a6eabcec,ok,,,graph-resident,cuda,,1024,32,8,64,0,1.60907,1.5763520002365112,40729116.81903211,24.552459716796875,25.52603530883789,True,True,0.0,0.0
pilot-001-local-crossover,20260811T150801Z,2026-08-11T15:10:20.707565+00:00,d891a6eabcec,ok,,,graph-resident,cuda,,1024,32,8,64,1,1.606992,1.5831999778747559,40781783.60564334,24.520751953125,24.73067283630371,True,True,0.0,0.0
pilot-001-local-crossover,20260811T150801Z,2026-08-11T15:10:20.707565+00:00,d891a6eabcec,ok,,,graph-resident,cuda,,1024,32,8,64,2,1.594573,1.5757759809494019,41099404.041081846,24.331253051757812,23.958663940429688,True,True,0.0,0.0
pilot-001-local-crossover,20260811T150801Z,2026-08-11T15:10:20.707565+00:00,d891a6eabcec,ok,,,graph-resident,cuda,,1024,32,8,64,3,1.595763,1.5778559446334839,41068755.197357,24.349411010742188,23.20883560180664,True,True,0.0,0.0
pilot-001-local-crossover,20260811T150801Z,2026-08-11T15:10:20.707565+00:00,d891a6eabcec,ok,,,graph-resident,cuda,,1024,32,8,64,4,1.598101,1.5803840160369873,41008672.16777913,24.385086059570312,22.482175827026367,True,True,0.0,0.0
pilot-001-local-crossover,20260811T150801Z,2026-08-11T15:10:20.707565+00:00,d891a6eabcec,ok,,,graph-resident,cuda,,1024,32,8,64,5,1.590491,1.5734399557113647,41204885.78684192,24.268966674804688,21.77796173095703,True,True,0.0,0.0
pilot-001-local-crossover,20260811T150801Z,2026-08-11T15:10:20.707565+00:00,d891a6eabcec,ok,,,graph-resident,cuda,,1024,32,8,64,6,1.588294,1.571328043937683,41261882.24598216,24.235443115234375,21.09539031982422,True,True,0.0,0.0
pilot-001-local-crossover,20260811T150801Z,2026-08-11T15:10:20.707565+00:00,d891a6eabcec,ok,,,graph-resident,cuda,,1024,32,8,64,7,1.599175,1.5825599431991577,40981130.89561805,24.401473999023438,20.429912567138672,True,True,0.0,0.0
pilot-001-local-crossover,20260811T150801Z,2026-08-11T15:10:20.707565+00:00,d891a6eabcec,ok,,,graph-resident,cuda,,1024,32,8,64,8,1.625937,1.6098560094833374,40306604.74544831,24.809829711914062,19.785404205322266,True,True,0.0,0.0
pilot-001-local-crossover,20260811T150801Z,2026-08-11T15:10:20.707565+00:00,d891a6eabcec,ok,,,graph-resident,cuda,,1024,32,8,64,9,1.654278,1.637984037399292,39616074.20276399,25.242279052734375,19.160654067993164,True,True,0.0,0.0
pilot-001-local-crossover,20260811T150801Z,2026-08-11T15:10:20.741896+00:00,d39361b61f33,ok,,,eager-host-visible,cuda,,1048576,8,1,64,0,279.774294,279.7066345214844,239867870.0624297,4.168961852788925,-2.9257454872131348,True,True,0.0,0.0
pilot-001-local-crossover,20260811T150801Z,2026-08-11T15:10:20.741896+00:00,d39361b61f33,ok,,,eager-host-visible,cuda,,1048576,8,1,64,1,277.714491,277.6611022949219,241646965.40808162,4.138268396258354,-2.8688278198242188,True,True,0.0,0.0
pilot-001-local-crossover,20260811T150801Z,2026-08-11T15:10:20.741896+00:00,d39361b61f33,ok,,,eager-host-visible,cuda,,1048576,8,1,64,2,278.822654,278.7694396972656,240686554.8306559,4.154781311750412,-2.8137006759643555,True,True,0.0,0.0
pilot-001-local-crossover,20260811T150801Z,2026-08-11T15:10:20.741896+00:00,d39361b61f33,ok,,,eager-host-visible,cuda,,1048576,8,1,64,3,280.242706,280.1904296875,239466942.629365,4.175941735506058,-2.760322093963623,True,True,0.0,0.0
pilot-001-local-crossover,20260811T150801Z,2026-08-11T15:10:20.741896+00:00,d39361b61f33,ok,,,eager-host-visible,cuda,,1048576,8,1,64,4,276.191608,276.1405334472656,242979373.9424552,4.115575671195984,-2.7086286544799805,True,True,0.0,0.0
pilot-001-local-crossover,20260811T150801Z,2026-08-11T15:10:20.741896+00:00,d39361b61f33,ok,,,eager-host-visible,cuda,,1048576,8,1,64,5,277.233963,277.1820983886719,242065810.67414165,4.131107971072197,-2.6585617065429688,True,True,0.0,0.0
pilot-001-local-crossover,20260811T150801Z,2026-08-11T15:10:20.741896+00:00,d39361b61f33,ok,,,eager-host-visible,cuda,,1048576,8,1,64,6,277.756406,277.7037048339844,241610499.52525666,4.138892978429794,-2.610076904296875,True,True,0.0,0.0
pilot-001-local-crossover,20260811T150801Z,2026-08-11T15:10:20.741896+00:00,d39361b61f33,ok,,,eager-host-visible,cuda,,1048576,8,1,64,7,276.522177,276.47027587890625,242688903.75472492,4.120501533150673,-2.5631227493286133,True,True,0.0,0.0
pilot-001-local-crossover,20260811T150801Z,2026-08-11T15:10:20.741896+00:00,d39361b61f33,ok,,,eager-host-visible,cuda,,1048576,8,1,64,8,276.924835,276.872314453125,242336025.94725752,4.126501604914665,-2.5176496505737305,True,True,0.0,0.0
pilot-001-local-crossover,20260811T150801Z,2026-08-11T15:10:20.741896+00:00,d39361b61f33,ok,,,eager-host-visible,cuda,,1048576,8,1,64,9,278.67582,278.6202392578125,240813372.32631093,4.152593314647675,-2.4736180305480957,True,True,0.0,0.0
pilot-001-local-crossover,20260811T150801Z,2026-08-11T15:10:23.621285+00:00,8fcdc8a67172,ok,,,cpu,cpu,8,16384,8,1,64,0,9.370628,,111900290.99437091,8.936527252197266,-2.915062427520752,True,True,0.0,0.0
pilot-001-local-crossover,20260811T150801Z,2026-08-11T15:10:23.621285+00:00,8fcdc8a67172,ok,,,cpu,cpu,8,16384,8,1,64,1,10.411667,,100711634.36172134,9.929339408874512,-2.849886417388916,True,True,0.0,0.0
pilot-001-local-crossover,20260811T150801Z,2026-08-11T15:10:23.621285+00:00,8fcdc8a67172,ok,,,cpu,cpu,8,16384,8,1,64,2,10.650598,,98452312.25514285,10.157201766967773,-2.7867603302001953,True,True,0.0,0.0
pilot-001-local-crossover,20260811T150801Z,2026-08-11T15:10:23.621285+00:00,8fcdc8a67172,ok,,,cpu,cpu,8,16384,8,1,64,3,9.701131,,108088015.71693033,9.25171947479248,-2.725616455078125,True,True,0.0,0.0
pilot-001-local-crossover,20260811T150801Z,2026-08-11T15:10:23.621285+00:00,8fcdc8a67172,ok,,,cpu,cpu,8,16384,8,1,64,4,62.240261,,16847230.12327985,59.35693836212158,-2.6664185523986816,True,True,0.0,0.0
pilot-001-local-crossover,20260811T150801Z,2026-08-11T15:10:23.621285+00:00,8fcdc8a67172,ok,,,cpu,cpu,8,16384,8,1,64,5,13.034704,,80444941.44247541,12.430862426757812,-2.609091281890869,True,True,0.0,0.0
pilot-001-local-crossover,20260811T150801Z,2026-08-11T15:10:23.621285+00:00,8fcdc8a67172,ok,,,cpu,cpu,8,16384,8,1,64,6,9.514514,,110208046.35948825,9.073747634887695,-2.5535759925842285,True,True,0.0,0.0
pilot-001-local-crossover,20260811T150801Z,2026-08-11T15:10:23.621285+00:00,8fcdc8a67172,ok,,,cpu,cpu,8,16384,8,1,64,7,9.074928,,115546481.470707,8.654525756835938,-2.499805450439453,True,True,0.0,0.0
pilot-001-local-crossover,20260811T150801Z,2026-08-11T15:10:23.621285+00:00,8fcdc8a67172,ok,,,cpu,cpu,8,16384,8,1,64,8,9.424154,,111264735.27491167,8.987573623657227,-2.44773268699646,True,True,0.0,0.0
pilot-001-local-crossover,20260811T150801Z,2026-08-11T15:10:23.621285+00:00,8fcdc8a67172,ok,,,cpu,cpu,8,16384,8,1,64,9,61.030343,,17181224.10028074,58.203070640563965,-2.397305488586426,True,True,0.0,0.0
pilot-001-local-crossover,20260811T150801Z,2026-08-11T15:10:23.861444+00:00,219f56a7eee5,ok,,,cpu,cpu,8,4096,8,8,64,0,6.174125,,42458486.02028628,23.552417755126953,-2.928821563720703,True,True,0.0,0.0
pilot-001-local-crossover,20260811T150801Z,2026-08-11T15:10:23.861444+00:00,219f56a7eee5,ok,,,cpu,cpu,8,4096,8,8,64,1,6.541076,,40076586.78786181,24.952224731445312,-2.871377468109131,True,True,0.0,0.0
pilot-001-local-crossover,20260811T150801Z,2026-08-11T15:10:23.861444+00:00,219f56a7eee5,ok,,,cpu,cpu,8,4096,8,8,64,2,6.434291,,40741707.20596877,24.544872283935547,-2.814405918121338,True,True,0.0,0.0
pilot-001-local-crossover,20260811T150801Z,2026-08-11T15:10:23.861444+00:00,219f56a7eee5,ok,,,cpu,cpu,8,4096,8,8,64,3,7.360081,,35616999.32378461,28.076480865478516,-2.758856773376465,True,True,0.0,0.0
pilot-001-local-crossover,20260811T150801Z,2026-08-11T15:10:23.861444+00:00,219f56a7eee5,ok,,,cpu,cpu,8,4096,8,8,64,4,6.223698,,42120295.68272754,23.74152374267578,-2.704800844192505,True,True,0.0,0.0
pilot-001-local-crossover,20260811T150801Z,2026-08-11T15:10:23.861444+00:00,219f56a7eee5,ok,,,cpu,cpu,8,4096,8,8,64,5,6.117831,,42849173.1791872,23.33767318725586,-2.65122127532959,True,True,0.0,0.0
pilot-001-local-crossover,20260811T150801Z,2026-08-11T15:10:23.861444+00:00,219f56a7eee5,ok,,,cpu,cpu,8,4096,8,8,64,6,18.717127,,14005568.269104548,71.40017318725586,-2.593959093093872,True,True,0.0,0.0
pilot-001-local-crossover,20260811T150801Z,2026-08-11T15:10:23.861444+00:00,219f56a7eee5,ok,,,cpu,cpu,8,4096,8,8,64,7,6.327218,,41431162.95344968,24.13642120361328,-2.53568172454834,True,True,0.0,0.0
pilot-001-local-crossover,20260811T150801Z,2026-08-11T15:10:23.861444+00:00,219f56a7eee5,ok,,,cpu,cpu,8,4096,8,8,64,8,6.12707,,42784560.97286305,23.37291717529297,-2.479234218597412,True,True,0.0,0.0
pilot-001-local-crossover,20260811T150801Z,2026-08-11T15:10:23.861444+00:00,219f56a7eee5,ok,,,cpu,cpu,8,4096,8,8,64,9,6.131245,,42755427.32348814,23.388843536376953,-2.425436496734619,True,True,0.0,0.0
pilot-001-local-crossover,20260811T150801Z,2026-08-11T15:10:23.982173+00:00,363f479657c0,ok,,,cpu,cpu,8,65536,32,8,64,0,131.265213,,31952898.289968114,31.296065568923947,28.0075740814209,True,True,0.0,0.0
pilot-001-local-crossover,20260811T150801Z,2026-08-11T15:10:23.982173+00:00,363f479657c0,ok,,,cpu,cpu,8,65536,32,8,64,1,139.592097,,30046858.598305892,33.281349420547485,27.095848083496094,True,True,0.0,0.0
pilot-001-local-crossover,20260811T150801Z,2026-08-11T15:10:23.982173+00:00,363f479657c0,ok,,,cpu,cpu,8,65536,32,8,64,2,136.883788,,30641349.580419265,32.63563823699951,26.213260650634766,True,True,0.0,0.0
pilot-001-local-crossover,20260811T150801Z,2026-08-11T15:10:23.982173+00:00,363f479657c0,ok,,,cpu,cpu,8,65536,32,8,64,3,126.588995,,33133243.533531487,30.1811683177948,25.36197280883789,True,True,0.0,0.0
pilot-001-local-crossover,20260811T150801Z,2026-08-11T15:10:23.982173+00:00,363f479657c0,ok,,,cpu,cpu,8,65536,32,8,64,4,134.581596,,31165509.435628925,32.08675289154053,24.538436889648438,True,True,0.0,0.0
pilot-001-local-crossover,20260811T150801Z,2026-08-11T15:10:23.982173+00:00,363f479657c0,ok,,,cpu,cpu,8,65536,32,8,64,5,136.235673,,30787119.90507802,32.4811155796051,23.73876953125,True,True,0.0,0.0
pilot-001-local-crossover,20260811T150801Z,2026-08-11T15:10:23.982173+00:00,363f479657c0,ok,,,cpu,cpu,8,65536,32,8,64,6,128.179226,,32722182.298089392,30.560308933258057,22.96404457092285,True,True,0.0,0.0
pilot-001-local-crossover,20260811T150801Z,2026-08-11T15:10:23.982173+00:00,363f479657c0,ok,,,cpu,cpu,8,65536,32,8,64,7,127.576547,,32876763.78323674,30.416619062423706,22.212583541870117,True,True,0.0,0.0
pilot-001-local-crossover,20260811T150801Z,2026-08-11T15:10:23.982173+00:00,363f479657c0,ok,,,cpu,cpu,8,65536,32,8,64,8,137.597278,,30482463.46849972,32.805747509002686,21.488155364990234,True,True,0.0,0.0
pilot-001-local-crossover,20260811T150801Z,2026-08-11T15:10:23.982173+00:00,363f479657c0,ok,,,cpu,cpu,8,65536,32,8,64,9,138.495508,,30284765.625755895,33.01990222930908,20.788818359375,True,True,0.0,0.0
pilot-001-local-crossover,20260811T150801Z,2026-08-11T15:10:25.364364+00:00,316628c423b6,ok,,,cpu,cpu,1,1048576,32,8,64,0,8238.078121,,8146179.608194078,122.75693000853062,28.092544555664062,False,True,3.457069396972656e-05,0.001776247750967741
pilot-001-local-crossover,20260811T150801Z,2026-08-11T15:10:25.364364+00:00,316628c423b6,ok,,,cpu,cpu,1,1048576,32,8,64,1,8449.389522,,7942451.206121588,125.90571525692938,27.245594024658203,False,True,3.457069396972656e-05,0.001776247750967741
pilot-001-local-crossover,20260811T150801Z,2026-08-11T15:10:25.364364+00:00,316628c423b6,ok,,,cpu,cpu,1,1048576,32,8,64,2,8674.667814,,7736188.34045649,129.26262339949608,26.425060272216797,False,True,3.457069396972656e-05,0.001776247750967741
pilot-001-local-crossover,20260811T150801Z,2026-08-11T15:10:25.364364+00:00,316628c423b6,ok,,,cpu,cpu,1,1048576,32,8,64,3,8390.552003,,7998146.483807688,125.02896790206434,25.628204345703125,False,True,3.457069396972656e-05,0.001776247750967741
pilot-001-local-crossover,20260811T150801Z,2026-08-11T15:10:25.364364+00:00,316628c423b6,ok,,,cpu,cpu,1,1048576,32,8,64,4,8406.587304,,7982890.270831832,125.2679125070572,24.856409072875977,False,True,3.457069396972656e-05,0.001776247750967741
pilot-001-local-crossover,20260811T150801Z,2026-08-11T15:10:25.364364+00:00,316628c423b6,ok,,,cpu,cpu,1,1048576,32,8,64,5,8439.801268,,7951474.432750826,125.76283913850783,24.106754302978516,False,True,3.457069396972656e-05,0.001776247750967741
pilot-001-local-crossover,20260811T150801Z,2026-08-11T15:10:25.364364+00:00,316628c423b6,ok,,,cpu,cpu,1,1048576,32,8,64,6,8445.730201,,7945892.469079122,125.85118712484837,23.379833221435547,False,True,3.457069396972656e-05,0.001776247750967741
pilot-001-local-crossover,20260811T150801Z,2026-08-11T15:10:25.364364+00:00,316628c423b6,ok,,,cpu,cpu,1,1048576,32,8,64,7,8403.527176,,7985797.224724773,125.22231304645538,22.672447204589844,False,True,3.457069396972656e-05,0.001776247750967741
pilot-001-local-crossover,20260811T150801Z,2026-08-11T15:10:25.364364+00:00,316628c423b6,ok,,,cpu,cpu,1,1048576,32,8,64,8,8427.386746,,7963187.880496021,125.57784834504128,21.985862731933594,False,True,3.457069396972656e-05,0.001776247750967741
pilot-001-local-crossover,20260811T150801Z,2026-08-11T15:10:25.364364+00:00,316628c423b6,ok,,,cpu,cpu,1,1048576,32,8,64,9,8490.311287,,7904170.027635407,126.51549707353115,21.32044219970703,False,True,3.457069396972656e-05,0.001776247750967741
pilot-001-local-crossover,20260811T150801Z,2026-08-11T15:11:51.926870+00:00,224606077681,ok,,,cpu,cpu,8,16384,32,1,64,0,10.390793,,100913953.34311827,9.909432411193848,27.950820922851562,True,True,0.0,0.0
pilot-001-local-crossover,20260811T150801Z,2026-08-11T15:11:51.926870+00:00,224606077681,ok,,,cpu,cpu,8,16384,32,1,64,1,10.218578,,102614669.08605091,9.745195388793945,26.99460792541504,True,True,0.0,0.0
pilot-001-local-crossover,20260811T150801Z,2026-08-11T15:11:51.926870+00:00,224606077681,ok,,,cpu,cpu,8,16384,32,1,64,2,10.339641,,101413192.1988394,9.860650062561035,26.06852912902832,True,True,0.0,0.0
pilot-001-local-crossover,20260811T150801Z,2026-08-11T15:11:51.926870+00:00,224606077681,ok,,,cpu,cpu,8,16384,32,1,64,3,31.666167,,33113448.81115545,30.199210166931152,25.171621322631836,True,True,0.0,0.0
pilot-001-local-crossover,20260811T150801Z,2026-08-11T15:11:51.926870+00:00,224606077681,ok,,,cpu,cpu,8,16384,32,1,64,4,19.500316,,53772256.81881258,18.59695053100586,24.302980422973633,True,True,0.0,0.0
pilot-001-local-crossover,20260811T150801Z,2026-08-11T15:11:51.926870+00:00,224606077681,ok,,,cpu,cpu,8,16384,32,1,64,5,10.240335,,102396650.10959114,9.765944480895996,23.46169662475586,True,True,0.0,0.0
pilot-001-local-crossover,20260811T150801Z,2026-08-11T15:11:51.926870+00:00,224606077681,ok,,,cpu,cpu,8,16384,32,1,64,6,10.124018,,103573107.04109772,9.65501594543457,22.646913528442383,True,True,0.0,0.0
pilot-001-local-crossover,20260811T150801Z,2026-08-11T15:11:51.926870+00:00,224606077681,ok,,,cpu,cpu,8,16384,32,1,64,7,10.265198,,102148638.53575937,9.789655685424805,21.857757568359375,True,True,0.0,0.0
pilot-001-local-crossover,20260811T150801Z,2026-08-11T15:11:51.926870+00:00,224606077681,ok,,,cpu,cpu,8,16384,32,1,64,8,10.280874,,101992885.04070762,9.804605484008789,21.093475341796875,True,True,0.0,0.0
pilot-001-local-crossover,20260811T150801Z,2026-08-11T15:11:51.926870+00:00,224606077681,ok,,,cpu,cpu,8,16384,32,1,64,9,11.221667,,93442088.41698831,10.701815605163574,20.353271484375,True,True,0.0,0.0
pilot-001-local-crossover,20260811T150801Z,2026-08-11T15:11:52.066316+00:00,74a7f1140936,ok,,,cpu,cpu,1,4096,8,8,64,0,10.329774,,25377515.519700624,39.40496063232422,-2.928821563720703,True,True,0.0,0.0
pilot-001-local-crossover,20260811T150801Z,2026-08-11T15:11:52.066316+00:00,74a7f1140936,ok,,,cpu,cpu,1,4096,8,8,64,1,10.365526,,25289985.283911303,39.541343688964844,-2.871377468109131,True,True,0.0,0.0
pilot-001-local-crossover,20260811T150801Z,2026-08-11T15:11:52.066316+00:00,74a7f1140936,ok,,,cpu,cpu,1,4096,8,8,64,2,10.229695,,25625788.45214838,39.023189544677734,-2.814405918121338,True,True,0.0,0.0
pilot-001-local-crossover,20260811T150801Z,2026-08-11T15:11:52.066316+00:00,74a7f1140936,ok,,,cpu,cpu,1,4096,8,8,64,3,10.196434,,25709380.357878055,38.89630889892578,-2.758856773376465,True,True,0.0,0.0
pilot-001-local-crossover,20260811T150801Z,2026-08-11T15:11:52.066316+00:00,74a7f1140936,ok,,,cpu,cpu,1,4096,8,8,64,4,11.404483,,22986048.556519397,43.5046501159668,-2.704800844192505,True,True,0.0,0.0
pilot-001-local-crossover,20260811T150801Z,2026-08-11T15:11:52.066316+00:00,74a7f1140936,ok,,,cpu,cpu,1,4096,8,8,64,5,10.710681,,24475007.704925578,40.85800552368164,-2.65122127532959,True,True,0.0,0.0
pilot-001-local-crossover,20260811T150801Z,2026-08-11T15:11:52.066316+00:00,74a7f1140936,ok,,,cpu,cpu,1,4096,8,8,64,6,10.510262,,24941718.86485798,40.093467712402344,-2.593959093093872,True,True,0.0,0.0
pilot-001-local-crossover,20260811T150801Z,2026-08-11T15:11:52.066316+00:00,74a7f1140936,ok,,,cpu,cpu,1,4096,8,8,64,7,10.678727,,24548244.374071926,40.73611068725586,-2.53568172454834,True,True,0.0,0.0
pilot-001-local-crossover,20260811T150801Z,2026-08-11T15:11:52.066316+00:00,74a7f1140936,ok,,,cpu,cpu,1,4096,8,8,64,8,10.69647,,24507524.444980446,40.803794860839844,-2.479234218597412,True,True,0.0,0.0
pilot-001-local-crossover,20260811T150801Z,2026-08-11T15:11:52.066316+00:00,74a7f1140936,ok,,,cpu,cpu,1,4096,8,8,64,9,10.595141,,24741907.634829964,40.41725540161133,-2.425436496734619,True,True,0.0,0.0
pilot-001-local-crossover,20260811T150801Z,2026-08-11T15:11:52.273715+00:00,dc357bf1e819,ok,,,eager-resident,cuda,,65536,32,1,64,0,34.143384,34.11395263671875,122843828.25088456,8.140417098999023,28.093610763549805,True,True,0.0,0.0
pilot-001-local-crossover,20260811T150801Z,2026-08-11T15:11:52.273715+00:00,dc357bf1e819,ok,,,eager-resident,cuda,,65536,32,1,64,1,33.985444,33.96332931518555,123414718.37178291,8.102761268615723,27.247554779052734,True,True,0.0,0.0
pilot-001-local-crossover,20260811T150801Z,2026-08-11T15:11:52.273715+00:00,dc357bf1e819,ok,,,eager-resident,cuda,,65536,32,1,64,2,33.83529,33.811073303222656,123962407.29723313,8.066961765289307,26.428152084350586,True,True,0.0,0.0
pilot-001-local-crossover,20260811T150801Z,2026-08-11T15:11:52.273715+00:00,dc357bf1e819,ok,,,eager-resident,cuda,,65536,32,1,64,3,33.820633,33.79875183105469,124016129.44382206,8.063467264175415,25.634532928466797,True,True,0.0,0.0
pilot-001-local-crossover,20260811T150801Z,2026-08-11T15:11:52.273715+00:00,dc357bf1e819,ok,,,eager-resident,cuda,,65536,32,1,64,4,33.870322,33.85094451904297,123834193.25036237,8.075314044952393,24.865915298461914,True,True,0.0,0.0
pilot-001-local-crossover,20260811T150801Z,2026-08-11T15:11:52.273715+00:00,dc357bf1e819,ok,,,eager-resident,cuda,,65536,32,1,64,5,33.831672,33.81097412109375,123975663.98728387,8.066099166870117,24.12151336669922,True,True,0.0,0.0
pilot-001-local-crossover,20260811T150801Z,2026-08-11T15:11:52.273715+00:00,dc357bf1e819,ok,,,eager-resident,cuda,,65536,32,1,64,6,31.335954,31.31475257873535,133849571.00715683,7.471073627471924,23.400550842285156,True,True,0.0,0.0
pilot-001-local-crossover,20260811T150801Z,2026-08-11T15:11:52.273715+00:00,dc357bf1e819,ok,,,eager-resident,cuda,,65536,32,1,64,7,30.691734,30.67251205444336,136659075.69771066,7.317479610443115,22.70230484008789,True,True,0.0,0.0
pilot-001-local-crossover,20260811T150801Z,2026-08-11T15:11:52.273715+00:00,dc357bf1e819,ok,,,eager-resident,cuda,,65536,32,1,64,8,30.697455,30.67692756652832,136633606.92278886,7.318843603134155,22.026046752929688,True,True,0.0,0.0
pilot-001-local-crossover,20260811T150801Z,2026-08-11T15:11:52.273715+00:00,dc357bf1e819,ok,,,eager-resident,cuda,,65536,32,1,64,9,30.830096,30.78054428100586,136045765.15103942,7.350467681884766,21.37110710144043,True,True,0.0,0.0
pilot-001-local-crossover,20260811T150801Z,2026-08-11T15:11:52.620502+00:00,33488724e3ec,ok,,,eager-resident,cuda,,4096,8,1,64,0,7.390133,7.345151901245117,35472162.67961619,28.191120147705078,-3.0778112411499023,True,True,0.0,0.0
pilot-001-local-crossover,20260811T150801Z,2026-08-11T15:11:52.620502+00:00,33488724e3ec,ok,,,eager-resident,cuda,,4096,8,1,64,1,7.473251,7.445824146270752,35077638.901730984,28.508190155029297,-3.1382431983947754,True,True,0.0,0.0
pilot-001-local-crossover,20260811T150801Z,2026-08-11T15:11:52.620502+00:00,33488724e3ec,ok,,,eager-resident,cuda,,4096,8,1,64,2,7.676624,7.649280071258545,34148344.37638212,29.28399658203125,-3.196776866912842,True,True,0.0,0.0
pilot-001-local-crossover,20260811T150801Z,2026-08-11T15:11:52.620502+00:00,33488724e3ec,ok,,,eager-resident,cuda,,4096,8,1,64,3,7.591049,7.5378241539001465,34533303.63168516,28.95755386352539,-3.2534704208374023,True,True,0.0,0.0
pilot-001-local-crossover,20260811T150801Z,2026-08-11T15:11:52.620502+00:00,33488724e3ec,ok,,,eager-resident,cuda,,4096,8,1,64,4,7.538587,7.5109758377075195,34773625.34915363,28.757427215576172,-3.308377265930176,True,True,0.0,0.0
pilot-001-local-crossover,20260811T150801Z,2026-08-11T15:11:52.620502+00:00,33488724e3ec,ok,,,eager-resident,cuda,,4096,8,1,64,5,7.516707,7.490528106689453,34874846.12610283,28.673961639404297,-3.3615598678588867,True,True,0.0,0.0
pilot-001-local-crossover,20260811T150801Z,2026-08-11T15:11:52.620502+00:00,33488724e3ec,ok,,,eager-resident,cuda,,4096,8,1,64,6,7.176837,7.150879859924316,36526397.35304006,27.377460479736328,-3.4130754470825195,True,True,0.0,0.0
pilot-001-local-crossover,20260811T150801Z,2026-08-11T15:11:52.620502+00:00,33488724e3ec,ok,,,eager-resident,cuda,,4096,8,1,64,7,7.130136,7.103744029998779,36765638.13088558,27.199310302734375,-3.462961196899414,True,True,0.0,0.0
pilot-001-local-crossover,20260811T150801Z,2026-08-11T15:11:52.620502+00:00,33488724e3ec,ok,,,eager-resident,cuda,,4096,8,1,64,8,7.538957,7.51200008392334,34771918.71501589,28.758838653564453,-3.5112791061401367,True,True,0.0,0.0
pilot-001-local-crossover,20260811T150801Z,2026-08-11T15:11:52.620502+00:00,33488724e3ec,ok,,,eager-resident,cuda,,4096,8,1,64,9,7.341313,7.314720153808594,35708053.859030396,28.004886627197266,-3.558065414428711,True,True,0.0,0.0
pilot-001-local-crossover,20260811T150801Z,2026-08-11T15:11:52.698253+00:00,c116128351ab,ok,,,graph-resident,cuda,,1048576,32,1,64,0,473.664773,473.59307861328125,141680082.2551353,7.058155134320259,25.18655014038086,True,True,0.0,0.0
pilot-001-local-crossover,20260811T150801Z,2026-08-11T15:11:52.698253+00:00,c116128351ab,ok,,,graph-resident,cuda,,1048576,32,1,64,1,473.568961,473.5119323730469,141708746.8281098,7.056727424263954,24.321107864379883,True,True,0.0,0.0
pilot-001-local-crossover,20260811T150801Z,2026-08-11T15:11:52.698253+00:00,c116128351ab,ok,,,graph-resident,cuda,,1048576,32,1,64,2,473.640332,473.5841064453125,141687393.29403225,7.05779093503952,23.482940673828125,True,True,0.0,0.0
pilot-001-local-crossover,20260811T150801Z,2026-08-11T15:11:52.698253+00:00,c116128351ab,ok,,,graph-resident,cuda,,1048576,32,1,64,3,473.588843,473.5341796875,141702797.67338187,7.05702368915081,22.67117691040039,True,True,0.0,0.0
pilot-001-local-crossover,20260811T150801Z,2026-08-11T15:11:52.698253+00:00,c116128351ab,ok,,,graph-resident,cuda,,1048576,32,1,64,4,473.629679,473.5715637207031,141690580.16315737,7.057632192969322,21.884990692138672,True,True,0.0,0.0
pilot-001-local-crossover,20260811T150801Z,2026-08-11T15:11:52.698253+00:00,c116128351ab,ok,,,graph-resident,cuda,,1048576,32,1,64,5,473.621945,473.5643310546875,141692893.8966289,7.057516947388649,21.123584747314453,True,True,0.0,0.0
pilot-001-local-crossover,20260811T150801Z,2026-08-11T15:11:52.698253+00:00,c116128351ab,ok,,,graph-resident,cuda,,1048576,32,1,64,6,473.599338,473.54058837890625,141699657.52781522,7.05718007683754,20.38614845275879,True,True,0.0,0.0
pilot-001-local-crossover,20260811T150801Z,2026-08-11T15:11:52.698253+00:00,c116128351ab,ok,,,graph-resident,cuda,,1048576,32,1,64,7,473.645036,473.5910949707031,141685986.12738338,7.057861030101776,19.671945571899414,True,True,0.0,0.0
pilot-001-local-crossover,20260811T150801Z,2026-08-11T15:11:52.698253+00:00,c116128351ab,ok,,,graph-resident,cuda,,1048576,32,1,64,8,473.578737,473.52410888671875,141705821.56014323,7.056873098015785,18.980255126953125,True,True,0.0,0.0
pilot-001-local-crossover,20260811T150801Z,2026-08-11T15:11:52.698253+00:00,c116128351ab,ok,,,graph-resident,cuda,,1048576,32,1,64,9,473.589946,473.5355529785156,141702467.64486846,7.057040125131607,18.310335159301758,True,True,0.0,0.0
pilot-001-local-crossover,20260811T150801Z,2026-08-11T15:11:59.146264+00:00,32c2e65c4407,ok,,,eager-host-visible,cuda,,262144,8,1,64,0,73.161496,73.11968231201172,229317563.4352802,4.360764980316162,-3.0653796195983887,True,True,0.0,0.0
pilot-001-local-crossover,20260811T150801Z,2026-08-11T15:11:59.146264+00:00,32c2e65c4407,ok,,,eager-host-visible,cuda,,262144,8,1,64,1,73.893862,73.8526382446289,227044784.85642013,4.404417395591736,-3.116209030151367,True,True,0.0,0.0
pilot-001-local-crossover,20260811T150801Z,2026-08-11T15:11:59.146264+00:00,32c2e65c4407,ok,,,eager-host-visible,cuda,,262144,8,1,64,2,73.337031,73.29695892333984,228768683.04090467,4.37122768163681,-3.165440082550049,True,True,0.0,0.0
pilot-001-local-crossover,20260811T150801Z,2026-08-11T15:11:59.146264+00:00,32c2e65c4407,ok,,,eager-host-visible,cuda,,262144,8,1,64,3,73.836625,73.79388427734375,227220786.43220758,4.401005804538727,-3.2131385803222656,True,True,0.0,0.0
pilot-001-local-crossover,20260811T150801Z,2026-08-11T15:11:59.146264+00:00,32c2e65c4407,ok,,,eager-host-visible,cuda,,262144,8,1,64,4,73.29399,73.25196838378906,228903024.65454537,4.368662238121033,-3.259335517883301,True,True,0.0,0.0
pilot-001-local-crossover,20260811T150801Z,2026-08-11T15:11:59.146264+00:00,32c2e65c4407,ok,,,eager-host-visible,cuda,,262144,8,1,64,5,73.24096,73.20079803466797,229068761.52360645,4.365501403808594,-3.3040852546691895,True,True,0.0,0.0
pilot-001-local-crossover,20260811T150801Z,2026-08-11T15:11:59.146264+00:00,32c2e65c4407,ok,,,eager-host-visible,cuda,,262144,8,1,64,6,73.733081,73.69120025634766,227539874.53745493,4.394834101200104,-3.3474321365356445,True,True,0.0,0.0
pilot-001-local-crossover,20260811T150801Z,2026-08-11T15:11:59.146264+00:00,32c2e65c4407,ok,,,eager-host-visible,cuda,,262144,8,1,64,7,73.837989,73.79686737060547,227216589.01084104,4.4010871052742,-3.3894195556640625,True,True,0.0,0.0
pilot-001-local-crossover,20260811T150801Z,2026-08-11T15:11:59.146264+00:00,32c2e65c4407,ok,,,eager-host-visible,cuda,,262144,8,1,64,8,73.665821,73.62413024902344,227747628.03498793,4.390825092792511,-3.430083751678467,True,True,0.0,0.0
pilot-001-local-crossover,20260811T150801Z,2026-08-11T15:11:59.146264+00:00,32c2e65c4407,ok,,,eager-host-visible,cuda,,262144,8,1,64,9,73.157474,73.12108612060547,229330170.69452125,4.3605252504348755,-3.469475746154785,True,True,0.0,0.0
pilot-001-local-crossover,20260811T150801Z,2026-08-11T15:11:59.906470+00:00,3b87e09214b4,ok,,,graph-resident,cuda,,256,32,1,64,0,1.200432,1.1776000261306763,13648419.902168553,73.2685546875,25.194555282592773,True,True,0.0,0.0
pilot-001-local-crossover,20260811T150801Z,2026-08-11T15:11:59.906470+00:00,3b87e09214b4,ok,,,graph-resident,cuda,,256,32,1,64,1,1.198472,1.1792000532150269,13670740.743213026,73.14892578125,24.330869674682617,True,True,0.0,0.0
pilot-001-local-crossover,20260811T150801Z,2026-08-11T15:11:59.906470+00:00,3b87e09214b4,ok,,,graph-resident,cuda,,256,32,1,64,2,1.194754,1.1772799491882324,13713283.236549113,72.9219970703125,23.494403839111328,True,True,0.0,0.0
pilot-001-local-crossover,20260811T150801Z,2026-08-11T15:11:59.906470+00:00,3b87e09214b4,ok,,,graph-resident,cuda,,256,32,1,64,3,1.194256,1.1774719953536987,13719001.621092966,72.8916015625,22.684295654296875,True,True,0.0,0.0
pilot-001-local-crossover,20260811T150801Z,2026-08-11T15:11:59.906470+00:00,3b87e09214b4,ok,,,graph-resident,cuda,,256,32,1,64,4,1.193461,1.177024006843567,13728140.257620484,72.84307861328125,21.899728775024414,True,True,0.0,0.0
pilot-001-local-crossover,20260811T150801Z,2026-08-11T15:11:59.906470+00:00,3b87e09214b4,ok,,,graph-resident,cuda,,256,32,1,64,5,1.193392,1.1768640279769897,13728933.996540952,72.8388671875,21.139862060546875,True,True,0.0,0.0
pilot-001-local-crossover,20260811T150801Z,2026-08-11T15:11:59.906470+00:00,3b87e09214b4,ok,,,graph-resident,cuda,,256,32,1,64,6,1.193016,1.1769599914550781,13733260.911840243,72.81591796875,20.403932571411133,True,True,0.0,0.0
pilot-001-local-crossover,20260811T150801Z,2026-08-11T15:11:59.906470+00:00,3b87e09214b4,ok,,,graph-resident,cuda,,256,32,1,64,7,1.193064,1.1769280433654785,13732708.387814904,72.81884765625,19.691194534301758,True,True,0.0,0.0
pilot-001-local-crossover,20260811T150801Z,2026-08-11T15:11:59.906470+00:00,3b87e09214b4,ok,,,graph-resident,cuda,,256,32,1,64,8,1.193178,1.1772799491882324,13731396.32142061,72.8258056640625,19.00091552734375,True,True,0.0,0.0
pilot-001-local-crossover,20260811T150801Z,2026-08-11T15:11:59.906470+00:00,3b87e09214b4,ok,,,graph-resident,cuda,,256,32,1,64,9,1.192517,1.1766719818115234,13739007.494232785,72.78546142578125,18.332395553588867,True,True,0.0,0.0
pilot-001-local-crossover,20260811T150801Z,2026-08-11T15:11:59.933496+00:00,59a5b72fbc5f,ok,,,cpu,cpu,8,262144,8,8,64,0,315.235772,,53221168.05956908,18.78951621055603,-2.8346705436706543,True,True,0.0,0.0
pilot-001-local-crossover,20260811T150801Z,2026-08-11T15:11:59.933496+00:00,59a5b72fbc5f,ok,,,cpu,cpu,8,262144,8,8,64,1,279.548138,,60015481.126188,16.662367463111877,-2.7074451446533203,True,True,0.0,0.0
pilot-001-local-crossover,20260811T150801Z,2026-08-11T15:11:59.933496+00:00,59a5b72fbc5f,ok,,,cpu,cpu,8,262144,8,8,64,2,296.684853,,56548946.90562447,17.683795273303986,-2.5869688987731934,True,True,0.0,0.0
pilot-001-local-crossover,20260811T150801Z,2026-08-11T15:11:59.933496+00:00,59a5b72fbc5f,ok,,,cpu,cpu,8,262144,8,8,64,3,286.27291,,58605671.07100702,17.06319510936737,-2.472372055053711,True,True,0.0,0.0
pilot-001-local-crossover,20260811T150801Z,2026-08-11T15:11:59.933496+00:00,59a5b72fbc5f,ok,,,cpu,cpu,8,262144,8,8,64,4,432.075863,,38829329.37635537,25.753728330135345,-2.361659526824951,True,True,0.0,0.0
pilot-001-local-crossover,20260811T150801Z,2026-08-11T15:11:59.933496+00:00,59a5b72fbc5f,ok,,,cpu,cpu,8,262144,8,8,64,5,301.420794,,55660446.57157927,17.966079354286194,-2.255164861679077,True,True,0.0,0.0
pilot-001-local-crossover,20260811T150801Z,2026-08-11T15:11:59.933496+00:00,59a5b72fbc5f,ok,,,cpu,cpu,8,262144,8,8,64,6,321.607872,,52166683.283175364,19.169322967529297,-2.1537108421325684,True,True,0.0,0.0
pilot-001-local-crossover,20260811T150801Z,2026-08-11T15:11:59.933496+00:00,59a5b72fbc5f,ok,,,cpu,cpu,8,262144,8,8,64,7,314.819303,,53291573.420451924,18.764692723751068,-2.05989146232605,True,True,0.0,0.0
pilot-001-local-crossover,20260811T150801Z,2026-08-11T15:11:59.933496+00:00,59a5b72fbc5f,ok,,,cpu,cpu,8,262144,8,8,64,8,299.277725,,56059020.09579898,17.838342487812042,-1.9729514122009277,True,True,0.0,0.0
pilot-001-local-crossover,20260811T150801Z,2026-08-11T15:11:59.933496+00:00,59a5b72fbc5f,ok,,,cpu,cpu,8,262144,8,8,64,9,281.992866,,59495178.86030492,16.80808460712433,-1.8915014266967773,True,True,0.0,0.0
pilot-001-local-crossover,20260811T150801Z,2026-08-11T15:12:03.139560+00:00,e18a2c50f202,ok,,,cpu,cpu,1,65536,32,1,64,0,181.00005,,23172943.874877382,43.15377473831177,28.093616485595703,True,True,0.0,0.0
pilot-001-local-crossover,20260811T150801Z,2026-08-11T15:12:03.139560+00:00,e18a2c50f202,ok,,,cpu,cpu,1,65536,32,1,64,1,203.836683,,20576786.956447873,48.59845232963562,27.247560501098633,True,True,0.0,0.0
pilot-001-local-crossover,20260811T150801Z,2026-08-11T15:12:03.139560+00:00,e18a2c50f202,ok,,,cpu,cpu,1,65536,32,1,64,2,215.66056,,19448637.247348335,51.417484283447266,26.428152084350586,True,True,0.0,0.0
pilot-001-local-crossover,20260811T150801Z,2026-08-11T15:12:03.139560+00:00,e18a2c50f202,ok,,,cpu,cpu,1,65536,32,1,64,3,187.820193,,22331485.944112517,44.779823541641235,25.634532928466797,True,True,0.0,0.0
pilot-001-local-crossover,20260811T150801Z,2026-08-11T15:12:03.139560+00:00,e18a2c50f202,ok,,,cpu,cpu,1,65536,32,1,64,4,178.432578,,23506380.09612796,42.54164171218872,24.865921020507812,True,True,0.0,0.0
pilot-001-local-crossover,20260811T150801Z,2026-08-11T15:12:03.139560+00:00,e18a2c50f202,ok,,,cpu,cpu,1,65536,32,1,64,5,185.371437,,22626484.79118172,44.19599461555481,24.121517181396484,True,True,0.0,0.0
pilot-001-local-crossover,20260811T150801Z,2026-08-11T15:12:03.139560+00:00,e18a2c50f202,ok,,,cpu,cpu,1,65536,32,1,64,6,178.542951,,23491848.748484056,42.5679566860199,23.40054702758789,True,True,0.0,0.0
pilot-001-local-crossover,20260811T150801Z,2026-08-11T15:12:03.139560+00:00,e18a2c50f202,ok,,,cpu,cpu,1,65536,32,1,64,7,197.655676,,21220255.774491392,47.12478542327881,22.70230484008789,True,True,0.0,0.0
pilot-001-local-crossover,20260811T150801Z,2026-08-11T15:12:03.139560+00:00,e18a2c50f202,ok,,,cpu,cpu,1,65536,32,1,64,8,198.712306,,21107419.4871454,47.37670564651489,22.02604103088379,True,True,0.0,0.0
pilot-001-local-crossover,20260811T150801Z,2026-08-11T15:12:03.139560+00:00,e18a2c50f202,ok,,,cpu,cpu,1,65536,32,1,64,9,178.521217,,23494708.754982326,42.562774896621704,21.371109008789062,True,True,0.0,0.0
pilot-001-local-crossover,20260811T150801Z,2026-08-11T15:12:05.100137+00:00,dc51dcf3afef,ok,,,cpu,cpu,8,262144,8,1,64,0,262.94283,,63805565.64329972,15.672613978385927,-3.0653767585754395,True,True,0.0,0.0
pilot-001-local-crossover,20260811T150801Z,2026-08-11T15:12:05.100137+00:00,dc51dcf3afef,ok,,,cpu,cpu,8,262144,8,1,64,1,261.038966,,64270925.74370678,15.559134840965273,-3.116208076477051,True,True,0.0,0.0
pilot-001-local-crossover,20260811T150801Z,2026-08-11T15:12:05.100137+00:00,dc51dcf3afef,ok,,,cpu,cpu,8,262144,8,1,64,2,258.072958,,65009585.39019032,15.382346987724306,-3.1654410362243652,True,True,0.0,0.0
pilot-001-local-crossover,20260811T150801Z,2026-08-11T15:12:05.100137+00:00,dc51dcf3afef,ok,,,cpu,cpu,8,262144,8,1,64,3,254.833611,,65835962.27422292,15.189266860485077,-3.2131383419036865,True,True,0.0,0.0
pilot-001-local-crossover,20260811T150801Z,2026-08-11T15:12:05.100137+00:00,dc51dcf3afef,ok,,,cpu,cpu,8,262144,8,1,64,4,285.596114,,58744552.80578502,17.022854924201965,-3.259335517883301,True,True,0.0,0.0
pilot-001-local-crossover,20260811T150801Z,2026-08-11T15:12:05.100137+00:00,dc51dcf3afef,ok,,,cpu,cpu,8,262144,8,1,64,5,263.520924,,63665593.40084889,15.707071065902708,-3.304084300994873,True,True,0.0,0.0
pilot-001-local-crossover,20260811T150801Z,2026-08-11T15:12:05.100137+00:00,dc51dcf3afef,ok,,,cpu,cpu,8,262144,8,1,64,6,254.039719,,66041704.28955639,15.141947209835052,-3.3474318981170654,True,True,0.0,0.0
pilot-001-local-crossover,20260811T150801Z,2026-08-11T15:12:05.100137+00:00,dc51dcf3afef,ok,,,cpu,cpu,8,262144,8,1,64,7,286.334374,,58593090.88750902,17.066858649253845,-3.3894190788269043,True,True,0.0,0.0
pilot-001-local-crossover,20260811T150801Z,2026-08-11T15:12:05.100137+00:00,dc51dcf3afef,ok,,,cpu,cpu,8,262144,8,1,64,8,339.501434,,49417216.894583136,20.235862374305725,-3.430083751678467,True,True,0.0,0.0
pilot-001-local-crossover,20260811T150801Z,2026-08-11T15:12:05.100137+00:00,dc51dcf3afef,ok,,,cpu,cpu,8,262144,8,1,64,9,257.831338,,65070507.449331075,15.367945313453676,-3.469475746154785,True,True,0.0,0.0
pilot-001-local-crossover,20260811T150801Z,2026-08-11T15:12:07.906071+00:00,db7acd3e378d,ok,,,cpu,cpu,1,262144,32,1,64,0,1789.25412,,9376653.552151663,106.64785623550415,28.067096710205078,True,True,0.0,0.0
pilot-001-local-crossover,20260811T150801Z,2026-08-11T15:12:07.906071+00:00,db7acd3e378d,ok,,,cpu,cpu,1,262144,32,1,64,1,1838.358879,,9126191.948509093,109.57472795248032,27.200592041015625,True,True,0.0,0.0
pilot-001-local-crossover,20260811T150801Z,2026-08-11T15:12:07.906071+00:00,db7acd3e378d,ok,,,cpu,cpu,1,262144,32,1,64,2,1843.843048,,9099047.78402809,109.90160989761353,26.36141014099121,True,True,0.0,0.0
pilot-001-local-crossover,20260811T150801Z,2026-08-11T15:12:07.906071+00:00,db7acd3e378d,ok,,,cpu,cpu,1,262144,32,1,64,3,1848.359683,,9076813.433178525,110.17082232236862,25.548635482788086,True,True,0.0,0.0
pilot-001-local-crossover,20260811T150801Z,2026-08-11T15:12:07.906071+00:00,db7acd3e378d,ok,,,cpu,cpu,1,262144,32,1,64,4,1823.616963,,9199967.065671565,108.69604128599167,24.761499404907227,True,True,0.0,0.0
pilot-001-local-crossover,20260811T150801Z,2026-08-11T15:12:07.906071+00:00,db7acd3e378d,ok,,,cpu,cpu,1,262144,32,1,64,5,1819.505766,,9220754.511200598,108.45099484920502,23.999141693115234,True,True,0.0,0.0
pilot-001-local-crossover,20260811T150801Z,2026-08-11T15:12:07.906071+00:00,db7acd3e378d,ok,,,cpu,cpu,1,262144,32,1,64,6,1930.931981,,8688662.348070562,115.09251481294632,23.260780334472656,True,True,0.0,0.0
pilot-001-local-crossover,20260811T150801Z,2026-08-11T15:12:07.906071+00:00,db7acd3e378d,ok,,,cpu,cpu,1,262144,32,1,64,7,1907.054857,,8797448.032718021,113.66932731866837,22.54568862915039,True,True,0.0,0.0
pilot-001-local-crossover,20260811T150801Z,2026-08-11T15:12:07.906071+00:00,db7acd3e378d,ok,,,cpu,cpu,1,262144,32,1,64,8,1853.008063,,9054043.711411525,110.44788736104965,21.853107452392578,True,True,0.0,0.0
pilot-001-local-crossover,20260811T150801Z,2026-08-11T15:12:07.906071+00:00,db7acd3e378d,ok,,,cpu,cpu,1,262144,32,1,64,9,1793.795873,,9352912.587507106,106.91856580972672,21.18234634399414,True,True,0.0,0.0
pilot-001-local-crossover,20260811T150801Z,2026-08-11T15:12:27.239506+00:00,240b6e19564e,ok,,,cpu,cpu,1,262144,32,8,64,0,1982.343408,,8463324.735912759,118.15687465667725,28.028345108032227,True,True,0.0,0.0
pilot-001-local-crossover,20260811T150801Z,2026-08-11T15:12:27.239506+00:00,240b6e19564e,ok,,,cpu,cpu,1,262144,32,8,64,1,1996.001297,,8405413.375841107,118.97094827890396,27.12969970703125,True,True,0.0,0.0
pilot-001-local-crossover,20260811T150801Z,2026-08-11T15:12:27.239506+00:00,240b6e19564e,ok,,,cpu,cpu,1,262144,32,8,64,2,1988.35568,,8437733.836433128,118.51523399353027,26.26580810546875,True,True,0.0,0.0
pilot-001-local-crossover,20260811T150801Z,2026-08-11T15:12:27.239506+00:00,240b6e19564e,ok,,,cpu,cpu,1,262144,32,8,64,3,2001.570855,,8382024.527430482,119.3029198050499,25.43021011352539,True,True,0.0,0.0
pilot-001-local-crossover,20260811T150801Z,2026-08-11T15:12:27.239506+00:00,240b6e19564e,ok,,,cpu,cpu,1,262144,32,8,64,4,2013.029987,,8334310.024364282,119.98593729734421,24.618986129760742,True,True,0.0,0.0
pilot-001-local-crossover,20260811T150801Z,2026-08-11T15:12:27.239506+00:00,240b6e19564e,ok,,,cpu,cpu,1,262144,32,8,64,5,2001.549289,,8382114.840840174,119.30163437128067,23.832834243774414,True,True,0.0,0.0
pilot-001-local-crossover,20260811T150801Z,2026-08-11T15:12:27.239506+00:00,240b6e19564e,ok,,,cpu,cpu,1,262144,32,8,64,6,2001.315359,,8383094.610528096,119.28769105672836,23.071386337280273,True,True,0.0,0.0
pilot-001-local-crossover,20260811T150801Z,2026-08-11T15:12:27.239506+00:00,240b6e19564e,ok,,,cpu,cpu,1,262144,32,8,64,7,2009.164984,,8350342.621738624,119.75556516647339,22.341970443725586,True,True,0.0,0.0
pilot-001-local-crossover,20260811T150801Z,2026-08-11T15:12:27.239506+00:00,240b6e19564e,ok,,,cpu,cpu,1,262144,32,8,64,8,2002.823319,,8376782.834931632,119.37757247686386,21.642478942871094,True,True,0.0,0.0
pilot-001-local-crossover,20260811T150801Z,2026-08-11T15:12:27.239506+00:00,240b6e19564e,ok,,,cpu,cpu,1,262144,32,8,64,9,2011.13289,,8342171.75971897,119.87286150455475,20.967693328857422,True,True,0.0,0.0
pilot-001-local-crossover,20260811T150801Z,2026-08-11T15:12:47.789668+00:00,0c9e6721a587,ok,,,eager-resident,cuda,,262144,8,1,64,0,67.459426,67.42806243896484,248700841.30274105,4.0208951234817505,-3.0653796195983887,True,True,0.0,0.0
pilot-001-local-crossover,20260811T150801Z,2026-08-11T15:12:47.789668+00:00,0c9e6721a587,ok,,,eager-resident,cuda,,262144,8,1,64,1,66.970409,66.94729614257812,250516851.40522283,3.9917474389076233,-3.116209030151367,True,True,0.0,0.0
pilot-001-local-crossover,20260811T150801Z,2026-08-11T15:12:47.789668+00:00,0c9e6721a587,ok,,,eager-resident,cuda,,262144,8,1,64,2,66.804273,66.77839660644531,251139863.46352425,3.9818449616432186,-3.165440082550049,True,True,0.0,0.0
pilot-001-local-crossover,20260811T150801Z,2026-08-11T15:12:47.789668+00:00,0c9e6721a587,ok,,,eager-resident,cuda,,262144,8,1,64,3,58.801037,58.77580642700195,285321770.7708114,3.504814922809601,-3.2131385803222656,True,True,0.0,0.0
pilot-001-local-crossover,20260811T150801Z,2026-08-11T15:12:47.789668+00:00,0c9e6721a587,ok,,,eager-resident,cuda,,262144,8,1,64,4,57.936539,57.91276931762695,289579189.39548665,3.453286826610565,-3.259335517883301,True,True,0.0,0.0
pilot-001-local-crossover,20260811T150801Z,2026-08-11T15:12:47.789668+00:00,0c9e6721a587,ok,,,eager-resident,cuda,,262144,8,1,64,5,57.739197,57.71459197998047,290568918.02634525,3.4415243268013,-3.3040852546691895,True,True,0.0,0.0
pilot-001-local-crossover,20260811T150801Z,2026-08-11T15:12:47.789668+00:00,0c9e6721a587,ok,,,eager-resident,cuda,,262144,8,1,64,6,57.692739,57.67001724243164,290802903.29082835,3.438755214214325,-3.3474321365356445,True,True,0.0,0.0
pilot-001-local-crossover,20260811T150801Z,2026-08-11T15:12:47.789668+00:00,0c9e6721a587,ok,,,eager-resident,cuda,,262144,8,1,64,7,57.547615,57.52399826049805,291536252.19741946,3.430105149745941,-3.3894195556640625,True,True,0.0,0.0
pilot-001-local-crossover,20260811T150801Z,2026-08-11T15:12:47.789668+00:00,0c9e6721a587,ok,,,eager-resident,cuda,,262144,8,1,64,8,57.493472,57.42710494995117,291810798.97209895,3.426877975463867,-3.430083751678467,True,True,0.0,0.0
pilot-001-local-crossover,20260811T150801Z,2026-08-11T15:12:47.789668+00:00,0c9e6721a587,ok,,,eager-resident,cuda,,262144,8,1,64,9,57.484965,57.46012878417969,291853983.03712976,3.426370918750763,-3.469475746154785,True,True,0.0,0.0
pilot-001-local-crossover,20260811T150801Z,2026-08-11T15:12:48.466719+00:00,b75ccae1c4eb,ok,,,eager-host-visible,cuda,,256,8,1,64,0,8.275783,8.247136116027832,1979752.2482162714,505.1137084960938,-2.878509998321533,True,True,0.0,0.0
pilot-001-local-crossover,20260811T150801Z,2026-08-11T15:12:48.466719+00:00,b75ccae1c4eb,ok,,,eager-host-visible,cuda,,256,8,1,64,1,8.37743,8.3504638671875,1955731.0535569978,511.3177490234375,-2.785147190093994,True,True,0.0,0.0
pilot-001-local-crossover,20260811T150801Z,2026-08-11T15:12:48.466719+00:00,b75ccae1c4eb,ok,,,eager-host-visible,cuda,,256,8,1,64,2,8.378751,8.351807594299316,1955422.7115712115,511.3983764648437,-2.694735050201416,True,True,0.0,0.0
pilot-001-local-crossover,20260811T150801Z,2026-08-11T15:12:48.466719+00:00,b75ccae1c4eb,ok,,,eager-host-visible,cuda,,256,8,1,64,3,8.466352,8.439616203308105,1935190.0322594666,516.7451171875,-2.607166290283203,True,True,0.0,0.0
pilot-001-local-crossover,20260811T150801Z,2026-08-11T15:12:48.466719+00:00,b75ccae1c4eb,ok,,,eager-host-visible,cuda,,256,8,1,64,4,8.360993,8.335328102111816,1959575.8542077476,510.3145141601563,-2.522346019744873,True,True,0.0,0.0
pilot-001-local-crossover,20260811T150801Z,2026-08-11T15:12:48.466719+00:00,b75ccae1c4eb,ok,,,eager-host-visible,cuda,,256,8,1,64,5,8.930606,8.902463912963867,1834589.9483192968,545.0809326171875,-2.4401907920837402,True,True,0.0,0.0
pilot-001-local-crossover,20260811T150801Z,2026-08-11T15:12:48.466719+00:00,b75ccae1c4eb,ok,,,eager-host-visible,cuda,,256,8,1,64,6,8.305414,8.279104232788086,1972689.1398791196,506.92224121093756,-2.360630989074707,True,True,0.0,0.0
pilot-001-local-crossover,20260811T150801Z,2026-08-11T15:12:48.466719+00:00,b75ccae1c4eb,ok,,,eager-host-visible,cuda,,256,8,1,64,7,8.638441,8.612383842468262,1896638.5254005902,527.2485961914062,-2.2835631370544434,True,True,0.0,0.0
pilot-001-local-crossover,20260811T150801Z,2026-08-11T15:12:48.466719+00:00,b75ccae1c4eb,ok,,,eager-host-visible,cuda,,256,8,1,64,8,8.743589,8.717056274414062,1873830.0713814432,533.6663208007812,-2.2089219093322754,True,True,0.0,0.0
pilot-001-local-crossover,20260811T150801Z,2026-08-11T15:12:48.466719+00:00,b75ccae1c4eb,ok,,,eager-host-visible,cuda,,256,8,1,64,9,8.44402,8.41808032989502,1940308.052325788,515.382080078125,-2.13663911819458,True,True,0.0,0.0
pilot-001-local-crossover,20260811T150801Z,2026-08-11T15:12:48.554755+00:00,c94b9771b3fe,ok,,,graph-resident,cuda,,256,32,8,64,0,1.216971,1.1939200162887573,13462933.792177463,74.27801513671875,25.293296813964844,True,True,0.0,0.0
pilot-001-local-crossover,20260811T150801Z,2026-08-11T15:12:48.554755+00:00,c94b9771b3fe,ok,,,graph-resident,cuda,,256,32,8,64,1,1.21375,1.1959680318832397,13498661.174047371,74.0814208984375,24.456317901611328,True,True,0.0,0.0
pilot-001-local-crossover,20260811T150801Z,2026-08-11T15:12:48.554755+00:00,c94b9771b3fe,ok,,,graph-resident,cuda,,256,32,8,64,2,1.21062,1.1928960084915161,13533561.315689482,73.890380859375,23.648353576660156,True,True,0.0,0.0
pilot-001-local-crossover,20260811T150801Z,2026-08-11T15:12:48.554755+00:00,c94b9771b3fe,ok,,,graph-resident,cuda,,256,32,8,64,3,1.209792,1.1929279565811157,13542823.89038777,73.83984375,22.86499786376953,True,True,0.0,0.0
pilot-001-local-crossover,20260811T150801Z,2026-08-11T15:12:48.554755+00:00,c94b9771b3fe,ok,,,graph-resident,cuda,,256,32,8,64,4,1.210034,1.1937919855117798,13540115.401715985,73.8546142578125,22.10663604736328,True,True,0.0,0.0
pilot-001-local-crossover,20260811T150801Z,2026-08-11T15:12:48.554755+00:00,c94b9771b3fe,ok,,,graph-resident,cuda,,256,32,8,64,5,1.208766,1.1927679777145386,13554319.03279874,73.7772216796875,21.37319564819336,True,True,0.0,0.0
pilot-001-local-crossover,20260811T150801Z,2026-08-11T15:12:48.554755+00:00,c94b9771b3fe,ok,,,graph-resident,cuda,,256,32,8,64,6,1.209241,1.1931840181350708,13548994.782677729,73.80621337890625,20.662372589111328,True,True,0.0,0.0
pilot-001-local-crossover,20260811T150801Z,2026-08-11T15:12:48.554755+00:00,c94b9771b3fe,ok,,,graph-resident,cuda,,256,32,8,64,7,1.209918,1.1940159797668457,13541413.550339773,73.8475341796875,19.973949432373047,True,True,0.0,0.0
pilot-001-local-crossover,20260811T150801Z,2026-08-11T15:12:48.554755+00:00,c94b9771b3fe,ok,,,graph-resident,cuda,,256,32,8,64,8,1.209715,1.1929919719696045,13543685.909491077,73.83514404296875,19.306812286376953,True,True,0.0,0.0
pilot-001-local-crossover,20260811T150801Z,2026-08-11T15:12:48.554755+00:00,c94b9771b3fe,ok,,,graph-resident,cuda,,256,32,8,64,9,1.223368,1.2071360349655151,13392536.015328174,74.66845703125,18.660465240478516,True,True,0.0,0.0
pilot-001-local-crossover,20260811T150801Z,2026-08-11T15:12:48.582105+00:00,161d3d8b31b0,ok,,,cpu,cpu,1,1048576,32,1,64,0,7621.696449,,8804977.27101228,113.57212735712528,27.955455780029297,True,True,0.0,0.0
pilot-001-local-crossover,20260811T150801Z,2026-08-11T15:12:48.582105+00:00,161d3d8b31b0,ok,,,cpu,cpu,1,1048576,32,1,64,1,7582.821165,,8850118.252788834,112.99284048378468,27.002790451049805,True,True,0.0,0.0
pilot-001-local-crossover,20260811T150801Z,2026-08-11T15:12:48.582105+00:00,161d3d8b31b0,ok,,,cpu,cpu,1,1048576,32,1,64,2,7600.652002,,8829356.216064265,113.2585406601429,26.080141067504883,True,True,0.0,0.0
pilot-001-local-crossover,20260811T150801Z,2026-08-11T15:12:48.582105+00:00,161d3d8b31b0,ok,,,cpu,cpu,1,1048576,32,1,64,3,7668.619878,,8751100.597973855,114.27134093642235,25.186553955078125,True,True,0.0,0.0
pilot-001-local-crossover,20260811T150801Z,2026-08-11T15:12:48.582105+00:00,161d3d8b31b0,ok,,,cpu,cpu,1,1048576,32,1,64,4,7584.247199,,8848454.202395784,113.01409004628658,24.32110595703125,True,True,0.0,0.0
pilot-001-local-crossover,20260811T150801Z,2026-08-11T15:12:48.582105+00:00,161d3d8b31b0,ok,,,cpu,cpu,1,1048576,32,1,64,5,7614.812144,,8812937.56575172,113.46954321861267,23.48294448852539,True,True,0.0,0.0
pilot-001-local-crossover,20260811T150801Z,2026-08-11T15:12:48.582105+00:00,161d3d8b31b0,ok,,,cpu,cpu,1,1048576,32,1,64,6,7640.051225,,8783823.828353977,113.84563483297825,22.671175003051758,True,True,0.0,0.0
pilot-001-local-crossover,20260811T150801Z,2026-08-11T15:12:48.582105+00:00,161d3d8b31b0,ok,,,cpu,cpu,1,1048576,32,1,64,7,7754.009977,,8654730.158854425,115.54375256597996,21.88498878479004,True,True,0.0,0.0
pilot-001-local-crossover,20260811T150801Z,2026-08-11T15:12:48.582105+00:00,161d3d8b31b0,ok,,,cpu,cpu,1,1048576,32,1,64,8,7803.788718,,8599523.439840008,116.28551360964775,21.123584747314453,True,True,0.0,0.0
pilot-001-local-crossover,20260811T150801Z,2026-08-11T15:12:48.582105+00:00,161d3d8b31b0,ok,,,cpu,cpu,1,1048576,32,1,64,9,7561.053672,,8875596.829647793,112.66847956180573,20.38614273071289,True,True,0.0,0.0
pilot-001-local-crossover,20260811T150801Z,2026-08-11T15:14:07.067809+00:00,6ff437163185,ok,,,eager-resident,cuda,,262144,32,8,64,0,130.737245,130.69766235351562,128327746.23635368,7.792547047138214,28.02834701538086,True,True,0.0,0.0
pilot-001-local-crossover,20260811T150801Z,2026-08-11T15:14:07.067809+00:00,6ff437163185,ok,,,eager-resident,cuda,,262144,32,8,64,1,127.971744,127.93433380126953,131100940.53262258,7.627710342407227,27.129701614379883,True,True,0.0,0.0
pilot-001-local-crossover,20260811T150801Z,2026-08-11T15:14:07.067809+00:00,6ff437163185,ok,,,eager-resident,cuda,,262144,32,8,64,2,119.05631,119.01856231689453,140918326.7984704,7.096309065818787,26.265804290771484,True,True,0.0,0.0
pilot-001-local-crossover,20260811T150801Z,2026-08-11T15:14:07.067809+00:00,6ff437163185,ok,,,eager-resident,cuda,,262144,32,8,64,3,118.948927,118.91097259521484,141045543.01696223,7.089908540248871,25.430212020874023,True,True,0.0,0.0
pilot-001-local-crossover,20260811T150801Z,2026-08-11T15:14:07.067809+00:00,6ff437163185,ok,,,eager-resident,cuda,,262144,32,8,64,4,119.008325,118.9702377319336,140975146.06646216,7.0934489369392395,24.618988037109375,True,True,0.0,0.0
pilot-001-local-crossover,20260811T150801Z,2026-08-11T15:14:07.067809+00:00,6ff437163185,ok,,,eager-resident,cuda,,262144,32,8,64,5,118.982564,118.9453125,141005668.6961293,7.091913461685181,23.83283233642578,True,True,0.0,0.0
pilot-001-local-crossover,20260811T150801Z,2026-08-11T15:14:07.067809+00:00,6ff437163185,ok,,,eager-resident,cuda,,262144,32,8,64,6,118.856174,118.82470703125,141155612.16029048,7.084380030632019,23.071388244628906,True,True,0.0,0.0
pilot-001-local-crossover,20260811T150801Z,2026-08-11T15:14:07.067809+00:00,6ff437163185,ok,,,eager-resident,cuda,,262144,32,8,64,7,118.778563,118.74681854248047,141247844.52898288,7.079754054546356,22.34197425842285,True,True,0.0,0.0
pilot-001-local-crossover,20260811T150801Z,2026-08-11T15:14:07.067809+00:00,6ff437163185,ok,,,eager-resident,cuda,,262144,32,8,64,8,118.911734,118.87580871582031,141089658.99025574,7.08769166469574,21.642475128173828,True,True,0.0,0.0
pilot-001-local-crossover,20260811T150801Z,2026-08-11T15:14:07.067809+00:00,6ff437163185,ok,,,eager-resident,cuda,,262144,32,8,64,9,118.989169,118.95110321044922,140997841.57665643,7.092307150363922,20.967693328857422,True,True,0.0,0.0
pilot-001-local-crossover,20260811T150801Z,2026-08-11T15:14:08.391308+00:00,454aee435210,ok,,,graph-resident,cuda,,65536,32,1,64,0,30.663772,30.62646484375,136783693.79996693,7.310812950134277,25.634532928466797,True,True,0.0,0.0
pilot-001-local-crossover,20260811T150801Z,2026-08-11T15:14:08.391308+00:00,454aee435210,ok,,,graph-resident,cuda,,65536,32,1,64,1,30.648831,30.627328872680664,136850374.48899764,7.307250738143921,24.865915298461914,True,True,0.0,0.0
pilot-001-local-crossover,20260811T150801Z,2026-08-11T15:14:08.391308+00:00,454aee435210,ok,,,graph-resident,cuda,,65536,32,1,64,2,30.656283,30.636768341064453,136817108.5842338,7.309027433395386,24.12151336669922,True,True,0.0,0.0
pilot-001-local-crossover,20260811T150801Z,2026-08-11T15:14:08.391308+00:00,454aee435210,ok,,,graph-resident,cuda,,65536,32,1,64,3,30.622164,30.60313606262207,136969549.24544197,7.3008928298950195,23.400550842285156,True,True,0.0,0.0
pilot-001-local-crossover,20260811T150801Z,2026-08-11T15:14:08.391308+00:00,454aee435210,ok,,,graph-resident,cuda,,65536,32,1,64,4,30.641705,30.617855072021484,136882200.25615415,7.305551767349243,22.70230484008789,True,True,0.0,0.0
pilot-001-local-crossover,20260811T150801Z,2026-08-11T15:14:08.391308+00:00,454aee435210,ok,,,graph-resident,cuda,,65536,32,1,64,5,30.631691,30.60495948791504,136926949.28268898,7.30316424369812,22.026046752929688,True,True,0.0,0.0
pilot-001-local-crossover,20260811T150801Z,2026-08-11T15:14:08.391308+00:00,454aee435210,ok,,,graph-resident,cuda,,65536,32,1,64,6,30.637755,30.616287231445312,136899847.9164025,7.304610013961792,21.37110710144043,True,True,0.0,0.0
pilot-001-local-crossover,20260811T150801Z,2026-08-11T15:14:08.391308+00:00,454aee435210,ok,,,graph-resident,cuda,,65536,32,1,64,7,30.621083,30.60220718383789,136974384.60945356,7.300635099411011,20.736812591552734,True,True,0.0,0.0
pilot-001-local-crossover,20260811T150801Z,2026-08-11T15:14:08.391308+00:00,454aee435210,ok,,,graph-resident,cuda,,65536,32,1,64,8,30.621762,30.602304458618164,136971347.37053993,7.300796985626221,20.12248420715332,True,True,0.0,0.0
pilot-001-local-crossover,20260811T150801Z,2026-08-11T15:14:08.391308+00:00,454aee435210,ok,,,graph-resident,cuda,,65536,32,1,64,9,30.625786,30.604736328125,136953350.35646105,7.301756381988525,19.527503967285156,True,True,0.0,0.0
pilot-001-local-crossover,20260811T150801Z,2026-08-11T15:14:08.816292+00:00,e6a61968cd8f,ok,,,eager-resident,cuda,,262144,8,8,64,0,57.636736,57.6058235168457,291085463.27120256,3.4354171752929688,-2.834669589996338,True,True,0.0,0.0
pilot-001-local-crossover,20260811T150801Z,2026-08-11T15:14:08.816292+00:00,e6a61968cd8f,ok,,,eager-resident,cuda,,262144,8,8,64,1,57.63505,57.605857849121094,291093978.40376645,3.4353166818618774,-2.7074432373046875,True,True,0.0,0.0
pilot-001-local-crossover,20260811T150801Z,2026-08-11T15:14:08.816292+00:00,e6a61968cd8f,ok,,,eager-resident,cuda,,262144,8,8,64,2,57.60056,57.57283020019531,291268279.3361731,3.433260917663574,-2.5869674682617188,True,True,0.0,0.0
pilot-001-local-crossover,20260811T150801Z,2026-08-11T15:14:08.816292+00:00,e6a61968cd8f,ok,,,eager-resident,cuda,,262144,8,8,64,3,57.680502,57.65555191040039,290864597.53765666,3.4380258321762085,-2.4723715782165527,True,True,0.0,0.0
pilot-001-local-crossover,20260811T150801Z,2026-08-11T15:14:08.816292+00:00,e6a61968cd8f,ok,,,eager-resident,cuda,,262144,8,8,64,4,57.640932,57.61497497558594,291064273.5617113,3.4356672763824463,-2.3616600036621094,True,True,0.0,0.0
pilot-001-local-crossover,20260811T150801Z,2026-08-11T15:14:08.816292+00:00,e6a61968cd8f,ok,,,eager-resident,cuda,,262144,8,8,64,5,57.600938,57.57727813720703,291266367.9192169,3.4332834482192993,-2.25516414642334,True,True,0.0,0.0
pilot-001-local-crossover,20260811T150801Z,2026-08-11T15:14:08.816292+00:00,e6a61968cd8f,ok,,,eager-resident,cuda,,262144,8,8,64,6,57.637555,57.61414337158203,291081327.0965432,3.43546599149704,-2.1537108421325684,True,True,0.0,0.0
pilot-001-local-crossover,20260811T150801Z,2026-08-11T15:14:08.816292+00:00,e6a61968cd8f,ok,,,eager-resident,cuda,,262144,8,8,64,7,57.559197,57.53456115722656,291477589.5848582,3.4307954907417297,-2.0598883628845215,True,True,0.0,0.0
pilot-001-local-crossover,20260811T150801Z,2026-08-11T15:14:08.816292+00:00,e6a61968cd8f,ok,,,eager-resident,cuda,,262144,8,8,64,8,57.672733,57.64716720581055,290903779.4342085,3.4375627636909485,-1.9729523658752441,True,True,0.0,0.0
pilot-001-local-crossover,20260811T150801Z,2026-08-11T15:14:08.816292+00:00,e6a61968cd8f,ok,,,eager-resident,cuda,,262144,8,8,64,9,57.680646,57.6550407409668,290863871.39284116,3.438034415245056,-1.891500473022461,True,True,0.0,0.0
pilot-001-local-crossover,20260811T150801Z,2026-08-11T15:14:09.416794+00:00,243f920535f9,ok,,,eager-resident,cuda,,16384,8,8,64,0,7.183207,7.152512073516846,145976024.35792258,6.85044002532959,-2.874418258666992,True,True,0.0,0.0
pilot-001-local-crossover,20260811T150801Z,2026-08-11T15:14:09.416794+00:00,243f920535f9,ok,,,eager-resident,cuda,,16384,8,8,64,1,7.170195,7.142975807189941,146240932.08064774,6.838030815124512,-2.774569511413574,True,True,0.0,0.0
pilot-001-local-crossover,20260811T150801Z,2026-08-11T15:14:09.416794+00:00,243f920535f9,ok,,,eager-resident,cuda,,16384,8,8,64,2,7.195552,7.169407844543457,145725581.58151037,6.862213134765625,-2.677410125732422,True,True,0.0,0.0
pilot-001-local-crossover,20260811T150801Z,2026-08-11T15:14:09.416794+00:00,243f920535f9,ok,,,eager-resident,cuda,,16384,8,8,64,3,7.226684,7.200128078460693,145097806.9609796,6.891902923583984,-2.586416244506836,True,True,0.0,0.0
pilot-001-local-crossover,20260811T150801Z,2026-08-11T15:14:09.416794+00:00,243f920535f9,ok,,,eager-resident,cuda,,16384,8,8,64,4,7.244593,7.218976020812988,144739117.8496846,6.908982276916504,-2.500972270965576,True,True,0.0,0.0
pilot-001-local-crossover,20260811T150801Z,2026-08-11T15:14:09.416794+00:00,243f920535f9,ok,,,eager-resident,cuda,,16384,8,8,64,5,7.213285,7.187039852142334,145367332.63693312,6.879124641418457,-2.4157872200012207,True,True,0.0,0.0
pilot-001-local-crossover,20260811T150801Z,2026-08-11T15:14:09.416794+00:00,243f920535f9,ok,,,eager-resident,cuda,,16384,8,8,64,6,7.435041,7.4079999923706055,141031636.5437662,7.090607643127441,-2.3315563201904297,True,True,0.0,0.0
pilot-001-local-crossover,20260811T150801Z,2026-08-11T15:14:09.416794+00:00,243f920535f9,ok,,,eager-resident,cuda,,16384,8,8,64,7,7.246982,7.2209601402282715,144691403.9527075,6.911260604858398,-2.2542152404785156,True,True,0.0,0.0
pilot-001-local-crossover,20260811T150801Z,2026-08-11T15:14:09.416794+00:00,243f920535f9,ok,,,eager-resident,cuda,,16384,8,8,64,8,7.199281,7.172607898712158,145650100.3364086,6.865769386291504,-2.1770901679992676,True,True,0.0,0.0
pilot-001-local-crossover,20260811T150801Z,2026-08-11T15:14:09.416794+00:00,243f920535f9,ok,,,eager-resident,cuda,,16384,8,8,64,9,7.169576,7.1438398361206055,146253558.09046447,6.837440490722656,-2.1020126342773438,True,True,0.0,0.0
pilot-001-local-crossover,20260811T150801Z,2026-08-11T15:14:09.492714+00:00,1cc6eef09b21,ok,,,eager-resident,cuda,,256,32,8,64,0,7.280789,7.248095989227295,2250305.56441067,444.38409423828125,27.978601455688477,True,True,0.0,0.0
pilot-001-local-crossover,20260811T150801Z,2026-08-11T15:14:09.492714+00:00,1cc6eef09b21,ok,,,eager-resident,cuda,,256,32,8,64,1,7.128739,7.102272033691406,2298302.6871933453,435.10369873046875,27.052200317382812,True,True,0.0,0.0
pilot-001-local-crossover,20260811T150801Z,2026-08-11T15:14:09.492714+00:00,1cc6eef09b21,ok,,,eager-resident,cuda,,256,32,8,64,2,7.205369,7.178815841674805,2273859.9508227822,439.78082275390625,26.158756256103516,True,True,0.0,0.0
pilot-001-local-crossover,20260811T150801Z,2026-08-11T15:14:09.492714+00:00,1cc6eef09b21,ok,,,eager-resident,cuda,,256,32,8,64,3,7.100958,7.074016094207764,2307294.3115562717,433.4080810546875,25.293296813964844,True,True,0.0,0.0
pilot-001-local-crossover,20260811T150801Z,2026-08-11T15:14:09.492714+00:00,1cc6eef09b21,ok,,,eager-resident,cuda,,256,32,8,64,4,7.105245,7.079008102416992,2305902.1891574464,433.66973876953125,24.456317901611328,True,True,0.0,0.0
pilot-001-local-crossover,20260811T150801Z,2026-08-11T15:14:09.492714+00:00,1cc6eef09b21,ok,,,eager-resident,cuda,,256,32,8,64,5,7.557059,7.531263828277588,2168039.1803213395,461.24627685546875,23.648353576660156,True,True,0.0,0.0
pilot-001-local-crossover,20260811T150801Z,2026-08-11T15:14:09.492714+00:00,1cc6eef09b21,ok,,,eager-resident,cuda,,256,32,8,64,6,7.368081,7.342207908630371,2223645.4783816845,449.71197509765625,22.86499786376953,True,True,0.0,0.0
pilot-001-local-crossover,20260811T150801Z,2026-08-11T15:14:09.492714+00:00,1cc6eef09b21,ok,,,eager-resident,cuda,,256,32,8,64,7,7.502949,7.476960182189941,2183674.712436403,457.94366455078125,22.10663604736328,True,True,0.0,0.0
pilot-001-local-crossover,20260811T150801Z,2026-08-11T15:14:09.492714+00:00,1cc6eef09b21,ok,,,eager-resident,cuda,,256,32,8,64,8,7.300893,7.27459192276001,2244109.04255137,445.61114501953125,21.37319564819336,True,True,0.0,0.0
pilot-001-local-crossover,20260811T150801Z,2026-08-11T15:14:09.492714+00:00,1cc6eef09b21,ok,,,eager-resident,cuda,,256,32,8,64,9,7.384804,7.35807991027832,2218609.999669592,450.732666015625,20.662372589111328,True,True,0.0,0.0
pilot-001-local-crossover,20260811T150801Z,2026-08-11T15:14:09.568900+00:00,71b4aed88b8a,ok,,,graph-resident,cuda,,1024,8,1,64,0,1.421405,1.3964159488677979,46106493.22325446,21.688919067382812,-3.111006259918213,True,True,0.0,0.0
pilot-001-local-crossover,20260811T150801Z,2026-08-11T15:14:09.568900+00:00,71b4aed88b8a,ok,,,graph-resident,cuda,,1024,8,1,64,1,1.425001,1.4056639671325684,45990143.16481181,21.743789672851562,-3.1351170539855957,True,True,0.0,0.0
pilot-001-local-crossover,20260811T150801Z,2026-08-11T15:14:09.568900+00:00,71b4aed88b8a,ok,,,graph-resident,cuda,,1024,8,1,64,2,1.394073,1.3771840333938599,47010450.672238834,21.271865844726562,-3.1584854125976562,True,True,0.0,0.0
pilot-001-local-crossover,20260811T150801Z,2026-08-11T15:14:09.568900+00:00,71b4aed88b8a,ok,,,graph-resident,cuda,,1024,8,1,64,3,1.393914,1.3769279718399048,47015813.02720254,21.269439697265625,-3.1811132431030273,True,True,0.0,0.0
pilot-001-local-crossover,20260811T150801Z,2026-08-11T15:14:09.568900+00:00,71b4aed88b8a,ok,,,graph-resident,cuda,,1024,8,1,64,4,1.393328,1.3767679929733276,47035586.739088,21.260498046875,-3.2030210494995117,True,True,0.0,0.0
pilot-001-local-crossover,20260811T150801Z,2026-08-11T15:14:09.568900+00:00,71b4aed88b8a,ok,,,graph-resident,cuda,,1024,8,1,64,5,1.393735,1.3773119449615479,47021851.35624778,21.266708374023438,-3.224240779876709,True,True,0.0,0.0
pilot-001-local-crossover,20260811T150801Z,2026-08-11T15:14:09.568900+00:00,71b4aed88b8a,ok,,,graph-resident,cuda,,1024,8,1,64,6,1.393237,1.3765439987182617,47038658.89292345,21.259109497070312,-3.244777202606201,True,True,0.0,0.0
pilot-001-local-crossover,20260811T150801Z,2026-08-11T15:14:09.568900+00:00,71b4aed88b8a,ok,,,graph-resident,cuda,,1024,8,1,64,7,1.394039,1.3773759603500366,47011597.2365192,21.271347045898438,-3.264662265777588,True,True,0.0,0.0
pilot-001-local-crossover,20260811T150801Z,2026-08-11T15:14:09.568900+00:00,71b4aed88b8a,ok,,,graph-resident,cuda,,1024,8,1,64,8,1.393197,1.3771840333938599,47040009.41718938,21.258499145507812,-3.2839159965515137,True,True,0.0,0.0
pilot-001-local-crossover,20260811T150801Z,2026-08-11T15:14:09.568900+00:00,71b4aed88b8a,ok,,,graph-resident,cuda,,1024,8,1,64,9,1.393122,1.37663996219635,47042541.8592198,21.257354736328125,-3.302563190460205,True,True,0.0,0.0
pilot-001-local-crossover,20260811T150801Z,2026-08-11T15:14:09.598739+00:00,671de9a846f0,ok,,,eager-host-visible,cuda,,4096,32,1,64,0,8.736562,8.70844841003418,30005395.715156604,33.32733917236328,28.0797119140625,True,True,0.0,0.0
pilot-001-local-crossover,20260811T150801Z,2026-08-11T15:14:09.598739+00:00,671de9a846f0,ok,,,eager-host-visible,cuda,,4096,32,1,64,1,9.019484,8.965536117553711,29064190.36831819,34.40660095214844,27.222932815551758,True,True,0.0,0.0
pilot-001-local-crossover,20260811T150801Z,2026-08-11T15:14:09.598739+00:00,671de9a846f0,ok,,,eager-host-visible,cuda,,4096,32,1,64,2,8.835385,8.804608345031738,29669788.01716054,33.70431900024414,26.39313316345215,True,True,0.0,0.0
pilot-001-local-crossover,20260811T150801Z,2026-08-11T15:14:09.598739+00:00,671de9a846f0,ok,,,eager-host-visible,cuda,,4096,32,1,64,3,9.060447,9.033760070800781,28932788.856885318,34.562862396240234,25.589458465576172,True,True,0.0,0.0
pilot-001-local-crossover,20260811T150801Z,2026-08-11T15:14:09.598739+00:00,671de9a846f0,ok,,,eager-host-visible,cuda,,4096,32,1,64,4,9.445883,9.417632102966309,27752196.380158424,36.03318405151367,24.811086654663086,True,True,0.0,0.0
pilot-001-local-crossover,20260811T150801Z,2026-08-11T15:14:09.598739+00:00,671de9a846f0,ok,,,eager-host-visible,cuda,,4096,32,1,64,5,8.746197,8.719200134277344,29972341.1215183,33.36409378051758,24.057235717773438,True,True,0.0,0.0
pilot-001-local-crossover,20260811T150801Z,2026-08-11T15:14:09.598739+00:00,671de9a846f0,ok,,,eager-host-visible,cuda,,4096,32,1,64,6,8.743933,8.717215538024902,29980101.63161131,33.3554573059082,23.3271427154541,True,True,0.0,0.0
pilot-001-local-crossover,20260811T150801Z,2026-08-11T15:14:09.598739+00:00,671de9a846f0,ok,,,eager-host-visible,cuda,,4096,32,1,64,7,8.84141,8.812255859375,29649569.46912314,33.72730255126953,22.62006187438965,True,True,0.0,0.0
pilot-001-local-crossover,20260811T150801Z,2026-08-11T15:14:09.598739+00:00,671de9a846f0,ok,,,eager-host-visible,cuda,,4096,32,1,64,8,8.756576,8.729503631591797,29936815.485870276,33.4036865234375,21.935256958007812,True,True,0.0,0.0
pilot-001-local-crossover,20260811T150801Z,2026-08-11T15:14:09.598739+00:00,671de9a846f0,ok,,,eager-host-visible,cuda,,4096,32,1,64,9,8.796553,8.768511772155762,29800764.003809225,33.55618667602539,21.27204704284668,True,True,0.0,0.0
pilot-001-local-crossover,20260811T150801Z,2026-08-11T15:14:09.691445+00:00,a2b8d09f539a,ok,,,eager-resident,cuda,,1024,8,1,64,0,7.199303,7.1708478927612305,9103103.45320929,109.85264587402344,-3.033872604370117,True,True,0.0,0.0
pilot-001-local-crossover,20260811T150801Z,2026-08-11T15:14:09.691445+00:00,a2b8d09f539a,ok,,,eager-resident,cuda,,1024,8,1,64,1,7.2545,7.227263927459717,9033841.064167067,110.69488525390625,-3.060403347015381,True,True,0.0,0.0
pilot-001-local-crossover,20260811T150801Z,2026-08-11T15:14:09.691445+00:00,a2b8d09f539a,ok,,,eager-resident,cuda,,1024,8,1,64,2,7.244922,7.2182722091674805,9045784.067792587,110.54873657226562,-3.086113929748535,True,True,0.0,0.0
pilot-001-local-crossover,20260811T150801Z,2026-08-11T15:14:09.691445+00:00,a2b8d09f539a,ok,,,eager-resident,cuda,,1024,8,1,64,3,7.214899,7.188992023468018,9083425.838670783,110.09062194824219,-3.111006259918213,True,True,0.0,0.0
pilot-001-local-crossover,20260811T150801Z,2026-08-11T15:14:09.691445+00:00,a2b8d09f539a,ok,,,eager-resident,cuda,,1024,8,1,64,4,7.256153,7.230207920074463,9031783.094981596,110.72010803222656,-3.1351170539855957,True,True,0.0,0.0
pilot-001-local-crossover,20260811T150801Z,2026-08-11T15:14:09.691445+00:00,a2b8d09f539a,ok,,,eager-resident,cuda,,1024,8,1,64,5,7.218583,7.192287921905518,9078790.117118554,110.14683532714844,-3.1584854125976562,True,True,0.0,0.0
pilot-001-local-crossover,20260811T150801Z,2026-08-11T15:14:09.691445+00:00,a2b8d09f539a,ok,,,eager-resident,cuda,,1024,8,1,64,6,7.208734,7.18233585357666,9091194.098714143,109.99655151367188,-3.1811132431030273,True,True,0.0,0.0
pilot-001-local-crossover,20260811T150801Z,2026-08-11T15:14:09.691445+00:00,a2b8d09f539a,ok,,,eager-resident,cuda,,1024,8,1,64,7,7.218242,7.1915202140808105,9079219.012053074,110.14163208007812,-3.2030210494995117,True,True,0.0,0.0
pilot-001-local-crossover,20260811T150801Z,2026-08-11T15:14:09.691445+00:00,a2b8d09f539a,ok,,,eager-resident,cuda,,1024,8,1,64,8,7.244328,7.217535972595215,9046525.778512513,110.5396728515625,-3.224240779876709,True,True,0.0,0.0
pilot-001-local-crossover,20260811T150801Z,2026-08-11T15:14:09.691445+00:00,a2b8d09f539a,ok,,,eager-resident,cuda,,1024,8,1,64,9,7.317832,7.2915520668029785,8955657.905237507,111.6612548828125,-3.244777202606201,True,True,0.0,0.0
pilot-001-local-crossover,20260811T150801Z,2026-08-11T15:14:09.766919+00:00,c83e7794c9d4,ok,,,eager-host-visible,cuda,,65536,32,1,64,0,36.676681,36.63827133178711,114358875.6027297,8.744402170181274,28.093610763549805,True,True,0.0,0.0
pilot-001-local-crossover,20260811T150801Z,2026-08-11T15:14:09.766919+00:00,c83e7794c9d4,ok,,,eager-host-visible,cuda,,65536,32,1,64,1,36.553201,36.51606369018555,114745190.16816065,8.714962244033813,27.247554779052734,True,True,0.0,0.0
pilot-001-local-crossover,20260811T150801Z,2026-08-11T15:14:09.766919+00:00,c83e7794c9d4,ok,,,eager-host-visible,cuda,,65536,32,1,64,2,36.423103,36.393409729003906,115155043.21529114,8.683944463729858,26.428152084350586,True,True,0.0,0.0
pilot-001-local-crossover,20260811T150801Z,2026-08-11T15:14:09.766919+00:00,c83e7794c9d4,ok,,,eager-host-visible,cuda,,65536,32,1,64,3,36.563122,36.53318405151367,114714055.3260195,8.71732759475708,25.634532928466797,True,True,0.0,0.0
pilot-001-local-crossover,20260811T150801Z,2026-08-11T15:14:09.766919+00:00,c83e7794c9d4,ok,,,eager-host-visible,cuda,,65536,32,1,64,4,36.484441,36.45695877075195,114961443.42735031,8.69856858253479,24.865915298461914,True,True,0.0,0.0
pilot-001-local-crossover,20260811T150801Z,2026-08-11T15:14:09.766919+00:00,c83e7794c9d4,ok,,,eager-host-visible,cuda,,65536,32,1,64,5,36.577629,36.545310974121094,114668558.75212687,8.720786333084106,24.12151336669922,True,True,0.0,0.0
pilot-001-local-crossover,20260811T150801Z,2026-08-11T15:14:09.766919+00:00,c83e7794c9d4,ok,,,eager-host-visible,cuda,,65536,32,1,64,6,36.584112,36.5445442199707,114648238.5577652,8.722332000732422,23.400550842285156,True,True,0.0,0.0
pilot-001-local-crossover,20260811T150801Z,2026-08-11T15:14:09.766919+00:00,c83e7794c9d4,ok,,,eager-host-visible,cuda,,65536,32,1,64,7,36.930464,36.891265869140625,113573011.15956733,8.804908752441406,22.70230484008789,True,True,0.0,0.0
pilot-001-local-crossover,20260811T150801Z,2026-08-11T15:14:09.766919+00:00,c83e7794c9d4,ok,,,eager-host-visible,cuda,,65536,32,1,64,8,37.20849,37.16950225830078,112724380.91414084,8.871195316314697,22.026046752929688,True,True,0.0,0.0
pilot-001-local-crossover,20260811T150801Z,2026-08-11T15:14:09.766919+00:00,c83e7794c9d4,ok,,,eager-host-visible,cuda,,65536,32,1,64,9,36.875096,36.835105895996094,113743541.16935724,8.791707992553711,21.37110710144043,True,True,0.0,0.0
pilot-001-local-crossover,20260811T150801Z,2026-08-11T15:14:10.150849+00:00,1d84714e4c9b,ok,,,eager-host-visible,cuda,,262144,32,8,64,0,136.237781,136.17727661132812,123146574.15038197,8.120404541492462,28.02834701538086,True,True,0.0,0.0
pilot-001-local-crossover,20260811T150801Z,2026-08-11T15:14:10.150849+00:00,1d84714e4c9b,ok,,,eager-host-visible,cuda,,262144,32,8,64,1,134.444264,134.39920043945312,124789377.40326355,8.013502597808838,27.129701614379883,True,True,0.0,0.0
pilot-001-local-crossover,20260811T150801Z,2026-08-11T15:14:10.150849+00:00,1d84714e4c9b,ok,,,eager-host-visible,cuda,,262144,32,8,64,2,134.512859,134.4646759033203,124725740.90481566,8.017591178417206,26.265804290771484,True,True,0.0,0.0
pilot-001-local-crossover,20260811T150801Z,2026-08-11T15:14:10.150849+00:00,1d84714e4c9b,ok,,,eager-host-visible,cuda,,262144,32,8,64,3,134.909373,134.86441040039062,124359157.75844574,8.041225254535675,25.430212020874023,True,True,0.0,0.0
pilot-001-local-crossover,20260811T150801Z,2026-08-11T15:14:10.150849+00:00,1d84714e4c9b,ok,,,eager-host-visible,cuda,,262144,32,8,64,4,134.473021,134.42965698242188,124762691.24644713,8.015216648578644,24.618988037109375,True,True,0.0,0.0
pilot-001-local-crossover,20260811T150801Z,2026-08-11T15:14:10.150849+00:00,1d84714e4c9b,ok,,,eager-host-visible,cuda,,262144,32,8,64,5,134.502219,134.45741271972656,124735607.52183574,8.016956984996796,23.83283233642578,True,True,0.0,0.0
pilot-001-local-crossover,20260811T150801Z,2026-08-11T15:14:10.150849+00:00,1d84714e4c9b,ok,,,eager-host-visible,cuda,,262144,32,8,64,6,134.274314,134.23324584960938,124947322.38959716,8.00337278842926,23.071388244628906,True,True,0.0,0.0
pilot-001-local-crossover,20260811T150801Z,2026-08-11T15:14:10.150849+00:00,1d84714e4c9b,ok,,,eager-host-visible,cuda,,262144,32,8,64,7,134.450181,134.4081573486328,124783885.56427456,8.013855278491974,22.34197425842285,True,True,0.0,0.0
pilot-001-local-crossover,20260811T150801Z,2026-08-11T15:14:10.150849+00:00,1d84714e4c9b,ok,,,eager-host-visible,cuda,,262144,32,8,64,8,134.710584,134.6664581298828,124542671.42068063,8.02937650680542,21.642475128173828,True,True,0.0,0.0
pilot-001-local-crossover,20260811T150801Z,2026-08-11T15:14:10.150849+00:00,1d84714e4c9b,ok,,,eager-host-visible,cuda,,262144,32,8,64,9,134.659463,134.61573791503906,124589951.76595946,8.026329457759857,20.967693328857422,True,True,0.0,0.0
pilot-001-local-crossover,20260811T150801Z,2026-08-11T15:14:11.570021+00:00,b8e9f7abaad5,ok,,,eager-host-visible,cuda,,16384,32,8,64,0,11.426102,11.395456314086914,91770229.25228569,10.896780014038086,28.06304931640625,True,True,0.0,0.0
pilot-001-local-crossover,20260811T150801Z,2026-08-11T15:14:11.570021+00:00,b8e9f7abaad5,ok,,,eager-host-visible,cuda,,16384,32,8,64,1,11.642273,11.6145601272583,90066261.11584911,11.102936744689941,27.19525146484375,True,True,0.0,0.0
pilot-001-local-crossover,20260811T150801Z,2026-08-11T15:14:11.570021+00:00,b8e9f7abaad5,ok,,,eager-host-visible,cuda,,16384,32,8,64,2,11.465258,11.438976287841797,91456816.75894253,10.934122085571289,26.357505798339844,True,True,0.0,0.0
pilot-001-local-crossover,20260811T150801Z,2026-08-11T15:14:11.570021+00:00,b8e9f7abaad5,ok,,,eager-host-visible,cuda,,16384,32,8,64,3,11.494803,11.4683837890625,91221746.03601298,10.962298393249512,25.547863006591797,True,True,0.0,0.0
pilot-001-local-crossover,20260811T150801Z,2026-08-11T15:14:11.570021+00:00,b8e9f7abaad5,ok,,,eager-host-visible,cuda,,16384,32,8,64,4,11.288103,11.261024475097656,92892136.08344999,10.76517391204834,24.766387939453125,True,True,0.0,0.0
pilot-001-local-crossover,20260811T150801Z,2026-08-11T15:14:11.570021+00:00,b8e9f7abaad5,ok,,,eager-host-visible,cuda,,16384,32,8,64,5,11.306121,11.279487609863281,92744098.52857581,10.782357215881348,24.006155014038086,True,True,0.0,0.0
pilot-001-local-crossover,20260811T150801Z,2026-08-11T15:14:11.570021+00:00,b8e9f7abaad5,ok,,,eager-host-visible,cuda,,16384,32,8,64,6,11.384091,11.357215881347656,92108891.25886293,10.856715202331543,23.272523880004883,True,True,0.0,0.0
pilot-001-local-crossover,20260811T150801Z,2026-08-11T15:14:11.570021+00:00,b8e9f7abaad5,ok,,,eager-host-visible,cuda,,16384,32,8,64,7,11.367206,11.340224266052246,92245711.03928265,10.840612411499023,22.564271926879883,True,True,0.0,0.0
pilot-001-local-crossover,20260811T150801Z,2026-08-11T15:14:11.570021+00:00,b8e9f7abaad5,ok,,,eager-host-visible,cuda,,16384,32,8,64,8,11.350726,11.323616027832031,92379641.6193995,10.824895858764648,21.882457733154297,True,True,0.0,0.0
pilot-001-local-crossover,20260811T150801Z,2026-08-11T15:14:11.570021+00:00,b8e9f7abaad5,ok,,,eager-host-visible,cuda,,16384,32,8,64,9,11.373202,11.343775749206543,92197078.71187024,10.846330642700195,21.227901458740234,True,True,0.0,0.0
pilot-001-local-crossover,20260811T150801Z,2026-08-11T15:14:11.691000+00:00,8e9aff88ef57,ok,,,cpu,cpu,8,256,8,8,64,0,2.805237,,5840504.741667104,171.21807861328125,-2.850161552429199,True,True,0.0,0.0
pilot-001-local-crossover,20260811T150801Z,2026-08-11T15:14:11.691000+00:00,8e9aff88ef57,ok,,,cpu,cpu,8,256,8,8,64,1,2.789353,,5873763.557355415,170.24859619140625,-2.7322745323181152,True,True,0.0,0.0
pilot-001-local-crossover,20260811T150801Z,2026-08-11T15:14:11.691000+00:00,8e9aff88ef57,ok,,,cpu,cpu,8,256,8,8,64,2,2.844042,,5760815.065319008,173.5865478515625,-2.6218366622924805,True,True,0.0,0.0
pilot-001-local-crossover,20260811T150801Z,2026-08-11T15:14:11.691000+00:00,8e9aff88ef57,ok,,,cpu,cpu,8,256,8,8,64,3,2.785411,,5882076.289639124,170.00799560546875,-2.5161938667297363,True,True,0.0,0.0
pilot-001-local-crossover,20260811T150801Z,2026-08-11T15:14:11.691000+00:00,8e9aff88ef57,ok,,,cpu,cpu,8,256,8,8,64,4,2.793158,,5865761.979809234,170.4808349609375,-2.415565013885498,True,True,0.0,0.0
pilot-001-local-crossover,20260811T150801Z,2026-08-11T15:14:11.691000+00:00,8e9aff88ef57,ok,,,cpu,cpu,8,256,8,8,64,5,2.783542,,5886025.790162317,169.8939208984375,-2.3185782432556152,True,True,0.0,0.0
pilot-001-local-crossover,20260811T150801Z,2026-08-11T15:14:11.691000+00:00,8e9aff88ef57,ok,,,cpu,cpu,8,256,8,8,64,6,2.812374,,5825683.212830156,171.6536865234375,-2.22428560256958,True,True,0.0,0.0
pilot-001-local-crossover,20260811T150801Z,2026-08-11T15:14:11.691000+00:00,8e9aff88ef57,ok,,,cpu,cpu,8,256,8,8,64,7,2.780591,,5892272.5420603035,169.71380615234375,-2.129523277282715,True,True,0.0,0.0
pilot-001-local-crossover,20260811T150801Z,2026-08-11T15:14:11.691000+00:00,8e9aff88ef57,ok,,,cpu,cpu,8,256,8,8,64,8,5.140801,,3187051.9788647727,313.76959228515625,-2.035832166671753,True,True,0.0,0.0
pilot-001-local-crossover,20260811T150801Z,2026-08-11T15:14:11.691000+00:00,8e9aff88ef57,ok,,,cpu,cpu,8,256,8,8,64,9,2.802466,,5846279.669405445,171.0489501953125,-1.9468293190002441,True,True,0.0,0.0
pilot-001-local-crossover,20260811T150801Z,2026-08-11T15:14:11.722758+00:00,525b36b19553,ok,,,eager-resident,cuda,,16384,32,1,64,0,8.968889,8.945664405822754,116912585.2711523,8.553399085998535,27.950820922851562,True,True,0.0,0.0
pilot-001-local-crossover,20260811T150801Z,2026-08-11T15:14:11.722758+00:00,525b36b19553,ok,,,eager-resident,cuda,,16384,32,1,64,1,8.951264,8.932415962219238,117142785.64457488,8.536590576171875,26.994609832763672,True,True,0.0,0.0
pilot-001-local-crossover,20260811T150801Z,2026-08-11T15:14:11.722758+00:00,525b36b19553,ok,,,eager-resident,cuda,,16384,32,1,64,2,9.024236,9.005696296691895,116195542.75841191,8.606182098388672,26.068531036376953,True,True,0.0,0.0
pilot-001-local-crossover,20260811T150801Z,2026-08-11T15:14:11.722758+00:00,525b36b19553,ok,,,eager-resident,cuda,,16384,32,1,64,3,8.984818,8.966912269592285,116705313.34079333,8.56859016418457,25.171627044677734,True,True,0.0,0.0
pilot-001-local-crossover,20260811T150801Z,2026-08-11T15:14:11.722758+00:00,525b36b19553,ok,,,eager-resident,cuda,,16384,32,1,64,4,8.989274,8.971136093139648,116647462.29784518,8.572839736938477,24.302974700927734,True,True,0.0,0.0
pilot-001-local-crossover,20260811T150801Z,2026-08-11T15:14:11.722758+00:00,525b36b19553,ok,,,eager-resident,cuda,,16384,32,1,64,5,8.988245,8.970368385314941,116660816.43301892,8.571858406066895,23.461700439453125,True,True,0.0,0.0
pilot-001-local-crossover,20260811T150801Z,2026-08-11T15:14:11.722758+00:00,525b36b19553,ok,,,eager-resident,cuda,,16384,32,1,64,6,9.074886,9.056256294250488,115547016.23800014,8.654485702514648,22.64691162109375,True,True,0.0,0.0
pilot-001-local-crossover,20260811T150801Z,2026-08-11T15:14:11.722758+00:00,525b36b19553,ok,,,eager-resident,cuda,,16384,32,1,64,7,8.975601,8.957056045532227,116825157.44628131,8.559800148010254,21.857757568359375,True,True,0.0,0.0
pilot-001-local-crossover,20260811T150801Z,2026-08-11T15:14:11.722758+00:00,525b36b19553,ok,,,eager-resident,cuda,,16384,32,1,64,8,9.142107,9.123680114746094,114697410.56410737,8.718592643737793,21.09347152709961,True,True,0.0,0.0
pilot-001-local-crossover,20260811T150801Z,2026-08-11T15:14:11.722758+00:00,525b36b19553,ok,,,eager-resident,cuda,,16384,32,1,64,9,9.127191,9.095295906066895,114884853.40122718,8.704367637634277,20.353273391723633,True,True,0.0,0.0
pilot-001-local-crossover,20260811T150801Z,2026-08-11T15:14:11.818670+00:00,3ae24b216e0b,ok,,,graph-resident,cuda,,16384,8,8,64,0,4.192811,4.167424201965332,250089021.4226208,3.9985761642456055,-2.586416244506836,True,True,0.0,0.0
pilot-001-local-crossover,20260811T150801Z,2026-08-11T15:14:11.818670+00:00,3ae24b216e0b,ok,,,graph-resident,cuda,,16384,8,8,64,1,4.214553,4.195775985717773,248798864.31609708,4.01931095123291,-2.500972270965576,True,True,0.0,0.0
pilot-001-local-crossover,20260811T150801Z,2026-08-11T15:14:11.818670+00:00,3ae24b216e0b,ok,,,graph-resident,cuda,,16384,8,8,64,2,4.183732,4.165247917175293,250631732.62532112,3.989917755126953,-2.4157872200012207,True,True,0.0,0.0
pilot-001-local-crossover,20260811T150801Z,2026-08-11T15:14:11.818670+00:00,3ae24b216e0b,ok,,,graph-resident,cuda,,16384,8,8,64,3,4.183673,4.1664958000183105,250635267.1444446,3.9898614883422847,-2.3315563201904297,True,True,0.0,0.0
pilot-001-local-crossover,20260811T150801Z,2026-08-11T15:14:11.818670+00:00,3ae24b216e0b,ok,,,graph-resident,cuda,,16384,8,8,64,4,4.181394,4.165088176727295,250771871.77290636,3.9876880645751953,-2.2542152404785156,True,True,0.0,0.0
pilot-001-local-crossover,20260811T150801Z,2026-08-11T15:14:11.818670+00:00,3ae24b216e0b,ok,,,graph-resident,cuda,,16384,8,8,64,5,4.182088,4.164639949798584,250730257.23035955,3.9883499145507817,-2.1770901679992676,True,True,0.0,0.0
pilot-001-local-crossover,20260811T150801Z,2026-08-11T15:14:11.818670+00:00,3ae24b216e0b,ok,,,graph-resident,cuda,,16384,8,8,64,6,4.185043,4.1684160232543945,250553220.1222305,3.991168022155762,-2.1020126342773438,True,True,0.0,0.0
pilot-001-local-crossover,20260811T150801Z,2026-08-11T15:14:11.818670+00:00,3ae24b216e0b,ok,,,graph-resident,cuda,,16384,8,8,64,7,4.18034,4.16377592086792,250835099.5373582,3.986682891845703,-2.029512405395508,True,True,0.0,0.0
pilot-001-local-crossover,20260811T150801Z,2026-08-11T15:14:11.818670+00:00,3ae24b216e0b,ok,,,graph-resident,cuda,,16384,8,8,64,8,4.181201,4.164735794067383,250783447.14831936,3.9875040054321285,-1.9592952728271484,True,True,0.0,0.0
pilot-001-local-crossover,20260811T150801Z,2026-08-11T15:14:11.818670+00:00,3ae24b216e0b,ok,,,graph-resident,cuda,,16384,8,8,64,9,4.184449,4.167647838592529,250588787.1975498,3.9906015396118164,-1.8883028030395508,True,True,0.0,0.0
pilot-001-local-crossover,20260811T150801Z,2026-08-11T15:14:11.885443+00:00,ffc18b8b296c,ok,,,cpu,cpu,8,256,8,1,64,0,2.845957,,5756938.7028686665,173.70343017578125,-2.878512382507324,True,True,0.0,0.0
pilot-001-local-crossover,20260811T150801Z,2026-08-11T15:14:11.885443+00:00,ffc18b8b296c,ok,,,cpu,cpu,8,256,8,1,64,1,3.969159,,4127826.5748487273,242.25823974609375,-2.785146713256836,True,True,0.0,0.0
pilot-001-local-crossover,20260811T150801Z,2026-08-11T15:14:11.885443+00:00,ffc18b8b296c,ok,,,cpu,cpu,8,256,8,1,64,2,2.788098,,5876407.500740648,170.1719970703125,-2.6947364807128906,True,True,0.0,0.0
pilot-001-local-crossover,20260811T150801Z,2026-08-11T15:14:11.885443+00:00,ffc18b8b296c,ok,,,cpu,cpu,8,256,8,1,64,3,2.770837,,5913014.731649677,169.11846923828125,-2.607166290283203,True,True,0.0,0.0
pilot-001-local-crossover,20260811T150801Z,2026-08-11T15:14:11.885443+00:00,ffc18b8b296c,ok,,,cpu,cpu,8,256,8,1,64,4,4.372748,,3746842.94635776,266.891357421875,-2.522347927093506,True,True,0.0,0.0
pilot-001-local-crossover,20260811T150801Z,2026-08-11T15:14:11.885443+00:00,ffc18b8b296c,ok,,,cpu,cpu,8,256,8,1,64,5,3.80367,,4307418.887548079,232.1575927734375,-2.4401917457580566,True,True,0.0,0.0
pilot-001-local-crossover,20260811T150801Z,2026-08-11T15:14:11.885443+00:00,ffc18b8b296c,ok,,,cpu,cpu,8,256,8,1,64,6,2.785169,,5882587.376205897,169.99322509765625,-2.3606297969818115,True,True,0.0,0.0
pilot-001-local-crossover,20260811T150801Z,2026-08-11T15:14:11.885443+00:00,ffc18b8b296c,ok,,,cpu,cpu,8,256,8,1,64,7,2.79994,,5851553.961870612,170.894775390625,-2.2835640907287598,True,True,0.0,0.0
pilot-001-local-crossover,20260811T150801Z,2026-08-11T15:14:11.885443+00:00,ffc18b8b296c,ok,,,cpu,cpu,8,256,8,1,64,8,2.849313,,5750158.02054741,173.90826416015625,-2.2089221477508545,True,True,0.0,0.0
pilot-001-local-crossover,20260811T150801Z,2026-08-11T15:14:11.885443+00:00,ffc18b8b296c,ok,,,cpu,cpu,8,256,8,1,64,9,2.860673,,5727323.605319448,174.60162353515625,-2.1366379261016846,True,True,0.0,0.0
pilot-001-local-crossover,20260811T150801Z,2026-08-11T15:14:11.918654+00:00,7bb5df0a2403,ok,,,eager-resident,cuda,,1048576,8,8,64,0,229.413811,229.36842346191406,292523208.20388615,3.4185321778059006,-2.861100196838379,True,True,0.0,0.0
pilot-001-local-crossover,20260811T150801Z,2026-08-11T15:14:11.918654+00:00,7bb5df0a2403,ok,,,eager-resident,cuda,,1048576,8,8,64,1,229.516536,229.47328186035156,292392283.2296493,3.4200628995895386,-2.753695487976074,True,True,0.0,0.0
pilot-001-local-crossover,20260811T150801Z,2026-08-11T15:14:11.918654+00:00,7bb5df0a2403,ok,,,eager-resident,cuda,,1048576,8,8,64,2,229.586201,229.5386199951172,292303560.5262705,3.421100988984108,-2.6501832008361816,True,True,0.0,0.0
pilot-001-local-crossover,20260811T150801Z,2026-08-11T15:14:11.918654+00:00,7bb5df0a2403,ok,,,eager-resident,cuda,,1048576,8,8,64,3,229.464806,229.42076110839844,292458199.45042026,3.419292062520981,-2.5434727668762207,True,True,0.0,0.0
pilot-001-local-crossover,20260811T150801Z,2026-08-11T15:14:11.918654+00:00,7bb5df0a2403,ok,,,eager-resident,cuda,,1048576,8,8,64,4,229.45006,229.4081573486328,292476994.77611816,3.4190723299980164,-2.4421892166137695,True,True,0.0,0.0
pilot-001-local-crossover,20260811T150801Z,2026-08-11T15:14:11.918654+00:00,7bb5df0a2403,ok,,,eager-resident,cuda,,1048576,8,8,64,5,229.47975,229.43609619140625,292439154.21731114,3.4195147454738617,-2.341890335083008,True,True,0.0,0.0
pilot-001-local-crossover,20260811T150801Z,2026-08-11T15:14:11.918654+00:00,7bb5df0a2403,ok,,,eager-resident,cuda,,1048576,8,8,64,6,229.379108,229.33453369140625,292567464.33942884,3.4180150628089905,-2.2398195266723633,True,True,0.0,0.0
pilot-001-local-crossover,20260811T150801Z,2026-08-11T15:14:11.918654+00:00,7bb5df0a2403,ok,,,eager-resident,cuda,,1048576,8,8,64,7,229.394067,229.34934997558594,292548385.7435598,3.4182379692792892,-2.140958309173584,True,True,0.0,0.0
pilot-001-local-crossover,20260811T150801Z,2026-08-11T15:14:11.918654+00:00,7bb5df0a2403,ok,,,eager-resident,cuda,,1048576,8,8,64,8,229.336774,229.29295349121094,292621470.29241806,3.41738423705101,-2.0471701622009277,True,True,0.0,0.0
pilot-001-local-crossover,20260811T150801Z,2026-08-11T15:14:11.918654+00:00,7bb5df0a2403,ok,,,eager-resident,cuda,,1048576,8,8,64,9,229.502969,229.45977783203125,292409567.91282296,3.4198607355356216,-1.9558019638061523,True,True,0.0,0.0
pilot-001-local-crossover,20260811T150801Z,2026-08-11T15:14:14.312690+00:00,88768920c8ca,ok,,,graph-resident,cuda,,256,8,8,64,0,1.205084,1.182047963142395,13595732.745601134,73.552490234375,-2.5161948204040527,True,True,0.0,0.0
pilot-001-local-crossover,20260811T150801Z,2026-08-11T15:14:14.312690+00:00,88768920c8ca,ok,,,graph-resident,cuda,,256,8,8,64,1,1.201226,1.1829760074615479,13639398.41461973,73.3170166015625,-2.4155654907226562,True,True,0.0,0.0
pilot-001-local-crossover,20260811T150801Z,2026-08-11T15:14:14.312690+00:00,88768920c8ca,ok,,,graph-resident,cuda,,256,8,8,64,2,1.19861,1.181823968887329,13669166.78485913,73.1573486328125,-2.318577766418457,True,True,0.0,0.0
pilot-001-local-crossover,20260811T150801Z,2026-08-11T15:14:14.312690+00:00,88768920c8ca,ok,,,graph-resident,cuda,,256,8,8,64,3,1.199135,1.1822400093078613,13663182.210510075,73.18939208984375,-2.224285125732422,True,True,0.0,0.0
pilot-001-local-crossover,20260811T150801Z,2026-08-11T15:14:14.312690+00:00,88768920c8ca,ok,,,graph-resident,cuda,,256,8,8,64,4,1.197894,1.1811840534210205,13677337.059873411,73.1136474609375,-2.129526138305664,True,True,0.0,0.0
pilot-001-local-crossover,20260811T150801Z,2026-08-11T15:14:14.312690+00:00,88768920c8ca,ok,,,graph-resident,cuda,,256,8,8,64,5,1.198676,1.1821759939193726,13668414.15027914,73.161376953125,-2.035832405090332,True,True,0.0,0.0
pilot-001-local-crossover,20260811T150801Z,2026-08-11T15:14:14.312690+00:00,88768920c8ca,ok,,,graph-resident,cuda,,256,8,8,64,6,1.19863,1.182144045829773,13668938.705021566,73.1585693359375,-1.9468307495117188,True,True,0.0,0.0
pilot-001-local-crossover,20260811T150801Z,2026-08-11T15:14:14.312690+00:00,88768920c8ca,ok,,,graph-resident,cuda,,256,8,8,64,7,1.198176,1.1816320419311523,13674117.99268221,73.130859375,-1.860598087310791,True,True,0.0,0.0
pilot-001-local-crossover,20260811T150801Z,2026-08-11T15:14:14.312690+00:00,88768920c8ca,ok,,,graph-resident,cuda,,256,8,8,64,8,1.197846,1.181823968887329,13677885.137154525,73.1107177734375,-1.7771430015563965,True,True,0.0,0.0
pilot-001-local-crossover,20260811T150801Z,2026-08-11T15:14:14.312690+00:00,88768920c8ca,ok,,,graph-resident,cuda,,256,8,8,64,9,1.197986,1.1811840534210205,13676286.701180147,73.1192626953125,-1.697338581085205,True,True,0.0,0.0
pilot-001-local-crossover,20260811T150801Z,2026-08-11T15:14:14.340136+00:00,1f4c44070b89,ok,,,cpu,cpu,8,1024,32,1,64,0,4.152299,,15783063.791889746,63.35905456542969,28.082107543945312,True,True,0.0,0.0
pilot-001-local-crossover,20260811T150801Z,2026-08-11T15:14:14.340136+00:00,1f4c44070b89,ok,,,cpu,cpu,8,1024,32,1,64,1,5.509187,,11895766.108502036,84.06352233886719,27.227201461791992,True,True,0.0,0.0
pilot-001-local-crossover,20260811T150801Z,2026-08-11T15:14:14.340136+00:00,1f4c44070b89,ok,,,cpu,cpu,8,1024,32,1,64,2,4.177539,,15687705.129742654,63.744186401367195,26.399250030517578,True,True,0.0,0.0
pilot-001-local-crossover,20260811T150801Z,2026-08-11T15:14:14.340136+00:00,1f4c44070b89,ok,,,cpu,cpu,8,1024,32,1,64,3,4.232745,,15483096.666583976,64.58656311035156,25.59737777709961,True,True,0.0,0.0
pilot-001-local-crossover,20260811T150801Z,2026-08-11T15:14:14.340136+00:00,1f4c44070b89,ok,,,cpu,cpu,8,1024,32,1,64,4,5.194804,,12615682.901607066,79.26641845703125,24.82077407836914,True,True,0.0,0.0
pilot-001-local-crossover,20260811T150801Z,2026-08-11T15:14:14.340136+00:00,1f4c44070b89,ok,,,cpu,cpu,8,1024,32,1,64,5,4.190224,,15640213.983787026,63.93774414062499,24.068626403808594,True,True,0.0,0.0
pilot-001-local-crossover,20260811T150801Z,2026-08-11T15:14:14.340136+00:00,1f4c44070b89,ok,,,cpu,cpu,8,1024,32,1,64,6,4.183675,,15664696.708037788,63.83781433105469,23.3402099609375,True,True,0.0,0.0
pilot-001-local-crossover,20260811T150801Z,2026-08-11T15:14:14.340136+00:00,1f4c44070b89,ok,,,cpu,cpu,8,1024,32,1,64,7,4.233716,,15479545.628473898,64.60137939453125,22.634750366210938,True,True,0.0,0.0
pilot-001-local-crossover,20260811T150801Z,2026-08-11T15:14:14.340136+00:00,1f4c44070b89,ok,,,cpu,cpu,8,1024,32,1,64,8,5.065944,,12936582.007223135,77.3001708984375,21.95151138305664,True,True,0.0,0.0
pilot-001-local-crossover,20260811T150801Z,2026-08-11T15:14:14.340136+00:00,1f4c44070b89,ok,,,cpu,cpu,8,1024,32,1,64,9,4.24205,,15449134.262915336,64.72854614257812,21.289798736572266,True,True,0.0,0.0
pilot-001-local-crossover,20260811T150801Z,2026-08-11T15:14:14.387175+00:00,898fb33682e0,ok,,,eager-resident,cuda,,4096,8,8,64,0,7.282236,7.249631881713867,35997734.76168583,27.779525756835938,-2.928821563720703,True,True,0.0,0.0
pilot-001-local-crossover,20260811T150801Z,2026-08-11T15:14:14.387175+00:00,898fb33682e0,ok,,,eager-resident,cuda,,4096,8,8,64,1,7.630244,7.60262393951416,34355913.12676239,29.107070922851562,-2.8713760375976562,True,True,0.0,0.0
pilot-001-local-crossover,20260811T150801Z,2026-08-11T15:14:14.387175+00:00,898fb33682e0,ok,,,eager-resident,cuda,,4096,8,8,64,2,7.178339,7.152416229248047,36518754.5475353,27.383190155029297,-2.814406394958496,True,True,0.0,0.0
pilot-001-local-crossover,20260811T150801Z,2026-08-11T15:14:14.387175+00:00,898fb33682e0,ok,,,eager-resident,cuda,,4096,8,8,64,3,7.116801,7.09062385559082,36834527.1983859,27.148441314697266,-2.7588539123535156,True,True,0.0,0.0
pilot-001-local-crossover,20260811T150801Z,2026-08-11T15:14:14.387175+00:00,898fb33682e0,ok,,,eager-resident,cuda,,4096,8,8,64,4,7.147874,7.122079849243164,36674401.36745555,27.26697540283203,-2.704799175262451,True,True,0.0,0.0
pilot-001-local-crossover,20260811T150801Z,2026-08-11T15:14:14.387175+00:00,898fb33682e0,ok,,,eager-resident,cuda,,4096,8,8,64,5,7.155992,7.130080223083496,36632796.68283586,27.297943115234375,-2.6512222290039062,True,True,0.0,0.0
pilot-001-local-crossover,20260811T150801Z,2026-08-11T15:14:14.387175+00:00,898fb33682e0,ok,,,eager-resident,cuda,,4096,8,8,64,6,7.121358,7.095392227172852,36810956.56193665,27.16582489013672,-2.593958854675293,True,True,0.0,0.0
pilot-001-local-crossover,20260811T150801Z,2026-08-11T15:14:14.387175+00:00,898fb33682e0,ok,,,eager-resident,cuda,,4096,8,8,64,7,7.131358,7.105311870574951,36759338.12325787,27.20397186279297,-2.535679817199707,True,True,0.0,0.0
pilot-001-local-crossover,20260811T150801Z,2026-08-11T15:14:14.387175+00:00,898fb33682e0,ok,,,eager-resident,cuda,,4096,8,8,64,8,7.106851,7.0775041580200195,36886097.65422126,27.110485076904297,-2.4792346954345703,True,True,0.0,0.0
pilot-001-local-crossover,20260811T150801Z,2026-08-11T15:14:14.387175+00:00,898fb33682e0,ok,,,eager-resident,cuda,,4096,8,8,64,9,7.146832,7.120416164398193,36679748.45358055,27.26300048828125,-2.425436496734619,True,True,0.0,0.0
pilot-001-local-crossover,20260811T150801Z,2026-08-11T15:14:14.462652+00:00,fe4ba90aad62,ok,,,eager-host-visible,cuda,,262144,32,1,64,0,135.649372,135.58963012695312,123680749.5135326,8.08533263206482,28.067096710205078,True,True,0.0,0.0
pilot-001-local-crossover,20260811T150801Z,2026-08-11T15:14:14.462652+00:00,fe4ba90aad62,ok,,,eager-host-visible,cuda,,262144,32,1,64,1,134.605318,134.55859375,124640068.08408566,8.023102164268494,27.200599670410156,True,True,0.0,0.0
pilot-001-local-crossover,20260811T150801Z,2026-08-11T15:14:14.462652+00:00,fe4ba90aad62,ok,,,eager-host-visible,cuda,,262144,32,1,64,2,134.834098,134.78598022460938,124428584.82280943,8.036738514900208,26.36141014099121,True,True,0.0,0.0
pilot-001-local-crossover,20260811T150801Z,2026-08-11T15:14:14.462652+00:00,fe4ba90aad62,ok,,,eager-host-visible,cuda,,262144,32,1,64,3,134.585437,134.53712463378906,124658479.95128924,8.021917164325714,25.54864501953125,True,True,0.0,0.0
pilot-001-local-crossover,20260811T150801Z,2026-08-11T15:14:14.462652+00:00,fe4ba90aad62,ok,,,eager-host-visible,cuda,,262144,32,1,64,4,134.539932,134.49583435058594,124700642.7801673,8.01920485496521,24.76149559020996,True,True,0.0,0.0
pilot-001-local-crossover,20260811T150801Z,2026-08-11T15:14:14.462652+00:00,fe4ba90aad62,ok,,,eager-host-visible,cuda,,262144,32,1,64,5,134.452815,134.40924072265625,124781440.9835897,8.014012277126312,23.999135971069336,True,True,0.0,0.0
pilot-001-local-crossover,20260811T150801Z,2026-08-11T15:14:14.462652+00:00,fe4ba90aad62,ok,,,eager-host-visible,cuda,,262144,32,1,64,6,135.158305,135.11415100097656,124130115.42279994,8.056062757968903,23.260784149169922,True,True,0.0,0.0
pilot-001-local-crossover,20260811T150801Z,2026-08-11T15:14:14.462652+00:00,fe4ba90aad62,ok,,,eager-host-visible,cuda,,262144,32,1,64,7,135.030044,134.9857635498047,124248022.90666512,8.048417806625366,22.54568862915039,True,True,0.0,0.0
pilot-001-local-crossover,20260811T150801Z,2026-08-11T15:14:14.462652+00:00,fe4ba90aad62,ok,,,eager-host-visible,cuda,,262144,32,1,64,8,134.567752,134.5244140625,124674862.6669486,8.020863056182861,21.853111267089844,True,True,0.0,0.0
pilot-001-local-crossover,20260811T150801Z,2026-08-11T15:14:14.462652+00:00,fe4ba90aad62,ok,,,eager-host-visible,cuda,,262144,32,1,64,9,134.431462,134.38677978515625,124801261.18095776,8.012739539146423,21.182350158691406,True,True,0.0,0.0
pilot-001-local-crossover,20260811T150801Z,2026-08-11T15:14:15.881367+00:00,4bc5d3f00134,ok,,,graph-resident,cuda,,16384,32,1,64,0,8.92595,8.898143768310547,117475002.6607812,8.512449264526367,25.171627044677734,True,True,0.0,0.0
pilot-001-local-crossover,20260811T150801Z,2026-08-11T15:14:15.881367+00:00,4bc5d3f00134,ok,,,graph-resident,cuda,,16384,32,1,64,1,8.927443,8.90828800201416,117455356.47777309,8.513873100280762,24.302974700927734,True,True,0.0,0.0
pilot-001-local-crossover,20260811T150801Z,2026-08-11T15:14:15.881367+00:00,4bc5d3f00134,ok,,,graph-resident,cuda,,16384,32,1,64,2,8.921888,8.903871536254883,117528487.24395555,8.508575439453125,23.461700439453125,True,True,0.0,0.0
pilot-001-local-crossover,20260811T150801Z,2026-08-11T15:14:15.881367+00:00,4bc5d3f00134,ok,,,graph-resident,cuda,,16384,32,1,64,3,8.915842,8.898303985595703,117608185.51966263,8.502809524536133,22.64691162109375,True,True,0.0,0.0
pilot-001-local-crossover,20260811T150801Z,2026-08-11T15:14:15.881367+00:00,4bc5d3f00134,ok,,,graph-resident,cuda,,16384,32,1,64,4,8.916305,8.899264335632324,117602078.43944326,8.503251075744629,21.857757568359375,True,True,0.0,0.0
pilot-001-local-crossover,20260811T150801Z,2026-08-11T15:14:15.881367+00:00,4bc5d3f00134,ok,,,graph-resident,cuda,,16384,32,1,64,5,8.919996,8.90236759185791,117553415.94323586,8.506771087646484,21.09347152709961,True,True,0.0,0.0
pilot-001-local-crossover,20260811T150801Z,2026-08-11T15:14:15.881367+00:00,4bc5d3f00134,ok,,,graph-resident,cuda,,16384,32,1,64,6,8.937647,8.920031547546387,117321259.16362551,8.523604393005371,20.353273391723633,True,True,0.0,0.0
pilot-001-local-crossover,20260811T150801Z,2026-08-11T15:14:15.881367+00:00,4bc5d3f00134,ok,,,graph-resident,cuda,,16384,32,1,64,7,8.918947,8.900799751281738,117567241.96253212,8.505770683288574,19.636384963989258,True,True,0.0,0.0
pilot-001-local-crossover,20260811T150801Z,2026-08-11T15:14:15.881367+00:00,4bc5d3f00134,ok,,,graph-resident,cuda,,16384,32,1,64,8,8.917453,8.900032043457031,117586938.78173509,8.504345893859863,18.942089080810547,True,True,0.0,0.0
pilot-001-local-crossover,20260811T150801Z,2026-08-11T15:14:15.881367+00:00,4bc5d3f00134,ok,,,graph-resident,cuda,,16384,32,1,64,9,8.915992,8.89907169342041,117606206.91449702,8.502952575683594,18.269664764404297,True,True,0.0,0.0
pilot-001-local-crossover,20260811T150801Z,2026-08-11T15:14:16.011599+00:00,402998b365ef,ok,,,cpu,cpu,8,1024,8,8,64,0,3.693338,,17744381.9114308,56.355865478515625,-2.9453015327453613,True,True,0.0,0.0
pilot-001-local-crossover,20260811T150801Z,2026-08-11T15:14:16.011599+00:00,402998b365ef,ok,,,cpu,cpu,8,1024,8,8,64,1,3.720513,,17614775.16675792,56.77052307128906,-2.9096508026123047,True,True,0.0,0.0
pilot-001-local-crossover,20260811T150801Z,2026-08-11T15:14:16.011599+00:00,402998b365ef,ok,,,cpu,cpu,8,1024,8,8,64,2,3.706062,,17683460.2335309,56.550018310546875,-2.8775668144226074,True,True,0.0,0.0
pilot-001-local-crossover,20260811T150801Z,2026-08-11T15:14:16.011599+00:00,402998b365ef,ok,,,cpu,cpu,8,1024,8,8,64,3,3.705033,,17688371.466596924,56.53431701660156,-2.8464837074279785,True,True,0.0,0.0
pilot-001-local-crossover,20260811T150801Z,2026-08-11T15:14:16.011599+00:00,402998b365ef,ok,,,cpu,cpu,8,1024,8,8,64,4,3.70566,,17685378.583032444,56.54388427734375,-2.8190078735351562,True,True,0.0,0.0
pilot-001-local-crossover,20260811T150801Z,2026-08-11T15:14:16.011599+00:00,402998b365ef,ok,,,cpu,cpu,8,1024,8,8,64,5,3.73022,,17568936.952780265,56.91864013671875,-2.795393228530884,True,True,0.0,0.0
pilot-001-local-crossover,20260811T150801Z,2026-08-11T15:14:16.011599+00:00,402998b365ef,ok,,,cpu,cpu,8,1024,8,8,64,6,3.709592,,17666632.880381454,56.6038818359375,-2.7694053649902344,True,True,0.0,0.0
pilot-001-local-crossover,20260811T150801Z,2026-08-11T15:14:16.011599+00:00,402998b365ef,ok,,,cpu,cpu,8,1024,8,8,64,7,3.917257,,16730074.130954389,59.77259826660156,-2.739619493484497,True,True,0.0,0.0
pilot-001-local-crossover,20260811T150801Z,2026-08-11T15:14:16.011599+00:00,402998b365ef,ok,,,cpu,cpu,8,1024,8,8,64,8,3.707483,,17676682.53637306,56.57170104980469,-2.7114450931549072,True,True,0.0,0.0
pilot-001-local-crossover,20260811T150801Z,2026-08-11T15:14:16.011599+00:00,402998b365ef,ok,,,cpu,cpu,8,1024,8,8,64,9,3.701081,,17707259.041344948,56.47401428222656,-2.6862220764160156,True,True,0.0,0.0
pilot-001-local-crossover,20260811T150801Z,2026-08-11T15:14:16.050513+00:00,c24d4acc5cec,ok,,,graph-resident,cuda,,1048576,8,1,64,0,229.255232,229.19839477539062,292725550.53400046,3.4161691665649414,-2.760322093963623,True,True,0.0,0.0
pilot-001-local-crossover,20260811T150801Z,2026-08-11T15:14:16.050513+00:00,c24d4acc5cec,ok,,,graph-resident,cuda,,1048576,8,1,64,1,229.083699,229.0397186279297,292944737.1984333,3.413613125681877,-2.7086286544799805,True,True,0.0,0.0
pilot-001-local-crossover,20260811T150801Z,2026-08-11T15:14:16.050513+00:00,c24d4acc5cec,ok,,,graph-resident,cuda,,1048576,8,1,64,2,229.11079,229.0665283203125,292910098.21056443,3.4140168130397797,-2.6585617065429688,True,True,0.0,0.0
pilot-001-local-crossover,20260811T150801Z,2026-08-11T15:14:16.050513+00:00,c24d4acc5cec,ok,,,graph-resident,cuda,,1048576,8,1,64,3,229.123753,229.080322265625,292893526.40797573,3.4142099767923355,-2.610076904296875,True,True,0.0,0.0
pilot-001-local-crossover,20260811T150801Z,2026-08-11T15:14:16.050513+00:00,c24d4acc5cec,ok,,,graph-resident,cuda,,1048576,8,1,64,4,229.165688,229.1210174560547,292839929.85895866,3.4148348569869995,-2.5631227493286133,True,True,0.0,0.0
pilot-001-local-crossover,20260811T150801Z,2026-08-11T15:14:16.050513+00:00,c24d4acc5cec,ok,,,graph-resident,cuda,,1048576,8,1,64,5,229.133658,229.09280395507812,292880865.19353694,3.4143575727939606,-2.5176496505737305,True,True,0.0,0.0
pilot-001-local-crossover,20260811T150801Z,2026-08-11T15:14:16.050513+00:00,c24d4acc5cec,ok,,,graph-resident,cuda,,1048576,8,1,64,6,229.213825,229.17091369628906,292778430.7949139,3.4155521541833878,-2.4736180305480957,True,True,0.0,0.0
pilot-001-local-crossover,20260811T150801Z,2026-08-11T15:14:16.050513+00:00,c24d4acc5cec,ok,,,graph-resident,cuda,,1048576,8,1,64,7,229.072813,229.0286102294922,292958658.52051157,3.413450911641121,-2.430974006652832,True,True,0.0,0.0
pilot-001-local-crossover,20260811T150801Z,2026-08-11T15:14:16.050513+00:00,c24d4acc5cec,ok,,,graph-resident,cuda,,1048576,8,1,64,8,229.11495,229.07154846191406,292904779.893237,3.414078801870346,-2.389679431915283,True,True,0.0,0.0
pilot-001-local-crossover,20260811T150801Z,2026-08-11T15:14:16.050513+00:00,c24d4acc5cec,ok,,,graph-resident,cuda,,1048576,8,1,64,9,229.013424,228.96841430664062,293034630.1446504,3.4125659465789795,-2.3496861457824707,True,True,0.0,0.0
pilot-001-local-crossover,20260811T150801Z,2026-08-11T15:14:19.138632+00:00,f5369f591bac,ok,,,cpu,cpu,8,256,32,1,64,0,2.906044,,5637905.000750161,177.370849609375,27.957908630371094,True,True,0.0,0.0
pilot-001-local-crossover,20260811T150801Z,2026-08-11T15:14:19.138632+00:00,f5369f591bac,ok,,,cpu,cpu,8,256,32,1,64,1,3.018993,,5426975.153635666,184.26470947265625,27.007137298583984,True,True,0.0,0.0
pilot-001-local-crossover,20260811T150801Z,2026-08-11T15:14:19.138632+00:00,f5369f591bac,ok,,,cpu,cpu,8,256,32,1,64,2,4.128764,,3968257.812749772,251.99975585937503,26.086339950561523,True,True,0.0,0.0
pilot-001-local-crossover,20260811T150801Z,2026-08-11T15:14:19.138632+00:00,f5369f591bac,ok,,,cpu,cpu,8,256,32,1,64,3,2.92322,,5604778.292430949,178.419189453125,25.194547653198242,True,True,0.0,0.0
pilot-001-local-crossover,20260811T150801Z,2026-08-11T15:14:19.138632+00:00,f5369f591bac,ok,,,cpu,cpu,8,256,32,1,64,4,2.930057,,5591700.093206378,178.83648681640625,24.330867767333984,True,True,0.0,0.0
pilot-001-local-crossover,20260811T150801Z,2026-08-11T15:14:19.138632+00:00,f5369f591bac,ok,,,cpu,cpu,8,256,32,1,64,5,2.930611,,5590643.043379009,178.87030029296875,23.494401931762695,True,True,0.0,0.0
pilot-001-local-crossover,20260811T150801Z,2026-08-11T15:14:19.138632+00:00,f5369f591bac,ok,,,cpu,cpu,8,256,32,1,64,6,2.91439,,5621759.613504026,177.8802490234375,22.684295654296875,True,True,0.0,0.0
pilot-001-local-crossover,20260811T150801Z,2026-08-11T15:14:19.138632+00:00,f5369f591bac,ok,,,cpu,cpu,8,256,32,1,64,7,2.91524,,5620120.470355785,177.93212890625,21.899730682373047,True,True,0.0,0.0
pilot-001-local-crossover,20260811T150801Z,2026-08-11T15:14:19.138632+00:00,f5369f591bac,ok,,,cpu,cpu,8,256,32,1,64,8,2.914566,,5621420.135965354,177.8909912109375,21.139863967895508,True,True,0.0,0.0
pilot-001-local-crossover,20260811T150801Z,2026-08-11T15:14:19.138632+00:00,f5369f591bac,ok,,,cpu,cpu,8,256,32,1,64,9,2.917168,,5616406.048606045,178.0498046875,20.403932571411133,True,True,0.0,0.0
pilot-001-local-crossover,20260811T150801Z,2026-08-11T15:14:19.170548+00:00,c9bae3727cfe,ok,,,eager-host-visible,cuda,,1024,32,8,64,0,8.78223,8.748479843139648,7462341.569282517,134.00619506835938,28.06416893005371,True,True,0.0,0.0
pilot-001-local-crossover,20260811T150801Z,2026-08-11T15:14:19.170548+00:00,c9bae3727cfe,ok,,,eager-host-visible,cuda,,1024,32,8,64,1,8.77203,8.745183944702148,7471018.680966663,133.85055541992188,27.18938636779785,True,True,0.0,0.0
pilot-001-local-crossover,20260811T150801Z,2026-08-11T15:14:19.170548+00:00,c9bae3727cfe,ok,,,eager-host-visible,cuda,,1024,32,8,64,2,8.400727,8.374176025390625,7801229.584058617,128.18492126464844,26.346155166625977,True,True,0.0,0.0
pilot-001-local-crossover,20260811T150801Z,2026-08-11T15:14:19.170548+00:00,c9bae3727cfe,ok,,,eager-host-visible,cuda,,1024,32,8,64,3,8.489434,8.463071823120117,7719713.705295313,129.53848266601562,25.52603530883789,True,True,0.0,0.0
pilot-001-local-crossover,20260811T150801Z,2026-08-11T15:14:19.170548+00:00,c9bae3727cfe,ok,,,eager-host-visible,cuda,,1024,32,8,64,4,8.409151,8.38310432434082,7793414.578950955,128.31346130371094,24.73067283630371,True,True,0.0,0.0
pilot-001-local-crossover,20260811T150801Z,2026-08-11T15:14:19.170548+00:00,c9bae3727cfe,ok,,,eager-host-visible,cuda,,1024,32,8,64,5,8.417813,8.39136028289795,7785395.090149899,128.4456329345703,23.958663940429688,True,True,0.0,0.0
pilot-001-local-crossover,20260811T150801Z,2026-08-11T15:14:19.170548+00:00,c9bae3727cfe,ok,,,eager-host-visible,cuda,,1024,32,8,64,6,8.398716,8.372096061706543,7803097.521097272,128.15423583984375,23.20883560180664,True,True,0.0,0.0
pilot-001-local-crossover,20260811T150801Z,2026-08-11T15:14:19.170548+00:00,c9bae3727cfe,ok,,,eager-host-visible,cuda,,1024,32,8,64,7,8.443803,8.417792320251465,7761431.667697599,128.8422088623047,22.482175827026367,True,True,0.0,0.0
pilot-001-local-crossover,20260811T150801Z,2026-08-11T15:14:19.170548+00:00,c9bae3727cfe,ok,,,eager-host-visible,cuda,,1024,32,8,64,8,8.471907,8.44547176361084,7735684.539502146,129.2710418701172,21.77796173095703,True,True,0.0,0.0
pilot-001-local-crossover,20260811T150801Z,2026-08-11T15:14:19.170548+00:00,c9bae3727cfe,ok,,,eager-host-visible,cuda,,1024,32,8,64,9,8.50632,8.476032257080078,7704389.207083673,129.796142578125,21.09539031982422,True,True,0.0,0.0
pilot-001-local-crossover,20260811T150801Z,2026-08-11T15:14:19.258942+00:00,ecd765679d33,ok,,,cpu,cpu,1,262144,8,8,64,0,856.853483,,19580028.94644241,51.07244747877121,-2.8346705436706543,True,True,0.0,0.0
pilot-001-local-crossover,20260811T150801Z,2026-08-11T15:14:19.258942+00:00,ecd765679d33,ok,,,cpu,cpu,1,262144,8,8,64,1,844.580166,,19864563.09938967,50.34090077877045,-2.7074451446533203,True,True,0.0,0.0
pilot-001-local-crossover,20260811T150801Z,2026-08-11T15:14:19.258942+00:00,ecd765679d33,ok,,,cpu,cpu,1,262144,8,8,64,2,847.909457,,19786565.48938574,50.53934198617935,-2.5869688987731934,True,True,0.0,0.0
pilot-001-local-crossover,20260811T150801Z,2026-08-11T15:14:19.258942+00:00,ecd765679d33,ok,,,cpu,cpu,1,262144,8,8,64,3,838.605241,,20006094.858164616,49.984767496585846,-2.472372055053711,True,True,0.0,0.0
pilot-001-local-crossover,20260811T150801Z,2026-08-11T15:14:19.258942+00:00,ecd765679d33,ok,,,cpu,cpu,1,262144,8,8,64,4,841.296442,,19942097.888962664,50.14517557621002,-2.361659526824951,True,True,0.0,0.0
pilot-001-local-crossover,20260811T150801Z,2026-08-11T15:14:19.258942+00:00,ecd765679d33,ok,,,cpu,cpu,1,262144,8,8,64,5,832.492364,,20152996.86280366,49.62041163444519,-2.255164861679077,True,True,0.0,0.0
pilot-001-local-crossover,20260811T150801Z,2026-08-11T15:14:19.258942+00:00,ecd765679d33,ok,,,cpu,cpu,1,262144,8,8,64,6,836.842995,,20048224.2191679,49.87972944974899,-2.1537108421325684,True,True,0.0,0.0
pilot-001-local-crossover,20260811T150801Z,2026-08-11T15:14:19.258942+00:00,ecd765679d33,ok,,,cpu,cpu,1,262144,8,8,64,7,846.688168,,19815106.23873511,50.46654748916626,-2.05989146232605,True,True,0.0,0.0
pilot-001-local-crossover,20260811T150801Z,2026-08-11T15:14:19.258942+00:00,ecd765679d33,ok,,,cpu,cpu,1,262144,8,8,64,8,860.431356,,19498610.648029428,51.28570532798767,-1.9729514122009277,True,True,0.0,0.0
pilot-001-local-crossover,20260811T150801Z,2026-08-11T15:14:19.258942+00:00,ecd765679d33,ok,,,cpu,cpu,1,262144,8,8,64,9,842.10351,,19922985.47716539,50.19328057765961,-1.8915014266967773,True,True,0.0,0.0
pilot-001-local-crossover,20260811T150801Z,2026-08-11T15:14:27.923234+00:00,4caa561ecc5f,ok,,,eager-host-visible,cuda,,16384,8,8,64,0,9.735502,9.701984405517578,107706413.08481063,9.28449821472168,-2.874418258666992,True,True,0.0,0.0
pilot-001-local-crossover,20260811T150801Z,2026-08-11T15:14:27.923234+00:00,4caa561ecc5f,ok,,,eager-host-visible,cuda,,16384,8,8,64,1,9.683265,9.6561918258667,108287442.30380972,9.234681129455566,-2.774569511413574,True,True,0.0,0.0
pilot-001-local-crossover,20260811T150801Z,2026-08-11T15:14:27.923234+00:00,4caa561ecc5f,ok,,,eager-host-visible,cuda,,16384,8,8,64,2,9.668851,9.642304420471191,108448873.60452652,9.220934867858887,-2.677410125732422,True,True,0.0,0.0
pilot-001-local-crossover,20260811T150801Z,2026-08-11T15:14:27.923234+00:00,4caa561ecc5f,ok,,,eager-host-visible,cuda,,16384,8,8,64,3,9.6991,9.673088073730469,108110649.44170077,9.24978256225586,-2.586416244506836,True,True,0.0,0.0
pilot-001-local-crossover,20260811T150801Z,2026-08-11T15:14:27.923234+00:00,4caa561ecc5f,ok,,,eager-host-visible,cuda,,16384,8,8,64,4,9.665955,9.640000343322754,108481365.78330852,9.218173027038574,-2.500972270965576,True,True,0.0,0.0
pilot-001-local-crossover,20260811T150801Z,2026-08-11T15:14:27.923234+00:00,4caa561ecc5f,ok,,,eager-host-visible,cuda,,16384,8,8,64,5,9.826543,9.800095558166504,106708534.22205552,9.371321678161621,-2.4157872200012207,True,True,0.0,0.0
pilot-001-local-crossover,20260811T150801Z,2026-08-11T15:14:27.923234+00:00,4caa561ecc5f,ok,,,eager-host-visible,cuda,,16384,8,8,64,6,9.687884,9.66163158416748,108235812.89784229,9.239086151123047,-2.3315563201904297,True,True,0.0,0.0
pilot-001-local-crossover,20260811T150801Z,2026-08-11T15:14:27.923234+00:00,4caa561ecc5f,ok,,,eager-host-visible,cuda,,16384,8,8,64,7,9.687191,9.660672187805176,108243555.84606518,9.238425254821777,-2.2542152404785156,True,True,0.0,0.0
pilot-001-local-crossover,20260811T150801Z,2026-08-11T15:14:27.923234+00:00,4caa561ecc5f,ok,,,eager-host-visible,cuda,,16384,8,8,64,8,9.878407,9.85155200958252,106148288.88908911,9.420783042907715,-2.1770901679992676,True,True,0.0,0.0
pilot-001-local-crossover,20260811T150801Z,2026-08-11T15:14:27.923234+00:00,4caa561ecc5f,ok,,,eager-host-visible,cuda,,16384,8,8,64,9,9.682058,9.65561580657959,108300941.8039016,9.233530044555664,-2.1020126342773438,True,True,0.0,0.0
pilot-001-local-crossover,20260811T150801Z,2026-08-11T15:14:28.024353+00:00,0f5be7ed724b,ok,,,cpu,cpu,8,65536,32,1,64,0,121.977192,,34385969.46878397,29.081628799438477,28.093616485595703,True,True,0.0,0.0
pilot-001-local-crossover,20260811T150801Z,2026-08-11T15:14:28.024353+00:00,0f5be7ed724b,ok,,,cpu,cpu,8,65536,32,1,64,1,120.823056,,34714433.97359524,28.806461334228516,27.247560501098633,True,True,0.0,0.0
pilot-001-local-crossover,20260811T150801Z,2026-08-11T15:14:28.024353+00:00,0f5be7ed724b,ok,,,cpu,cpu,8,65536,32,1,64,2,156.934039,,26726540.823944505,37.415990591049194,26.428152084350586,True,True,0.0,0.0
pilot-001-local-crossover,20260811T150801Z,2026-08-11T15:14:28.024353+00:00,0f5be7ed724b,ok,,,cpu,cpu,8,65536,32,1,64,3,125.883819,,33318849.343139168,30.013041257858276,25.634532928466797,True,True,0.0,0.0
pilot-001-local-crossover,20260811T150801Z,2026-08-11T15:14:28.024353+00:00,0f5be7ed724b,ok,,,cpu,cpu,8,65536,32,1,64,4,129.631948,,32355480.764664587,30.906664848327637,24.865921020507812,True,True,0.0,0.0
pilot-001-local-crossover,20260811T150801Z,2026-08-11T15:14:28.024353+00:00,0f5be7ed724b,ok,,,cpu,cpu,8,65536,32,1,64,5,121.444178,,34536888.21542355,28.954548358917236,24.121517181396484,True,True,0.0,0.0
pilot-001-local-crossover,20260811T150801Z,2026-08-11T15:14:28.024353+00:00,0f5be7ed724b,ok,,,cpu,cpu,8,65536,32,1,64,6,119.607442,,35067249.41078499,28.51663637161255,23.40054702758789,True,True,0.0,0.0
pilot-001-local-crossover,20260811T150801Z,2026-08-11T15:14:28.024353+00:00,0f5be7ed724b,ok,,,cpu,cpu,8,65536,32,1,64,7,119.764524,,35021255.54308553,28.55408763885498,22.70230484008789,True,True,0.0,0.0
pilot-001-local-crossover,20260811T150801Z,2026-08-11T15:14:28.024353+00:00,0f5be7ed724b,ok,,,cpu,cpu,8,65536,32,1,64,8,201.652933,,20799618.124076582,48.07780575752258,22.02604103088379,True,True,0.0,0.0
pilot-001-local-crossover,20260811T150801Z,2026-08-11T15:14:28.024353+00:00,0f5be7ed724b,ok,,,cpu,cpu,8,65536,32,1,64,9,165.977584,,25270303.970685583,39.572139739990234,21.371109008789062,True,True,0.0,0.0
pilot-001-local-crossover,20260811T150801Z,2026-08-11T15:14:29.446847+00:00,e91753c19d05,ok,,,eager-host-visible,cuda,,4096,32,8,64,0,8.940533,8.905823707580566,29320846.978586175,34.10542678833008,28.04944610595703,True,True,0.0,0.0
pilot-001-local-crossover,20260811T150801Z,2026-08-11T15:14:29.446847+00:00,e91753c19d05,ok,,,eager-host-visible,cuda,,4096,32,8,64,1,9.244094,9.217344284057617,28357998.090456452,35.26342010498047,27.17084312438965,True,True,0.0,0.0
pilot-001-local-crossover,20260811T150801Z,2026-08-11T15:14:29.446847+00:00,e91753c19d05,ok,,,eager-host-visible,cuda,,4096,32,8,64,2,8.75638,8.730175971984863,29937485.5819414,33.40293884277344,26.3139705657959,True,True,0.0,0.0
pilot-001-local-crossover,20260811T150801Z,2026-08-11T15:14:29.446847+00:00,e91753c19d05,ok,,,eager-host-visible,cuda,,4096,32,8,64,3,8.733325,8.707551956176758,30016517.191333197,33.31499099731445,25.481529235839844,True,True,0.0,0.0
pilot-001-local-crossover,20260811T150801Z,2026-08-11T15:14:29.446847+00:00,e91753c19d05,ok,,,eager-host-visible,cuda,,4096,32,8,64,4,8.601502,8.575936317443848,30476537.702368725,32.81212615966797,24.675321578979492,True,True,0.0,0.0
pilot-001-local-crossover,20260811T150801Z,2026-08-11T15:14:29.446847+00:00,e91753c19d05,ok,,,eager-host-visible,cuda,,4096,32,8,64,5,8.788015,8.761568069458008,29829716.949732106,33.523616790771484,23.894481658935547,True,True,0.0,0.0
pilot-001-local-crossover,20260811T150801Z,2026-08-11T15:14:29.446847+00:00,e91753c19d05,ok,,,eager-host-visible,cuda,,4096,32,8,64,6,8.798089,8.772000312805176,29795561.28609293,33.56204605102539,23.144290924072266,True,True,0.0,0.0
pilot-001-local-crossover,20260811T150801Z,2026-08-11T15:14:29.446847+00:00,e91753c19d05,ok,,,eager-host-visible,cuda,,4096,32,8,64,7,8.859743,8.833279609680176,29588217.17514831,33.797237396240234,22.428966522216797,True,True,0.0,0.0
pilot-001-local-crossover,20260811T150801Z,2026-08-11T15:14:29.446847+00:00,e91753c19d05,ok,,,eager-host-visible,cuda,,4096,32,8,64,8,9.083308,9.033056259155273,28859970.39844955,34.65007019042969,21.747848510742188,True,True,0.0,0.0
pilot-001-local-crossover,20260811T150801Z,2026-08-11T15:14:29.446847+00:00,e91753c19d05,ok,,,eager-host-visible,cuda,,4096,32,8,64,9,8.628221,8.60211181640625,30382161.050348617,32.9140510559082,21.09005355834961,True,True,0.0,0.0
pilot-001-local-crossover,20260811T150801Z,2026-08-11T15:14:29.539171+00:00,1d554df8139e,ok,,,eager-resident,cuda,,256,8,1,64,0,7.366942,7.339200019836426,2223989.2753329673,449.6424560546875,-2.878509998321533,True,True,0.0,0.0
pilot-001-local-crossover,20260811T150801Z,2026-08-11T15:14:29.539171+00:00,1d554df8139e,ok,,,eager-resident,cuda,,256,8,1,64,1,7.190957,7.164159774780273,2278417.184249607,438.90118408203125,-2.785147190093994,True,True,0.0,0.0
pilot-001-local-crossover,20260811T150801Z,2026-08-11T15:14:29.539171+00:00,1d554df8139e,ok,,,eager-resident,cuda,,256,8,1,64,2,7.072441,7.042751789093018,2316597.6216698023,431.66754150390625,-2.694735050201416,True,True,0.0,0.0
pilot-001-local-crossover,20260811T150801Z,2026-08-11T15:14:29.539171+00:00,1d554df8139e,ok,,,eager-resident,cuda,,256,8,1,64,3,7.397344,7.371071815490723,2214849.0052645924,451.498046875,-2.607166290283203,True,True,0.0,0.0
pilot-001-local-crossover,20260811T150801Z,2026-08-11T15:14:29.539171+00:00,1d554df8139e,ok,,,eager-resident,cuda,,256,8,1,64,4,7.298971,7.273024082183838,2244699.9720919565,445.49383544921875,-2.522346019744873,True,True,0.0,0.0
pilot-001-local-crossover,20260811T150801Z,2026-08-11T15:14:29.539171+00:00,1d554df8139e,ok,,,eager-resident,cuda,,256,8,1,64,5,7.304252,7.278592109680176,2243077.0460822,445.816162109375,-2.4401907920837402,True,True,0.0,0.0
pilot-001-local-crossover,20260811T150801Z,2026-08-11T15:14:29.539171+00:00,1d554df8139e,ok,,,eager-resident,cuda,,256,8,1,64,6,8.246308,8.218239784240723,1986828.5298099462,503.31469726562506,-2.360630989074707,True,True,0.0,0.0
pilot-001-local-crossover,20260811T150801Z,2026-08-11T15:14:29.539171+00:00,1d554df8139e,ok,,,eager-resident,cuda,,256,8,1,64,7,7.537084,7.511775970458984,2173784.981035106,460.027099609375,-2.2835631370544434,True,True,0.0,0.0
pilot-001-local-crossover,20260811T150801Z,2026-08-11T15:14:29.539171+00:00,1d554df8139e,ok,,,eager-resident,cuda,,256,8,1,64,8,7.172286,7.146399974822998,2284348.393245891,437.7615966796875,-2.2089219093322754,True,True,0.0,0.0
pilot-001-local-crossover,20260811T150801Z,2026-08-11T15:14:29.539171+00:00,1d554df8139e,ok,,,eager-resident,cuda,,256,8,1,64,9,7.084423,7.058239936828613,2312679.5223831213,432.39886474609375,-2.13663911819458,True,True,0.0,0.0
pilot-001-local-crossover,20260811T150801Z,2026-08-11T15:14:29.616050+00:00,d8be4c303ae0,ok,,,graph-resident,cuda,,65536,8,1,64,0,15.495792,15.461631774902344,270673741.6196604,3.6944847106933594,-3.598803997039795,True,True,0.0,0.0
pilot-001-local-crossover,20260811T150801Z,2026-08-11T15:14:29.616050+00:00,d8be4c303ae0,ok,,,graph-resident,cuda,,65536,8,1,64,1,15.087611,15.066176414489746,277996562.8753286,3.5971667766571045,-3.7283496856689453,True,True,0.0,0.0
pilot-001-local-crossover,20260811T150801Z,2026-08-11T15:14:29.616050+00:00,d8be4c303ae0,ok,,,graph-resident,cuda,,65536,8,1,64,2,15.117436,15.098336219787598,277448106.940886,3.6042776107788086,-3.8538055419921875,True,True,0.0,0.0
pilot-001-local-crossover,20260811T150801Z,2026-08-11T15:14:29.616050+00:00,d8be4c303ae0,ok,,,graph-resident,cuda,,65536,8,1,64,3,15.091089,15.072064399719238,277932493.8047877,3.5979959964752197,-3.9753012657165527,True,True,0.0,0.0
pilot-001-local-crossover,20260811T150801Z,2026-08-11T15:14:29.616050+00:00,d8be4c303ae0,ok,,,graph-resident,cuda,,65536,8,1,64,4,15.071281,15.05401611328125,278297777.0768125,3.593273401260376,-4.092968463897705,True,True,0.0,0.0
pilot-001-local-crossover,20260811T150801Z,2026-08-11T15:14:29.616050+00:00,d8be4c303ae0,ok,,,graph-resident,cuda,,65536,8,1,64,5,15.081044,15.063551902770996,278117615.7300516,3.5956010818481445,-4.2069315910339355,True,True,0.0,0.0
pilot-001-local-crossover,20260811T150801Z,2026-08-11T15:14:29.616050+00:00,d8be4c303ae0,ok,,,graph-resident,cuda,,65536,8,1,64,6,15.109332,15.092000007629395,277596918.24893385,3.6023454666137695,-4.317298889160156,True,True,0.0,0.0
pilot-001-local-crossover,20260811T150801Z,2026-08-11T15:14:29.616050+00:00,d8be4c303ae0,ok,,,graph-resident,cuda,,65536,8,1,64,7,15.035255,15.01734447479248,278964606.8523613,3.584684133529663,-4.424195289611816,True,True,0.0,0.0
pilot-001-local-crossover,20260811T150801Z,2026-08-11T15:14:29.616050+00:00,d8be4c303ae0,ok,,,graph-resident,cuda,,65536,8,1,64,8,15.036235,15.018879890441895,278946425.08580106,3.5849177837371826,-4.527726173400879,True,True,0.0,0.0
pilot-001-local-crossover,20260811T150801Z,2026-08-11T15:14:29.616050+00:00,d8be4c303ae0,ok,,,graph-resident,cuda,,65536,8,1,64,9,15.038201,15.020928382873535,278909957.3812054,3.5853865146636963,-4.628005504608154,True,True,0.0,0.0
pilot-001-local-crossover,20260811T150801Z,2026-08-11T15:14:29.835669+00:00,7802372d81c3,ok,,,graph-resident,cuda,,16384,8,1,64,0,4.322131,4.297183990478516,242606251.40700272,4.121905326843262,-2.7256174087524414,True,True,0.0,0.0
pilot-001-local-crossover,20260811T150801Z,2026-08-11T15:14:29.835669+00:00,7802372d81c3,ok,,,graph-resident,cuda,,16384,8,1,64,1,4.321017,4.302527904510498,242668797.64648,4.120842933654785,-2.6664180755615234,True,True,0.0,0.0
pilot-001-local-crossover,20260811T150801Z,2026-08-11T15:14:29.835669+00:00,7802372d81c3,ok,,,graph-resident,cuda,,16384,8,1,64,2,4.327121,4.304224014282227,242326479.8927509,4.126664161682129,-2.60909366607666,True,True,0.0,0.0
pilot-001-local-crossover,20260811T150801Z,2026-08-11T15:14:29.835669+00:00,7802372d81c3,ok,,,graph-resident,cuda,,16384,8,1,64,3,4.313845,4.297023773193359,243072247.61204916,4.1140031814575195,-2.5535755157470703,True,True,0.0,0.0
pilot-001-local-crossover,20260811T150801Z,2026-08-11T15:14:29.835669+00:00,7802372d81c3,ok,,,graph-resident,cuda,,16384,8,1,64,4,4.316482,4.299488067626953,242923751.3326825,4.116518020629883,-2.499804973602295,True,True,0.0,0.0
pilot-001-local-crossover,20260811T150801Z,2026-08-11T15:14:29.835669+00:00,7802372d81c3,ok,,,graph-resident,cuda,,16384,8,1,64,5,4.311887,4.29475212097168,243182625.1476442,4.112135887145996,-2.4477314949035645,True,True,0.0,0.0
pilot-001-local-crossover,20260811T150801Z,2026-08-11T15:14:29.835669+00:00,7802372d81c3,ok,,,graph-resident,cuda,,16384,8,1,64,6,4.196709,4.1794562339782715,249856732.97815028,4.002293586730957,-2.397304058074951,True,True,0.0,0.0
pilot-001-local-crossover,20260811T150801Z,2026-08-11T15:14:29.835669+00:00,7802372d81c3,ok,,,graph-resident,cuda,,16384,8,1,64,7,4.157632,4.141600131988525,252205101.36539257,3.9650268554687504,-2.3484644889831543,True,True,0.0,0.0
pilot-001-local-crossover,20260811T150801Z,2026-08-11T15:14:29.835669+00:00,7802372d81c3,ok,,,graph-resident,cuda,,16384,8,1,64,8,4.156272,4.140384197235107,252287626.98880145,3.963729858398438,-2.3011608123779297,True,True,0.0,0.0
pilot-001-local-crossover,20260811T150801Z,2026-08-11T15:14:29.835669+00:00,7802372d81c3,ok,,,graph-resident,cuda,,16384,8,1,64,9,4.155901,4.140031814575195,252310148.87024498,3.963376045227051,-2.2553510665893555,True,True,0.0,0.0
pilot-001-local-crossover,20260811T150801Z,2026-08-11T15:14:29.903212+00:00,96b4ae5187fe,ok,,,cpu,cpu,1,1024,8,1,64,0,3.588065,,18264997.986379847,54.74952697753906,-3.0338730812072754,True,True,0.0,0.0
pilot-001-local-crossover,20260811T150801Z,2026-08-11T15:14:29.903212+00:00,96b4ae5187fe,ok,,,cpu,cpu,1,1024,8,1,64,1,3.75528,,17451694.680556443,57.301025390625,-3.06040620803833,True,True,0.0,0.0
pilot-001-local-crossover,20260811T150801Z,2026-08-11T15:14:29.903212+00:00,96b4ae5187fe,ok,,,cpu,cpu,1,1024,8,1,64,2,3.879402,,16893325.31147842,59.194976806640625,-3.0861146450042725,True,True,0.0,0.0
pilot-001-local-crossover,20260811T150801Z,2026-08-11T15:14:29.903212+00:00,96b4ae5187fe,ok,,,cpu,cpu,1,1024,8,1,64,3,3.850607,,17019654.30385391,58.75559997558594,-3.1110079288482666,True,True,0.0,0.0
pilot-001-local-crossover,20260811T150801Z,2026-08-11T15:14:29.903212+00:00,96b4ae5187fe,ok,,,cpu,cpu,1,1024,8,1,64,4,3.682619,,17796030.488084704,56.19230651855469,-3.1351184844970703,True,True,0.0,0.0
pilot-001-local-crossover,20260811T150801Z,2026-08-11T15:14:29.903212+00:00,96b4ae5187fe,ok,,,cpu,cpu,1,1024,8,1,64,5,3.593464,,18237555.740088113,54.8319091796875,-3.1584877967834473,True,True,0.0,0.0
pilot-001-local-crossover,20260811T150801Z,2026-08-11T15:14:29.903212+00:00,96b4ae5187fe,ok,,,cpu,cpu,1,1024,8,1,64,6,3.604625,,18181086.798210632,55.00221252441406,-3.1811137199401855,True,True,0.0,0.0
pilot-001-local-crossover,20260811T150801Z,2026-08-11T15:14:29.903212+00:00,96b4ae5187fe,ok,,,cpu,cpu,1,1024,8,1,64,7,3.599929,,18204803.48362426,54.93055725097656,-3.2030231952667236,True,True,0.0,0.0
pilot-001-local-crossover,20260811T150801Z,2026-08-11T15:14:29.903212+00:00,96b4ae5187fe,ok,,,cpu,cpu,1,1024,8,1,64,8,3.589515,,18257619.762001272,54.77165222167969,-3.224238157272339,True,True,0.0,0.0
pilot-001-local-crossover,20260811T150801Z,2026-08-11T15:14:29.903212+00:00,96b4ae5187fe,ok,,,cpu,cpu,1,1024,8,1,64,9,3.611886,,18144537.23068779,55.113006591796875,-3.2447781562805176,True,True,0.0,0.0
pilot-001-local-crossover,20260811T150801Z,2026-08-11T15:14:29.941631+00:00,b08e051f4dea,ok,,,cpu,cpu,8,4096,32,1,64,0,9.10989,,28775759.092590578,34.75147247314453,28.0797061920166,True,True,0.0,0.0
pilot-001-local-crossover,20260811T150801Z,2026-08-11T15:14:29.941631+00:00,b08e051f4dea,ok,,,cpu,cpu,8,4096,32,1,64,1,12.635544,,20746554.323264595,48.200775146484375,27.22293472290039,True,True,0.0,0.0
pilot-001-local-crossover,20260811T150801Z,2026-08-11T15:14:29.941631+00:00,b08e051f4dea,ok,,,cpu,cpu,8,4096,32,1,64,2,11.435631,,22923439.90462791,43.623470306396484,26.393131256103516,True,True,0.0,0.0
pilot-001-local-crossover,20260811T150801Z,2026-08-11T15:14:29.941631+00:00,b08e051f4dea,ok,,,cpu,cpu,8,4096,32,1,64,3,11.672857,,22457569.72778815,44.52841567993164,25.589452743530273,True,True,0.0,0.0
pilot-001-local-crossover,20260811T150801Z,2026-08-11T15:14:29.941631+00:00,b08e051f4dea,ok,,,cpu,cpu,8,4096,32,1,64,4,11.485757,,22823397.709006034,43.8146858215332,24.811084747314453,True,True,0.0,0.0
pilot-001-local-crossover,20260811T150801Z,2026-08-11T15:14:29.941631+00:00,b08e051f4dea,ok,,,cpu,cpu,8,4096,32,1,64,5,24.117929,,10869258.301573075,92.00259780883789,24.057233810424805,True,True,0.0,0.0
pilot-001-local-crossover,20260811T150801Z,2026-08-11T15:14:29.941631+00:00,b08e051f4dea,ok,,,cpu,cpu,8,4096,32,1,64,6,45.41764,,5771854.283930209,173.25454711914062,23.327146530151367,True,True,0.0,0.0
pilot-001-local-crossover,20260811T150801Z,2026-08-11T15:14:29.941631+00:00,b08e051f4dea,ok,,,cpu,cpu,8,4096,32,1,64,7,5.474536,,47884240.78314583,20.883697509765625,22.620059967041016,True,True,0.0,0.0
pilot-001-local-crossover,20260811T150801Z,2026-08-11T15:14:29.941631+00:00,b08e051f4dea,ok,,,cpu,cpu,8,4096,32,1,64,8,5.45994,,48012249.21885589,20.828018188476562,21.935256958007812,True,True,0.0,0.0
pilot-001-local-crossover,20260811T150801Z,2026-08-11T15:14:29.941631+00:00,b08e051f4dea,ok,,,cpu,cpu,8,4096,32,1,64,9,5.695329,,46027894.08654004,21.725955963134766,21.272048950195312,True,True,0.0,0.0
pilot-001-local-crossover,20260811T150801Z,2026-08-11T15:14:30.086647+00:00,db8c8389c235,ok,,,cpu,cpu,1,256,32,1,64,0,2.802579,,5846043.947378468,171.05584716796875,27.957908630371094,True,True,0.0,0.0
pilot-001-local-crossover,20260811T150801Z,2026-08-11T15:14:30.086647+00:00,db8c8389c235,ok,,,cpu,cpu,1,256,32,1,64,1,2.804036,,5843006.295211617,171.144775390625,27.007137298583984,True,True,0.0,0.0
pilot-001-local-crossover,20260811T150801Z,2026-08-11T15:14:30.086647+00:00,db8c8389c235,ok,,,cpu,cpu,1,256,32,1,64,2,2.78942,,5873622.473489112,170.252685546875,26.086339950561523,True,True,0.0,0.0
pilot-001-local-crossover,20260811T150801Z,2026-08-11T15:14:30.086647+00:00,db8c8389c235,ok,,,cpu,cpu,1,256,32,1,64,3,2.831437,,5786461.079656726,172.81719970703125,25.194547653198242,True,True,0.0,0.0
pilot-001-local-crossover,20260811T150801Z,2026-08-11T15:14:30.086647+00:00,db8c8389c235,ok,,,cpu,cpu,1,256,32,1,64,4,2.810278,,5830028.203615444,171.5257568359375,24.330867767333984,True,True,0.0,0.0
pilot-001-local-crossover,20260811T150801Z,2026-08-11T15:14:30.086647+00:00,db8c8389c235,ok,,,cpu,cpu,1,256,32,1,64,5,2.818077,,5813893.658689951,172.00177001953125,23.494401931762695,True,True,0.0,0.0
pilot-001-local-crossover,20260811T150801Z,2026-08-11T15:14:30.086647+00:00,db8c8389c235,ok,,,cpu,cpu,1,256,32,1,64,6,2.803702,,5843702.362091264,171.1243896484375,22.684295654296875,True,True,0.0,0.0
pilot-001-local-crossover,20260811T150801Z,2026-08-11T15:14:30.086647+00:00,db8c8389c235,ok,,,cpu,cpu,1,256,32,1,64,7,2.793146,,5865787.180476781,170.4801025390625,21.899730682373047,True,True,0.0,0.0
pilot-001-local-crossover,20260811T150801Z,2026-08-11T15:14:30.086647+00:00,db8c8389c235,ok,,,cpu,cpu,1,256,32,1,64,8,2.753653,,5949914.53171478,168.06964111328125,21.139863967895508,True,True,0.0,0.0
pilot-001-local-crossover,20260811T150801Z,2026-08-11T15:14:30.086647+00:00,db8c8389c235,ok,,,cpu,cpu,1,256,32,1,64,9,2.81109,,5828344.165430491,171.5753173828125,20.403932571411133,True,True,0.0,0.0
pilot-001-local-crossover,20260811T150801Z,2026-08-11T15:14:30.116030+00:00,39b13885a180,ok,,,eager-host-visible,cuda,,65536,8,8,64,0,21.49745,21.450496673583984,195107047.58006182,5.125391483306885,-2.9417076110839844,True,True,0.0,0.0
pilot-001-local-crossover,20260811T150801Z,2026-08-11T15:14:30.116030+00:00,39b13885a180,ok,,,eager-host-visible,cuda,,65536,8,8,64,1,21.194257,21.158016204833984,197898138.1607291,5.053104639053345,-2.897563934326172,True,True,0.0,0.0
pilot-001-local-crossover,20260811T150801Z,2026-08-11T15:14:30.116030+00:00,39b13885a180,ok,,,eager-host-visible,cuda,,65536,8,8,64,2,20.464652,20.436992645263672,204953595.10633263,4.879153251647949,-2.858430862426758,True,True,0.0,0.0
pilot-001-local-crossover,20260811T150801Z,2026-08-11T15:14:30.116030+00:00,39b13885a180,ok,,,eager-host-visible,cuda,,65536,8,8,64,3,20.492205,20.463903427124023,204678022.69204316,4.885722398757935,-2.820934295654297,True,True,0.0,0.0
pilot-001-local-crossover,20260811T150801Z,2026-08-11T15:14:30.116030+00:00,39b13885a180,ok,,,eager-host-visible,cuda,,65536,8,8,64,4,20.847948,20.810976028442383,201185459.59535205,4.970538139343262,-2.7850418090820312,True,True,0.0,0.0
pilot-001-local-crossover,20260811T150801Z,2026-08-11T15:14:30.116030+00:00,39b13885a180,ok,,,eager-host-visible,cuda,,65536,8,8,64,5,20.540436,20.505695343017578,204197418.20475477,4.897221565246582,-2.751180648803711,True,True,0.0,0.0
pilot-001-local-crossover,20260811T150801Z,2026-08-11T15:14:30.116030+00:00,39b13885a180,ok,,,eager-host-visible,cuda,,65536,8,8,64,6,20.468587,20.43654441833496,204914193.63730383,4.880091428756714,-2.7208738327026367,True,True,0.0,0.0
pilot-001-local-crossover,20260811T150801Z,2026-08-11T15:14:30.116030+00:00,39b13885a180,ok,,,eager-host-visible,cuda,,65536,8,8,64,7,20.386866,20.35977554321289,205735594.67158905,4.860607624053955,-2.692626476287842,True,True,0.0,0.0
pilot-001-local-crossover,20260811T150801Z,2026-08-11T15:14:30.116030+00:00,39b13885a180,ok,,,eager-host-visible,cuda,,65536,8,8,64,8,20.464537,20.429119110107422,204954746.83839658,4.8791258335113525,-2.6660513877868652,True,True,0.0,0.0
pilot-001-local-crossover,20260811T150801Z,2026-08-11T15:14:30.116030+00:00,39b13885a180,ok,,,eager-host-visible,cuda,,65536,8,8,64,9,21.193718,21.154560089111328,197903171.11891362,5.052976131439209,-2.6389732360839844,True,True,0.0,0.0
pilot-001-local-crossover,20260811T150801Z,2026-08-11T15:14:30.331124+00:00,12c52d25c09c,ok,,,eager-resident,cuda,,65536,32,8,64,0,30.709635,30.68230438232422,136579415.5482473,7.321747541427612,28.007577896118164,True,True,0.0,0.0
pilot-001-local-crossover,20260811T150801Z,2026-08-11T15:14:30.331124+00:00,12c52d25c09c,ok,,,eager-resident,cuda,,65536,32,8,64,1,30.718772,30.6977596282959,136538791.3292888,7.323925971984863,27.095855712890625,True,True,0.0,0.0
pilot-001-local-crossover,20260811T150801Z,2026-08-11T15:14:30.331124+00:00,12c52d25c09c,ok,,,eager-resident,cuda,,65536,32,8,64,2,30.693399,30.67340850830078,136651662.4633199,7.317876577377319,26.213260650634766,True,True,0.0,0.0
pilot-001-local-crossover,20260811T150801Z,2026-08-11T15:14:30.331124+00:00,12c52d25c09c,ok,,,eager-resident,cuda,,65536,32,8,64,3,30.691606,30.672128677368164,136659645.63731205,7.31744909286499,25.361982345581055,True,True,0.0,0.0
pilot-001-local-crossover,20260811T150801Z,2026-08-11T15:14:30.331124+00:00,12c52d25c09c,ok,,,eager-resident,cuda,,65536,32,8,64,4,30.680684,30.661535263061523,136708295.03018904,7.314845085144043,24.538436889648438,True,True,0.0,0.0
pilot-001-local-crossover,20260811T150801Z,2026-08-11T15:14:30.331124+00:00,12c52d25c09c,ok,,,eager-resident,cuda,,65536,32,8,64,5,30.794504,30.772991180419922,136203005.57528058,7.341981887817383,23.73876953125,True,True,0.0,0.0
pilot-001-local-crossover,20260811T150801Z,2026-08-11T15:14:30.331124+00:00,12c52d25c09c,ok,,,eager-resident,cuda,,65536,32,8,64,6,30.812176,30.79145622253418,136124887.77163938,7.346195220947266,22.964046478271484,True,True,0.0,0.0
pilot-001-local-crossover,20260811T150801Z,2026-08-11T15:14:30.331124+00:00,12c52d25c09c,ok,,,eager-resident,cuda,,65536,32,8,64,7,30.795609,30.776384353637695,136198118.37460336,7.34224534034729,22.21257972717285,True,True,0.0,0.0
pilot-001-local-crossover,20260811T150801Z,2026-08-11T15:14:30.331124+00:00,12c52d25c09c,ok,,,eager-resident,cuda,,65536,32,8,64,8,30.79396,30.772960662841797,136205411.71060818,7.341852188110352,21.488157272338867,True,True,0.0,0.0
pilot-001-local-crossover,20260811T150801Z,2026-08-11T15:14:30.331124+00:00,12c52d25c09c,ok,,,eager-resident,cuda,,65536,32,8,64,9,30.711357,30.690336227416992,136571757.4772095,7.322158098220825,20.788820266723633,True,True,0.0,0.0
pilot-001-local-crossover,20260811T150801Z,2026-08-11T15:14:30.656881+00:00,a73ebee805e0,ok,,,cpu,cpu,8,4096,8,1,64,0,5.878815,,44591299.43704641,22.425899505615234,-3.077810764312744,True,True,0.0,0.0
pilot-001-local-crossover,20260811T150801Z,2026-08-11T15:14:30.656881+00:00,a73ebee805e0,ok,,,cpu,cpu,8,4096,8,1,64,1,5.879234,,44588121.513789035,22.42749786376953,-3.138242244720459,True,True,0.0,0.0
pilot-001-local-crossover,20260811T150801Z,2026-08-11T15:14:30.656881+00:00,a73ebee805e0,ok,,,cpu,cpu,8,4096,8,1,64,2,7.062101,,37119831.619513795,26.939777374267578,-3.1967787742614746,True,True,0.0,0.0
pilot-001-local-crossover,20260811T150801Z,2026-08-11T15:14:30.656881+00:00,a73ebee805e0,ok,,,cpu,cpu,8,4096,8,1,64,3,5.924419,,44248052.00307406,22.599864959716797,-3.2534713745117188,True,True,0.0,0.0
pilot-001-local-crossover,20260811T150801Z,2026-08-11T15:14:30.656881+00:00,a73ebee805e0,ok,,,cpu,cpu,8,4096,8,1,64,4,7.139937,,36715169.89575678,27.236698150634766,-3.308377742767334,True,True,0.0,0.0
pilot-001-local-crossover,20260811T150801Z,2026-08-11T15:14:30.656881+00:00,a73ebee805e0,ok,,,cpu,cpu,8,4096,8,1,64,5,5.847085,,44833280.17294087,22.304859161376953,-3.361562728881836,True,True,0.0,0.0
pilot-001-local-crossover,20260811T150801Z,2026-08-11T15:14:30.656881+00:00,a73ebee805e0,ok,,,cpu,cpu,8,4096,8,1,64,6,5.856402,,44761954.524296656,22.34040069580078,-3.4130749702453613,True,True,0.0,0.0
pilot-001-local-crossover,20260811T150801Z,2026-08-11T15:14:30.656881+00:00,a73ebee805e0,ok,,,cpu,cpu,8,4096,8,1,64,7,6.761682,,38769051.84242619,25.79376983642578,-3.462960720062256,True,True,0.0,0.0
pilot-001-local-crossover,20260811T150801Z,2026-08-11T15:14:30.656881+00:00,a73ebee805e0,ok,,,cpu,cpu,8,4096,8,1,64,8,5.882191,,44565706.89391079,22.438777923583984,-3.511279821395874,True,True,0.0,0.0
pilot-001-local-crossover,20260811T150801Z,2026-08-11T15:14:30.656881+00:00,a73ebee805e0,ok,,,cpu,cpu,8,4096,8,1,64,9,6.036729,,43424841.499427915,23.02829360961914,-3.558063507080078,True,True,0.0,0.0
pilot-001-local-crossover,20260811T150801Z,2026-08-11T15:14:30.721455+00:00,fd9beba89089,ok,,,cpu,cpu,8,1024,32,8,64,0,4.421257,,14822933.839855952,67.46302795410156,28.06417465209961,True,True,0.0,0.0
pilot-001-local-crossover,20260811T150801Z,2026-08-11T15:14:30.721455+00:00,fd9beba89089,ok,,,cpu,cpu,8,1024,32,8,64,1,4.213742,,15552921.84476411,64.29660034179688,27.189390182495117,True,True,0.0,0.0
pilot-001-local-crossover,20260811T150801Z,2026-08-11T15:14:30.721455+00:00,fd9beba89089,ok,,,cpu,cpu,8,1024,32,8,64,2,4.192768,,15630724.142141897,63.9765625,26.346160888671875,True,True,0.0,0.0
pilot-001-local-crossover,20260811T150801Z,2026-08-11T15:14:30.721455+00:00,fd9beba89089,ok,,,cpu,cpu,8,1024,32,8,64,3,4.309023,,15209016.057700321,65.75047302246094,25.526033401489258,True,True,0.0,0.0
pilot-001-local-crossover,20260811T150801Z,2026-08-11T15:14:30.721455+00:00,fd9beba89089,ok,,,cpu,cpu,8,1024,32,8,64,4,19.332002,,3390026.547690198,294.9829406738281,24.730674743652344,True,True,0.0,0.0
pilot-001-local-crossover,20260811T150801Z,2026-08-11T15:14:30.721455+00:00,fd9beba89089,ok,,,cpu,cpu,8,1024,32,8,64,5,167.39202,,391512.09239245695,2554.1995239257812,23.958662033081055,True,True,0.0,0.0
pilot-001-local-crossover,20260811T150801Z,2026-08-11T15:14:30.721455+00:00,fd9beba89089,ok,,,cpu,cpu,8,1024,32,8,64,6,4.234977,,15474936.463645494,64.62062072753906,23.208831787109375,True,True,0.0,0.0
pilot-001-local-crossover,20260811T150801Z,2026-08-11T15:14:30.721455+00:00,fd9beba89089,ok,,,cpu,cpu,8,1024,32,8,64,7,4.22934,,15495561.955293262,64.53460693359375,22.482173919677734,True,True,0.0,0.0
pilot-001-local-crossover,20260811T150801Z,2026-08-11T15:14:30.721455+00:00,fd9beba89089,ok,,,cpu,cpu,8,1024,32,8,64,8,4.209321,,15569256.894401733,64.22914123535156,21.7779598236084,True,True,0.0,0.0
pilot-001-local-crossover,20260811T150801Z,2026-08-11T15:14:30.721455+00:00,fd9beba89089,ok,,,cpu,cpu,8,1024,32,8,64,9,4.206895,,15578235.2542671,64.19212341308594,21.09539031982422,True,True,0.0,0.0
pilot-001-local-crossover,20260811T150801Z,2026-08-11T15:14:30.944154+00:00,75f6930c0ef5,ok,,,eager-host-visible,cuda,,4096,8,1,64,0,8.792348,8.75814437866211,29815016.42109707,33.54014587402344,-3.0778112411499023,True,True,0.0,0.0
pilot-001-local-crossover,20260811T150801Z,2026-08-11T15:14:30.944154+00:00,75f6930c0ef5,ok,,,eager-host-visible,cuda,,4096,8,1,64,1,8.571928,8.545951843261719,30581684.773833845,32.699310302734375,-3.1382431983947754,True,True,0.0,0.0
pilot-001-local-crossover,20260811T150801Z,2026-08-11T15:14:30.944154+00:00,75f6930c0ef5,ok,,,eager-host-visible,cuda,,4096,8,1,64,2,8.665763,8.640031814575195,30250538.81579729,33.0572624206543,-3.196776866912842,True,True,0.0,0.0
pilot-001-local-crossover,20260811T150801Z,2026-08-11T15:14:30.944154+00:00,75f6930c0ef5,ok,,,eager-host-visible,cuda,,4096,8,1,64,3,8.549667,8.510560035705566,30661311.136445437,32.6143913269043,-3.2534704208374023,True,True,0.0,0.0
pilot-001-local-crossover,20260811T150801Z,2026-08-11T15:14:30.944154+00:00,75f6930c0ef5,ok,,,eager-host-visible,cuda,,4096,8,1,64,4,8.721611,8.696096420288086,30056832.390254512,33.27030563354492,-3.308377265930176,True,True,0.0,0.0
pilot-001-local-crossover,20260811T150801Z,2026-08-11T15:14:30.944154+00:00,75f6930c0ef5,ok,,,eager-host-visible,cuda,,4096,8,1,64,5,8.68928,8.663488388061523,30168667.599616997,33.14697265625,-3.3615598678588867,True,True,0.0,0.0
pilot-001-local-crossover,20260811T150801Z,2026-08-11T15:14:30.944154+00:00,75f6930c0ef5,ok,,,eager-host-visible,cuda,,4096,8,1,64,6,8.623035,8.597248077392578,30400433.258127797,32.89426803588867,-3.4130754470825195,True,True,0.0,0.0
pilot-001-local-crossover,20260811T150801Z,2026-08-11T15:14:30.944154+00:00,75f6930c0ef5,ok,,,eager-host-visible,cuda,,4096,8,1,64,7,8.535336,8.509663581848145,30712792.091606002,32.559722900390625,-3.462961196899414,True,True,0.0,0.0
pilot-001-local-crossover,20260811T150801Z,2026-08-11T15:14:30.944154+00:00,75f6930c0ef5,ok,,,eager-host-visible,cuda,,4096,8,1,64,8,9.187824,9.160287857055664,28531674.093887735,35.04876708984375,-3.5112791061401367,True,True,0.0,0.0
pilot-001-local-crossover,20260811T150801Z,2026-08-11T15:14:30.944154+00:00,75f6930c0ef5,ok,,,eager-host-visible,cuda,,4096,8,1,64,9,8.769857,8.728320121765137,29891479.416369043,33.454349517822266,-3.558065414428711,True,True,0.0,0.0
pilot-001-local-crossover,20260811T150801Z,2026-08-11T15:14:31.034714+00:00,0ae605fcc7eb,ok,,,graph-resident,cuda,,262144,32,8,64,0,118.858679,118.80582427978516,141152637.24241796,7.084529340267181,25.430212020874023,True,True,0.0,0.0
pilot-001-local-crossover,20260811T150801Z,2026-08-11T15:14:31.034714+00:00,0ae605fcc7eb,ok,,,graph-resident,cuda,,262144,32,8,64,1,118.930293,118.89379119873047,141067642.03464964,7.088797867298126,24.618988037109375,True,True,0.0,0.0
pilot-001-local-crossover,20260811T150801Z,2026-08-11T15:14:31.034714+00:00,0ae605fcc7eb,ok,,,graph-resident,cuda,,262144,32,8,64,2,118.968601,118.9320297241211,141022218.1229146,7.091081202030182,23.83283233642578,True,True,0.0,0.0
pilot-001-local-crossover,20260811T150801Z,2026-08-11T15:14:31.034714+00:00,0ae605fcc7eb,ok,,,graph-resident,cuda,,262144,32,8,64,3,118.86067,118.82546997070312,141150272.83625442,7.084648013114929,23.071388244628906,True,True,0.0,0.0
pilot-001-local-crossover,20260811T150801Z,2026-08-11T15:14:31.034714+00:00,0ae605fcc7eb,ok,,,graph-resident,cuda,,262144,32,8,64,4,118.755554,118.72434997558594,141275211.4313744,7.078382611274719,22.34197425842285,True,True,0.0,0.0
pilot-001-local-crossover,20260811T150801Z,2026-08-11T15:14:31.034714+00:00,0ae605fcc7eb,ok,,,graph-resident,cuda,,262144,32,8,64,5,118.730051,118.7061767578125,141305557.09101817,7.0768625140190125,21.642475128173828,True,True,0.0,0.0
pilot-001-local-crossover,20260811T150801Z,2026-08-11T15:14:31.034714+00:00,0ae605fcc7eb,ok,,,graph-resident,cuda,,262144,32,8,64,6,118.723102,118.6915512084961,141313827.86814314,7.076448321342468,20.967693328857422,True,True,0.0,0.0
pilot-001-local-crossover,20260811T150801Z,2026-08-11T15:14:31.034714+00:00,0ae605fcc7eb,ok,,,graph-resident,cuda,,262144,32,8,64,7,118.725516,118.69251251220703,141310954.58873388,7.076592206954956,20.31552505493164,True,True,0.0,0.0
pilot-001-local-crossover,20260811T150801Z,2026-08-11T15:14:31.034714+00:00,0ae605fcc7eb,ok,,,graph-resident,cuda,,262144,32,8,64,8,118.772037,118.73942565917969,141255605.47555482,7.079365074634552,19.678253173828125,True,True,0.0,0.0
pilot-001-local-crossover,20260811T150801Z,2026-08-11T15:14:31.034714+00:00,0ae605fcc7eb,ok,,,graph-resident,cuda,,262144,32,8,64,9,118.723937,118.68860626220703,141312833.990672,7.076498091220856,19.06106185913086,True,True,0.0,0.0
pilot-001-local-crossover,20260811T150801Z,2026-08-11T15:14:32.658959+00:00,825430d1c7e7,ok,,,cpu,cpu,8,1048576,32,1,64,0,3587.463161,,18706495.64560086,53.45736683905125,27.955455780029297,True,True,0.0,0.0
pilot-001-local-crossover,20260811T150801Z,2026-08-11T15:14:32.658959+00:00,825430d1c7e7,ok,,,cpu,cpu,8,1048576,32,1,64,1,3418.049054,,19633674.923847362,50.93289992213249,27.002790451049805,True,True,0.0,0.0
pilot-001-local-crossover,20260811T150801Z,2026-08-11T15:14:32.658959+00:00,825430d1c7e7,ok,,,cpu,cpu,8,1048576,32,1,64,2,3809.024966,,17618383.864381317,56.75889500975609,26.080141067504883,True,True,0.0,0.0
pilot-001-local-crossover,20260811T150801Z,2026-08-11T15:14:32.658959+00:00,825430d1c7e7,ok,,,cpu,cpu,8,1048576,32,1,64,3,3792.768317,,17693900.178190082,56.516652062535286,25.186553955078125,True,True,0.0,0.0
pilot-001-local-crossover,20260811T150801Z,2026-08-11T15:14:32.658959+00:00,825430d1c7e7,ok,,,cpu,cpu,8,1048576,32,1,64,4,3556.123483,,18871353.68634217,52.990369245409966,24.32110595703125,True,True,0.0,0.0
pilot-001-local-crossover,20260811T150801Z,2026-08-11T15:14:32.658959+00:00,825430d1c7e7,ok,,,cpu,cpu,8,1048576,32,1,64,5,3451.031057,,19446033.052608367,51.42437006533146,23.48294448852539,True,True,0.0,0.0
pilot-001-local-crossover,20260811T150801Z,2026-08-11T15:14:32.658959+00:00,825430d1c7e7,ok,,,cpu,cpu,8,1048576,32,1,64,6,3647.576853,,18398204.261222184,54.35313065350056,22.671175003051758,True,True,0.0,0.0
pilot-001-local-crossover,20260811T150801Z,2026-08-11T15:14:32.658959+00:00,825430d1c7e7,ok,,,cpu,cpu,8,1048576,32,1,64,7,3885.533524,,17271466.990436394,57.89896136522293,21.88498878479004,True,True,0.0,0.0
pilot-001-local-crossover,20260811T150801Z,2026-08-11T15:14:32.658959+00:00,825430d1c7e7,ok,,,cpu,cpu,8,1048576,32,1,64,8,3546.240476,,18923946.205615416,52.84310096502304,21.123584747314453,True,True,0.0,0.0
pilot-001-local-crossover,20260811T150801Z,2026-08-11T15:14:32.658959+00:00,825430d1c7e7,ok,,,cpu,cpu,8,1048576,32,1,64,9,3336.792055,,20111790.873944644,49.722076281905174,20.38614273071289,True,True,0.0,0.0
pilot-001-local-crossover,20260811T150801Z,2026-08-11T15:15:09.690162+00:00,ce9731c01bc1,ok,,,eager-resident,cuda,,1024,32,1,64,0,6.809925,6.776703834533691,9623600.847292738,103.91120910644531,28.08209991455078,True,True,0.0,0.0
pilot-001-local-crossover,20260811T150801Z,2026-08-11T15:15:09.690162+00:00,ce9731c01bc1,ok,,,eager-resident,cuda,,1024,32,1,64,1,6.981226,6.954751968383789,9387462.88975604,106.52505493164062,27.227203369140625,True,True,0.0,0.0
pilot-001-local-crossover,20260811T150801Z,2026-08-11T15:15:09.690162+00:00,ce9731c01bc1,ok,,,eager-resident,cuda,,1024,32,1,64,2,6.819113,6.789792060852051,9610634.110330772,104.05140686035156,26.399250030517578,True,True,0.0,0.0
pilot-001-local-crossover,20260811T150801Z,2026-08-11T15:15:09.690162+00:00,ce9731c01bc1,ok,,,eager-resident,cuda,,1024,32,1,64,3,6.820022,6.793439865112305,9609353.166309433,104.06527709960938,25.59738540649414,True,True,0.0,0.0
pilot-001-local-crossover,20260811T150801Z,2026-08-11T15:15:09.690162+00:00,ce9731c01bc1,ok,,,eager-resident,cuda,,1024,32,1,64,4,6.849027,6.820096015930176,9568658.438636612,104.50785827636719,24.820770263671875,True,True,0.0,0.0
pilot-001-local-crossover,20260811T150801Z,2026-08-11T15:15:09.690162+00:00,ce9731c01bc1,ok,,,eager-resident,cuda,,1024,32,1,64,5,6.80816,6.7827839851379395,9626095.743930813,103.88427734375,24.06862449645996,True,True,0.0,0.0
pilot-001-local-crossover,20260811T150801Z,2026-08-11T15:15:09.690162+00:00,ce9731c01bc1,ok,,,eager-resident,cuda,,1024,32,1,64,6,7.110167,7.083903789520264,9217223.73046934,108.49253845214844,23.3402156829834,True,True,0.0,0.0
pilot-001-local-crossover,20260811T150801Z,2026-08-11T15:15:09.690162+00:00,ce9731c01bc1,ok,,,eager-resident,cuda,,1024,32,1,64,7,6.941534,6.892543792724609,9441140.819882175,105.91940307617188,22.634748458862305,True,True,0.0,0.0
pilot-001-local-crossover,20260811T150801Z,2026-08-11T15:15:09.690162+00:00,ce9731c01bc1,ok,,,eager-resident,cuda,,1024,32,1,64,8,6.822337,6.796832084655762,9606092.457760442,104.10060119628906,21.951505661010742,True,True,0.0,0.0
pilot-001-local-crossover,20260811T150801Z,2026-08-11T15:15:09.690162+00:00,ce9731c01bc1,ok,,,eager-resident,cuda,,1024,32,1,64,9,6.807694,6.782527923583984,9626754.669055337,103.87716674804688,21.289794921875,True,True,0.0,0.0
pilot-001-local-crossover,20260811T150801Z,2026-08-11T15:15:09.798166+00:00,c15da9d3e19f,ok,,,cpu,cpu,1,256,8,8,64,0,2.566464,,6383880.701229395,156.64453125,-2.850161552429199,True,True,0.0,0.0
pilot-001-local-crossover,20260811T150801Z,2026-08-11T15:15:09.798166+00:00,c15da9d3e19f,ok,,,cpu,cpu,1,256,8,8,64,1,2.587579,,6331787.357989843,157.93328857421875,-2.7322745323181152,True,True,0.0,0.0
pilot-001-local-crossover,20260811T150801Z,2026-08-11T15:15:09.798166+00:00,c15da9d3e19f,ok,,,cpu,cpu,1,256,8,8,64,2,2.571722,,6370828.573228367,156.9654541015625,-2.6218366622924805,True,True,0.0,0.0
pilot-001-local-crossover,20260811T150801Z,2026-08-11T15:15:09.798166+00:00,c15da9d3e19f,ok,,,cpu,cpu,1,256,8,8,64,3,2.581453,,6346813.209459944,157.55938720703125,-2.5161938667297363,True,True,0.0,0.0
pilot-001-local-crossover,20260811T150801Z,2026-08-11T15:15:09.798166+00:00,c15da9d3e19f,ok,,,cpu,cpu,1,256,8,8,64,4,2.593507,,6317314.740233977,158.29510498046875,-2.415565013885498,True,True,0.0,0.0
pilot-001-local-crossover,20260811T150801Z,2026-08-11T15:15:09.798166+00:00,c15da9d3e19f,ok,,,cpu,cpu,1,256,8,8,64,5,2.716013,,6032371.715452026,165.77227783203125,-2.3185782432556152,True,True,0.0,0.0
pilot-001-local-crossover,20260811T150801Z,2026-08-11T15:15:09.798166+00:00,c15da9d3e19f,ok,,,cpu,cpu,1,256,8,8,64,6,2.713595,,6037746.974032602,165.62469482421875,-2.22428560256958,True,True,0.0,0.0
pilot-001-local-crossover,20260811T150801Z,2026-08-11T15:15:09.798166+00:00,c15da9d3e19f,ok,,,cpu,cpu,1,256,8,8,64,7,2.676524,,6121372.347118875,163.362060546875,-2.129523277282715,True,True,0.0,0.0
pilot-001-local-crossover,20260811T150801Z,2026-08-11T15:15:09.798166+00:00,c15da9d3e19f,ok,,,cpu,cpu,1,256,8,8,64,8,2.671119,,6133758.9227585895,163.03216552734375,-2.035832166671753,True,True,0.0,0.0
pilot-001-local-crossover,20260811T150801Z,2026-08-11T15:15:09.798166+00:00,c15da9d3e19f,ok,,,cpu,cpu,1,256,8,8,64,9,2.609131,,6279485.391879518,159.24871826171875,-1.9468293190002441,True,True,0.0,0.0
pilot-001-local-crossover,20260811T150801Z,2026-08-11T15:15:09.825704+00:00,71790d624967,ok,,,cpu,cpu,8,262144,32,8,64,0,859.373181,,19522619.940824054,51.22263318300247,28.028345108032227,True,True,0.0,0.0
pilot-001-local-crossover,20260811T150801Z,2026-08-11T15:15:09.825704+00:00,71790d624967,ok,,,cpu,cpu,8,262144,32,8,64,1,850.763804,,19720180.76123981,50.709474325180054,27.12969970703125,True,True,0.0,0.0
pilot-001-local-crossover,20260811T150801Z,2026-08-11T15:15:09.825704+00:00,71790d624967,ok,,,cpu,cpu,8,262144,32,8,64,2,1335.84363,,12559266.386590471,79.62248504161835,26.26580810546875,True,True,0.0,0.0
pilot-001-local-crossover,20260811T150801Z,2026-08-11T15:15:09.825704+00:00,71790d624967,ok,,,cpu,cpu,8,262144,32,8,64,3,2963.721434,,5660861.310219886,176.6515632867813,25.43021011352539,True,True,0.0,0.0
pilot-001-local-crossover,20260811T150801Z,2026-08-11T15:15:09.825704+00:00,71790d624967,ok,,,cpu,cpu,8,262144,32,8,64,4,2410.287011,,6960671.456732172,143.66430109739304,24.618986129760742,True,True,0.0,0.0
pilot-001-local-crossover,20260811T150801Z,2026-08-11T15:15:09.825704+00:00,71790d624967,ok,,,cpu,cpu,8,262144,32,8,64,5,1224.73049,,13698700.356516805,72.9996258020401,23.832834243774414,True,True,0.0,0.0
pilot-001-local-crossover,20260811T150801Z,2026-08-11T15:15:09.825704+00:00,71790d624967,ok,,,cpu,cpu,8,262144,32,8,64,6,1202.657443,,13950120.292067239,71.6839696764946,23.071386337280273,True,True,0.0,0.0
pilot-001-local-crossover,20260811T150801Z,2026-08-11T15:15:09.825704+00:00,71790d624967,ok,,,cpu,cpu,8,262144,32,8,64,7,2699.903025,,6214006.89011784,160.9267607331276,22.341970443725586,True,True,0.0,0.0
pilot-001-local-crossover,20260811T150801Z,2026-08-11T15:15:09.825704+00:00,71790d624967,ok,,,cpu,cpu,8,262144,32,8,64,8,2639.495568,,6356220.5610038,157.3261957168579,21.642478942871094,True,True,0.0,0.0
pilot-001-local-crossover,20260811T150801Z,2026-08-11T15:15:09.825704+00:00,71790d624967,ok,,,cpu,cpu,8,262144,32,8,64,9,869.615428,,19292684.397958957,51.83311867713928,20.967693328857422,True,True,0.0,0.0
pilot-001-local-crossover,20260811T150801Z,2026-08-11T15:15:27.127506+00:00,beb6a627453a,ok,,,eager-resident,cuda,,4096,32,1,64,0,7.239708,7.193151950836182,36209195.177485056,27.617294311523438,28.0797119140625,True,True,0.0,0.0
pilot-001-local-crossover,20260811T150801Z,2026-08-11T15:15:27.127506+00:00,beb6a627453a,ok,,,eager-resident,cuda,,4096,32,1,64,1,6.950974,6.925312042236328,37713275.86608726,26.51586151123047,27.222932815551758,True,True,0.0,0.0
pilot-001-local-crossover,20260811T150801Z,2026-08-11T15:15:27.127506+00:00,beb6a627453a,ok,,,eager-resident,cuda,,4096,32,1,64,2,6.917154,6.891808032989502,37897667.16195707,26.38684844970703,26.39313316345215,True,True,0.0,0.0
pilot-001-local-crossover,20260811T150801Z,2026-08-11T15:15:27.127506+00:00,beb6a627453a,ok,,,eager-resident,cuda,,4096,32,1,64,3,7.030816,7.005087852478027,37285003.618356675,26.8204345703125,25.589458465576172,True,True,0.0,0.0
pilot-001-local-crossover,20260811T150801Z,2026-08-11T15:15:27.127506+00:00,beb6a627453a,ok,,,eager-resident,cuda,,4096,32,1,64,4,6.986002,6.959871768951416,37524180.49694231,26.64948272705078,24.811086654663086,True,True,0.0,0.0
pilot-001-local-crossover,20260811T150801Z,2026-08-11T15:15:27.127506+00:00,beb6a627453a,ok,,,eager-resident,cuda,,4096,32,1,64,5,7.06251,7.037024021148682,37117681.95726449,26.94133758544922,24.057235717773438,True,True,0.0,0.0
pilot-001-local-crossover,20260811T150801Z,2026-08-11T15:15:27.127506+00:00,beb6a627453a,ok,,,eager-resident,cuda,,4096,32,1,64,6,6.793289,6.76800012588501,38588671.84952679,25.91434097290039,23.3271427154541,True,True,0.0,0.0
pilot-001-local-crossover,20260811T150801Z,2026-08-11T15:15:27.127506+00:00,beb6a627453a,ok,,,eager-resident,cuda,,4096,32,1,64,7,6.84798,6.82316780090332,38280485.63225944,26.122970581054688,22.62006187438965,True,True,0.0,0.0
pilot-001-local-crossover,20260811T150801Z,2026-08-11T15:15:27.127506+00:00,beb6a627453a,ok,,,eager-resident,cuda,,4096,32,1,64,8,7.045031,7.020319938659668,37209772.39134931,26.87466049194336,21.935256958007812,True,True,0.0,0.0
pilot-001-local-crossover,20260811T150801Z,2026-08-11T15:15:27.127506+00:00,beb6a627453a,ok,,,eager-resident,cuda,,4096,32,1,64,9,7.232057,7.206751823425293,36247501.920961075,27.58810806274414,21.27204704284668,True,True,0.0,0.0
pilot-001-local-crossover,20260811T150801Z,2026-08-11T15:15:27.207117+00:00,939a951d5a7b,ok,,,eager-resident,cuda,,1048576,32,8,64,0,487.1946,487.1354064941406,137745500.46326458,7.259765267372131,28.092552185058594,False,True,3.457069396972656e-05,0.001776247750967741
pilot-001-local-crossover,20260811T150801Z,2026-08-11T15:15:27.207117+00:00,939a951d5a7b,ok,,,eager-resident,cuda,,1048576,32,8,64,1,474.377086,474.3216552734375,141467338.91779923,7.068769425153732,27.24559783935547,False,True,3.457069396972656e-05,0.001776247750967741
pilot-001-local-crossover,20260811T150801Z,2026-08-11T15:15:27.207117+00:00,939a951d5a7b,ok,,,eager-resident,cuda,,1048576,32,8,64,2,473.883605,473.82763671875,141614656.62016308,7.061415985226631,26.42505645751953,False,True,3.457069396972656e-05,0.001776247750967741
pilot-001-local-crossover,20260811T150801Z,2026-08-11T15:15:27.207117+00:00,939a951d5a7b,ok,,,eager-resident,cuda,,1048576,32,8,64,3,473.940911,473.8841247558594,141597533.45285696,7.062269911170006,25.628196716308594,False,True,3.457069396972656e-05,0.001776247750967741
pilot-001-local-crossover,20260811T150801Z,2026-08-11T15:15:27.207117+00:00,939a951d5a7b,ok,,,eager-resident,cuda,,1048576,32,8,64,4,473.911513,473.85162353515625,141606317.12696964,7.061831846833229,24.856403350830078,False,True,3.457069396972656e-05,0.001776247750967741
pilot-001-local-crossover,20260811T150801Z,2026-08-11T15:15:27.207117+00:00,939a951d5a7b,ok,,,eager-resident,cuda,,1048576,32,8,64,5,473.923779,473.86517333984375,141602652.10072947,7.062014624476433,24.10675048828125,False,True,3.457069396972656e-05,0.001776247750967741
pilot-001-local-crossover,20260811T150801Z,2026-08-11T15:15:27.207117+00:00,939a951d5a7b,ok,,,eager-resident,cuda,,1048576,32,8,64,6,473.979024,473.9220886230469,141586147.49162403,7.062837839126587,23.379833221435547,False,True,3.457069396972656e-05,0.001776247750967741
pilot-001-local-crossover,20260811T150801Z,2026-08-11T15:15:27.207117+00:00,939a951d5a7b,ok,,,eager-resident,cuda,,1048576,32,8,64,7,473.894095,473.8393859863281,141611521.8738904,7.061572298407555,22.672447204589844,False,True,3.457069396972656e-05,0.001776247750967741
pilot-001-local-crossover,20260811T150801Z,2026-08-11T15:15:27.207117+00:00,939a951d5a7b,ok,,,eager-resident,cuda,,1048576,32,8,64,8,473.995596,473.9388427734375,141581197.3071581,7.063084781169891,21.985862731933594,False,True,3.457069396972656e-05,0.001776247750967741
pilot-001-local-crossover,20260811T150801Z,2026-08-11T15:15:27.207117+00:00,939a951d5a7b,ok,,,eager-resident,cuda,,1048576,32,8,64,9,473.936606,473.8807067871094,141598819.6531078,7.062205761671066,21.320444107055664,False,True,3.457069396972656e-05,0.001776247750967741
pilot-001-local-crossover,20260811T150801Z,2026-08-11T15:15:32.247275+00:00,0ae446ab9385,ok,,,cpu,cpu,8,65536,8,8,64,0,26.155113,,160362679.37362763,6.235864877700806,-2.941707134246826,True,True,0.0,0.0
pilot-001-local-crossover,20260811T150801Z,2026-08-11T15:15:32.247275+00:00,0ae446ab9385,ok,,,cpu,cpu,8,65536,8,8,64,1,26.096957,,160720041.03773478,6.221999406814575,-2.897563934326172,True,True,0.0,0.0
pilot-001-local-crossover,20260811T150801Z,2026-08-11T15:15:32.247275+00:00,0ae446ab9385,ok,,,cpu,cpu,8,65536,8,8,64,2,36.599683,,114599462.51447041,8.726044416427612,-2.858430862426758,True,True,0.0,0.0
pilot-001-local-crossover,20260811T150801Z,2026-08-11T15:15:32.247275+00:00,0ae446ab9385,ok,,,cpu,cpu,8,65536,8,8,64,3,28.779177,,145740929.28369704,6.861490488052368,-2.8209362030029297,True,True,0.0,0.0
pilot-001-local-crossover,20260811T150801Z,2026-08-11T15:15:32.247275+00:00,0ae446ab9385,ok,,,cpu,cpu,8,65536,8,8,64,4,27.250437,,153916944.52459607,6.4970104694366455,-2.785040855407715,True,True,0.0,0.0
pilot-001-local-crossover,20260811T150801Z,2026-08-11T15:15:32.247275+00:00,0ae446ab9385,ok,,,cpu,cpu,8,65536,8,8,64,5,26.846229,,156234382.11750335,6.400639772415161,-2.7511813640594482,True,True,0.0,0.0
pilot-001-local-crossover,20260811T150801Z,2026-08-11T15:15:32.247275+00:00,0ae446ab9385,ok,,,cpu,cpu,8,65536,8,8,64,6,26.277848,,159613679.17190176,6.265127182006836,-2.7208735942840576,True,True,0.0,0.0
pilot-001-local-crossover,20260811T150801Z,2026-08-11T15:15:32.247275+00:00,0ae446ab9385,ok,,,cpu,cpu,8,65536,8,8,64,7,26.198066,,160099756.9820612,6.246105670928955,-2.6926259994506836,True,True,0.0,0.0
pilot-001-local-crossover,20260811T150801Z,2026-08-11T15:15:32.247275+00:00,0ae446ab9385,ok,,,cpu,cpu,8,65536,8,8,64,8,34.834922,,120405149.75173478,8.30529260635376,-2.6660513877868652,True,True,0.0,0.0
pilot-001-local-crossover,20260811T150801Z,2026-08-11T15:15:32.247275+00:00,0ae446ab9385,ok,,,cpu,cpu,8,65536,8,8,64,9,26.37955,,158998314.9826286,6.289374828338623,-2.638972043991089,True,True,0.0,0.0
pilot-001-local-crossover,20260811T150801Z,2026-08-11T15:15:32.543373+00:00,5637011fa287,ok,,,graph-resident,cuda,,65536,32,8,64,0,30.742132,30.706783294677734,136435039.70381755,7.329495429992676,25.361982345581055,True,True,0.0,0.0
pilot-001-local-crossover,20260811T150801Z,2026-08-11T15:15:32.543373+00:00,5637011fa287,ok,,,graph-resident,cuda,,65536,32,8,64,1,30.713462,30.692319869995117,136562397.29666424,7.322659969329834,24.538436889648438,True,True,0.0,0.0
pilot-001-local-crossover,20260811T150801Z,2026-08-11T15:15:32.543373+00:00,5637011fa287,ok,,,graph-resident,cuda,,65536,32,8,64,2,30.708993,30.68886375427246,136582270.86769012,7.321594476699829,23.73876953125,True,True,0.0,0.0
pilot-001-local-crossover,20260811T150801Z,2026-08-11T15:15:32.543373+00:00,5637011fa287,ok,,,graph-resident,cuda,,65536,32,8,64,3,30.703727,30.68435287475586,136605696.1097915,7.32033896446228,22.964046478271484,True,True,0.0,0.0
pilot-001-local-crossover,20260811T150801Z,2026-08-11T15:15:32.543373+00:00,5637011fa287,ok,,,graph-resident,cuda,,65536,32,8,64,4,30.723014,30.70240020751953,136519939.0919133,7.324937343597412,22.21257972717285,True,True,0.0,0.0
pilot-001-local-crossover,20260811T150801Z,2026-08-11T15:15:32.543373+00:00,5637011fa287,ok,,,graph-resident,cuda,,65536,32,8,64,5,30.73482,30.707168579101562,136467498.4268657,7.327752113342285,21.488157272338867,True,True,0.0,0.0
pilot-001-local-crossover,20260811T150801Z,2026-08-11T15:15:32.543373+00:00,5637011fa287,ok,,,graph-resident,cuda,,65536,32,8,64,6,30.739472,30.7127685546875,136446845.9315111,7.328861236572266,20.788820266723633,True,True,0.0,0.0
pilot-001-local-crossover,20260811T150801Z,2026-08-11T15:15:32.543373+00:00,5637011fa287,ok,,,graph-resident,cuda,,65536,32,8,64,7,30.731162,30.70185661315918,136483742.46310633,7.326879978179932,20.113628387451172,True,True,0.0,0.0
pilot-001-local-crossover,20260811T150801Z,2026-08-11T15:15:32.543373+00:00,5637011fa287,ok,,,graph-resident,cuda,,65536,32,8,64,8,30.740801,30.71798324584961,136440947.00069785,7.329178094863892,19.460132598876953,True,True,0.0,0.0
pilot-001-local-crossover,20260811T150801Z,2026-08-11T15:15:32.543373+00:00,5637011fa287,ok,,,graph-resident,cuda,,65536,32,8,64,9,30.705493,30.68739128112793,136597839.3507637,7.320760011672974,18.829708099365234,True,True,0.0,0.0
pilot-001-local-crossover,20260811T150801Z,2026-08-11T15:15:32.969413+00:00,46563e48a16a,ok,,,eager-host-visible,cuda,,65536,32,8,64,0,36.660012,36.61555099487305,114410873.62437306,8.74042797088623,28.007577896118164,True,True,0.0,0.0
pilot-001-local-crossover,20260811T150801Z,2026-08-11T15:15:32.969413+00:00,46563e48a16a,ok,,,eager-host-visible,cuda,,65536,32,8,64,1,37.099405,37.057281494140625,113055829.33203378,8.845187425613403,27.095855712890625,True,True,0.0,0.0
pilot-001-local-crossover,20260811T150801Z,2026-08-11T15:15:32.969413+00:00,46563e48a16a,ok,,,eager-host-visible,cuda,,65536,32,8,64,2,36.654684,36.617374420166016,114427503.99921604,8.739157676696777,26.213260650634766,True,True,0.0,0.0
pilot-001-local-crossover,20260811T150801Z,2026-08-11T15:15:32.969413+00:00,46563e48a16a,ok,,,eager-host-visible,cuda,,65536,32,8,64,3,36.628841,36.588897705078125,114508236.82900585,8.732996225357056,25.361982345581055,True,True,0.0,0.0
pilot-001-local-crossover,20260811T150801Z,2026-08-11T15:15:32.969413+00:00,46563e48a16a,ok,,,eager-host-visible,cuda,,65536,32,8,64,4,36.868525,36.82783889770508,113763813.442496,8.790141344070435,24.538436889648438,True,True,0.0,0.0
pilot-001-local-crossover,20260811T150801Z,2026-08-11T15:15:32.969413+00:00,46563e48a16a,ok,,,eager-host-visible,cuda,,65536,32,8,64,5,36.922896,36.88297653198242,113596289.9551541,8.803104400634766,23.73876953125,True,True,0.0,0.0
pilot-001-local-crossover,20260811T150801Z,2026-08-11T15:15:32.969413+00:00,46563e48a16a,ok,,,eager-host-visible,cuda,,65536,32,8,64,6,36.942401,36.90150451660156,113536312.92129605,8.807754755020142,22.964046478271484,True,True,0.0,0.0
pilot-001-local-crossover,20260811T150801Z,2026-08-11T15:15:32.969413+00:00,46563e48a16a,ok,,,eager-host-visible,cuda,,65536,32,8,64,7,36.513649,36.48195266723633,114869483.46356727,8.705532312393188,22.21257972717285,True,True,0.0,0.0
pilot-001-local-crossover,20260811T150801Z,2026-08-11T15:15:32.969413+00:00,46563e48a16a,ok,,,eager-host-visible,cuda,,65536,32,8,64,8,36.522057,36.494144439697266,114843038.550649,8.707536935806274,21.488157272338867,True,True,0.0,0.0
pilot-001-local-crossover,20260811T150801Z,2026-08-11T15:15:32.969413+00:00,46563e48a16a,ok,,,eager-host-visible,cuda,,65536,32,8,64,9,36.507985,36.480064392089844,114887304.79099299,8.704181909561157,20.788820266723633,True,True,0.0,0.0
pilot-001-local-crossover,20260811T150801Z,2026-08-11T15:15:33.353998+00:00,b03251c1977f,ok,,,eager-resident,cuda,,4096,32,8,64,0,7.068453,7.038976192474365,37086474.225689836,26.964008331298828,28.04944610595703,True,True,0.0,0.0
pilot-001-local-crossover,20260811T150801Z,2026-08-11T15:15:33.353998+00:00,b03251c1977f,ok,,,eager-resident,cuda,,4096,32,8,64,1,7.090089,7.0635199546813965,36973301.74557752,27.04654312133789,27.17084312438965,True,True,0.0,0.0
pilot-001-local-crossover,20260811T150801Z,2026-08-11T15:15:33.353998+00:00,b03251c1977f,ok,,,eager-resident,cuda,,4096,32,8,64,2,7.080393,7.053567886352539,37023933.55849033,27.00955581665039,26.3139705657959,True,True,0.0,0.0
pilot-001-local-crossover,20260811T150801Z,2026-08-11T15:15:33.353998+00:00,b03251c1977f,ok,,,eager-resident,cuda,,4096,32,8,64,3,7.04608,7.020127773284912,37204232.70811572,26.878662109375,25.481529235839844,True,True,0.0,0.0
pilot-001-local-crossover,20260811T150801Z,2026-08-11T15:15:33.353998+00:00,b03251c1977f,ok,,,eager-resident,cuda,,4096,32,8,64,4,7.053743,7.026815891265869,37163815.01282369,26.907894134521484,24.675321578979492,True,True,0.0,0.0
pilot-001-local-crossover,20260811T150801Z,2026-08-11T15:15:33.353998+00:00,b03251c1977f,ok,,,eager-resident,cuda,,4096,32,8,64,5,7.056736,7.0312957763671875,37148052.5840842,26.9193115234375,23.894481658935547,True,True,0.0,0.0
pilot-001-local-crossover,20260811T150801Z,2026-08-11T15:15:33.353998+00:00,b03251c1977f,ok,,,eager-resident,cuda,,4096,32,8,64,6,7.076352,7.050464153289795,37045076.33311627,26.994140625,23.144290924072266,True,True,0.0,0.0
pilot-001-local-crossover,20260811T150801Z,2026-08-11T15:15:33.353998+00:00,b03251c1977f,ok,,,eager-resident,cuda,,4096,32,8,64,7,7.078967,7.052544116973877,37031391.72706979,27.00411605834961,22.428966522216797,True,True,0.0,0.0
pilot-001-local-crossover,20260811T150801Z,2026-08-11T15:15:33.353998+00:00,b03251c1977f,ok,,,eager-resident,cuda,,4096,32,8,64,8,7.065487,7.039743900299072,37102042.647591025,26.952693939208984,21.747848510742188,True,True,0.0,0.0
pilot-001-local-crossover,20260811T150801Z,2026-08-11T15:15:33.353998+00:00,b03251c1977f,ok,,,eager-resident,cuda,,4096,32,8,64,9,7.043801,7.017920017242432,37216270.022392735,26.86996841430664,21.09005355834961,True,True,0.0,0.0
pilot-001-local-crossover,20260811T150801Z,2026-08-11T15:15:33.428251+00:00,213d7fd8aad7,ok,,,eager-resident,cuda,,256,8,8,64,0,6.781466,6.754303932189941,2415996.7770980494,413.9078369140625,-2.850161552429199,True,True,0.0,0.0
pilot-001-local-crossover,20260811T150801Z,2026-08-11T15:15:33.428251+00:00,213d7fd8aad7,ok,,,eager-resident,cuda,,256,8,8,64,1,6.792508,6.766240119934082,2412069.297526039,414.581787109375,-2.732274055480957,True,True,0.0,0.0
pilot-001-local-crossover,20260811T150801Z,2026-08-11T15:15:33.428251+00:00,213d7fd8aad7,ok,,,eager-resident,cuda,,256,8,8,64,2,6.792674,6.7676801681518555,2412010.3511518436,414.5919189453125,-2.621840000152588,True,True,0.0,0.0
pilot-001-local-crossover,20260811T150801Z,2026-08-11T15:15:33.428251+00:00,213d7fd8aad7,ok,,,eager-resident,cuda,,256,8,8,64,3,6.801306,6.7761921882629395,2408949.104774877,415.1187744140625,-2.5161948204040527,True,True,0.0,0.0
pilot-001-local-crossover,20260811T150801Z,2026-08-11T15:15:33.428251+00:00,213d7fd8aad7,ok,,,eager-resident,cuda,,256,8,8,64,4,6.983948,6.958816051483154,2345951.029417745,426.266357421875,-2.4155654907226562,True,True,0.0,0.0
pilot-001-local-crossover,20260811T150801Z,2026-08-11T15:15:33.428251+00:00,213d7fd8aad7,ok,,,eager-resident,cuda,,256,8,8,64,5,6.965979,6.940927982330322,2352002.4967057756,425.16961669921875,-2.318577766418457,True,True,0.0,0.0
pilot-001-local-crossover,20260811T150801Z,2026-08-11T15:15:33.428251+00:00,213d7fd8aad7,ok,,,eager-resident,cuda,,256,8,8,64,6,6.790699,6.766176223754883,2412711.8577925484,414.47137451171875,-2.224285125732422,True,True,0.0,0.0
pilot-001-local-crossover,20260811T150801Z,2026-08-11T15:15:33.428251+00:00,213d7fd8aad7,ok,,,eager-resident,cuda,,256,8,8,64,7,6.816252,6.791327953338623,2403667.000574509,416.031005859375,-2.129526138305664,True,True,0.0,0.0
pilot-001-local-crossover,20260811T150801Z,2026-08-11T15:15:33.428251+00:00,213d7fd8aad7,ok,,,eager-resident,cuda,,256,8,8,64,8,6.927231,6.903071880340576,2365158.6037768917,422.80462646484375,-2.035832405090332,True,True,0.0,0.0
pilot-001-local-crossover,20260811T150801Z,2026-08-11T15:15:33.428251+00:00,213d7fd8aad7,ok,,,eager-resident,cuda,,256,8,8,64,9,6.951344,6.926080226898193,2356954.2810714017,424.2763671875,-1.9468307495117188,True,True,0.0,0.0
pilot-001-local-crossover,20260811T150801Z,2026-08-11T15:15:33.499945+00:00,16b40bf9a8bc,ok,,,graph-resident,cuda,,256,8,1,64,0,1.18831,1.1664960384368896,13787648.004308641,72.5286865234375,-2.607166290283203,True,True,0.0,0.0
pilot-001-local-crossover,20260811T150801Z,2026-08-11T15:15:33.499945+00:00,16b40bf9a8bc,ok,,,graph-resident,cuda,,256,8,1,64,1,1.185962,1.1681280136108398,13814945.166877184,72.3853759765625,-2.522346019744873,True,True,0.0,0.0
pilot-001-local-crossover,20260811T150801Z,2026-08-11T15:15:33.499945+00:00,16b40bf9a8bc,ok,,,graph-resident,cuda,,256,8,1,64,2,1.1829,1.1661759614944458,13850705.892298589,72.198486328125,-2.4401907920837402,True,True,0.0,0.0
pilot-001-local-crossover,20260811T150801Z,2026-08-11T15:15:33.499945+00:00,16b40bf9a8bc,ok,,,graph-resident,cuda,,256,8,1,64,3,1.183456,1.1671359539031982,13844198.685882702,72.232421875,-2.360630989074707,True,True,0.0,0.0
pilot-001-local-crossover,20260811T150801Z,2026-08-11T15:15:33.499945+00:00,16b40bf9a8bc,ok,,,graph-resident,cuda,,256,8,1,64,4,1.183593,1.1668800115585327,13842596.230292002,72.24078369140625,-2.2835631370544434,True,True,0.0,0.0
pilot-001-local-crossover,20260811T150801Z,2026-08-11T15:15:33.499945+00:00,16b40bf9a8bc,ok,,,graph-resident,cuda,,256,8,1,64,5,1.181769,1.1656320095062256,13863961.569477621,72.12945556640625,-2.2089219093322754,True,True,0.0,0.0
pilot-001-local-crossover,20260811T150801Z,2026-08-11T15:15:33.499945+00:00,16b40bf9a8bc,ok,,,graph-resident,cuda,,256,8,1,64,6,1.182166,1.1664320230484009,13859305.715102615,72.1536865234375,-2.13663911819458,True,True,0.0,0.0
pilot-001-local-crossover,20260811T150801Z,2026-08-11T15:15:33.499945+00:00,16b40bf9a8bc,ok,,,graph-resident,cuda,,256,8,1,64,7,1.181867,1.1664320230484009,13862811.974613048,72.13543701171875,-2.066622734069824,True,True,0.0,0.0
pilot-001-local-crossover,20260811T150801Z,2026-08-11T15:15:33.499945+00:00,16b40bf9a8bc,ok,,,graph-resident,cuda,,256,8,1,64,8,1.18165,1.1653759479522705,13865357.76245081,72.1221923828125,-1.9988059997558594,True,True,0.0,0.0
pilot-001-local-crossover,20260811T150801Z,2026-08-11T15:15:33.499945+00:00,16b40bf9a8bc,ok,,,graph-resident,cuda,,256,8,1,64,9,1.181867,1.1661440134048462,13862811.974613048,72.13543701171875,-1.9331250190734863,True,True,0.0,0.0
pilot-001-local-crossover,20260811T150801Z,2026-08-11T15:15:33.526217+00:00,7641b7983076,ok,,,eager-host-visible,cuda,,1024,32,1,64,0,8.188838,8.136287689208984,8003089.082968792,124.95175170898439,28.08209991455078,True,True,0.0,0.0
pilot-001-local-crossover,20260811T150801Z,2026-08-11T15:15:33.526217+00:00,7641b7983076,ok,,,eager-host-visible,cuda,,1024,32,1,64,1,8.610236,8.584192276000977,7611405.773314459,131.38177490234375,27.227203369140625,True,True,0.0,0.0
pilot-001-local-crossover,20260811T150801Z,2026-08-11T15:15:33.526217+00:00,7641b7983076,ok,,,eager-host-visible,cuda,,1024,32,1,64,2,8.320739,8.295488357543945,7876223.494091091,126.96440124511719,26.399250030517578,True,True,0.0,0.0
pilot-001-local-crossover,20260811T150801Z,2026-08-11T15:15:33.526217+00:00,7641b7983076,ok,,,eager-host-visible,cuda,,1024,32,1,64,3,8.16578,8.140640258789062,8025687.686908049,124.59991455078125,25.59738540649414,True,True,0.0,0.0
pilot-001-local-crossover,20260811T150801Z,2026-08-11T15:15:33.526217+00:00,7641b7983076,ok,,,eager-host-visible,cuda,,1024,32,1,64,4,8.082656,8.05401611328125,8108225.810921558,123.33154296875,24.820770263671875,True,True,0.0,0.0
pilot-001-local-crossover,20260811T150801Z,2026-08-11T15:15:33.526217+00:00,7641b7983076,ok,,,eager-host-visible,cuda,,1024,32,1,64,5,8.048804,8.002528190612793,8142327.729685057,122.81500244140626,24.06862449645996,True,True,0.0,0.0
pilot-001-local-crossover,20260811T150801Z,2026-08-11T15:15:33.526217+00:00,7641b7983076,ok,,,eager-host-visible,cuda,,1024,32,1,64,6,7.971521,7.9464640617370605,8221266.681728618,121.63575744628906,23.3402156829834,True,True,0.0,0.0
pilot-001-local-crossover,20260811T150801Z,2026-08-11T15:15:33.526217+00:00,7641b7983076,ok,,,eager-host-visible,cuda,,1024,32,1,64,7,8.252296,8.226783752441406,7941547.419045561,125.92004394531249,22.634748458862305,True,True,0.0,0.0
pilot-001-local-crossover,20260811T150801Z,2026-08-11T15:15:33.526217+00:00,7641b7983076,ok,,,eager-host-visible,cuda,,1024,32,1,64,8,8.033835,8.008768081665039,8157498.878182089,122.58659362792969,21.951505661010742,True,True,0.0,0.0
pilot-001-local-crossover,20260811T150801Z,2026-08-11T15:15:33.526217+00:00,7641b7983076,ok,,,eager-host-visible,cuda,,1024,32,1,64,9,8.149212,8.123968124389648,8042004.55209657,124.34710693359375,21.289794921875,True,True,0.0,0.0
pilot-001-local-crossover,20260811T150801Z,2026-08-11T15:15:33.611364+00:00,d6e38ada0272,ok,,,eager-host-visible,cuda,,1048576,32,1,64,0,521.467306,521.3936767578125,128692370.98442371,7.770468384027481,27.95545196533203,True,True,0.0,0.0
pilot-001-local-crossover,20260811T150801Z,2026-08-11T15:15:33.611364+00:00,d6e38ada0272,ok,,,eager-host-visible,cuda,,1048576,32,1,64,1,521.408635,521.3436279296875,128706851.96841821,7.769594117999077,27.002792358398438,True,True,0.0,0.0
pilot-001-local-crossover,20260811T150801Z,2026-08-11T15:15:33.611364+00:00,d6e38ada0272,ok,,,eager-host-visible,cuda,,1048576,32,1,64,2,523.030398,522.9645385742188,128307769.98165986,7.793760269880295,26.080135345458984,True,True,0.0,0.0
pilot-001-local-crossover,20260811T150801Z,2026-08-11T15:15:33.611364+00:00,d6e38ada0272,ok,,,eager-host-visible,cuda,,1048576,32,1,64,3,522.844864,522.7804565429688,128353300.60734801,7.7909955978393555,25.18655014038086,True,True,0.0,0.0
pilot-001-local-crossover,20260811T150801Z,2026-08-11T15:15:33.611364+00:00,d6e38ada0272,ok,,,eager-host-visible,cuda,,1048576,32,1,64,4,523.58864,523.5244750976562,128170970.24870515,7.802078723907472,24.321107864379883,True,True,0.0,0.0
pilot-001-local-crossover,20260811T150801Z,2026-08-11T15:15:33.611364+00:00,d6e38ada0272,ok,,,eager-host-visible,cuda,,1048576,32,1,64,5,520.973877,520.9111938476562,128814259.14566539,7.763115718960762,23.482940673828125,True,True,0.0,0.0
pilot-001-local-crossover,20260811T150801Z,2026-08-11T15:15:33.611364+00:00,d6e38ada0272,ok,,,eager-host-visible,cuda,,1048576,32,1,64,6,521.206517,521.1434936523438,128756763.03180224,7.766582325100898,22.67117691040039,True,True,0.0,0.0
pilot-001-local-crossover,20260811T150801Z,2026-08-11T15:15:33.611364+00:00,d6e38ada0272,ok,,,eager-host-visible,cuda,,1048576,32,1,64,7,520.990969,520.9241333007812,128810033.17353089,7.763370409607886,21.884990692138672,True,True,0.0,0.0
pilot-001-local-crossover,20260811T150801Z,2026-08-11T15:15:33.611364+00:00,d6e38ada0272,ok,,,eager-host-visible,cuda,,1048576,32,1,64,8,521.248119,521.1849975585938,128746486.66118255,7.767202243208885,21.123584747314453,True,True,0.0,0.0
pilot-001-local-crossover,20260811T150801Z,2026-08-11T15:15:33.611364+00:00,d6e38ada0272,ok,,,eager-host-visible,cuda,,1048576,32,1,64,9,523.108855,523.0440063476562,128288526.10418917,7.79492937028408,20.38614845275879,True,True,0.0,0.0
pilot-001-local-crossover,20260811T150801Z,2026-08-11T15:15:39.109348+00:00,9191426c3600,ok,,,eager-resident,cuda,,1048576,8,1,64,0,232.242061,232.18777465820312,288960852.7888495,3.4606763869524,-2.9257454872131348,True,True,0.0,0.0
pilot-001-local-crossover,20260811T150801Z,2026-08-11T15:15:39.109348+00:00,9191426c3600,ok,,,eager-resident,cuda,,1048576,8,1,64,1,232.25811,232.21487426757812,288940885.63796544,3.4609155356884003,-2.8688278198242188,True,True,0.0,0.0
pilot-001-local-crossover,20260811T150801Z,2026-08-11T15:15:39.109348+00:00,9191426c3600,ok,,,eager-resident,cuda,,1048576,8,1,64,2,232.185557,232.14378356933594,289031173.4592518,3.459834411740303,-2.8137006759643555,True,True,0.0,0.0
pilot-001-local-crossover,20260811T150801Z,2026-08-11T15:15:39.109348+00:00,9191426c3600,ok,,,eager-resident,cuda,,1048576,8,1,64,3,232.129005,232.0928955078125,289101588.1449197,3.4589917212724686,-2.760322093963623,True,True,0.0,0.0
pilot-001-local-crossover,20260811T150801Z,2026-08-11T15:15:39.109348+00:00,9191426c3600,ok,,,eager-resident,cuda,,1048576,8,1,64,4,232.175756,232.14073181152344,289043374.53734833,3.459688365459442,-2.7086286544799805,True,True,0.0,0.0
pilot-001-local-crossover,20260811T150801Z,2026-08-11T15:15:39.109348+00:00,9191426c3600,ok,,,eager-resident,cuda,,1048576,8,1,64,5,232.155694,232.1134796142578,289068352.5513701,3.459389418363571,-2.6585617065429688,True,True,0.0,0.0
pilot-001-local-crossover,20260811T150801Z,2026-08-11T15:15:39.109348+00:00,9191426c3600,ok,,,eager-resident,cuda,,1048576,8,1,64,6,232.146697,232.1033935546875,289079555.5880771,3.45925535261631,-2.610076904296875,True,True,0.0,0.0
pilot-001-local-crossover,20260811T150801Z,2026-08-11T15:15:39.109348+00:00,9191426c3600,ok,,,eager-resident,cuda,,1048576,8,1,64,7,232.049061,232.0109100341797,289201187.5023274,3.4578004628419876,-2.5631227493286133,True,True,0.0,0.0
pilot-001-local-crossover,20260811T150801Z,2026-08-11T15:15:39.109348+00:00,9191426c3600,ok,,,eager-resident,cuda,,1048576,8,1,64,8,232.122458,232.0872039794922,289109742.2378665,3.4588941633701324,-2.5176496505737305,True,True,0.0,0.0
pilot-001-local-crossover,20260811T150801Z,2026-08-11T15:15:39.109348+00:00,9191426c3600,ok,,,eager-resident,cuda,,1048576,8,1,64,9,232.187417,232.1484832763672,289028858.09699154,3.4598621279001236,-2.4736180305480957,True,True,0.0,0.0
pilot-001-local-crossover,20260811T150801Z,2026-08-11T15:15:41.530788+00:00,38a78818b571,ok,,,cpu,cpu,8,262144,32,1,64,0,857.017539,,19576280.807013914,51.08222597837448,28.067096710205078,True,True,0.0,0.0
pilot-001-local-crossover,20260811T150801Z,2026-08-11T15:15:41.530788+00:00,38a78818b571,ok,,,cpu,cpu,8,262144,32,1,64,1,855.111991,,19619904.967512026,50.968646466732025,27.200592041015625,True,True,0.0,0.0
pilot-001-local-crossover,20260811T150801Z,2026-08-11T15:15:41.530788+00:00,38a78818b571,ok,,,cpu,cpu,8,262144,32,1,64,2,1006.324799,,16671770.403225452,59.98163217306137,26.36141014099121,True,True,0.0,0.0
pilot-001-local-crossover,20260811T150801Z,2026-08-11T15:15:41.530788+00:00,38a78818b571,ok,,,cpu,cpu,8,262144,32,1,64,3,871.555048,,19249749.099037975,51.948729038238525,25.548635482788086,True,True,0.0,0.0
pilot-001-local-crossover,20260811T150801Z,2026-08-11T15:15:41.530788+00:00,38a78818b571,ok,,,cpu,cpu,8,262144,32,1,64,4,875.761937,,19157279.2686924,52.199479162693024,24.761499404907227,True,True,0.0,0.0
pilot-001-local-crossover,20260811T150801Z,2026-08-11T15:15:41.530788+00:00,38a78818b571,ok,,,cpu,cpu,8,262144,32,1,64,5,1007.296562,,16655686.748983463,60.03955376148224,23.999141693115234,True,True,0.0,0.0
pilot-001-local-crossover,20260811T150801Z,2026-08-11T15:15:41.530788+00:00,38a78818b571,ok,,,cpu,cpu,8,262144,32,1,64,6,932.38211,,17993927.40386235,55.57430446147919,23.260780334472656,True,True,0.0,0.0
pilot-001-local-crossover,20260811T150801Z,2026-08-11T15:15:41.530788+00:00,38a78818b571,ok,,,cpu,cpu,8,262144,32,1,64,7,952.143179,,17620475.964151185,56.75215595960617,22.54568862915039,True,True,0.0,0.0
pilot-001-local-crossover,20260811T150801Z,2026-08-11T15:15:41.530788+00:00,38a78818b571,ok,,,cpu,cpu,8,262144,32,1,64,8,1244.408195,,13482084.14844134,74.17250841856003,21.853107452392578,True,True,0.0,0.0
pilot-001-local-crossover,20260811T150801Z,2026-08-11T15:15:41.530788+00:00,38a78818b571,ok,,,cpu,cpu,8,262144,32,1,64,9,1028.051038,,16319438.802025702,61.276616930961616,21.18234634399414,True,True,0.0,0.0
pilot-001-local-crossover,20260811T150801Z,2026-08-11T15:15:51.415128+00:00,114a992eb975,ok,,,eager-host-visible,cuda,,256,32,1,64,0,8.305111,8.271295547485352,1972761.11059804,506.90374755859375,27.957904815673828,True,True,0.0,0.0
pilot-001-local-crossover,20260811T150801Z,2026-08-11T15:15:51.415128+00:00,114a992eb975,ok,,,eager-host-visible,cuda,,256,32,1,64,1,8.275501,8.249216079711914,1979819.7112174837,505.09649658203125,27.007143020629883,True,True,0.0,0.0
pilot-001-local-crossover,20260811T150801Z,2026-08-11T15:15:51.415128+00:00,114a992eb975,ok,,,eager-host-visible,cuda,,256,32,1,64,2,7.995847,7.969503879547119,2049063.7202037508,488.02777099609375,26.086339950561523,True,True,0.0,0.0
pilot-001-local-crossover,20260811T150801Z,2026-08-11T15:15:51.415128+00:00,114a992eb975,ok,,,eager-host-visible,cuda,,256,32,1,64,3,7.957593,7.930528163909912,2058914.045993556,485.69293212890625,25.194555282592773,True,True,0.0,0.0
pilot-001-local-crossover,20260811T150801Z,2026-08-11T15:15:51.415128+00:00,114a992eb975,ok,,,eager-host-visible,cuda,,256,32,1,64,4,8.013149,7.9858880043029785,2044639.3795997053,489.08380126953125,24.330869674682617,True,True,0.0,0.0
pilot-001-local-crossover,20260811T150801Z,2026-08-11T15:15:51.415128+00:00,114a992eb975,ok,,,eager-host-visible,cuda,,256,32,1,64,5,8.125322,8.096799850463867,2016412.3957179787,495.93029785156256,23.494403839111328,True,True,0.0,0.0
pilot-001-local-crossover,20260811T150801Z,2026-08-11T15:15:51.415128+00:00,114a992eb975,ok,,,eager-host-visible,cuda,,256,32,1,64,6,8.214216,8.18518352508545,1994590.8410492248,501.35595703125,22.684295654296875,True,True,0.0,0.0
pilot-001-local-crossover,20260811T150801Z,2026-08-11T15:15:51.415128+00:00,114a992eb975,ok,,,eager-host-visible,cuda,,256,32,1,64,7,8.267241,8.23804759979248,1981797.7968708063,504.59234619140625,21.899728775024414,True,True,0.0,0.0
pilot-001-local-crossover,20260811T150801Z,2026-08-11T15:15:51.415128+00:00,114a992eb975,ok,,,eager-host-visible,cuda,,256,32,1,64,8,8.302262,8.274144172668457,1973438.0822961258,506.72985839843756,21.139862060546875,True,True,0.0,0.0
pilot-001-local-crossover,20260811T150801Z,2026-08-11T15:15:51.415128+00:00,114a992eb975,ok,,,eager-host-visible,cuda,,256,32,1,64,9,8.224673,8.196991920471191,1992054.8816956005,501.9942016601562,20.403932571411133,True,True,0.0,0.0
pilot-001-local-crossover,20260811T150801Z,2026-08-11T15:15:51.500205+00:00,704bb9190759,ok,,,cpu,cpu,8,1048576,32,8,64,0,3497.284122,,19188851.02238199,52.11359444260597,28.092544555664062,False,True,3.457069396972656e-05,0.001776247750967741
pilot-001-local-crossover,20260811T150801Z,2026-08-11T15:15:51.500205+00:00,704bb9190759,ok,,,cpu,cpu,8,1048576,32,8,64,1,3695.425617,,18159982.3552882,55.06613279879093,27.245594024658203,False,True,3.457069396972656e-05,0.001776247750967741
pilot-001-local-crossover,20260811T150801Z,2026-08-11T15:15:51.500205+00:00,704bb9190759,ok,,,cpu,cpu,8,1048576,32,8,64,2,3589.664685,,18695023.042242732,53.49017210304737,26.425060272216797,False,True,3.457069396972656e-05,0.001776247750967741
pilot-001-local-crossover,20260811T150801Z,2026-08-11T15:15:51.500205+00:00,704bb9190759,ok,,,cpu,cpu,8,1048576,32,8,64,3,3660.396318,,18333769.944525443,54.544155567884445,25.628204345703125,False,True,3.457069396972656e-05,0.001776247750967741
pilot-001-local-crossover,20260811T150801Z,2026-08-11T15:15:51.500205+00:00,704bb9190759,ok,,,cpu,cpu,8,1048576,32,8,64,4,3631.326463,,18480537.259257708,54.11098097264767,24.856409072875977,False,True,3.457069396972656e-05,0.001776247750967741
pilot-001-local-crossover,20260811T150801Z,2026-08-11T15:15:51.500205+00:00,704bb9190759,ok,,,cpu,cpu,8,1048576,32,8,64,5,3638.544018,,18443878.55911875,54.21853092312813,24.106754302978516,False,True,3.457069396972656e-05,0.001776247750967741
pilot-001-local-crossover,20260811T150801Z,2026-08-11T15:15:51.500205+00:00,704bb9190759,ok,,,cpu,cpu,8,1048576,32,8,64,6,3489.568449,,19231278.876111824,51.998621955513954,23.379833221435547,False,True,3.457069396972656e-05,0.001776247750967741
pilot-001-local-crossover,20260811T150801Z,2026-08-11T15:15:51.500205+00:00,704bb9190759,ok,,,cpu,cpu,8,1048576,32,8,64,7,3714.450914,,18066967.515188437,55.34963181614876,22.672447204589844,False,True,3.457069396972656e-05,0.001776247750967741
pilot-001-local-crossover,20260811T150801Z,2026-08-11T15:15:51.500205+00:00,704bb9190759,ok,,,cpu,cpu,8,1048576,32,8,64,8,3740.353575,,17941850.323602095,55.73561154305935,21.985862731933594,False,True,3.457069396972656e-05,0.001776247750967741
pilot-001-local-crossover,20260811T150801Z,2026-08-11T15:15:51.500205+00:00,704bb9190759,ok,,,cpu,cpu,8,1048576,32,8,64,9,3777.154463,,17767042.533574037,56.28398750722408,21.32044219970703,False,True,3.457069396972656e-05,0.001776247750967741
pilot-001-local-crossover,20260811T150801Z,2026-08-11T15:16:29.029200+00:00,79070c7bd183,ok,,,cpu,cpu,1,4096,32,8,64,0,12.952203,,20239336.891183686,49.40873336791992,28.0494384765625,True,True,0.0,0.0
pilot-001-local-crossover,20260811T150801Z,2026-08-11T15:16:29.029200+00:00,79070c7bd183,ok,,,cpu,cpu,1,4096,32,8,64,1,12.520571,,20937064.29203588,47.76218795776367,27.170841217041016,True,True,0.0,0.0
pilot-001-local-crossover,20260811T150801Z,2026-08-11T15:16:29.029200+00:00,79070c7bd183,ok,,,cpu,cpu,1,4096,32,8,64,2,12.317345,,21282508.52760883,46.986942291259766,26.31396484375,True,True,0.0,0.0
pilot-001-local-crossover,20260811T150801Z,2026-08-11T15:16:29.029200+00:00,79070c7bd183,ok,,,cpu,cpu,1,4096,32,8,64,3,12.448921,,21057567.961110845,47.48886489868164,25.48153305053711,True,True,0.0,0.0
pilot-001-local-crossover,20260811T150801Z,2026-08-11T15:16:29.029200+00:00,79070c7bd183,ok,,,cpu,cpu,1,4096,32,8,64,4,12.199598,,21487921.15936935,46.53777313232422,24.675325393676758,True,True,0.0,0.0
pilot-001-local-crossover,20260811T150801Z,2026-08-11T15:16:29.029200+00:00,79070c7bd183,ok,,,cpu,cpu,1,4096,32,8,64,5,12.275508,,21355042.9033161,46.82734680175781,23.89447784423828,True,True,0.0,0.0
pilot-001-local-crossover,20260811T150801Z,2026-08-11T15:16:29.029200+00:00,79070c7bd183,ok,,,cpu,cpu,1,4096,32,8,64,6,12.607276,,20793072.191010967,48.09294128417969,23.1442928314209,True,True,0.0,0.0
pilot-001-local-crossover,20260811T150801Z,2026-08-11T15:16:29.029200+00:00,79070c7bd183,ok,,,cpu,cpu,1,4096,32,8,64,7,12.372047,,21188409.646358438,47.195613861083984,22.428966522216797,True,True,0.0,0.0
pilot-001-local-crossover,20260811T150801Z,2026-08-11T15:16:29.029200+00:00,79070c7bd183,ok,,,cpu,cpu,1,4096,32,8,64,8,12.358604,,21211457.216365214,47.14433288574219,21.747852325439453,True,True,0.0,0.0
pilot-001-local-crossover,20260811T150801Z,2026-08-11T15:16:29.029200+00:00,79070c7bd183,ok,,,cpu,cpu,1,4096,32,8,64,9,12.221589,,21449256.721036848,46.62166213989258,21.090051651000977,True,True,0.0,0.0
pilot-001-local-crossover,20260811T150801Z,2026-08-11T15:16:29.157836+00:00,8c276fb95680,ok,,,cpu,cpu,1,16384,32,8,64,0,41.827146,,25069269.607828375,39.889474868774414,28.063045501708984,True,True,0.0,0.0
pilot-001-local-crossover,20260811T150801Z,2026-08-11T15:16:29.157836+00:00,8c276fb95680,ok,,,cpu,cpu,1,16384,32,8,64,1,41.95296,,24994088.617346667,40.00946044921875,27.19525718688965,True,True,0.0,0.0
pilot-001-local-crossover,20260811T150801Z,2026-08-11T15:16:29.157836+00:00,8c276fb95680,ok,,,cpu,cpu,1,16384,32,8,64,2,41.898799,,25026397.53468829,39.95780849456787,26.357507705688477,True,True,0.0,0.0
pilot-001-local-crossover,20260811T150801Z,2026-08-11T15:16:29.157836+00:00,8c276fb95680,ok,,,cpu,cpu,1,16384,32,8,64,3,42.211267,,24841140.162885897,40.2558012008667,25.547866821289062,True,True,0.0,0.0
pilot-001-local-crossover,20260811T150801Z,2026-08-11T15:16:29.157836+00:00,8c276fb95680,ok,,,cpu,cpu,1,16384,32,8,64,4,42.416058,,24721203.46497074,40.45110511779785,24.766389846801758,True,True,0.0,0.0
pilot-001-local-crossover,20260811T150801Z,2026-08-11T15:16:29.157836+00:00,8c276fb95680,ok,,,cpu,cpu,1,16384,32,8,64,5,42.298896,,24789677.72586783,40.33937072753906,24.006155014038086,True,True,0.0,0.0
pilot-001-local-crossover,20260811T150801Z,2026-08-11T15:16:29.157836+00:00,8c276fb95680,ok,,,cpu,cpu,1,16384,32,8,64,6,42.423627,,24716792.838104103,40.45832347869873,23.27252197265625,True,True,0.0,0.0
pilot-001-local-crossover,20260811T150801Z,2026-08-11T15:16:29.157836+00:00,8c276fb95680,ok,,,cpu,cpu,1,16384,32,8,64,7,42.211695,,24840888.28937099,40.25620937347412,22.564273834228516,True,True,0.0,0.0
pilot-001-local-crossover,20260811T150801Z,2026-08-11T15:16:29.157836+00:00,8c276fb95680,ok,,,cpu,cpu,1,16384,32,8,64,8,41.981807,,24976914.404851604,40.03697109222412,21.882461547851562,True,True,0.0,0.0
pilot-001-local-crossover,20260811T150801Z,2026-08-11T15:16:29.157836+00:00,8c276fb95680,ok,,,cpu,cpu,1,16384,32,8,64,9,41.823883,,25071225.452691708,39.88636302947998,21.227901458740234,True,True,0.0,0.0
pilot-001-local-crossover,20260811T150801Z,2026-08-11T15:16:29.591813+00:00,a091731b5688,ok,,,eager-resident,cuda,,256,32,1,64,0,7.491622,7.442399978637695,2186976.331694258,457.2523193359375,27.957904815673828,True,True,0.0,0.0
pilot-001-local-crossover,20260811T150801Z,2026-08-11T15:16:29.591813+00:00,a091731b5688,ok,,,eager-resident,cuda,,256,32,1,64,1,7.441927,7.414112091064453,2201580.316495983,454.21917724609375,27.007143020629883,True,True,0.0,0.0
pilot-001-local-crossover,20260811T150801Z,2026-08-11T15:16:29.591813+00:00,a091731b5688,ok,,,eager-resident,cuda,,256,32,1,64,2,7.600112,7.560512065887451,2155757.7046233,463.8740234375,26.086339950561523,True,True,0.0,0.0
pilot-001-local-crossover,20260811T150801Z,2026-08-11T15:16:29.591813+00:00,a091731b5688,ok,,,eager-resident,cuda,,256,32,1,64,3,7.645026,7.607903957366943,2143092.7769245,466.6153564453125,25.194555282592773,True,True,0.0,0.0
pilot-001-local-crossover,20260811T150801Z,2026-08-11T15:16:29.591813+00:00,a091731b5688,ok,,,eager-resident,cuda,,256,32,1,64,4,8.491534,8.448991775512695,1929451.1451052306,518.2821044921875,24.330869674682617,True,True,0.0,0.0
pilot-001-local-crossover,20260811T150801Z,2026-08-11T15:16:29.591813+00:00,a091731b5688,ok,,,eager-resident,cuda,,256,32,1,64,5,7.497963,7.460319995880127,2185126.813775955,457.63934326171875,23.494403839111328,True,True,0.0,0.0
pilot-001-local-crossover,20260811T150801Z,2026-08-11T15:16:29.591813+00:00,a091731b5688,ok,,,eager-resident,cuda,,256,32,1,64,6,7.447706,7.420928001403809,2199872.0142819816,454.5718994140625,22.684295654296875,True,True,0.0,0.0
pilot-001-local-crossover,20260811T150801Z,2026-08-11T15:16:29.591813+00:00,a091731b5688,ok,,,eager-resident,cuda,,256,32,1,64,7,7.108814,7.082240104675293,2304744.5044982187,433.8875732421875,21.899728775024414,True,True,0.0,0.0
pilot-001-local-crossover,20260811T150801Z,2026-08-11T15:16:29.591813+00:00,a091731b5688,ok,,,eager-resident,cuda,,256,32,1,64,8,7.087992,7.061728000640869,2311515.0242833234,432.61669921875,21.139862060546875,True,True,0.0,0.0
pilot-001-local-crossover,20260811T150801Z,2026-08-11T15:16:29.591813+00:00,a091731b5688,ok,,,eager-resident,cuda,,256,32,1,64,9,7.148601,7.122687816619873,2291916.9778814064,436.31597900390625,20.403932571411133,True,True,0.0,0.0
pilot-001-local-crossover,20260811T150801Z,2026-08-11T15:16:29.705359+00:00,13d423fa1948,ok,,,eager-resident,cuda,,1024,8,8,64,0,7.244565,7.215712070465088,9046229.828844106,110.54328918457031,-2.945302963256836,True,True,0.0,0.0
pilot-001-local-crossover,20260811T150801Z,2026-08-11T15:16:29.705359+00:00,13d423fa1948,ok,,,eager-resident,cuda,,1024,8,8,64,1,7.187127,7.159999847412109,9118525.3857348,109.66685485839844,-2.9096508026123047,True,True,0.0,0.0
pilot-001-local-crossover,20260811T150801Z,2026-08-11T15:16:29.705359+00:00,13d423fa1948,ok,,,eager-resident,cuda,,1024,8,8,64,2,7.294217,7.2674560546875,8984651.813895859,111.30091857910156,-2.8775691986083984,True,True,0.0,0.0
pilot-001-local-crossover,20260811T150801Z,2026-08-11T15:16:29.705359+00:00,13d423fa1948,ok,,,eager-resident,cuda,,1024,8,8,64,3,7.213622,7.187039852142334,9085033.842915528,110.07113647460938,-2.8464841842651367,True,True,0.0,0.0
pilot-001-local-crossover,20260811T150801Z,2026-08-11T15:16:29.705359+00:00,13d423fa1948,ok,,,eager-resident,cuda,,1024,8,8,64,4,7.32048,7.292416095733643,8952418.420650013,111.70166015625,-2.81900691986084,True,True,0.0,0.0
pilot-001-local-crossover,20260811T150801Z,2026-08-11T15:16:29.705359+00:00,13d423fa1948,ok,,,eager-resident,cuda,,1024,8,8,64,5,7.247424,7.22054386138916,9042661.226940773,110.5869140625,-2.795393943786621,True,True,0.0,0.0
pilot-001-local-crossover,20260811T150801Z,2026-08-11T15:16:29.705359+00:00,13d423fa1948,ok,,,eager-resident,cuda,,1024,8,8,64,6,7.223608,7.196479797363281,9072474.586107109,110.2235107421875,-2.7694034576416016,True,True,0.0,0.0
pilot-001-local-crossover,20260811T150801Z,2026-08-11T15:16:29.705359+00:00,13d423fa1948,ok,,,eager-resident,cuda,,1024,8,8,64,7,7.240705,7.212768077850342,9051052.34918423,110.48439025878906,-2.7396202087402344,True,True,0.0,0.0
pilot-001-local-crossover,20260811T150801Z,2026-08-11T15:16:29.705359+00:00,13d423fa1948,ok,,,eager-resident,cuda,,1024,8,8,64,8,7.212611,7.1854400634765625,9086307.30258432,110.05570983886719,-2.711444854736328,True,True,0.0,0.0
pilot-001-local-crossover,20260811T150801Z,2026-08-11T15:16:29.705359+00:00,13d423fa1948,ok,,,eager-resident,cuda,,1024,8,8,64,9,7.182251,7.155807971954346,9124715.91427256,109.59245300292969,-2.686222553253174,True,True,0.0,0.0
pilot-001-local-crossover,20260811T150801Z,2026-08-11T15:16:29.781010+00:00,5d087a237dc0,ok,,,cpu,cpu,1,65536,32,8,64,0,227.926174,,18402028.72005389,54.3418345451355,28.0075740814209,True,True,0.0,0.0
pilot-001-local-crossover,20260811T150801Z,2026-08-11T15:16:29.781010+00:00,5d087a237dc0,ok,,,cpu,cpu,1,65536,32,8,64,1,231.322844,,18131819.26813938,55.1516637802124,27.095848083496094,True,True,0.0,0.0
pilot-001-local-crossover,20260811T150801Z,2026-08-11T15:16:29.781010+00:00,5d087a237dc0,ok,,,cpu,cpu,1,65536,32,8,64,2,229.299935,,18291780.15248892,54.66936469078064,26.213260650634766,True,True,0.0,0.0
pilot-001-local-crossover,20260811T150801Z,2026-08-11T15:16:29.781010+00:00,5d087a237dc0,ok,,,cpu,cpu,1,65536,32,8,64,3,237.904663,,17630188.27419957,56.72089171409607,25.36197280883789,True,True,0.0,0.0
pilot-001-local-crossover,20260811T150801Z,2026-08-11T15:16:29.781010+00:00,5d087a237dc0,ok,,,cpu,cpu,1,65536,32,8,64,4,232.954533,,18004818.133330766,55.54068875312805,24.538436889648438,True,True,0.0,0.0
pilot-001-local-crossover,20260811T150801Z,2026-08-11T15:16:29.781010+00:00,5d087a237dc0,ok,,,cpu,cpu,1,65536,32,8,64,5,227.521171,,18434785.569910765,54.24527430534363,23.73876953125,True,True,0.0,0.0
pilot-001-local-crossover,20260811T150801Z,2026-08-11T15:16:29.781010+00:00,5d087a237dc0,ok,,,cpu,cpu,1,65536,32,8,64,6,228.869528,,18326179.271886297,54.56674766540527,22.96404457092285,True,True,0.0,0.0
pilot-001-local-crossover,20260811T150801Z,2026-08-11T15:16:29.781010+00:00,5d087a237dc0,ok,,,cpu,cpu,1,65536,32,8,64,7,233.048008,,17997596.443733603,55.56297492980957,22.212583541870117,True,True,0.0,0.0
pilot-001-local-crossover,20260811T150801Z,2026-08-11T15:16:29.781010+00:00,5d087a237dc0,ok,,,cpu,cpu,1,65536,32,8,64,8,233.269494,,17980507.987040944,55.61578130722046,21.488155364990234,True,True,0.0,0.0
pilot-001-local-crossover,20260811T150801Z,2026-08-11T15:16:29.781010+00:00,5d087a237dc0,ok,,,cpu,cpu,1,65536,32,8,64,9,225.78173,,18576808.672694642,53.83055925369263,20.788818359375,True,True,0.0,0.0
pilot-001-local-crossover,20260811T150801Z,2026-08-11T15:16:32.159533+00:00,71f7ba054b33,ok,,,cpu,cpu,1,256,32,8,64,0,2.77568,,5902697.717316117,169.4140625,27.97860336303711,True,True,0.0,0.0
pilot-001-local-crossover,20260811T150801Z,2026-08-11T15:16:32.159533+00:00,71f7ba054b33,ok,,,cpu,cpu,1,256,32,8,64,1,2.775796,,5902451.0446733115,169.421142578125,27.052200317382812,True,True,0.0,0.0
pilot-001-local-crossover,20260811T150801Z,2026-08-11T15:16:32.159533+00:00,71f7ba054b33,ok,,,cpu,cpu,1,256,32,8,64,2,2.783833,,5885410.511334552,169.91168212890625,26.158754348754883,True,True,0.0,0.0
pilot-001-local-crossover,20260811T150801Z,2026-08-11T15:16:32.159533+00:00,71f7ba054b33,ok,,,cpu,cpu,1,256,32,8,64,3,2.771222,,5912193.249043202,169.1419677734375,25.29330062866211,True,True,0.0,0.0
pilot-001-local-crossover,20260811T150801Z,2026-08-11T15:16:32.159533+00:00,71f7ba054b33,ok,,,cpu,cpu,1,256,32,8,64,4,2.785556,,5881770.10262942,170.016845703125,24.456315994262695,True,True,0.0,0.0
pilot-001-local-crossover,20260811T150801Z,2026-08-11T15:16:32.159533+00:00,71f7ba054b33,ok,,,cpu,cpu,1,256,32,8,64,5,2.774198,,5905850.988285623,169.3236083984375,23.64834976196289,True,True,0.0,0.0
pilot-001-local-crossover,20260811T150801Z,2026-08-11T15:16:32.159533+00:00,71f7ba054b33,ok,,,cpu,cpu,1,256,32,8,64,6,2.761547,,5932906.44700235,168.55145263671875,22.864999771118164,True,True,0.0,0.0
pilot-001-local-crossover,20260811T150801Z,2026-08-11T15:16:32.159533+00:00,71f7ba054b33,ok,,,cpu,cpu,1,256,32,8,64,7,2.769164,,5916587.099933409,169.016357421875,22.106639862060547,True,True,0.0,0.0
pilot-001-local-crossover,20260811T150801Z,2026-08-11T15:16:32.159533+00:00,71f7ba054b33,ok,,,cpu,cpu,1,256,32,8,64,8,2.779982,,5893563.339618746,169.6766357421875,21.373199462890625,True,True,0.0,0.0
pilot-001-local-crossover,20260811T150801Z,2026-08-11T15:16:32.159533+00:00,71f7ba054b33,ok,,,cpu,cpu,1,256,32,8,64,9,2.771661,,5911256.823976669,169.16876220703125,20.662376403808594,True,True,0.0,0.0
pilot-001-local-crossover,20260811T150801Z,2026-08-11T15:16:32.188547+00:00,90c15ca56965,ok,,,eager-host-visible,cuda,,16384,8,1,64,0,9.499953,9.462112426757812,110376967.12815316,9.059861183166504,-2.91506290435791,True,True,0.0,0.0
pilot-001-local-crossover,20260811T150801Z,2026-08-11T15:16:32.188547+00:00,90c15ca56965,ok,,,eager-host-visible,cuda,,16384,8,1,64,1,9.457509,9.430848121643066,110872323.77997209,9.019383430480957,-2.849886894226074,True,True,0.0,0.0
pilot-001-local-crossover,20260811T150801Z,2026-08-11T15:16:32.188547+00:00,90c15ca56965,ok,,,eager-host-visible,cuda,,16384,8,1,64,2,9.436103,9.409760475158691,111123840.00047478,8.998969078063965,-2.7867608070373535,True,True,0.0,0.0
pilot-001-local-crossover,20260811T150801Z,2026-08-11T15:16:32.188547+00:00,90c15ca56965,ok,,,eager-host-visible,cuda,,16384,8,1,64,3,9.590163,9.563103675842285,109338704.67060882,9.145892143249512,-2.7256174087524414,True,True,0.0,0.0
pilot-001-local-crossover,20260811T150801Z,2026-08-11T15:16:32.188547+00:00,90c15ca56965,ok,,,eager-host-visible,cuda,,16384,8,1,64,4,9.436231,9.410623550415039,111122332.634714,8.999091148376465,-2.6664180755615234,True,True,0.0,0.0
pilot-001-local-crossover,20260811T150801Z,2026-08-11T15:16:32.188547+00:00,90c15ca56965,ok,,,eager-host-visible,cuda,,16384,8,1,64,5,9.517632,9.491583824157715,110171941.92841242,9.07672119140625,-2.60909366607666,True,True,0.0,0.0
pilot-001-local-crossover,20260811T150801Z,2026-08-11T15:16:32.188547+00:00,90c15ca56965,ok,,,eager-host-visible,cuda,,16384,8,1,64,6,9.455074,9.42908763885498,110900877.13750312,9.017061233520508,-2.5535755157470703,True,True,0.0,0.0
pilot-001-local-crossover,20260811T150801Z,2026-08-11T15:16:32.188547+00:00,90c15ca56965,ok,,,eager-host-visible,cuda,,16384,8,1,64,7,9.432923,9.4071683883667,111161301.75132352,8.995936393737793,-2.499804973602295,True,True,0.0,0.0
pilot-001-local-crossover,20260811T150801Z,2026-08-11T15:16:32.188547+00:00,90c15ca56965,ok,,,eager-host-visible,cuda,,16384,8,1,64,8,9.432868,9.406559944152832,111161949.89689246,8.99588394165039,-2.4477314949035645,True,True,0.0,0.0
pilot-001-local-crossover,20260811T150801Z,2026-08-11T15:16:32.188547+00:00,90c15ca56965,ok,,,eager-host-visible,cuda,,16384,8,1,64,9,9.428978,9.403231620788574,111207810.64501369,8.99217414855957,-2.397304058074951,True,True,0.0,0.0
pilot-001-local-crossover,20260811T150801Z,2026-08-11T15:16:32.286838+00:00,694d37f48022,ok,,,cpu,cpu,1,65536,8,1,64,0,72.802642,,57611975.125847764,17.357502460479736,-3.184319019317627,True,True,0.0,0.0
pilot-001-local-crossover,20260811T150801Z,2026-08-11T15:16:32.286838+00:00,694d37f48022,ok,,,cpu,cpu,1,65536,8,1,64,1,73.262117,,57250652.47568535,17.467049837112427,-3.326930046081543,True,True,0.0,0.0
pilot-001-local-crossover,20260811T150801Z,2026-08-11T15:16:32.286838+00:00,694d37f48022,ok,,,cpu,cpu,1,65536,8,1,64,2,72.485478,,57864059.3361335,17.28188467025757,-3.465041160583496,True,True,0.0,0.0
pilot-001-local-crossover,20260811T150801Z,2026-08-11T15:16:32.286838+00:00,694d37f48022,ok,,,cpu,cpu,1,65536,8,1,64,3,72.40539,,57928063.090330705,17.262790203094482,-3.5988047122955322,True,True,0.0,0.0
pilot-001-local-crossover,20260811T150801Z,2026-08-11T15:16:32.286838+00:00,694d37f48022,ok,,,cpu,cpu,1,65536,8,1,64,4,76.354743,,54931806.92128058,18.204389333724976,-3.728348731994629,True,True,0.0,0.0
pilot-001-local-crossover,20260811T150801Z,2026-08-11T15:16:32.286838+00:00,694d37f48022,ok,,,cpu,cpu,1,65536,8,1,64,5,75.421892,,55611227.57302349,17.981980323791504,-3.853804111480713,True,True,0.0,0.0
pilot-001-local-crossover,20260811T150801Z,2026-08-11T15:16:32.286838+00:00,694d37f48022,ok,,,cpu,cpu,1,65536,8,1,64,6,75.405281,,55623478.14869889,17.978019952774048,-3.975302219390869,True,True,0.0,0.0
pilot-001-local-crossover,20260811T150801Z,2026-08-11T15:16:32.286838+00:00,694d37f48022,ok,,,cpu,cpu,1,65536,8,1,64,7,73.773939,,56853464.20231134,17.589077711105347,-4.092968463897705,True,True,0.0,0.0
pilot-001-local-crossover,20260811T150801Z,2026-08-11T15:16:32.286838+00:00,694d37f48022,ok,,,cpu,cpu,1,65536,8,1,64,8,73.197717,,57301022.107014626,17.451695680618286,-4.206932067871094,True,True,0.0,0.0
pilot-001-local-crossover,20260811T150801Z,2026-08-11T15:16:32.286838+00:00,694d37f48022,ok,,,cpu,cpu,1,65536,8,1,64,9,72.586271,,57783709.53923229,17.305915594100952,-4.317298889160156,True,True,0.0,0.0
pilot-001-local-crossover,20260811T150801Z,2026-08-11T15:16:33.046177+00:00,287b2748bc20,ok,,,graph-resident,cuda,,1048576,32,8,64,0,473.734962,473.6595458984375,141659090.8061373,7.059201031923294,25.628196716308594,False,True,3.457069396972656e-05,0.001776247750967741
pilot-001-local-crossover,20260811T150801Z,2026-08-11T15:16:33.046177+00:00,287b2748bc20,ok,,,graph-resident,cuda,,1048576,32,8,64,1,473.764402,473.706298828125,141650288.02649465,7.059639722108841,24.856403350830078,False,True,3.457069396972656e-05,0.001776247750967741
pilot-001-local-crossover,20260811T150801Z,2026-08-11T15:16:33.046177+00:00,287b2748bc20,ok,,,graph-resident,cuda,,1048576,32,8,64,2,473.784988,473.7266540527344,141644133.30884176,7.0599464774131775,24.10675048828125,False,True,3.457069396972656e-05,0.001776247750967741
pilot-001-local-crossover,20260811T150801Z,2026-08-11T15:16:33.046177+00:00,287b2748bc20,ok,,,graph-resident,cuda,,1048576,32,8,64,3,473.808086,473.7486267089844,141637228.20044908,7.060290664434433,23.379833221435547,False,True,3.457069396972656e-05,0.001776247750967741
pilot-001-local-crossover,20260811T150801Z,2026-08-11T15:16:33.046177+00:00,287b2748bc20,ok,,,graph-resident,cuda,,1048576,32,8,64,4,473.716413,473.6554260253906,141664637.65738258,7.058924630284309,22.672447204589844,False,True,3.457069396972656e-05,0.001776247750967741
pilot-001-local-crossover,20260811T150801Z,2026-08-11T15:16:33.046177+00:00,287b2748bc20,ok,,,graph-resident,cuda,,1048576,32,8,64,5,473.766724,473.7093200683594,141649593.77771747,7.059674322605133,21.985862731933594,False,True,3.457069396972656e-05,0.001776247750967741
pilot-001-local-crossover,20260811T150801Z,2026-08-11T15:16:33.046177+00:00,287b2748bc20,ok,,,graph-resident,cuda,,1048576,32,8,64,6,473.811578,473.750244140625,141636184.33148545,7.060342699289322,21.320444107055664,False,True,3.457069396972656e-05,0.001776247750967741
pilot-001-local-crossover,20260811T150801Z,2026-08-11T15:16:33.046177+00:00,287b2748bc20,ok,,,graph-resident,cuda,,1048576,32,8,64,7,474.33731,474.28033447265625,141479201.79418314,7.068176716566086,20.676498413085938,False,True,3.457069396972656e-05,0.001776247750967741
pilot-001-local-crossover,20260811T150801Z,2026-08-11T15:16:33.046177+00:00,287b2748bc20,ok,,,graph-resident,cuda,,1048576,32,8,64,8,473.684182,473.6246032714844,141674276.97638422,7.0584443509578705,20.052047729492188,False,True,3.457069396972656e-05,0.001776247750967741
pilot-001-local-crossover,20260811T150801Z,2026-08-11T15:16:33.046177+00:00,287b2748bc20,ok,,,graph-resident,cuda,,1048576,32,8,64,9,473.701944,473.6450500488281,141668964.73618862,7.058709025382996,19.439964294433594,False,True,3.457069396972656e-05,0.001776247750967741
pilot-001-local-crossover,20260811T150801Z,2026-08-11T15:16:39.507867+00:00,487da8867884,ok,,,graph-resident,cuda,,65536,8,8,64,0,14.6632,14.628864288330078,286042882.86322224,3.4959793090820312,-2.820934295654297,True,True,0.0,0.0
pilot-001-local-crossover,20260811T150801Z,2026-08-11T15:16:39.507867+00:00,487da8867884,ok,,,graph-resident,cuda,,65536,8,8,64,1,14.642105,14.621503829956055,286454987.1756827,3.490949869155884,-2.7850418090820312,True,True,0.0,0.0
pilot-001-local-crossover,20260811T150801Z,2026-08-11T15:16:39.507867+00:00,487da8867884,ok,,,graph-resident,cuda,,65536,8,8,64,2,14.651067,14.63212776184082,286279763.78785247,3.493086576461792,-2.751180648803711,True,True,0.0,0.0
pilot-001-local-crossover,20260811T150801Z,2026-08-11T15:16:39.507867+00:00,487da8867884,ok,,,graph-resident,cuda,,65536,8,8,64,3,14.639937,14.621855735778809,286497407.741577,3.4904329776763916,-2.7208738327026367,True,True,0.0,0.0
pilot-001-local-crossover,20260811T150801Z,2026-08-11T15:16:39.507867+00:00,487da8867884,ok,,,graph-resident,cuda,,65536,8,8,64,4,14.641176,14.622976303100586,286473163.08471394,3.4907283782958984,-2.692626476287842,True,True,0.0,0.0
pilot-001-local-crossover,20260811T150801Z,2026-08-11T15:16:39.507867+00:00,487da8867884,ok,,,graph-resident,cuda,,65536,8,8,64,5,14.647843,14.629376411437988,286342774.1545291,3.4923179149627686,-2.6660513877868652,True,True,0.0,0.0
pilot-001-local-crossover,20260811T150801Z,2026-08-11T15:16:39.507867+00:00,487da8867884,ok,,,graph-resident,cuda,,65536,8,8,64,6,14.659369,14.641311645507812,286117635.7590835,3.495065927505493,-2.6389732360839844,True,True,0.0,0.0
pilot-001-local-crossover,20260811T150801Z,2026-08-11T15:16:39.507867+00:00,487da8867884,ok,,,graph-resident,cuda,,65536,8,8,64,7,14.641622,14.62342357635498,286464436.79532224,3.4908347129821777,-2.6094536781311035,True,True,0.0,0.0
pilot-001-local-crossover,20260811T150801Z,2026-08-11T15:16:39.507867+00:00,487da8867884,ok,,,graph-resident,cuda,,65536,8,8,64,8,14.652859,14.631903648376465,286244752.64520055,3.493513822555542,-2.5794272422790527,True,True,0.0,0.0
pilot-001-local-crossover,20260811T150801Z,2026-08-11T15:16:39.507867+00:00,487da8867884,ok,,,graph-resident,cuda,,65536,8,8,64,9,14.636526,14.60531234741211,286564175.132815,3.489619731903076,-2.5517749786376953,True,True,0.0,0.0
pilot-001-local-crossover,20260811T150801Z,2026-08-11T15:16:39.715089+00:00,d5a14b785d2d,ok,,,eager-resident,cuda,,262144,32,1,64,0,118.692071,118.65302276611328,141350773.12788653,7.074598729610443,28.067096710205078,True,True,0.0,0.0
pilot-001-local-crossover,20260811T150801Z,2026-08-11T15:16:39.715089+00:00,d5a14b785d2d,ok,,,eager-resident,cuda,,262144,32,1,64,1,118.693197,118.663330078125,141349432.18354797,7.07466584444046,27.200599670410156,True,True,0.0,0.0
pilot-001-local-crossover,20260811T150801Z,2026-08-11T15:16:39.715089+00:00,d5a14b785d2d,ok,,,eager-resident,cuda,,262144,32,1,64,2,118.721803,118.68710327148438,141315374.0598094,7.076370894908905,26.36141014099121,True,True,0.0,0.0
pilot-001-local-crossover,20260811T150801Z,2026-08-11T15:16:39.715089+00:00,d5a14b785d2d,ok,,,eager-resident,cuda,,262144,32,1,64,3,118.779962,118.73827362060547,141246180.90044513,7.079837441444397,25.54864501953125,True,True,0.0,0.0
pilot-001-local-crossover,20260811T150801Z,2026-08-11T15:16:39.715089+00:00,d5a14b785d2d,ok,,,eager-resident,cuda,,262144,32,1,64,4,118.654321,118.61228942871094,141395744.02857187,7.072348654270172,24.76149559020996,True,True,0.0,0.0
pilot-001-local-crossover,20260811T150801Z,2026-08-11T15:16:39.715089+00:00,d5a14b785d2d,ok,,,eager-resident,cuda,,262144,32,1,64,5,118.672484,118.6394271850586,141374103.19986224,7.0734312534332275,23.999135971069336,True,True,0.0,0.0
pilot-001-local-crossover,20260811T150801Z,2026-08-11T15:16:39.715089+00:00,d5a14b785d2d,ok,,,eager-resident,cuda,,262144,32,1,64,6,118.672306,118.64435577392578,141374315.25093985,7.0734206438064575,23.260784149169922,True,True,0.0,0.0
pilot-001-local-crossover,20260811T150801Z,2026-08-11T15:16:39.715089+00:00,d5a14b785d2d,ok,,,eager-resident,cuda,,262144,32,1,64,7,118.758511,118.72911834716797,141271693.7820145,7.07855886220932,22.54568862915039,True,True,0.0,0.0
pilot-001-local-crossover,20260811T150801Z,2026-08-11T15:16:39.715089+00:00,d5a14b785d2d,ok,,,eager-resident,cuda,,262144,32,1,64,8,118.703198,118.66899108886719,141337523.18956056,7.075261950492859,21.853111267089844,True,True,0.0,0.0
pilot-001-local-crossover,20260811T150801Z,2026-08-11T15:16:39.715089+00:00,d5a14b785d2d,ok,,,eager-resident,cuda,,262144,32,1,64,9,118.753605,118.71405029296875,141277530.05898222,7.078266441822052,21.182350158691406,True,True,0.0,0.0
pilot-001-local-crossover,20260811T150801Z,2026-08-11T15:16:40.974234+00:00,e312a4272447,ok,,,cpu,cpu,8,1024,8,1,64,0,3.588656,,18261990.00405723,54.758544921875,-3.0338730812072754,True,True,0.0,0.0
pilot-001-local-crossover,20260811T150801Z,2026-08-11T15:16:40.974234+00:00,e312a4272447,ok,,,cpu,cpu,8,1024,8,1,64,1,3.759668,,17431326.38307425,57.36798095703125,-3.06040620803833,True,True,0.0,0.0
pilot-001-local-crossover,20260811T150801Z,2026-08-11T15:16:40.974234+00:00,e312a4272447,ok,,,cpu,cpu,8,1024,8,1,64,2,3.606771,,18170269.19646409,55.03495788574219,-3.0861146450042725,True,True,0.0,0.0
pilot-001-local-crossover,20260811T150801Z,2026-08-11T15:16:40.974234+00:00,e312a4272447,ok,,,cpu,cpu,8,1024,8,1,64,3,3.588799,,18261262.33316494,54.76072692871094,-3.1110079288482666,True,True,0.0,0.0
pilot-001-local-crossover,20260811T150801Z,2026-08-11T15:16:40.974234+00:00,e312a4272447,ok,,,cpu,cpu,8,1024,8,1,64,4,3.573301,,18340464.461292237,54.52424621582031,-3.1351184844970703,True,True,0.0,0.0
pilot-001-local-crossover,20260811T150801Z,2026-08-11T15:16:40.974234+00:00,e312a4272447,ok,,,cpu,cpu,8,1024,8,1,64,5,3.560263,,18407628.87460842,54.32530212402344,-3.1584877967834473,True,True,0.0,0.0
pilot-001-local-crossover,20260811T150801Z,2026-08-11T15:16:40.974234+00:00,e312a4272447,ok,,,cpu,cpu,8,1024,8,1,64,6,3.566214,,18376911.761324476,54.416107177734375,-3.1811137199401855,True,True,0.0,0.0
pilot-001-local-crossover,20260811T150801Z,2026-08-11T15:16:40.974234+00:00,e312a4272447,ok,,,cpu,cpu,8,1024,8,1,64,7,3.566806,,18373861.656619396,54.425140380859375,-3.2030231952667236,True,True,0.0,0.0
pilot-001-local-crossover,20260811T150801Z,2026-08-11T15:16:40.974234+00:00,e312a4272447,ok,,,cpu,cpu,8,1024,8,1,64,8,3.558626,,18416096.549623366,54.300323486328125,-3.224238157272339,True,True,0.0,0.0
pilot-001-local-crossover,20260811T150801Z,2026-08-11T15:16:40.974234+00:00,e312a4272447,ok,,,cpu,cpu,8,1024,8,1,64,9,3.560731,,18405209.492095865,54.33244323730469,-3.2447781562805176,True,True,0.0,0.0
pilot-001-local-crossover,20260811T150801Z,2026-08-11T15:16:41.011763+00:00,8b65939b6804,ok,,,cpu,cpu,1,16384,32,1,64,0,30.099753,,34836697.82938086,28.705361366271973,27.950820922851562,True,True,0.0,0.0
pilot-001-local-crossover,20260811T150801Z,2026-08-11T15:16:41.011763+00:00,8b65939b6804,ok,,,cpu,cpu,1,16384,32,1,64,1,29.691944,,35315168.31636218,28.316444396972656,26.99460792541504,True,True,0.0,0.0
pilot-001-local-crossover,20260811T150801Z,2026-08-11T15:16:41.011763+00:00,8b65939b6804,ok,,,cpu,cpu,1,16384,32,1,64,2,29.602401,,35421991.61480179,28.23104953765869,26.06852912902832,True,True,0.0,0.0
pilot-001-local-crossover,20260811T150801Z,2026-08-11T15:16:41.011763+00:00,8b65939b6804,ok,,,cpu,cpu,1,16384,32,1,64,3,29.575408,,35454320.69779054,28.205307006835938,25.171621322631836,True,True,0.0,0.0
pilot-001-local-crossover,20260811T150801Z,2026-08-11T15:16:41.011763+00:00,8b65939b6804,ok,,,cpu,cpu,1,16384,32,1,64,4,29.550707,,35483956.441380575,28.181750297546387,24.302980422973633,True,True,0.0,0.0
pilot-001-local-crossover,20260811T150801Z,2026-08-11T15:16:41.011763+00:00,8b65939b6804,ok,,,cpu,cpu,1,16384,32,1,64,5,29.590379,,35436382.88647807,28.219584465026855,23.46169662475586,True,True,0.0,0.0
pilot-001-local-crossover,20260811T150801Z,2026-08-11T15:16:41.011763+00:00,8b65939b6804,ok,,,cpu,cpu,1,16384,32,1,64,6,29.542781,,35493476.392760724,28.17419147491455,22.646913528442383,True,True,0.0,0.0
pilot-001-local-crossover,20260811T150801Z,2026-08-11T15:16:41.011763+00:00,8b65939b6804,ok,,,cpu,cpu,1,16384,32,1,64,7,29.537665,,35499623.95470326,28.169312477111816,21.857757568359375,True,True,0.0,0.0
pilot-001-local-crossover,20260811T150801Z,2026-08-11T15:16:41.011763+00:00,8b65939b6804,ok,,,cpu,cpu,1,16384,32,1,64,8,29.535182,,35502608.380744025,28.16694450378418,21.093475341796875,True,True,0.0,0.0
pilot-001-local-crossover,20260811T150801Z,2026-08-11T15:16:41.011763+00:00,8b65939b6804,ok,,,cpu,cpu,1,16384,32,1,64,9,29.555909,,35477711.07293638,28.186711311340332,20.353271484375,True,True,0.0,0.0
pilot-001-local-crossover,20260811T150801Z,2026-08-11T15:16:41.318266+00:00,14f08dea51c2,ok,,,graph-resident,cuda,,16384,32,8,64,0,9.000113,8.961376190185547,116506981.63456391,8.583176612854004,25.547863006591797,True,True,0.0,0.0
pilot-001-local-crossover,20260811T150801Z,2026-08-11T15:16:41.318266+00:00,14f08dea51c2,ok,,,graph-resident,cuda,,16384,32,8,64,1,8.978373,8.958208084106445,116789088.6244089,8.562443733215332,24.766387939453125,True,True,0.0,0.0
pilot-001-local-crossover,20260811T150801Z,2026-08-11T15:16:41.318266+00:00,14f08dea51c2,ok,,,graph-resident,cuda,,16384,32,8,64,2,8.974867,8.95199966430664,116834711.8681536,8.559100151062012,24.006155014038086,True,True,0.0,0.0
pilot-001-local-crossover,20260811T150801Z,2026-08-11T15:16:41.318266+00:00,14f08dea51c2,ok,,,graph-resident,cuda,,16384,32,8,64,3,8.962386,8.945247650146484,116997415.6435574,8.547197341918945,23.272523880004883,True,True,0.0,0.0
pilot-001-local-crossover,20260811T150801Z,2026-08-11T15:16:41.318266+00:00,14f08dea51c2,ok,,,graph-resident,cuda,,16384,32,8,64,4,8.955903,8.938976287841797,117082107.74502583,8.541014671325684,22.564271926879883,True,True,0.0,0.0
pilot-001-local-crossover,20260811T150801Z,2026-08-11T15:16:41.318266+00:00,14f08dea51c2,ok,,,graph-resident,cuda,,16384,32,8,64,5,8.958964,8.942463874816895,117042104.4218952,8.543933868408203,21.882457733154297,True,True,0.0,0.0
pilot-001-local-crossover,20260811T150801Z,2026-08-11T15:16:41.318266+00:00,14f08dea51c2,ok,,,graph-resident,cuda,,16384,32,8,64,6,8.95797,8.941216468811035,117055091.72278988,8.542985916137695,21.227901458740234,True,True,0.0,0.0
pilot-001-local-crossover,20260811T150801Z,2026-08-11T15:16:41.318266+00:00,14f08dea51c2,ok,,,graph-resident,cuda,,16384,32,8,64,7,8.961303,8.943167686462402,117011555.12764162,8.546164512634277,20.593963623046875,True,True,0.0,0.0
pilot-001-local-crossover,20260811T150801Z,2026-08-11T15:16:41.318266+00:00,14f08dea51c2,ok,,,graph-resident,cuda,,16384,32,8,64,8,8.962655,8.941887855529785,116993904.15005375,8.547453880310059,19.983524322509766,True,True,0.0,0.0
pilot-001-local-crossover,20260811T150801Z,2026-08-11T15:16:41.318266+00:00,14f08dea51c2,ok,,,graph-resident,cuda,,16384,32,8,64,9,8.962486,8.944479942321777,116996110.23102295,8.547292709350586,19.393749237060547,True,True,0.0,0.0
pilot-001-local-crossover,20260811T150801Z,2026-08-11T15:16:41.449187+00:00,9503718d02de,ok,,,cpu,cpu,1,4096,8,1,64,0,7.130796,,36762235.23993675,27.201828002929688,-3.077810764312744,True,True,0.0,0.0
pilot-001-local-crossover,20260811T150801Z,2026-08-11T15:16:41.449187+00:00,9503718d02de,ok,,,cpu,cpu,1,4096,8,1,64,1,7.115607,,36840708.03797905,27.14388656616211,-3.138242244720459,True,True,0.0,0.0
pilot-001-local-crossover,20260811T150801Z,2026-08-11T15:16:41.449187+00:00,9503718d02de,ok,,,cpu,cpu,1,4096,8,1,64,2,7.093206,,36957054.398250945,27.058433532714844,-3.1967787742614746,True,True,0.0,0.0
pilot-001-local-crossover,20260811T150801Z,2026-08-11T15:16:41.449187+00:00,9503718d02de,ok,,,cpu,cpu,1,4096,8,1,64,3,7.155607,,36634767.672400124,27.29647445678711,-3.2534713745117188,True,True,0.0,0.0
pilot-001-local-crossover,20260811T150801Z,2026-08-11T15:16:41.449187+00:00,9503718d02de,ok,,,cpu,cpu,1,4096,8,1,64,4,7.109509,,36872307.21558971,27.120624542236328,-3.308377742767334,True,True,0.0,0.0
pilot-001-local-crossover,20260811T150801Z,2026-08-11T15:16:41.449187+00:00,9503718d02de,ok,,,cpu,cpu,1,4096,8,1,64,5,7.127221,,36780675.104644574,27.188190460205078,-3.361562728881836,True,True,0.0,0.0
pilot-001-local-crossover,20260811T150801Z,2026-08-11T15:16:41.449187+00:00,9503718d02de,ok,,,cpu,cpu,1,4096,8,1,64,6,7.114517,,36846352.32440937,27.139728546142578,-3.4130749702453613,True,True,0.0,0.0
pilot-001-local-crossover,20260811T150801Z,2026-08-11T15:16:41.449187+00:00,9503718d02de,ok,,,cpu,cpu,1,4096,8,1,64,7,7.110554,,36866888.29027949,27.124610900878906,-3.462960720062256,True,True,0.0,0.0
pilot-001-local-crossover,20260811T150801Z,2026-08-11T15:16:41.449187+00:00,9503718d02de,ok,,,cpu,cpu,1,4096,8,1,64,8,7.111363,,36862694.254251964,27.127696990966797,-3.511279821395874,True,True,0.0,0.0
pilot-001-local-crossover,20260811T150801Z,2026-08-11T15:16:41.449187+00:00,9503718d02de,ok,,,cpu,cpu,1,4096,8,1,64,9,7.122799,,36803509.40690591,27.171321868896484,-3.558063507080078,True,True,0.0,0.0
pilot-001-local-crossover,20260811T150801Z,2026-08-11T15:16:41.522963+00:00,63857eeb5f84,ok,,,eager-host-visible,cuda,,65536,8,1,64,0,20.450276,20.416767120361328,205097672.03141904,4.875725746154785,-3.1843204498291016,True,True,0.0,0.0
pilot-001-local-crossover,20260811T150801Z,2026-08-11T15:16:41.522963+00:00,63857eeb5f84,ok,,,eager-host-visible,cuda,,65536,8,1,64,1,20.343358,20.315391540527344,206175597.95192122,4.850234508514404,-3.3269295692443848,True,True,0.0,0.0
pilot-001-local-crossover,20260811T150801Z,2026-08-11T15:16:41.522963+00:00,63857eeb5f84,ok,,,eager-host-visible,cuda,,65536,8,1,64,2,20.285429,20.255136489868164,206764372.59473288,4.83642315864563,-3.4650421142578125,True,True,0.0,0.0
pilot-001-local-crossover,20260811T150801Z,2026-08-11T15:16:41.522963+00:00,63857eeb5f84,ok,,,eager-host-visible,cuda,,65536,8,1,64,3,20.353165,20.32636833190918,206076253.98801613,4.852572679519653,-3.598803997039795,True,True,0.0,0.0
pilot-001-local-crossover,20260811T150801Z,2026-08-11T15:16:41.522963+00:00,63857eeb5f84,ok,,,eager-host-visible,cuda,,65536,8,1,64,4,20.409868,20.38319969177246,205503729.86243713,4.866091728210449,-3.7283496856689453,True,True,0.0,0.0
pilot-001-local-crossover,20260811T150801Z,2026-08-11T15:16:41.522963+00:00,63857eeb5f84,ok,,,eager-host-visible,cuda,,65536,8,1,64,5,20.638164,20.609535217285156,203230481.161018,4.9205217361450195,-3.8538055419921875,True,True,0.0,0.0
pilot-001-local-crossover,20260811T150801Z,2026-08-11T15:16:41.522963+00:00,63857eeb5f84,ok,,,eager-host-visible,cuda,,65536,8,1,64,6,20.411045,20.383455276489258,205491879.51915246,4.866372346878052,-3.9753012657165527,True,True,0.0,0.0
pilot-001-local-crossover,20260811T150801Z,2026-08-11T15:16:41.522963+00:00,63857eeb5f84,ok,,,eager-host-visible,cuda,,65536,8,1,64,7,20.564192,20.536991119384766,203961526.91046652,4.902885437011719,-4.092968463897705,True,True,0.0,0.0
pilot-001-local-crossover,20260811T150801Z,2026-08-11T15:16:41.522963+00:00,63857eeb5f84,ok,,,eager-host-visible,cuda,,65536,8,1,64,8,20.694817,20.667295455932617,202674128.5028034,4.93402886390686,-4.2069315910339355,True,True,0.0,0.0
pilot-001-local-crossover,20260811T150801Z,2026-08-11T15:16:41.522963+00:00,63857eeb5f84,ok,,,eager-host-visible,cuda,,65536,8,1,64,9,21.136869,21.106943130493164,198435444.71984002,5.039422273635864,-4.317298889160156,True,True,0.0,0.0
pilot-001-local-crossover,20260811T150801Z,2026-08-11T15:16:41.735398+00:00,bff84126c042,ok,,,graph-resident,cuda,,1024,8,8,64,0,1.434097,1.4111679792404175,45698442.992349885,21.882583618164062,-2.8464841842651367,True,True,0.0,0.0
pilot-001-local-crossover,20260811T150801Z,2026-08-11T15:16:41.735398+00:00,bff84126c042,ok,,,graph-resident,cuda,,1024,8,8,64,1,1.431655,1.412287950515747,45776391.658604905,21.845321655273438,-2.81900691986084,True,True,0.0,0.0
pilot-001-local-crossover,20260811T150801Z,2026-08-11T15:16:41.735398+00:00,bff84126c042,ok,,,graph-resident,cuda,,1024,8,8,64,2,1.429685,1.4105279445648193,45839468.13458908,21.815261840820312,-2.795393943786621,True,True,0.0,0.0
pilot-001-local-crossover,20260811T150801Z,2026-08-11T15:16:41.735398+00:00,bff84126c042,ok,,,graph-resident,cuda,,1024,8,8,64,3,1.434303,1.4106559753417969,45691879.60981745,21.885726928710938,-2.7694034576416016,True,True,0.0,0.0
pilot-001-local-crossover,20260811T150801Z,2026-08-11T15:16:41.735398+00:00,bff84126c042,ok,,,graph-resident,cuda,,1024,8,8,64,4,1.428505,1.4107199907302856,45877333.29599827,21.797256469726562,-2.7396202087402344,True,True,0.0,0.0
pilot-001-local-crossover,20260811T150801Z,2026-08-11T15:16:41.735398+00:00,bff84126c042,ok,,,graph-resident,cuda,,1024,8,8,64,5,1.427211,1.410431981086731,45918928.59570169,21.777511596679688,-2.711444854736328,True,True,0.0,0.0
pilot-001-local-crossover,20260811T150801Z,2026-08-11T15:16:41.735398+00:00,bff84126c042,ok,,,graph-resident,cuda,,1024,8,8,64,6,1.443983,1.4277440309524536,45385575.86896799,22.033432006835938,-2.686222553253174,True,True,0.0,0.0
pilot-001-local-crossover,20260811T150801Z,2026-08-11T15:16:41.735398+00:00,bff84126c042,ok,,,graph-resident,cuda,,1024,8,8,64,7,1.426454,1.409824013710022,45943297.1550432,21.765960693359375,-2.659759044647217,True,True,0.0,0.0
pilot-001-local-crossover,20260811T150801Z,2026-08-11T15:16:41.735398+00:00,bff84126c042,ok,,,graph-resident,cuda,,1024,8,8,64,8,1.427654,1.4113919734954834,45904679.98548668,21.784271240234375,-2.641785144805908,True,True,0.0,0.0
pilot-001-local-crossover,20260811T150801Z,2026-08-11T15:16:41.735398+00:00,bff84126c042,ok,,,graph-resident,cuda,,1024,8,8,64,9,1.426969,1.410431981086731,45926715.99733421,21.773818969726562,-2.6298575401306152,True,True,0.0,0.0
pilot-001-local-crossover,20260811T150801Z,2026-08-11T15:16:41.765452+00:00,a14590fe5ede,ok,,,eager-host-visible,cuda,,256,8,8,64,0,8.612905,8.56220817565918,1902261.7804329668,525.6900024414062,-2.850161552429199,True,True,0.0,0.0
pilot-001-local-crossover,20260811T150801Z,2026-08-11T15:16:41.765452+00:00,a14590fe5ede,ok,,,eager-host-visible,cuda,,256,8,8,64,1,8.384398,8.357279777526855,1954105.7091993964,511.74304199218744,-2.732274055480957,True,True,0.0,0.0
pilot-001-local-crossover,20260811T150801Z,2026-08-11T15:16:41.765452+00:00,a14590fe5ede,ok,,,eager-host-visible,cuda,,256,8,8,64,2,8.727225,8.697248458862305,1877343.6000561463,532.6675415039062,-2.621840000152588,True,True,0.0,0.0
pilot-001-local-crossover,20260811T150801Z,2026-08-11T15:16:41.765452+00:00,a14590fe5ede,ok,,,eager-host-visible,cuda,,256,8,8,64,3,8.440733,8.41443157196045,1941063.649329981,515.1814575195312,-2.5161948204040527,True,True,0.0,0.0
pilot-001-local-crossover,20260811T150801Z,2026-08-11T15:16:41.765452+00:00,a14590fe5ede,ok,,,eager-host-visible,cuda,,256,8,8,64,4,8.475161,8.447903633117676,1933178.614541954,517.2827758789062,-2.4155654907226562,True,True,0.0,0.0
pilot-001-local-crossover,20260811T150801Z,2026-08-11T15:16:41.765452+00:00,a14590fe5ede,ok,,,eager-host-visible,cuda,,256,8,8,64,5,8.434126,8.407232284545898,1942584.2108595488,514.7781982421875,-2.318577766418457,True,True,0.0,0.0
pilot-001-local-crossover,20260811T150801Z,2026-08-11T15:16:41.765452+00:00,a14590fe5ede,ok,,,eager-host-visible,cuda,,256,8,8,64,6,8.834219,8.801055908203125,1854606.5022839033,539.1979370117188,-2.224285125732422,True,True,0.0,0.0
pilot-001-local-crossover,20260811T150801Z,2026-08-11T15:16:41.765452+00:00,a14590fe5ede,ok,,,eager-host-visible,cuda,,256,8,8,64,7,9.147893,9.08454418182373,1791013.5153526608,558.3430786132812,-2.129526138305664,True,True,0.0,0.0
pilot-001-local-crossover,20260811T150801Z,2026-08-11T15:16:41.765452+00:00,a14590fe5ede,ok,,,eager-host-visible,cuda,,256,8,8,64,8,8.662155,8.62831974029541,1891446.181694971,528.6959838867188,-2.035832405090332,True,True,0.0,0.0
pilot-001-local-crossover,20260811T150801Z,2026-08-11T15:16:41.765452+00:00,a14590fe5ede,ok,,,eager-host-visible,cuda,,256,8,8,64,9,8.761672,8.727680206298828,1869962.7194444162,534.77001953125,-1.9468307495117188,True,True,0.0,0.0
