experiment_id,run_id,recorded_at,case_id,status,error_type,error_message,mode,backend,threads,agent_count,state_width,action_count,steps,repetition,wall_ms,device_ms,agent_steps_per_second,ns_per_agent_step,checksum,correctness_valid,correctness_action_match,correctness_max_abs_error,correctness_max_rel_error
pilot-002-modal-l4-crossover,20260811T152258Z,2026-08-11T15:22:59.110311+00:00,4a303d0bb350,ok,,,graph-resident,cuda,,4096,32,8,64,0,1.512665,1.465343952178955,173299441.71379653,5.770359039306641,25.481529235839844,True,True,0.0,0.0
pilot-002-modal-l4-crossover,20260811T152258Z,2026-08-11T15:22:59.110311+00:00,4a303d0bb350,ok,,,graph-resident,cuda,,4096,32,8,64,1,1.538905,1.490015983581543,170344498.19839433,5.870456695556641,24.675321578979492,True,True,0.0,0.0
pilot-002-modal-l4-crossover,20260811T152258Z,2026-08-11T15:22:59.110311+00:00,4a303d0bb350,ok,,,graph-resident,cuda,,4096,32,8,64,2,1.516829,1.478432059288025,172823699.96881652,5.786243438720703,23.894481658935547,True,True,0.0,0.0
pilot-002-modal-l4-crossover,20260811T152258Z,2026-08-11T15:22:59.110311+00:00,4a303d0bb350,ok,,,graph-resident,cuda,,4096,32,8,64,3,1.521143,1.4810880422592163,172333567.5870053,5.802700042724609,23.144290924072266,True,True,0.0,0.0
pilot-002-modal-l4-crossover,20260811T152258Z,2026-08-11T15:22:59.110311+00:00,4a303d0bb350,ok,,,graph-resident,cuda,,4096,32,8,64,4,1.519106,1.4786560535430908,172564653.15784416,5.794929504394531,22.428966522216797,True,True,0.0,0.0
pilot-002-modal-l4-crossover,20260811T152258Z,2026-08-11T15:22:59.110311+00:00,4a303d0bb350,ok,,,graph-resident,cuda,,4096,32,8,64,5,1.521551,1.4831360578536987,172287356.78265136,5.804256439208984,21.747848510742188,True,True,0.0,0.0
pilot-002-modal-l4-crossover,20260811T152258Z,2026-08-11T15:22:59.110311+00:00,4a303d0bb350,ok,,,graph-resident,cuda,,4096,32,8,64,6,1.510714,1.4756799936294556,173523247.9476592,5.762916564941406,21.09005355834961,True,True,0.0,0.0
pilot-002-modal-l4-crossover,20260811T152258Z,2026-08-11T15:22:59.187541+00:00,88768920c8ca,ok,,,graph-resident,cuda,,256,8,8,64,0,0.996916,0.9625599980354309,16434684.56720526,60.846923828125,-2.5161948204040527,True,True,0.0,0.0
pilot-002-modal-l4-crossover,20260811T152258Z,2026-08-11T15:22:59.187541+00:00,88768920c8ca,ok,,,graph-resident,cuda,,256,8,8,64,1,1.012562,0.9746559858322144,16180737.574588025,61.8018798828125,-2.4155654907226562,True,True,0.0,0.0
pilot-002-modal-l4-crossover,20260811T152258Z,2026-08-11T15:22:59.187541+00:00,88768920c8ca,ok,,,graph-resident,cuda,,256,8,8,64,2,1.007993,0.970848023891449,16254081.129531654,61.52301025390624,-2.318577766418457,True,True,0.0,0.0
pilot-002-modal-l4-crossover,20260811T152258Z,2026-08-11T15:22:59.187541+00:00,88768920c8ca,ok,,,graph-resident,cuda,,256,8,8,64,3,0.999797,0.9695680141448975,16387326.627305344,61.02276611328125,-2.224285125732422,True,True,0.0,0.0
pilot-002-modal-l4-crossover,20260811T152258Z,2026-08-11T15:22:59.187541+00:00,88768920c8ca,ok,,,graph-resident,cuda,,256,8,8,64,4,1.005396,0.9705600142478943,16296066.425567638,61.364501953125,-2.129526138305664,True,True,0.0,0.0
pilot-002-modal-l4-crossover,20260811T152258Z,2026-08-11T15:22:59.187541+00:00,88768920c8ca,ok,,,graph-resident,cuda,,256,8,8,64,5,1.004559,0.9701439738273621,16309644.331492726,61.31341552734375,-2.035832405090332,True,True,0.0,0.0
pilot-002-modal-l4-crossover,20260811T152258Z,2026-08-11T15:22:59.187541+00:00,88768920c8ca,ok,,,graph-resident,cuda,,256,8,8,64,6,1.02822,0.9846400022506714,15934333.119371343,62.75756835937499,-1.9468307495117188,True,True,0.0,0.0
pilot-002-modal-l4-crossover,20260811T152258Z,2026-08-11T15:22:59.493584+00:00,90053f103e4d,ok,,,graph-resident,cuda,,1048576,8,8,64,0,108.073855,107.96749114990234,620953735.7578297,1.6104259341955185,-2.5434727668762207,True,True,0.0,0.0
pilot-002-modal-l4-crossover,20260811T152258Z,2026-08-11T15:22:59.493584+00:00,90053f103e4d,ok,,,graph-resident,cuda,,1048576,8,8,64,1,107.923317,107.85910034179688,621819879.7577729,1.608182743191719,-2.4421892166137695,True,True,0.0,0.0
pilot-002-modal-l4-crossover,20260811T152258Z,2026-08-11T15:22:59.493584+00:00,90053f103e4d,ok,,,graph-resident,cuda,,1048576,8,8,64,2,108.553492,108.46598052978516,618210089.4552522,1.617573082447052,-2.341890335083008,True,True,0.0,0.0
pilot-002-modal-l4-crossover,20260811T152258Z,2026-08-11T15:22:59.493584+00:00,90053f103e4d,ok,,,graph-resident,cuda,,1048576,8,8,64,3,108.27563,108.21520233154297,619796569.1818186,1.613432615995407,-2.2398195266723633,True,True,0.0,0.0
pilot-002-modal-l4-crossover,20260811T152258Z,2026-08-11T15:22:59.493584+00:00,90053f103e4d,ok,,,graph-resident,cuda,,1048576,8,8,64,4,109.796184,109.70947265625,611213081.8681276,1.636090636253357,-2.140958309173584,True,True,0.0,0.0
pilot-002-modal-l4-crossover,20260811T152258Z,2026-08-11T15:22:59.493584+00:00,90053f103e4d,ok,,,graph-resident,cuda,,1048576,8,8,64,5,111.326956,111.24313354492188,602808757.2968402,1.6589009165763855,-2.0471701622009277,True,True,0.0,0.0
pilot-002-modal-l4-crossover,20260811T152258Z,2026-08-11T15:22:59.493584+00:00,90053f103e4d,ok,,,graph-resident,cuda,,1048576,8,8,64,6,111.234274,111.15007781982422,603311026.2399879,1.6575198471546173,-1.9558019638061523,True,True,0.0,0.0
pilot-002-modal-l4-crossover,20260811T152258Z,2026-08-11T15:23:00.718080+00:00,a14590fe5ede,ok,,,eager-host-visible,cuda,,256,8,8,64,0,13.801952,13.724736213684082,1187078.465422862,842.404296875,-2.850161552429199,True,True,0.0,0.0
pilot-002-modal-l4-crossover,20260811T152258Z,2026-08-11T15:23:00.718080+00:00,a14590fe5ede,ok,,,eager-host-visible,cuda,,256,8,8,64,1,13.465696,13.403807640075684,1216721.363678491,821.880859375,-2.732274055480957,True,True,0.0,0.0
pilot-002-modal-l4-crossover,20260811T152258Z,2026-08-11T15:23:00.718080+00:00,a14590fe5ede,ok,,,eager-host-visible,cuda,,256,8,8,64,2,12.885663,12.809215545654297,1271490.6481723138,786.4784545898438,-2.621840000152588,True,True,0.0,0.0
pilot-002-modal-l4-crossover,20260811T152258Z,2026-08-11T15:23:00.718080+00:00,a14590fe5ede,ok,,,eager-host-visible,cuda,,256,8,8,64,3,12.559011,12.502943992614746,1304561.3225436301,766.5411987304688,-2.5161948204040527,True,True,0.0,0.0
pilot-002-modal-l4-crossover,20260811T152258Z,2026-08-11T15:23:00.718080+00:00,a14590fe5ede,ok,,,eager-host-visible,cuda,,256,8,8,64,4,12.64878,12.584896087646484,1295302.7880949783,772.020263671875,-2.4155654907226562,True,True,0.0,0.0
pilot-002-modal-l4-crossover,20260811T152258Z,2026-08-11T15:23:00.718080+00:00,a14590fe5ede,ok,,,eager-host-visible,cuda,,256,8,8,64,5,13.410227,13.34876823425293,1221754.1134836867,818.4953002929688,-2.318577766418457,True,True,0.0,0.0
pilot-002-modal-l4-crossover,20260811T152258Z,2026-08-11T15:23:00.718080+00:00,a14590fe5ede,ok,,,eager-host-visible,cuda,,256,8,8,64,6,13.274732,13.223520278930664,1234224.5402769712,810.225341796875,-2.224285125732422,True,True,0.0,0.0
pilot-002-modal-l4-crossover,20260811T152258Z,2026-08-11T15:23:00.879063+00:00,0f5be7ed724b,ok,,,cpu,cpu,8,65536,32,1,64,0,66.985239,,62615347.240904815,15.970525503158571,28.093616485595703,True,True,0.0,0.0
pilot-002-modal-l4-crossover,20260811T152258Z,2026-08-11T15:23:00.879063+00:00,0f5be7ed724b,ok,,,cpu,cpu,8,65536,32,1,64,1,70.057892,,59869115.1026925,16.703103065490723,27.247560501098633,True,True,0.0,0.0
pilot-002-modal-l4-crossover,20260811T152258Z,2026-08-11T15:23:00.879063+00:00,0f5be7ed724b,ok,,,cpu,cpu,8,65536,32,1,64,2,71.724987,,58477584.666554205,17.100569486618042,26.428152084350586,True,True,0.0,0.0
pilot-002-modal-l4-crossover,20260811T152258Z,2026-08-11T15:23:00.879063+00:00,0f5be7ed724b,ok,,,cpu,cpu,8,65536,32,1,64,3,67.167752,,62445204.3593777,16.014039993286133,25.634532928466797,True,True,0.0,0.0
pilot-002-modal-l4-crossover,20260811T152258Z,2026-08-11T15:23:00.879063+00:00,0f5be7ed724b,ok,,,cpu,cpu,8,65536,32,1,64,4,69.72458,,60155313.95097682,16.623635292053223,24.865921020507812,True,True,0.0,0.0
pilot-002-modal-l4-crossover,20260811T152258Z,2026-08-11T15:23:00.879063+00:00,0f5be7ed724b,ok,,,cpu,cpu,8,65536,32,1,64,5,65.517753,,64017824.29870573,15.620649576187134,24.121517181396484,True,True,0.0,0.0
pilot-002-modal-l4-crossover,20260811T152258Z,2026-08-11T15:23:00.879063+00:00,0f5be7ed724b,ok,,,cpu,cpu,8,65536,32,1,64,6,64.864176,,64662873.386382036,15.464824676513672,23.40054702758789,True,True,0.0,0.0
pilot-002-modal-l4-crossover,20260811T152258Z,2026-08-11T15:23:01.410799+00:00,0ae446ab9385,ok,,,cpu,cpu,8,65536,8,8,64,0,65.227698,,64302499.22356604,15.551495075225832,-2.941707134246826,True,True,0.0,0.0
pilot-002-modal-l4-crossover,20260811T152258Z,2026-08-11T15:23:01.410799+00:00,0ae446ab9385,ok,,,cpu,cpu,8,65536,8,8,64,1,63.720208,,65823765.044834755,15.192081451416016,-2.897563934326172,True,True,0.0,0.0
pilot-002-modal-l4-crossover,20260811T152258Z,2026-08-11T15:23:01.410799+00:00,0ae446ab9385,ok,,,cpu,cpu,8,65536,8,8,64,2,63.667969,,65877772.856237955,15.179626703262329,-2.858430862426758,True,True,0.0,0.0
pilot-002-modal-l4-crossover,20260811T152258Z,2026-08-11T15:23:01.410799+00:00,0ae446ab9385,ok,,,cpu,cpu,8,65536,8,8,64,3,64.153427,,65379266.48875671,15.295368909835814,-2.8209362030029297,True,True,0.0,0.0
pilot-002-modal-l4-crossover,20260811T152258Z,2026-08-11T15:23:01.410799+00:00,0ae446ab9385,ok,,,cpu,cpu,8,65536,8,8,64,4,63.986575,,65549750.08429502,15.255588293075562,-2.785040855407715,True,True,0.0,0.0
pilot-002-modal-l4-crossover,20260811T152258Z,2026-08-11T15:23:01.410799+00:00,0ae446ab9385,ok,,,cpu,cpu,8,65536,8,8,64,5,63.5873,,65961347.6275923,15.160393714904785,-2.7511813640594482,True,True,0.0,0.0
pilot-002-modal-l4-crossover,20260811T152258Z,2026-08-11T15:23:01.410799+00:00,0ae446ab9385,ok,,,cpu,cpu,8,65536,8,8,64,6,61.842339,,67822531.74479704,14.744362592697144,-2.7208735942840576,True,True,0.0,0.0
pilot-002-modal-l4-crossover,20260811T152258Z,2026-08-11T15:23:01.884466+00:00,3b87e09214b4,ok,,,graph-resident,cuda,,256,32,1,64,0,1.014007,0.9533439874649048,16157679.384856315,61.89007568359376,25.194555282592773,True,True,0.0,0.0
pilot-002-modal-l4-crossover,20260811T152258Z,2026-08-11T15:23:01.884466+00:00,3b87e09214b4,ok,,,graph-resident,cuda,,256,32,1,64,1,1.018174,0.9753919839859009,16091552.131561011,62.14440917968749,24.330869674682617,True,True,0.0,0.0
pilot-002-modal-l4-crossover,20260811T152258Z,2026-08-11T15:23:01.884466+00:00,3b87e09214b4,ok,,,graph-resident,cuda,,256,32,1,64,2,1.004405,0.9668480157852173,16312145.001269408,61.30401611328125,23.494403839111328,True,True,0.0,0.0
pilot-002-modal-l4-crossover,20260811T152258Z,2026-08-11T15:23:01.884466+00:00,3b87e09214b4,ok,,,graph-resident,cuda,,256,32,1,64,3,1.004327,0.9649919867515564,16313411.86685213,61.29925537109375,22.684295654296875,True,True,0.0,0.0
pilot-002-modal-l4-crossover,20260811T152258Z,2026-08-11T15:23:01.884466+00:00,3b87e09214b4,ok,,,graph-resident,cuda,,256,32,1,64,4,0.998536,0.9620159864425659,16408021.343246514,60.94580078125,21.899728775024414,True,True,0.0,0.0
pilot-002-modal-l4-crossover,20260811T152258Z,2026-08-11T15:23:01.884466+00:00,3b87e09214b4,ok,,,graph-resident,cuda,,256,32,1,64,5,1.006941,0.9615359902381897,16271062.554807082,61.45880126953126,21.139862060546875,True,True,0.0,0.0
pilot-002-modal-l4-crossover,20260811T152258Z,2026-08-11T15:23:01.884466+00:00,3b87e09214b4,ok,,,graph-resident,cuda,,256,32,1,64,6,0.986245,0.957535982131958,16612505.006362516,60.19561767578125,20.403932571411133,True,True,0.0,0.0
pilot-002-modal-l4-crossover,20260811T152258Z,2026-08-11T15:23:02.171844+00:00,c24d4acc5cec,ok,,,graph-resident,cuda,,1048576,8,1,64,0,107.861647,107.74015808105469,622175405.8697064,1.6072637885808945,-2.760322093963623,True,True,0.0,0.0
pilot-002-modal-l4-crossover,20260811T152258Z,2026-08-11T15:23:02.171844+00:00,c24d4acc5cec,ok,,,graph-resident,cuda,,1048576,8,1,64,1,107.639363,107.55289459228516,623460248.4594785,1.6039514988660812,-2.7086286544799805,True,True,0.0,0.0
pilot-002-modal-l4-crossover,20260811T152258Z,2026-08-11T15:23:02.171844+00:00,c24d4acc5cec,ok,,,graph-resident,cuda,,1048576,8,1,64,2,107.616908,107.53324890136719,623590337.6818818,1.6036168932914734,-2.6585617065429688,True,True,0.0,0.0
pilot-002-modal-l4-crossover,20260811T152258Z,2026-08-11T15:23:02.171844+00:00,c24d4acc5cec,ok,,,graph-resident,cuda,,1048576,8,1,64,3,107.785393,107.71250915527344,622615570.924346,1.6061275154352188,-2.610076904296875,True,True,0.0,0.0
pilot-002-modal-l4-crossover,20260811T152258Z,2026-08-11T15:23:02.171844+00:00,c24d4acc5cec,ok,,,graph-resident,cuda,,1048576,8,1,64,4,108.535539,108.46524810791016,618312348.3636084,1.6173055619001389,-2.5631227493286133,True,True,0.0,0.0
pilot-002-modal-l4-crossover,20260811T152258Z,2026-08-11T15:23:02.171844+00:00,c24d4acc5cec,ok,,,graph-resident,cuda,,1048576,8,1,64,5,109.741811,109.6619873046875,611515915.2968599,1.6352804154157639,-2.5176496505737305,True,True,0.0,0.0
pilot-002-modal-l4-crossover,20260811T152258Z,2026-08-11T15:23:02.171844+00:00,c24d4acc5cec,ok,,,graph-resident,cuda,,1048576,8,1,64,6,110.209971,110.11913299560547,608918262.032752,1.6422565430402756,-2.4736180305480957,True,True,0.0,0.0
pilot-002-modal-l4-crossover,20260811T152258Z,2026-08-11T15:23:04.206977+00:00,289d3b7e3ef3,ok,,,eager-host-visible,cuda,,1048576,32,8,64,0,453.794995,453.6734924316406,147883658.34665057,6.762072369456291,28.092552185058594,False,True,3.457069396972656e-05,0.001776247750967741
pilot-002-modal-l4-crossover,20260811T152258Z,2026-08-11T15:23:04.206977+00:00,289d3b7e3ef3,ok,,,eager-host-visible,cuda,,1048576,32,8,64,1,438.771711,438.67138671875,152947107.38541666,6.538207992911339,27.24559783935547,False,True,3.457069396972656e-05,0.001776247750967741
pilot-002-modal-l4-crossover,20260811T152258Z,2026-08-11T15:23:04.206977+00:00,289d3b7e3ef3,ok,,,eager-host-visible,cuda,,1048576,32,8,64,2,436.897859,436.81201171875,153603096.50773546,6.510285422205925,26.42505645751953,False,True,3.457069396972656e-05,0.001776247750967741
pilot-002-modal-l4-crossover,20260811T152258Z,2026-08-11T15:23:04.206977+00:00,289d3b7e3ef3,ok,,,eager-host-visible,cuda,,1048576,32,8,64,3,438.455361,438.36834716796875,153057460.27815133,6.533494010567665,25.628196716308594,False,True,3.457069396972656e-05,0.001776247750967741
pilot-002-modal-l4-crossover,20260811T152258Z,2026-08-11T15:23:04.206977+00:00,289d3b7e3ef3,ok,,,eager-host-visible,cuda,,1048576,32,8,64,4,438.047761,437.9612731933594,153199879.04241338,6.527420297265053,24.856403350830078,False,True,3.457069396972656e-05,0.001776247750967741
pilot-002-modal-l4-crossover,20260811T152258Z,2026-08-11T15:23:04.206977+00:00,289d3b7e3ef3,ok,,,eager-host-visible,cuda,,1048576,32,8,64,5,454.692693,454.561767578125,147591692.22013426,6.775449112057686,24.10675048828125,False,True,3.457069396972656e-05,0.001776247750967741
pilot-002-modal-l4-crossover,20260811T152258Z,2026-08-11T15:23:04.206977+00:00,289d3b7e3ef3,ok,,,eager-host-visible,cuda,,1048576,32,8,64,6,437.06285,436.9593505859375,153545111.4181862,6.512743979692459,23.379833221435547,False,True,3.457069396972656e-05,0.001776247750967741
pilot-002-modal-l4-crossover,20260811T152258Z,2026-08-11T15:23:07.661331+00:00,316628c423b6,ok,,,cpu,cpu,1,1048576,32,8,64,0,12102.820268,,5544894.703380552,180.3460757136345,28.092544555664062,False,True,3.457069396972656e-05,0.001776247750967741
pilot-002-modal-l4-crossover,20260811T152258Z,2026-08-11T15:23:07.661331+00:00,316628c423b6,ok,,,cpu,cpu,1,1048576,32,8,64,1,11864.883739,,5656091.15742217,176.80054514110088,27.245594024658203,False,True,3.457069396972656e-05,0.001776247750967741
pilot-002-modal-l4-crossover,20260811T152258Z,2026-08-11T15:23:07.661331+00:00,316628c423b6,ok,,,cpu,cpu,1,1048576,32,8,64,2,11765.868036,,5703690.012047318,175.32509618997574,26.425060272216797,False,True,3.457069396972656e-05,0.001776247750967741
pilot-002-modal-l4-crossover,20260811T152258Z,2026-08-11T15:23:07.661331+00:00,316628c423b6,ok,,,cpu,cpu,1,1048576,32,8,64,3,11568.207302,,5801146.387513102,172.3797217309475,25.628204345703125,False,True,3.457069396972656e-05,0.001776247750967741
pilot-002-modal-l4-crossover,20260811T152258Z,2026-08-11T15:23:07.661331+00:00,316628c423b6,ok,,,cpu,cpu,1,1048576,32,8,64,4,11655.229582,,5757832.870460226,173.67645475268364,24.856409072875977,False,True,3.457069396972656e-05,0.001776247750967741
pilot-002-modal-l4-crossover,20260811T152258Z,2026-08-11T15:23:07.661331+00:00,316628c423b6,ok,,,cpu,cpu,1,1048576,32,8,64,5,11552.327164,,5809120.7985459715,172.14308923482895,24.106754302978516,False,True,3.457069396972656e-05,0.001776247750967741
pilot-002-modal-l4-crossover,20260811T152258Z,2026-08-11T15:23:07.661331+00:00,316628c423b6,ok,,,cpu,cpu,1,1048576,32,8,64,6,11693.120682,,5739174.838356466,174.24107614159584,23.379833221435547,False,True,3.457069396972656e-05,0.001776247750967741
pilot-002-modal-l4-crossover,20260811T152258Z,2026-08-11T15:24:33.193401+00:00,9cd29a1c4c02,ok,,,cpu,cpu,1,4096,32,1,64,0,16.932657,,15481563.230153425,64.59296035766602,28.0797061920166,True,True,0.0,0.0
pilot-002-modal-l4-crossover,20260811T152258Z,2026-08-11T15:24:33.193401+00:00,9cd29a1c4c02,ok,,,cpu,cpu,1,4096,32,1,64,1,16.785642,,15617156.61515955,64.03214263916016,27.22293472290039,True,True,0.0,0.0
pilot-002-modal-l4-crossover,20260811T152258Z,2026-08-11T15:24:33.193401+00:00,9cd29a1c4c02,ok,,,cpu,cpu,1,4096,32,1,64,2,17.089672,,15339323.071852988,65.19192504882812,26.393131256103516,True,True,0.0,0.0
pilot-002-modal-l4-crossover,20260811T152258Z,2026-08-11T15:24:33.193401+00:00,9cd29a1c4c02,ok,,,cpu,cpu,1,4096,32,1,64,3,17.482967,,14994251.261813857,66.69222640991211,25.589452743530273,True,True,0.0,0.0
pilot-002-modal-l4-crossover,20260811T152258Z,2026-08-11T15:24:33.193401+00:00,9cd29a1c4c02,ok,,,cpu,cpu,1,4096,32,1,64,4,16.836828,,15569678.564157095,64.22740173339844,24.811084747314453,True,True,0.0,0.0
pilot-002-modal-l4-crossover,20260811T152258Z,2026-08-11T15:24:33.193401+00:00,9cd29a1c4c02,ok,,,cpu,cpu,1,4096,32,1,64,5,16.977106,,15441029.819805568,64.76251983642578,24.057233810424805,True,True,0.0,0.0
pilot-002-modal-l4-crossover,20260811T152258Z,2026-08-11T15:24:33.193401+00:00,9cd29a1c4c02,ok,,,cpu,cpu,1,4096,32,1,64,6,16.953713,,15462335.595748257,64.67328262329102,23.327146530151367,True,True,0.0,0.0
pilot-002-modal-l4-crossover,20260811T152258Z,2026-08-11T15:24:35.282714+00:00,161d3d8b31b0,ok,,,cpu,cpu,1,1048576,32,1,64,0,10230.265319,,6559836.12422672,152.4428325742483,27.955455780029297,True,True,0.0,0.0
pilot-002-modal-l4-crossover,20260811T152258Z,2026-08-11T15:24:35.282714+00:00,161d3d8b31b0,ok,,,cpu,cpu,1,1048576,32,1,64,1,10367.544615,,6472975.665125701,154.48845349252224,27.002790451049805,True,True,0.0,0.0
pilot-002-modal-l4-crossover,20260811T152258Z,2026-08-11T15:24:35.282714+00:00,161d3d8b31b0,ok,,,cpu,cpu,1,1048576,32,1,64,2,10904.321514,,6154336.509047288,162.48705258965492,26.080141067504883,True,True,0.0,0.0
pilot-002-modal-l4-crossover,20260811T152258Z,2026-08-11T15:24:35.282714+00:00,161d3d8b31b0,ok,,,cpu,cpu,1,1048576,32,1,64,3,10592.571787,,6335464.639697891,157.84161965548992,25.186553955078125,True,True,0.0,0.0
pilot-002-modal-l4-crossover,20260811T152258Z,2026-08-11T15:24:35.282714+00:00,161d3d8b31b0,ok,,,cpu,cpu,1,1048576,32,1,64,4,10280.4106,,6527838.878342077,153.1900554895401,24.32110595703125,True,True,0.0,0.0
pilot-002-modal-l4-crossover,20260811T152258Z,2026-08-11T15:24:35.282714+00:00,161d3d8b31b0,ok,,,cpu,cpu,1,1048576,32,1,64,5,10984.415897,,6109461.315856437,163.6805519014597,23.48294448852539,True,True,0.0,0.0
pilot-002-modal-l4-crossover,20260811T152258Z,2026-08-11T15:24:35.282714+00:00,161d3d8b31b0,ok,,,cpu,cpu,1,1048576,32,1,64,6,10812.44132,,6206633.822452967,161.11793100833893,22.671175003051758,True,True,0.0,0.0
pilot-002-modal-l4-crossover,20260811T152258Z,2026-08-11T15:25:52.216988+00:00,219284bce9c7,ok,,,cpu,cpu,1,1048576,8,8,64,0,5041.07095,,13312422.036035815,75.11781081557274,-2.861100196838379,True,True,0.0,0.0
pilot-002-modal-l4-crossover,20260811T152258Z,2026-08-11T15:25:52.216988+00:00,219284bce9c7,ok,,,cpu,cpu,1,1048576,8,8,64,1,4993.721244,,13438648.398853237,74.41224521398544,-2.753696918487549,True,True,0.0,0.0
pilot-002-modal-l4-crossover,20260811T152258Z,2026-08-11T15:25:52.216988+00:00,219284bce9c7,ok,,,cpu,cpu,1,1048576,8,8,64,2,5008.836257,,13398094.997857705,74.63747645914555,-2.6501808166503906,True,True,0.0,0.0
pilot-002-modal-l4-crossover,20260811T152258Z,2026-08-11T15:25:52.216988+00:00,219284bce9c7,ok,,,cpu,cpu,1,1048576,8,8,64,3,5085.713811,,13195564.377776979,75.78304128348827,-2.5434727668762207,True,True,0.0,0.0
pilot-002-modal-l4-crossover,20260811T152258Z,2026-08-11T15:25:52.216988+00:00,219284bce9c7,ok,,,cpu,cpu,1,1048576,8,8,64,4,5150.582643,,13029373.306184227,76.7496622055769,-2.4421887397766113,True,True,0.0,0.0
pilot-002-modal-l4-crossover,20260811T152258Z,2026-08-11T15:25:52.216988+00:00,219284bce9c7,ok,,,cpu,cpu,1,1048576,8,8,64,5,5801.467924,,11567566.153796768,86.44860869646072,-2.3418922424316406,True,True,0.0,0.0
pilot-002-modal-l4-crossover,20260811T152258Z,2026-08-11T15:25:52.216988+00:00,219284bce9c7,ok,,,cpu,cpu,1,1048576,8,8,64,6,5122.816844,,13099992.844483588,76.33591955900192,-2.239820718765259,True,True,0.0,0.0
pilot-002-modal-l4-crossover,20260811T152258Z,2026-08-11T15:26:29.748082+00:00,e18a2c50f202,ok,,,cpu,cpu,1,65536,32,1,64,0,286.921854,,14618280.000379477,68.40750074386597,28.093616485595703,True,True,0.0,0.0
pilot-002-modal-l4-crossover,20260811T152258Z,2026-08-11T15:26:29.748082+00:00,e18a2c50f202,ok,,,cpu,cpu,1,65536,32,1,64,1,300.633031,,13951574.070382174,71.67650008201599,27.247560501098633,True,True,0.0,0.0
pilot-002-modal-l4-crossover,20260811T152258Z,2026-08-11T15:26:29.748082+00:00,e18a2c50f202,ok,,,cpu,cpu,1,65536,32,1,64,2,292.402983,,14344258.587813381,69.71430373191833,26.428152084350586,True,True,0.0,0.0
pilot-002-modal-l4-crossover,20260811T152258Z,2026-08-11T15:26:29.748082+00:00,e18a2c50f202,ok,,,cpu,cpu,1,65536,32,1,64,3,289.120786,,14507099.465342488,68.93176698684692,25.634532928466797,True,True,0.0,0.0
pilot-002-modal-l4-crossover,20260811T152258Z,2026-08-11T15:26:29.748082+00:00,e18a2c50f202,ok,,,cpu,cpu,1,65536,32,1,64,4,314.56148,,13333813.15474482,74.99730110168457,24.865921020507812,True,True,0.0,0.0
pilot-002-modal-l4-crossover,20260811T152258Z,2026-08-11T15:26:29.748082+00:00,e18a2c50f202,ok,,,cpu,cpu,1,65536,32,1,64,5,389.790357,,10760409.857958596,92.93326306343079,24.121517181396484,True,True,0.0,0.0
pilot-002-modal-l4-crossover,20260811T152258Z,2026-08-11T15:26:29.748082+00:00,e18a2c50f202,ok,,,cpu,cpu,1,65536,32,1,64,6,296.864748,,14128669.800834687,70.77807140350342,23.40054702758789,True,True,0.0,0.0
pilot-002-modal-l4-crossover,20260811T152258Z,2026-08-11T15:26:32.011748+00:00,6cb4a99b691e,ok,,,graph-resident,cuda,,4096,32,1,64,0,1.491045,1.4438400268554688,175812265.89405417,5.687885284423828,25.589458465576172,True,True,0.0,0.0
pilot-002-modal-l4-crossover,20260811T152258Z,2026-08-11T15:26:32.011748+00:00,6cb4a99b691e,ok,,,graph-resident,cuda,,4096,32,1,64,1,1.492805,1.450816035270691,175604985.24589613,5.694599151611328,24.811086654663086,True,True,0.0,0.0
pilot-002-modal-l4-crossover,20260811T152258Z,2026-08-11T15:26:32.011748+00:00,6cb4a99b691e,ok,,,graph-resident,cuda,,4096,32,1,64,2,1.512633,1.4623359441757202,173303107.89200023,5.770236968994141,24.057235717773438,True,True,0.0,0.0
pilot-002-modal-l4-crossover,20260811T152258Z,2026-08-11T15:26:32.011748+00:00,6cb4a99b691e,ok,,,graph-resident,cuda,,4096,32,1,64,3,1.512471,1.4565119743347168,173321670.2997942,5.769618988037109,23.3271427154541,True,True,0.0,0.0
pilot-002-modal-l4-crossover,20260811T152258Z,2026-08-11T15:26:32.011748+00:00,6cb4a99b691e,ok,,,graph-resident,cuda,,4096,32,1,64,4,1.499323,1.4556479454040527,174841578.49909595,5.719463348388672,22.62006187438965,True,True,0.0,0.0
pilot-002-modal-l4-crossover,20260811T152258Z,2026-08-11T15:26:32.011748+00:00,6cb4a99b691e,ok,,,graph-resident,cuda,,4096,32,1,64,5,1.499912,1.4565759897232056,174772920.01130733,5.721710205078125,21.935256958007812,True,True,0.0,0.0
pilot-002-modal-l4-crossover,20260811T152258Z,2026-08-11T15:26:32.011748+00:00,6cb4a99b691e,ok,,,graph-resident,cuda,,4096,32,1,64,6,1.491899,1.4523839950561523,175711626.5913443,5.691143035888672,21.27204704284668,True,True,0.0,0.0
pilot-002-modal-l4-crossover,20260811T152258Z,2026-08-11T15:26:32.059401+00:00,71f7ba054b33,ok,,,cpu,cpu,1,256,32,8,64,0,4.353627,,3763298.9688827265,265.72430419921875,27.97860336303711,True,True,0.0,0.0
pilot-002-modal-l4-crossover,20260811T152258Z,2026-08-11T15:26:32.059401+00:00,71f7ba054b33,ok,,,cpu,cpu,1,256,32,8,64,1,4.633336,,3536113.0727406777,282.79638671875,27.052200317382812,True,True,0.0,0.0
pilot-002-modal-l4-crossover,20260811T152258Z,2026-08-11T15:26:32.059401+00:00,71f7ba054b33,ok,,,cpu,cpu,1,256,32,8,64,2,4.606812,,3556472.4586112914,281.177490234375,26.158754348754883,True,True,0.0,0.0
pilot-002-modal-l4-crossover,20260811T152258Z,2026-08-11T15:26:32.059401+00:00,71f7ba054b33,ok,,,cpu,cpu,1,256,32,8,64,3,4.599769,,3561918.000664816,280.74761962890625,25.29330062866211,True,True,0.0,0.0
pilot-002-modal-l4-crossover,20260811T152258Z,2026-08-11T15:26:32.059401+00:00,71f7ba054b33,ok,,,cpu,cpu,1,256,32,8,64,4,4.566664,,3587739.321307632,278.72705078125,24.456315994262695,True,True,0.0,0.0
pilot-002-modal-l4-crossover,20260811T152258Z,2026-08-11T15:26:32.059401+00:00,71f7ba054b33,ok,,,cpu,cpu,1,256,32,8,64,5,4.691641,,3492168.305290196,286.35504150390625,23.64834976196289,True,True,0.0,0.0
pilot-002-modal-l4-crossover,20260811T152258Z,2026-08-11T15:26:32.059401+00:00,71f7ba054b33,ok,,,cpu,cpu,1,256,32,8,64,6,4.547758,,3602654.318897356,277.5731201171875,22.864999771118164,True,True,0.0,0.0
pilot-002-modal-l4-crossover,20260811T152258Z,2026-08-11T15:26:32.099326+00:00,a73ebee805e0,ok,,,cpu,cpu,8,4096,8,1,64,0,13.710506,,19119936.200749993,52.301429748535156,-3.077810764312744,True,True,0.0,0.0
pilot-002-modal-l4-crossover,20260811T152258Z,2026-08-11T15:26:32.099326+00:00,a73ebee805e0,ok,,,cpu,cpu,8,4096,8,1,64,1,13.26959,,19755244.886993494,50.619468688964844,-3.138242244720459,True,True,0.0,0.0
pilot-002-modal-l4-crossover,20260811T152258Z,2026-08-11T15:26:32.099326+00:00,a73ebee805e0,ok,,,cpu,cpu,8,4096,8,1,64,2,12.990251,,20180056.56703631,49.55387496948242,-3.1967787742614746,True,True,0.0,0.0
pilot-002-modal-l4-crossover,20260811T152258Z,2026-08-11T15:26:32.099326+00:00,a73ebee805e0,ok,,,cpu,cpu,8,4096,8,1,64,3,13.059118,,20073637.438608028,49.81658172607422,-3.2534713745117188,True,True,0.0,0.0
pilot-002-modal-l4-crossover,20260811T152258Z,2026-08-11T15:26:32.099326+00:00,a73ebee805e0,ok,,,cpu,cpu,8,4096,8,1,64,4,12.930603,,20273145.807662643,49.32633590698242,-3.308377742767334,True,True,0.0,0.0
pilot-002-modal-l4-crossover,20260811T152258Z,2026-08-11T15:26:32.099326+00:00,a73ebee805e0,ok,,,cpu,cpu,8,4096,8,1,64,5,13.926108,,18823924.09997108,53.12388610839844,-3.361562728881836,True,True,0.0,0.0
pilot-002-modal-l4-crossover,20260811T152258Z,2026-08-11T15:26:32.099326+00:00,a73ebee805e0,ok,,,cpu,cpu,8,4096,8,1,64,6,13.336299,,19656427.91902011,50.87394332885742,-3.4130749702453613,True,True,0.0,0.0
pilot-002-modal-l4-crossover,20260811T152258Z,2026-08-11T15:26:32.200158+00:00,fc5ed10f33c2,ok,,,cpu,cpu,1,65536,8,8,64,0,232.480835,,18041504.367446028,55.4277503490448,-2.941707134246826,True,True,0.0,0.0
pilot-002-modal-l4-crossover,20260811T152258Z,2026-08-11T15:26:32.200158+00:00,fc5ed10f33c2,ok,,,cpu,cpu,1,65536,8,8,64,1,235.735786,,17792394.066126216,56.20379114151001,-2.897563934326172,True,True,0.0,0.0
pilot-002-modal-l4-crossover,20260811T152258Z,2026-08-11T15:26:32.200158+00:00,fc5ed10f33c2,ok,,,cpu,cpu,1,65536,8,8,64,2,226.882405,,18486686.96896086,54.09298062324524,-2.858430862426758,True,True,0.0,0.0
pilot-002-modal-l4-crossover,20260811T152258Z,2026-08-11T15:26:32.200158+00:00,fc5ed10f33c2,ok,,,cpu,cpu,1,65536,8,8,64,3,234.485926,,17887231.321507968,55.90580129623413,-2.8209362030029297,True,True,0.0,0.0
pilot-002-modal-l4-crossover,20260811T152258Z,2026-08-11T15:26:32.200158+00:00,fc5ed10f33c2,ok,,,cpu,cpu,1,65536,8,8,64,4,232.196991,,18063558.7995195,55.360076665878296,-2.785040855407715,True,True,0.0,0.0
pilot-002-modal-l4-crossover,20260811T152258Z,2026-08-11T15:26:32.200158+00:00,fc5ed10f33c2,ok,,,cpu,cpu,1,65536,8,8,64,5,230.77208,,18175092.931519274,55.02035140991211,-2.7511813640594482,True,True,0.0,0.0
pilot-002-modal-l4-crossover,20260811T152258Z,2026-08-11T15:26:32.200158+00:00,fc5ed10f33c2,ok,,,cpu,cpu,1,65536,8,8,64,6,224.059079,,18719634.2086187,53.41984724998474,-2.7208735942840576,True,True,0.0,0.0
pilot-002-modal-l4-crossover,20260811T152258Z,2026-08-11T15:26:33.880863+00:00,454aee435210,ok,,,graph-resident,cuda,,65536,32,1,64,0,7.490028,7.4352641105651855,559985089.5083437,1.785761833190918,25.634532928466797,True,True,0.0,0.0
pilot-002-modal-l4-crossover,20260811T152258Z,2026-08-11T15:26:33.880863+00:00,454aee435210,ok,,,graph-resident,cuda,,65536,32,1,64,1,7.48461,7.441728115081787,560390454.5460619,1.7844700813293457,24.865915298461914,True,True,0.0,0.0
pilot-002-modal-l4-crossover,20260811T152258Z,2026-08-11T15:26:33.880863+00:00,454aee435210,ok,,,graph-resident,cuda,,65536,32,1,64,2,7.477697,7.43558406829834,560908525.7131975,1.7828218936920166,24.12151336669922,True,True,0.0,0.0
pilot-002-modal-l4-crossover,20260811T152258Z,2026-08-11T15:26:33.880863+00:00,454aee435210,ok,,,graph-resident,cuda,,65536,32,1,64,3,7.480274,7.439328193664551,560715289.3062474,1.7834362983703613,23.400550842285156,True,True,0.0,0.0
pilot-002-modal-l4-crossover,20260811T152258Z,2026-08-11T15:26:33.880863+00:00,454aee435210,ok,,,graph-resident,cuda,,65536,32,1,64,4,7.595588,7.543424129486084,552202673.446743,1.810929298400879,22.70230484008789,True,True,0.0,0.0
pilot-002-modal-l4-crossover,20260811T152258Z,2026-08-11T15:26:33.880863+00:00,454aee435210,ok,,,graph-resident,cuda,,65536,32,1,64,5,7.62212,7.570112228393555,550280499.3886216,1.8172550201416016,22.026046752929688,True,True,0.0,0.0
pilot-002-modal-l4-crossover,20260811T152258Z,2026-08-11T15:26:33.880863+00:00,454aee435210,ok,,,graph-resident,cuda,,65536,32,1,64,6,7.657609,7.587967872619629,547730237.9894298,1.825716257095337,21.37110710144043,True,True,0.0,0.0
pilot-002-modal-l4-crossover,20260811T152258Z,2026-08-11T15:26:34.001510+00:00,a3b412162330,ok,,,cpu,cpu,1,256,8,1,64,0,4.0651,,4030405.156084721,248.114013671875,-2.878512382507324,True,True,0.0,0.0
pilot-002-modal-l4-crossover,20260811T152258Z,2026-08-11T15:26:34.001510+00:00,a3b412162330,ok,,,cpu,cpu,1,256,8,1,64,1,4.21478,,3887272.8825703827,257.249755859375,-2.785146713256836,True,True,0.0,0.0
pilot-002-modal-l4-crossover,20260811T152258Z,2026-08-11T15:26:34.001510+00:00,a3b412162330,ok,,,cpu,cpu,1,256,8,1,64,2,4.22697,,3876062.5223268676,257.9937744140625,-2.6947364807128906,True,True,0.0,0.0
pilot-002-modal-l4-crossover,20260811T152258Z,2026-08-11T15:26:34.001510+00:00,a3b412162330,ok,,,cpu,cpu,1,256,8,1,64,3,4.228949,,3874248.66083748,258.11456298828125,-2.607166290283203,True,True,0.0,0.0
pilot-002-modal-l4-crossover,20260811T152258Z,2026-08-11T15:26:34.001510+00:00,a3b412162330,ok,,,cpu,cpu,1,256,8,1,64,4,4.172402,,3926754.900414678,254.6632080078125,-2.522347927093506,True,True,0.0,0.0
pilot-002-modal-l4-crossover,20260811T152258Z,2026-08-11T15:26:34.001510+00:00,a3b412162330,ok,,,cpu,cpu,1,256,8,1,64,5,4.102115,,3994037.222262174,250.37322998046878,-2.4401917457580566,True,True,0.0,0.0
pilot-002-modal-l4-crossover,20260811T152258Z,2026-08-11T15:26:34.001510+00:00,a3b412162330,ok,,,cpu,cpu,1,256,8,1,64,6,4.262751,,3843527.337158563,260.17767333984375,-2.3606297969818115,True,True,0.0,0.0
pilot-002-modal-l4-crossover,20260811T152258Z,2026-08-11T15:26:34.033884+00:00,6c992759eb08,ok,,,eager-resident,cuda,,1048576,32,1,64,0,362.991602,362.8728332519531,184877180.71229646,5.408996373414993,27.95545196533203,True,True,0.0,0.0
pilot-002-modal-l4-crossover,20260811T152258Z,2026-08-11T15:26:34.033884+00:00,6c992759eb08,ok,,,eager-resident,cuda,,1048576,32,1,64,1,363.526309,363.3874816894531,184605246.8241026,5.416964128613472,27.002792358398438,True,True,0.0,0.0
pilot-002-modal-l4-crossover,20260811T152258Z,2026-08-11T15:26:34.033884+00:00,6c992759eb08,ok,,,eager-resident,cuda,,1048576,32,1,64,2,368.103591,367.9998474121094,182309723.78642184,5.485170945525169,26.080135345458984,True,True,0.0,0.0
pilot-002-modal-l4-crossover,20260811T152258Z,2026-08-11T15:26:34.033884+00:00,6c992759eb08,ok,,,eager-resident,cuda,,1048576,32,1,64,3,363.734853,363.62164306640625,184499405.12024567,5.420071676373482,25.18655014038086,True,True,0.0,0.0
pilot-002-modal-l4-crossover,20260811T152258Z,2026-08-11T15:26:34.033884+00:00,6c992759eb08,ok,,,eager-resident,cuda,,1048576,32,1,64,4,364.213359,364.104736328125,184257008.54097447,5.427201971411705,24.321107864379883,True,True,0.0,0.0
pilot-002-modal-l4-crossover,20260811T152258Z,2026-08-11T15:26:34.033884+00:00,6c992759eb08,ok,,,eager-resident,cuda,,1048576,32,1,64,5,367.360447,367.26123046875,182678523.36318612,5.474097236990929,23.482940673828125,True,True,0.0,0.0
pilot-002-modal-l4-crossover,20260811T152258Z,2026-08-11T15:26:34.033884+00:00,6c992759eb08,ok,,,eager-resident,cuda,,1048576,32,1,64,6,363.49793,363.38665771484375,184619659.31965557,5.416541248559952,22.67117691040039,True,True,0.0,0.0
pilot-002-modal-l4-crossover,20260811T152258Z,2026-08-11T15:26:36.933556+00:00,487da8867884,ok,,,graph-resident,cuda,,65536,8,8,64,0,4.957881,4.8506879806518555,845987227.2045254,1.1820509433746338,-2.820934295654297,True,True,0.0,0.0
pilot-002-modal-l4-crossover,20260811T152258Z,2026-08-11T15:26:36.933556+00:00,487da8867884,ok,,,graph-resident,cuda,,65536,8,8,64,1,4.892789,4.850399971008301,857241953.4134827,1.1665318012237549,-2.7850418090820312,True,True,0.0,0.0
pilot-002-modal-l4-crossover,20260811T152258Z,2026-08-11T15:26:36.933556+00:00,487da8867884,ok,,,graph-resident,cuda,,65536,8,8,64,2,4.885421,4.844351768493652,858534812.045881,1.1647751331329346,-2.751180648803711,True,True,0.0,0.0
pilot-002-modal-l4-crossover,20260811T152258Z,2026-08-11T15:26:36.933556+00:00,487da8867884,ok,,,graph-resident,cuda,,65536,8,8,64,3,4.846811,4.8052802085876465,865373954.1319025,1.1555697917938232,-2.7208738327026367,True,True,0.0,0.0
pilot-002-modal-l4-crossover,20260811T152258Z,2026-08-11T15:26:36.933556+00:00,487da8867884,ok,,,graph-resident,cuda,,65536,8,8,64,4,4.823322,4.784160137176514,869588221.5618199,1.1499695777893066,-2.692626476287842,True,True,0.0,0.0
pilot-002-modal-l4-crossover,20260811T152258Z,2026-08-11T15:26:36.933556+00:00,487da8867884,ok,,,graph-resident,cuda,,65536,8,8,64,5,4.816768,4.782591819763184,870771438.4417104,1.148406982421875,-2.6660513877868652,True,True,0.0,0.0
pilot-002-modal-l4-crossover,20260811T152258Z,2026-08-11T15:26:36.933556+00:00,487da8867884,ok,,,graph-resident,cuda,,65536,8,8,64,6,4.869677,4.812191963195801,861310514.0238254,1.1610214710235596,-2.6389732360839844,True,True,0.0,0.0
pilot-002-modal-l4-crossover,20260811T152258Z,2026-08-11T15:26:37.014431+00:00,9191426c3600,ok,,,eager-resident,cuda,,1048576,8,1,64,0,108.131844,108.02483367919922,620620730.3743012,1.6112900376319885,-2.9257454872131348,True,True,0.0,0.0
pilot-002-modal-l4-crossover,20260811T152258Z,2026-08-11T15:26:37.014431+00:00,9191426c3600,ok,,,eager-resident,cuda,,1048576,8,1,64,1,108.510164,108.42323303222656,618456940.1259037,1.616927444934845,-2.8688278198242188,True,True,0.0,0.0
pilot-002-modal-l4-crossover,20260811T152258Z,2026-08-11T15:26:37.014431+00:00,9191426c3600,ok,,,eager-resident,cuda,,1048576,8,1,64,2,108.176578,108.08220672607422,620364086.5770407,1.611956626176834,-2.8137006759643555,True,True,0.0,0.0
pilot-002-modal-l4-crossover,20260811T152258Z,2026-08-11T15:26:37.014431+00:00,9191426c3600,ok,,,eager-resident,cuda,,1048576,8,1,64,3,108.515654,108.41490936279297,618425651.2889836,1.6170092523097992,-2.760322093963623,True,True,0.0,0.0
pilot-002-modal-l4-crossover,20260811T152258Z,2026-08-11T15:26:37.014431+00:00,9191426c3600,ok,,,eager-resident,cuda,,1048576,8,1,64,4,108.28775,108.19747161865234,619727199.0599121,1.6136132180690765,-2.7086286544799805,True,True,0.0,0.0
pilot-002-modal-l4-crossover,20260811T152258Z,2026-08-11T15:26:37.014431+00:00,9191426c3600,ok,,,eager-resident,cuda,,1048576,8,1,64,5,108.38227,108.27654266357422,619186735.9855076,1.615021675825119,-2.6585617065429688,True,True,0.0,0.0
pilot-002-modal-l4-crossover,20260811T152258Z,2026-08-11T15:26:37.014431+00:00,9191426c3600,ok,,,eager-resident,cuda,,1048576,8,1,64,6,108.515288,108.4369888305664,618427737.1129495,1.6170037984848022,-2.610076904296875,True,True,0.0,0.0
pilot-002-modal-l4-crossover,20260811T152258Z,2026-08-11T15:26:37.874049+00:00,f5369f591bac,ok,,,cpu,cpu,8,256,32,1,64,0,6.064923,,2701435.7808005144,370.17352294921875,27.957908630371094,True,True,0.0,0.0
pilot-002-modal-l4-crossover,20260811T152258Z,2026-08-11T15:26:37.874049+00:00,f5369f591bac,ok,,,cpu,cpu,8,256,32,1,64,1,6.150963,,2663647.9523612806,375.42498779296875,27.007137298583984,True,True,0.0,0.0
pilot-002-modal-l4-crossover,20260811T152258Z,2026-08-11T15:26:37.874049+00:00,f5369f591bac,ok,,,cpu,cpu,8,256,32,1,64,2,6.597308,,2483437.1837725327,402.667724609375,26.086339950561523,True,True,0.0,0.0
pilot-002-modal-l4-crossover,20260811T152258Z,2026-08-11T15:26:37.874049+00:00,f5369f591bac,ok,,,cpu,cpu,8,256,32,1,64,3,6.432584,,2547032.4211856388,392.61376953125,25.194547653198242,True,True,0.0,0.0
pilot-002-modal-l4-crossover,20260811T152258Z,2026-08-11T15:26:37.874049+00:00,f5369f591bac,ok,,,cpu,cpu,8,256,32,1,64,4,6.117768,,2678100.9021590883,373.39892578125,24.330867767333984,True,True,0.0,0.0
pilot-002-modal-l4-crossover,20260811T152258Z,2026-08-11T15:26:37.874049+00:00,f5369f591bac,ok,,,cpu,cpu,8,256,32,1,64,5,6.340528,,2584011.930867587,386.9951171875,23.494401931762695,True,True,0.0,0.0
pilot-002-modal-l4-crossover,20260811T152258Z,2026-08-11T15:26:37.874049+00:00,f5369f591bac,ok,,,cpu,cpu,8,256,32,1,64,6,5.991295,,2734634.1650678194,365.67962646484375,22.684295654296875,True,True,0.0,0.0
pilot-002-modal-l4-crossover,20260811T152258Z,2026-08-11T15:26:37.921234+00:00,b03251c1977f,ok,,,eager-resident,cuda,,4096,32,8,64,0,10.890598,10.800127983093262,24070670.866742115,41.544334411621094,28.04944610595703,True,True,0.0,0.0
pilot-002-modal-l4-crossover,20260811T152258Z,2026-08-11T15:26:37.921234+00:00,b03251c1977f,ok,,,eager-resident,cuda,,4096,32,8,64,1,11.051769,10.972672462463379,23719641.62479328,42.15915298461914,27.17084312438965,True,True,0.0,0.0
pilot-002-modal-l4-crossover,20260811T152258Z,2026-08-11T15:26:37.921234+00:00,b03251c1977f,ok,,,eager-resident,cuda,,4096,32,8,64,2,10.932736,10.878239631652832,23977895.377698682,41.705078125,26.3139705657959,True,True,0.0,0.0
pilot-002-modal-l4-crossover,20260811T152258Z,2026-08-11T15:26:37.921234+00:00,b03251c1977f,ok,,,eager-resident,cuda,,4096,32,8,64,3,10.607972,10.521759986877441,24711980.76314681,40.46620178222656,25.481529235839844,True,True,0.0,0.0
pilot-002-modal-l4-crossover,20260811T152258Z,2026-08-11T15:26:37.921234+00:00,b03251c1977f,ok,,,eager-resident,cuda,,4096,32,8,64,4,11.051962,10.98528003692627,23719227.409576688,42.159889221191406,24.675321578979492,True,True,0.0,0.0
pilot-002-modal-l4-crossover,20260811T152258Z,2026-08-11T15:26:37.921234+00:00,b03251c1977f,ok,,,eager-resident,cuda,,4096,32,8,64,5,10.983792,10.923135757446289,23866438.840065435,41.89984130859375,23.894481658935547,True,True,0.0,0.0
pilot-002-modal-l4-crossover,20260811T152258Z,2026-08-11T15:26:37.921234+00:00,b03251c1977f,ok,,,eager-resident,cuda,,4096,32,8,64,6,10.988113,10.928095817565918,23857053.526843052,41.916324615478516,23.144290924072266,True,True,0.0,0.0
pilot-002-modal-l4-crossover,20260811T152258Z,2026-08-11T15:26:38.067946+00:00,46563e48a16a,ok,,,eager-host-visible,cuda,,65536,32,8,64,0,22.844453,22.73967933654785,183602732.79469636,5.446542024612427,28.007577896118164,True,True,0.0,0.0
pilot-002-modal-l4-crossover,20260811T152258Z,2026-08-11T15:26:38.067946+00:00,46563e48a16a,ok,,,eager-host-visible,cuda,,65536,32,8,64,1,23.040853,22.974367141723633,182037704.94087178,5.493367433547974,27.095855712890625,True,True,0.0,0.0
pilot-002-modal-l4-crossover,20260811T152258Z,2026-08-11T15:26:38.067946+00:00,46563e48a16a,ok,,,eager-host-visible,cuda,,65536,32,8,64,2,22.461444,22.39641571044922,186733497.63265443,5.355225563049316,26.213260650634766,True,True,0.0,0.0
pilot-002-modal-l4-crossover,20260811T152258Z,2026-08-11T15:26:38.067946+00:00,46563e48a16a,ok,,,eager-host-visible,cuda,,65536,32,8,64,3,23.529543,23.410720825195312,178256925.7719965,5.609880208969116,25.361982345581055,True,True,0.0,0.0
pilot-002-modal-l4-crossover,20260811T152258Z,2026-08-11T15:26:38.067946+00:00,46563e48a16a,ok,,,eager-host-visible,cuda,,65536,32,8,64,4,22.677598,22.610591888427734,184953626.9229219,5.4067606925964355,24.538436889648438,True,True,0.0,0.0
pilot-002-modal-l4-crossover,20260811T152258Z,2026-08-11T15:26:38.067946+00:00,46563e48a16a,ok,,,eager-host-visible,cuda,,65536,32,8,64,5,22.652565,22.58563232421875,185158016.32177195,5.400792360305786,23.73876953125,True,True,0.0,0.0
pilot-002-modal-l4-crossover,20260811T152258Z,2026-08-11T15:26:38.067946+00:00,46563e48a16a,ok,,,eager-host-visible,cuda,,65536,32,8,64,6,22.604964,22.524320602416992,185547917.7051554,5.389443397521973,22.964046478271484,True,True,0.0,0.0
pilot-002-modal-l4-crossover,20260811T152258Z,2026-08-11T15:26:38.254329+00:00,8e9aff88ef57,ok,,,cpu,cpu,8,256,8,8,64,0,5.858765,,2796493.8003145712,357.59063720703125,-2.850161552429199,True,True,0.0,0.0
pilot-002-modal-l4-crossover,20260811T152258Z,2026-08-11T15:26:38.254329+00:00,8e9aff88ef57,ok,,,cpu,cpu,8,256,8,8,64,1,5.990512,,2734991.600050213,365.6318359375,-2.7322745323181152,True,True,0.0,0.0
pilot-002-modal-l4-crossover,20260811T152258Z,2026-08-11T15:26:38.254329+00:00,8e9aff88ef57,ok,,,cpu,cpu,8,256,8,8,64,2,6.107535,,2682587.9835318173,372.77435302734375,-2.6218366622924805,True,True,0.0,0.0
pilot-002-modal-l4-crossover,20260811T152258Z,2026-08-11T15:26:38.254329+00:00,8e9aff88ef57,ok,,,cpu,cpu,8,256,8,8,64,3,6.377239,,2569136.894508736,389.23577880859375,-2.5161938667297363,True,True,0.0,0.0
pilot-002-modal-l4-crossover,20260811T152258Z,2026-08-11T15:26:38.254329+00:00,8e9aff88ef57,ok,,,cpu,cpu,8,256,8,8,64,4,6.01514,,2723793.6274134936,367.135009765625,-2.415565013885498,True,True,0.0,0.0
pilot-002-modal-l4-crossover,20260811T152258Z,2026-08-11T15:26:38.254329+00:00,8e9aff88ef57,ok,,,cpu,cpu,8,256,8,8,64,5,6.018293,,2722366.6245561657,367.32745361328125,-2.3185782432556152,True,True,0.0,0.0
pilot-002-modal-l4-crossover,20260811T152258Z,2026-08-11T15:26:38.254329+00:00,8e9aff88ef57,ok,,,cpu,cpu,8,256,8,8,64,6,5.991169,,2734691.6770333136,365.67193603515625,-2.22428560256958,True,True,0.0,0.0
pilot-002-modal-l4-crossover,20260811T152258Z,2026-08-11T15:26:38.300697+00:00,75f6930c0ef5,ok,,,eager-host-visible,cuda,,4096,8,1,64,0,13.422989,13.346976280212402,19529480.35642434,51.20463943481445,-3.0778112411499023,True,True,0.0,0.0
pilot-002-modal-l4-crossover,20260811T152258Z,2026-08-11T15:26:38.300697+00:00,75f6930c0ef5,ok,,,eager-host-visible,cuda,,4096,8,1,64,1,14.612806,14.537088394165039,17939333.485984825,55.743431091308594,-3.1382431983947754,True,True,0.0,0.0
pilot-002-modal-l4-crossover,20260811T152258Z,2026-08-11T15:26:38.300697+00:00,75f6930c0ef5,ok,,,eager-host-visible,cuda,,4096,8,1,64,2,14.238998,14.177887916564941,18410284.20679601,54.317466735839844,-3.196776866912842,True,True,0.0,0.0
pilot-002-modal-l4-crossover,20260811T152258Z,2026-08-11T15:26:38.300697+00:00,75f6930c0ef5,ok,,,eager-host-visible,cuda,,4096,8,1,64,3,14.118396,14.06067180633545,18567548.324894696,53.85740661621094,-3.2534704208374023,True,True,0.0,0.0
pilot-002-modal-l4-crossover,20260811T152258Z,2026-08-11T15:26:38.300697+00:00,75f6930c0ef5,ok,,,eager-host-visible,cuda,,4096,8,1,64,4,14.158622,14.098912239074707,18514796.143296998,54.01085662841797,-3.308377265930176,True,True,0.0,0.0
pilot-002-modal-l4-crossover,20260811T152258Z,2026-08-11T15:26:38.300697+00:00,75f6930c0ef5,ok,,,eager-host-visible,cuda,,4096,8,1,64,5,14.132281,14.071647644042969,18549305.66410334,53.91037368774414,-3.3615598678588867,True,True,0.0,0.0
pilot-002-modal-l4-crossover,20260811T152258Z,2026-08-11T15:26:38.300697+00:00,75f6930c0ef5,ok,,,eager-host-visible,cuda,,4096,8,1,64,6,14.149188,14.080544471740723,18527140.92144369,53.97486877441406,-3.4130754470825195,True,True,0.0,0.0
pilot-002-modal-l4-crossover,20260811T152258Z,2026-08-11T15:26:38.409733+00:00,75055f9948b1,ok,,,cpu,cpu,8,1048576,8,1,64,0,1432.335155,,46852766.10417343,21.343457028269768,-2.9257473945617676,True,True,0.0,0.0
pilot-002-modal-l4-crossover,20260811T152258Z,2026-08-11T15:26:38.409733+00:00,75055f9948b1,ok,,,cpu,cpu,8,1048576,8,1,64,1,1464.295482,,45830137.991233654,21.81970301270485,-2.868828773498535,True,True,0.0,0.0
pilot-002-modal-l4-crossover,20260811T152258Z,2026-08-11T15:26:38.409733+00:00,75055f9948b1,ok,,,cpu,cpu,8,1048576,8,1,64,2,1451.99281,,46218454.75942819,21.636378914117813,-2.813701629638672,True,True,0.0,0.0
pilot-002-modal-l4-crossover,20260811T152258Z,2026-08-11T15:26:38.409733+00:00,75055f9948b1,ok,,,cpu,cpu,8,1048576,8,1,64,3,1458.668516,,46006932.53051607,21.73585468530655,-2.7603235244750977,True,True,0.0,0.0
pilot-002-modal-l4-crossover,20260811T152258Z,2026-08-11T15:26:38.409733+00:00,75055f9948b1,ok,,,cpu,cpu,8,1048576,8,1,64,4,1440.197902,,46596973.86505427,21.46062108874321,-2.7086288928985596,True,True,0.0,0.0
pilot-002-modal-l4-crossover,20260811T152258Z,2026-08-11T15:26:38.409733+00:00,75055f9948b1,ok,,,cpu,cpu,8,1048576,8,1,64,5,1434.018116,,46797779.784812704,21.368535101413727,-2.6585640907287598,True,True,0.0,0.0
pilot-002-modal-l4-crossover,20260811T152258Z,2026-08-11T15:26:38.409733+00:00,75055f9948b1,ok,,,cpu,cpu,8,1048576,8,1,64,6,1440.411504,,46590063.89052,21.463804006576538,-2.6100783348083496,True,True,0.0,0.0
pilot-002-modal-l4-crossover,20260811T152258Z,2026-08-11T15:26:48.980575+00:00,dc357bf1e819,ok,,,eager-resident,cuda,,65536,32,1,64,0,13.20368,13.074432373046875,317661742.7868594,3.1480026245117188,28.093610763549805,True,True,0.0,0.0
pilot-002-modal-l4-crossover,20260811T152258Z,2026-08-11T15:26:48.980575+00:00,dc357bf1e819,ok,,,eager-resident,cuda,,65536,32,1,64,1,11.217806,11.150431632995605,373896999.11016464,2.6745333671569824,27.247554779052734,True,True,0.0,0.0
pilot-002-modal-l4-crossover,20260811T152258Z,2026-08-11T15:26:48.980575+00:00,dc357bf1e819,ok,,,eager-resident,cuda,,65536,32,1,64,2,11.283551,11.221440315246582,371718442.18189824,2.6902081966400146,26.428152084350586,True,True,0.0,0.0
pilot-002-modal-l4-crossover,20260811T152258Z,2026-08-11T15:26:48.980575+00:00,dc357bf1e819,ok,,,eager-resident,cuda,,65536,32,1,64,3,11.063366,11.007455825805664,379116446.115947,2.637712001800537,25.634532928466797,True,True,0.0,0.0
pilot-002-modal-l4-crossover,20260811T152258Z,2026-08-11T15:26:48.980575+00:00,dc357bf1e819,ok,,,eager-resident,cuda,,65536,32,1,64,4,11.267798,11.207136154174805,372238124.96461153,2.6864523887634277,24.865915298461914,True,True,0.0,0.0
pilot-002-modal-l4-crossover,20260811T152258Z,2026-08-11T15:26:48.980575+00:00,dc357bf1e819,ok,,,eager-resident,cuda,,65536,32,1,64,5,10.684763,10.59552001953125,392550026.61266327,2.5474460124969482,24.12151336669922,True,True,0.0,0.0
pilot-002-modal-l4-crossover,20260811T152258Z,2026-08-11T15:26:48.980575+00:00,dc357bf1e819,ok,,,eager-resident,cuda,,65536,32,1,64,6,11.182304,11.114432334899902,375084061.38842225,2.6660690307617188,23.400550842285156,True,True,0.0,0.0
pilot-002-modal-l4-crossover,20260811T152258Z,2026-08-11T15:26:49.088286+00:00,5b09fb3c6531,ok,,,graph-resident,cuda,,4096,8,1,64,0,1.321063,1.2799999713897705,198434139.77985907,5.039455413818359,-3.2534704208374023,True,True,0.0,0.0
pilot-002-modal-l4-crossover,20260811T152258Z,2026-08-11T15:26:49.088286+00:00,5b09fb3c6531,ok,,,graph-resident,cuda,,4096,8,1,64,1,1.328734,1.2897919416427612,197288546.84233263,5.068717956542969,-3.308377265930176,True,True,0.0,0.0
pilot-002-modal-l4-crossover,20260811T152258Z,2026-08-11T15:26:49.088286+00:00,5b09fb3c6531,ok,,,graph-resident,cuda,,4096,8,1,64,2,1.323394,1.287071943283081,198084621.81330732,5.048347473144531,-3.3615598678588867,True,True,0.0,0.0
pilot-002-modal-l4-crossover,20260811T152258Z,2026-08-11T15:26:49.088286+00:00,5b09fb3c6531,ok,,,graph-resident,cuda,,4096,8,1,64,3,1.342892,1.289471983909607,195208549.90572584,5.1227264404296875,-3.4130754470825195,True,True,0.0,0.0
pilot-002-modal-l4-crossover,20260811T152258Z,2026-08-11T15:26:49.088286+00:00,5b09fb3c6531,ok,,,graph-resident,cuda,,4096,8,1,64,4,1.320756,1.2866560220718384,198480264.3334575,5.0382843017578125,-3.462961196899414,True,True,0.0,0.0
pilot-002-modal-l4-crossover,20260811T152258Z,2026-08-11T15:26:49.088286+00:00,5b09fb3c6531,ok,,,graph-resident,cuda,,4096,8,1,64,5,1.320295,1.2862399816513062,198549566.57413685,5.036525726318359,-3.5112791061401367,True,True,0.0,0.0
pilot-002-modal-l4-crossover,20260811T152258Z,2026-08-11T15:26:49.088286+00:00,5b09fb3c6531,ok,,,graph-resident,cuda,,4096,8,1,64,6,1.317981,1.284767985343933,198898163.1753417,5.027698516845703,-3.558065414428711,True,True,0.0,0.0
pilot-002-modal-l4-crossover,20260811T152258Z,2026-08-11T15:26:49.152306+00:00,5b14a69c7426,ok,,,cpu,cpu,8,65536,8,1,64,0,50.185726,,83575636.6262391,11.965209484100342,-3.184319019317627,True,True,0.0,0.0
pilot-002-modal-l4-crossover,20260811T152258Z,2026-08-11T15:26:49.152306+00:00,5b14a69c7426,ok,,,cpu,cpu,8,65536,8,1,64,1,50.943685,,82332167.37265866,12.145920991897583,-3.326930046081543,True,True,0.0,0.0
pilot-002-modal-l4-crossover,20260811T152258Z,2026-08-11T15:26:49.152306+00:00,5b14a69c7426,ok,,,cpu,cpu,8,65536,8,1,64,2,52.083449,,80530457.95795897,12.417661905288696,-3.465041160583496,True,True,0.0,0.0
pilot-002-modal-l4-crossover,20260811T152258Z,2026-08-11T15:26:49.152306+00:00,5b14a69c7426,ok,,,cpu,cpu,8,65536,8,1,64,3,51.960508,,80720996.80010827,12.388350486755371,-3.5988047122955322,True,True,0.0,0.0
pilot-002-modal-l4-crossover,20260811T152258Z,2026-08-11T15:26:49.152306+00:00,5b14a69c7426,ok,,,cpu,cpu,8,65536,8,1,64,4,54.259651,,77300607.7757485,12.936508893966675,-3.728348731994629,True,True,0.0,0.0
pilot-002-modal-l4-crossover,20260811T152258Z,2026-08-11T15:26:49.152306+00:00,5b14a69c7426,ok,,,cpu,cpu,8,65536,8,1,64,5,54.457846,,77019278.36073428,12.983762264251709,-3.853804111480713,True,True,0.0,0.0
pilot-002-modal-l4-crossover,20260811T152258Z,2026-08-11T15:26:49.152306+00:00,5b14a69c7426,ok,,,cpu,cpu,8,65536,8,1,64,6,51.271474,,81805801.0191008,12.224071979522705,-3.975302219390869,True,True,0.0,0.0
pilot-002-modal-l4-crossover,20260811T152258Z,2026-08-11T15:26:49.537740+00:00,69614f5cdf5d,ok,,,eager-host-visible,cuda,,256,32,8,64,0,13.437531,13.361727714538574,1219271.605773412,820.1618041992188,27.978601455688477,True,True,0.0,0.0
pilot-002-modal-l4-crossover,20260811T152258Z,2026-08-11T15:26:49.537740+00:00,69614f5cdf5d,ok,,,eager-host-visible,cuda,,256,32,8,64,1,13.365589,13.310336112976074,1225834.4918431952,815.7708129882812,27.052200317382812,True,True,0.0,0.0
pilot-002-modal-l4-crossover,20260811T152258Z,2026-08-11T15:26:49.537740+00:00,69614f5cdf5d,ok,,,eager-host-visible,cuda,,256,32,8,64,2,13.90879,13.844544410705566,1177960.124496811,848.9251708984375,26.158756256103516,True,True,0.0,0.0
pilot-002-modal-l4-crossover,20260811T152258Z,2026-08-11T15:26:49.537740+00:00,69614f5cdf5d,ok,,,eager-host-visible,cuda,,256,32,8,64,3,13.08701,12.979968070983887,1251928.438963522,798.7677001953125,25.293296813964844,True,True,0.0,0.0
pilot-002-modal-l4-crossover,20260811T152258Z,2026-08-11T15:26:49.537740+00:00,69614f5cdf5d,ok,,,eager-host-visible,cuda,,256,32,8,64,4,15.937006,15.856608390808105,1028047.551717054,972.7176513671875,24.456317901611328,True,True,0.0,0.0
pilot-002-modal-l4-crossover,20260811T152258Z,2026-08-11T15:26:49.537740+00:00,69614f5cdf5d,ok,,,eager-host-visible,cuda,,256,32,8,64,5,13.671337,13.59875202178955,1198419.7302721746,834.4321899414062,23.648353576660156,True,True,0.0,0.0
pilot-002-modal-l4-crossover,20260811T152258Z,2026-08-11T15:26:49.537740+00:00,69614f5cdf5d,ok,,,eager-host-visible,cuda,,256,32,8,64,6,13.493359,13.432607650756836,1214226.9393410492,823.5692749023438,22.86499786376953,True,True,0.0,0.0
pilot-002-modal-l4-crossover,20260811T152258Z,2026-08-11T15:26:49.642074+00:00,5314b40cf8a6,ok,,,eager-resident,cuda,,65536,8,8,64,0,11.750745,11.691007614135742,356939411.0756382,2.80159592628479,-2.9417076110839844,True,True,0.0,0.0
pilot-002-modal-l4-crossover,20260811T152258Z,2026-08-11T15:26:49.642074+00:00,5314b40cf8a6,ok,,,eager-resident,cuda,,65536,8,8,64,1,11.055726,11.000927925109863,379378432.49733216,2.635890483856201,-2.897563934326172,True,True,0.0,0.0
pilot-002-modal-l4-crossover,20260811T152258Z,2026-08-11T15:26:49.642074+00:00,5314b40cf8a6,ok,,,eager-resident,cuda,,65536,8,8,64,2,11.12474,11.048864364624023,377024901.25611925,2.6523447036743164,-2.858430862426758,True,True,0.0,0.0
pilot-002-modal-l4-crossover,20260811T152258Z,2026-08-11T15:26:49.642074+00:00,5314b40cf8a6,ok,,,eager-resident,cuda,,65536,8,8,64,3,11.241496,11.182975769042969,373109059.505959,2.6801815032958984,-2.820934295654297,True,True,0.0,0.0
pilot-002-modal-l4-crossover,20260811T152258Z,2026-08-11T15:26:49.642074+00:00,5314b40cf8a6,ok,,,eager-resident,cuda,,65536,8,8,64,4,10.793638,10.702783584594727,388590390.00566816,2.573403835296631,-2.7850418090820312,True,True,0.0,0.0
pilot-002-modal-l4-crossover,20260811T152258Z,2026-08-11T15:26:49.642074+00:00,5314b40cf8a6,ok,,,eager-resident,cuda,,65536,8,8,64,5,11.367988,11.289152145385742,368957461.9536896,2.7103395462036133,-2.751180648803711,True,True,0.0,0.0
pilot-002-modal-l4-crossover,20260811T152258Z,2026-08-11T15:26:49.642074+00:00,5314b40cf8a6,ok,,,eager-resident,cuda,,65536,8,8,64,6,11.154411,11.094688415527344,376022006.00282705,2.659418821334839,-2.7208738327026367,True,True,0.0,0.0
pilot-002-modal-l4-crossover,20260811T152258Z,2026-08-11T15:26:49.734013+00:00,671de9a846f0,ok,,,eager-host-visible,cuda,,4096,32,1,64,0,13.883438,13.830880165100098,18881778.418285154,52.96111297607422,28.0797119140625,True,True,0.0,0.0
pilot-002-modal-l4-crossover,20260811T152258Z,2026-08-11T15:26:49.734013+00:00,671de9a846f0,ok,,,eager-host-visible,cuda,,4096,32,1,64,1,14.141187,14.084192276000977,18537623.46824209,53.9443473815918,27.222932815551758,True,True,0.0,0.0
pilot-002-modal-l4-crossover,20260811T152258Z,2026-08-11T15:26:49.734013+00:00,671de9a846f0,ok,,,eager-host-visible,cuda,,4096,32,1,64,2,14.128986,14.071328163146973,18553631.520336986,53.897804260253906,26.39313316345215,True,True,0.0,0.0
pilot-002-modal-l4-crossover,20260811T152258Z,2026-08-11T15:26:49.734013+00:00,671de9a846f0,ok,,,eager-host-visible,cuda,,4096,32,1,64,3,14.199667,14.14521598815918,18461278.000392545,54.16743087768555,25.589458465576172,True,True,0.0,0.0
pilot-002-modal-l4-crossover,20260811T152258Z,2026-08-11T15:26:49.734013+00:00,671de9a846f0,ok,,,eager-host-visible,cuda,,4096,32,1,64,4,13.967748,13.913439750671387,18767807.093885142,53.28273010253906,24.811086654663086,True,True,0.0,0.0
pilot-002-modal-l4-crossover,20260811T152258Z,2026-08-11T15:26:49.734013+00:00,671de9a846f0,ok,,,eager-host-visible,cuda,,4096,32,1,64,5,13.889092,13.83852767944336,18874091.985278808,52.98268127441406,24.057235717773438,True,True,0.0,0.0
pilot-002-modal-l4-crossover,20260811T152258Z,2026-08-11T15:26:49.734013+00:00,671de9a846f0,ok,,,eager-host-visible,cuda,,4096,32,1,64,6,14.002234,13.945152282714844,18721583.998667642,53.414283752441406,23.3271427154541,True,True,0.0,0.0
pilot-002-modal-l4-crossover,20260811T152258Z,2026-08-11T15:26:49.839958+00:00,57d7ae45a8cf,ok,,,cpu,cpu,8,4096,32,8,64,0,14.93599,,17551163.33098777,56.976280212402344,28.0494384765625,True,True,0.0,0.0
pilot-002-modal-l4-crossover,20260811T152258Z,2026-08-11T15:26:49.839958+00:00,57d7ae45a8cf,ok,,,cpu,cpu,8,4096,32,8,64,1,15.878106,,16509777.677513931,60.570167541503906,27.170841217041016,True,True,0.0,0.0
pilot-002-modal-l4-crossover,20260811T152258Z,2026-08-11T15:26:49.839958+00:00,57d7ae45a8cf,ok,,,cpu,cpu,8,4096,32,8,64,2,17.485625,,14991971.976981094,66.70236587524414,26.31396484375,True,True,0.0,0.0
pilot-002-modal-l4-crossover,20260811T152258Z,2026-08-11T15:26:49.839958+00:00,57d7ae45a8cf,ok,,,cpu,cpu,8,4096,32,8,64,3,18.107724,,14476916.038702598,69.07548522949219,25.48153305053711,True,True,0.0,0.0
pilot-002-modal-l4-crossover,20260811T152258Z,2026-08-11T15:26:49.839958+00:00,57d7ae45a8cf,ok,,,cpu,cpu,8,4096,32,8,64,4,17.093571,,15335824.211336529,65.2067985534668,24.675325393676758,True,True,0.0,0.0
pilot-002-modal-l4-crossover,20260811T152258Z,2026-08-11T15:26:49.839958+00:00,57d7ae45a8cf,ok,,,cpu,cpu,8,4096,32,8,64,5,16.716453,,15681795.653659299,63.768207550048835,23.89447784423828,True,True,0.0,0.0
pilot-002-modal-l4-crossover,20260811T152258Z,2026-08-11T15:26:49.839958+00:00,57d7ae45a8cf,ok,,,cpu,cpu,8,4096,32,8,64,6,17.849065,,14686707.679085711,68.08877944946289,23.1442928314209,True,True,0.0,0.0
pilot-002-modal-l4-crossover,20260811T152258Z,2026-08-11T15:26:49.971507+00:00,70a26be05f1b,ok,,,eager-host-visible,cuda,,4096,8,8,64,0,14.144508,14.057920455932617,18533271.005255185,53.95701599121094,-2.928821563720703,True,True,0.0,0.0
pilot-002-modal-l4-crossover,20260811T152258Z,2026-08-11T15:26:49.971507+00:00,70a26be05f1b,ok,,,eager-host-visible,cuda,,4096,8,8,64,1,13.979275,13.921600341796875,18752331.576566026,53.32670211791992,-2.8713760375976562,True,True,0.0,0.0
pilot-002-modal-l4-crossover,20260811T152258Z,2026-08-11T15:26:49.971507+00:00,70a26be05f1b,ok,,,eager-host-visible,cuda,,4096,8,8,64,2,13.607257,13.510111808776855,19265014.24938178,51.90756607055664,-2.814406394958496,True,True,0.0,0.0
pilot-002-modal-l4-crossover,20260811T152258Z,2026-08-11T15:26:49.971507+00:00,70a26be05f1b,ok,,,eager-host-visible,cuda,,4096,8,8,64,3,14.34478,14.280768394470215,18274522.160674475,54.72099304199219,-2.7588539123535156,True,True,0.0,0.0
pilot-002-modal-l4-crossover,20260811T152258Z,2026-08-11T15:26:49.971507+00:00,70a26be05f1b,ok,,,eager-host-visible,cuda,,4096,8,8,64,4,13.978113,13.921919822692871,18753890.45717401,53.322269439697266,-2.704799175262451,True,True,0.0,0.0
pilot-002-modal-l4-crossover,20260811T152258Z,2026-08-11T15:26:49.971507+00:00,70a26be05f1b,ok,,,eager-host-visible,cuda,,4096,8,8,64,5,13.97067,13.914143562316895,18763881.76086043,53.29387664794922,-2.6512222290039062,True,True,0.0,0.0
pilot-002-modal-l4-crossover,20260811T152258Z,2026-08-11T15:26:49.971507+00:00,70a26be05f1b,ok,,,eager-host-visible,cuda,,4096,8,8,64,6,14.181396,14.12342357635498,18485063.106622227,54.09773254394531,-2.593958854675293,True,True,0.0,0.0
pilot-002-modal-l4-crossover,20260811T152258Z,2026-08-11T15:26:50.076185+00:00,12c52d25c09c,ok,,,eager-resident,cuda,,65536,32,8,64,0,11.7222,11.662336349487305,357808602.48076296,2.794790267944336,28.007577896118164,True,True,0.0,0.0
pilot-002-modal-l4-crossover,20260811T152258Z,2026-08-11T15:26:50.076185+00:00,12c52d25c09c,ok,,,eager-resident,cuda,,65536,32,8,64,1,11.150056,11.09062385559082,376168873.0531937,2.6583805084228516,27.095855712890625,True,True,0.0,0.0
pilot-002-modal-l4-crossover,20260811T152258Z,2026-08-11T15:26:50.076185+00:00,12c52d25c09c,ok,,,eager-resident,cuda,,65536,32,8,64,2,10.839922,10.750176429748535,386931197.47540617,2.5844388008117676,26.213260650634766,True,True,0.0,0.0
pilot-002-modal-l4-crossover,20260811T152258Z,2026-08-11T15:26:50.076185+00:00,12c52d25c09c,ok,,,eager-resident,cuda,,65536,32,8,64,3,11.292897,11.23094367980957,371410808.0504055,2.692436456680298,25.361982345581055,True,True,0.0,0.0
pilot-002-modal-l4-crossover,20260811T152258Z,2026-08-11T15:26:50.076185+00:00,12c52d25c09c,ok,,,eager-resident,cuda,,65536,32,8,64,4,11.20895,11.148703575134277,374192408.74479765,2.672421932220459,24.538436889648438,True,True,0.0,0.0
pilot-002-modal-l4-crossover,20260811T152258Z,2026-08-11T15:26:50.076185+00:00,12c52d25c09c,ok,,,eager-resident,cuda,,65536,32,8,64,5,11.145846,11.086560249328613,376310959.25782573,2.657376766204834,23.73876953125,True,True,0.0,0.0
pilot-002-modal-l4-crossover,20260811T152258Z,2026-08-11T15:26:50.076185+00:00,12c52d25c09c,ok,,,eager-resident,cuda,,65536,32,8,64,6,11.256539,11.194080352783203,372610444.47143126,2.6837680339813232,22.964046478271484,True,True,0.0,0.0
pilot-002-modal-l4-crossover,20260811T152258Z,2026-08-11T15:26:50.195596+00:00,b08e051f4dea,ok,,,cpu,cpu,8,4096,32,1,64,0,17.051287,,15373854.184731042,65.04549789428711,28.0797061920166,True,True,0.0,0.0
pilot-002-modal-l4-crossover,20260811T152258Z,2026-08-11T15:26:50.195596+00:00,b08e051f4dea,ok,,,cpu,cpu,8,4096,32,1,64,1,16.808928,,15595521.618035367,64.1209716796875,27.22293472290039,True,True,0.0,0.0
pilot-002-modal-l4-crossover,20260811T152258Z,2026-08-11T15:26:50.195596+00:00,b08e051f4dea,ok,,,cpu,cpu,8,4096,32,1,64,2,16.283606,,16098645.472016457,62.11702728271484,26.393131256103516,True,True,0.0,0.0
pilot-002-modal-l4-crossover,20260811T152258Z,2026-08-11T15:26:50.195596+00:00,b08e051f4dea,ok,,,cpu,cpu,8,4096,32,1,64,3,16.07981,,16302680.193360494,61.339607238769524,25.589452743530273,True,True,0.0,0.0
pilot-002-modal-l4-crossover,20260811T152258Z,2026-08-11T15:26:50.195596+00:00,b08e051f4dea,ok,,,cpu,cpu,8,4096,32,1,64,4,17.024049,,15398451.919399431,64.94159317016602,24.811084747314453,True,True,0.0,0.0
pilot-002-modal-l4-crossover,20260811T152258Z,2026-08-11T15:26:50.195596+00:00,b08e051f4dea,ok,,,cpu,cpu,8,4096,32,1,64,5,15.597507,,16806788.418174777,59.4997673034668,24.057233810424805,True,True,0.0,0.0
pilot-002-modal-l4-crossover,20260811T152258Z,2026-08-11T15:26:50.195596+00:00,b08e051f4dea,ok,,,cpu,cpu,8,4096,32,1,64,6,14.163117,,18508920.03504596,54.02800369262695,23.327146530151367,True,True,0.0,0.0
pilot-002-modal-l4-crossover,20260811T152258Z,2026-08-11T15:26:50.316410+00:00,c116128351ab,ok,,,graph-resident,cuda,,1048576,32,1,64,0,363.784393,363.6305847167969,184474280.07171267,5.420809879899025,25.18655014038086,True,True,0.0,0.0
pilot-002-modal-l4-crossover,20260811T152258Z,2026-08-11T15:26:50.316410+00:00,c116128351ab,ok,,,graph-resident,cuda,,1048576,32,1,64,1,363.831285,363.7242431640625,184450504.30448827,5.421508625149727,24.321107864379883,True,True,0.0,0.0
pilot-002-modal-l4-crossover,20260811T152258Z,2026-08-11T15:26:50.316410+00:00,c116128351ab,ok,,,graph-resident,cuda,,1048576,32,1,64,2,367.698989,367.5749816894531,182510330.48121873,5.479141905903816,23.482940673828125,True,True,0.0,0.0
pilot-002-modal-l4-crossover,20260811T152258Z,2026-08-11T15:26:50.316410+00:00,c116128351ab,ok,,,graph-resident,cuda,,1048576,32,1,64,3,363.640237,363.5459899902344,184547410.24712288,5.418661788105965,22.67117691040039,True,True,0.0,0.0
pilot-002-modal-l4-crossover,20260811T152258Z,2026-08-11T15:26:50.316410+00:00,c116128351ab,ok,,,graph-resident,cuda,,1048576,32,1,64,4,365.960846,365.87017822265625,183377169.26143515,5.453241556882858,21.884990692138672,True,True,0.0,0.0
pilot-002-modal-l4-crossover,20260811T152258Z,2026-08-11T15:26:50.316410+00:00,c116128351ab,ok,,,graph-resident,cuda,,1048576,32,1,64,5,366.283585,366.17926025390625,183215592.3667723,5.4580507427453995,21.123584747314453,True,True,0.0,0.0
pilot-002-modal-l4-crossover,20260811T152258Z,2026-08-11T15:26:50.316410+00:00,c116128351ab,ok,,,graph-resident,cuda,,1048576,32,1,64,6,363.88039,363.7860412597656,184425613.04279134,5.422240346670151,20.38614845275879,True,True,0.0,0.0
pilot-002-modal-l4-crossover,20260811T152258Z,2026-08-11T15:26:54.355168+00:00,74a7f1140936,ok,,,cpu,cpu,1,4096,8,8,64,0,16.868148,,15540769.50237809,64.34687805175781,-2.928821563720703,True,True,0.0,0.0
pilot-002-modal-l4-crossover,20260811T152258Z,2026-08-11T15:26:54.355168+00:00,74a7f1140936,ok,,,cpu,cpu,1,4096,8,8,64,1,17.333599,,15123460.511576392,66.12243270874023,-2.871377468109131,True,True,0.0,0.0
pilot-002-modal-l4-crossover,20260811T152258Z,2026-08-11T15:26:54.355168+00:00,74a7f1140936,ok,,,cpu,cpu,1,4096,8,8,64,2,17.258683,,15189107.998565128,65.83665084838867,-2.814405918121338,True,True,0.0,0.0
pilot-002-modal-l4-crossover,20260811T152258Z,2026-08-11T15:26:54.355168+00:00,74a7f1140936,ok,,,cpu,cpu,1,4096,8,8,64,3,17.568843,,14920959.792286834,67.01981735229492,-2.758856773376465,True,True,0.0,0.0
pilot-002-modal-l4-crossover,20260811T152258Z,2026-08-11T15:26:54.355168+00:00,74a7f1140936,ok,,,cpu,cpu,1,4096,8,8,64,4,17.293339,,15158668.895578815,65.96885299682617,-2.704800844192505,True,True,0.0,0.0
pilot-002-modal-l4-crossover,20260811T152258Z,2026-08-11T15:26:54.355168+00:00,74a7f1140936,ok,,,cpu,cpu,1,4096,8,8,64,5,17.301043,,15151918.875642354,65.99824142456055,-2.65122127532959,True,True,0.0,0.0
pilot-002-modal-l4-crossover,20260811T152258Z,2026-08-11T15:26:54.355168+00:00,74a7f1140936,ok,,,cpu,cpu,1,4096,8,8,64,6,17.320454,,15134938.148849906,66.0722885131836,-2.593959093093872,True,True,0.0,0.0
pilot-002-modal-l4-crossover,20260811T152258Z,2026-08-11T15:26:54.483243+00:00,c15da9d3e19f,ok,,,cpu,cpu,1,256,8,8,64,0,4.194855,,3905736.9086654964,256.03363037109375,-2.850161552429199,True,True,0.0,0.0
pilot-002-modal-l4-crossover,20260811T152258Z,2026-08-11T15:26:54.483243+00:00,c15da9d3e19f,ok,,,cpu,cpu,1,256,8,8,64,1,4.391623,,3730739.182302306,268.04339599609375,-2.7322745323181152,True,True,0.0,0.0
pilot-002-modal-l4-crossover,20260811T152258Z,2026-08-11T15:26:54.483243+00:00,c15da9d3e19f,ok,,,cpu,cpu,1,256,8,8,64,2,4.378307,,3742085.6965945964,267.23065185546875,-2.6218366622924805,True,True,0.0,0.0
pilot-002-modal-l4-crossover,20260811T152258Z,2026-08-11T15:26:54.483243+00:00,c15da9d3e19f,ok,,,cpu,cpu,1,256,8,8,64,3,4.255542,,3850038.37349038,259.7376708984375,-2.5161938667297363,True,True,0.0,0.0
pilot-002-modal-l4-crossover,20260811T152258Z,2026-08-11T15:26:54.483243+00:00,c15da9d3e19f,ok,,,cpu,cpu,1,256,8,8,64,4,4.451919,,3680210.7136270893,271.72357177734375,-2.415565013885498,True,True,0.0,0.0
pilot-002-modal-l4-crossover,20260811T152258Z,2026-08-11T15:26:54.483243+00:00,c15da9d3e19f,ok,,,cpu,cpu,1,256,8,8,64,5,4.421593,,3705451.858640088,269.87261962890625,-2.3185782432556152,True,True,0.0,0.0
pilot-002-modal-l4-crossover,20260811T152258Z,2026-08-11T15:26:54.483243+00:00,c15da9d3e19f,ok,,,cpu,cpu,1,256,8,8,64,6,4.410577,,3714706.7152438336,269.20025634765625,-2.22428560256958,True,True,0.0,0.0
pilot-002-modal-l4-crossover,20260811T152258Z,2026-08-11T15:26:54.516719+00:00,704bb9190759,ok,,,cpu,cpu,8,1048576,32,8,64,0,2805.789904,,23917993.25542088,41.80952763557434,28.092544555664062,False,True,3.457069396972656e-05,0.001776247750967741
pilot-002-modal-l4-crossover,20260811T152258Z,2026-08-11T15:26:54.516719+00:00,704bb9190759,ok,,,cpu,cpu,8,1048576,32,8,64,1,2795.19058,,24008689.954872414,41.65158540010452,27.245594024658203,False,True,3.457069396972656e-05,0.001776247750967741
pilot-002-modal-l4-crossover,20260811T152258Z,2026-08-11T15:26:54.516719+00:00,704bb9190759,ok,,,cpu,cpu,8,1048576,32,8,64,2,2824.690231,,23757955.21346142,42.09116445481777,26.425060272216797,False,True,3.457069396972656e-05,0.001776247750967741
pilot-002-modal-l4-crossover,20260811T152258Z,2026-08-11T15:26:54.516719+00:00,704bb9190759,ok,,,cpu,cpu,8,1048576,32,8,64,3,2813.250014,,23854568.085323393,41.920691937208176,25.628204345703125,False,True,3.457069396972656e-05,0.001776247750967741
pilot-002-modal-l4-crossover,20260811T152258Z,2026-08-11T15:26:54.516719+00:00,704bb9190759,ok,,,cpu,cpu,8,1048576,32,8,64,4,2859.794969,,23466320.04302963,42.61426581442356,24.856409072875977,False,True,3.457069396972656e-05,0.001776247750967741
pilot-002-modal-l4-crossover,20260811T152258Z,2026-08-11T15:26:54.516719+00:00,704bb9190759,ok,,,cpu,cpu,8,1048576,32,8,64,5,2814.359351,,23845165.321960334,41.937222346663475,24.106754302978516,False,True,3.457069396972656e-05,0.001776247750967741
pilot-002-modal-l4-crossover,20260811T152258Z,2026-08-11T15:26:54.516719+00:00,704bb9190759,ok,,,cpu,cpu,8,1048576,32,8,64,6,2851.763681,,23532407.137069505,42.49459029734135,23.379833221435547,False,True,3.457069396972656e-05,0.001776247750967741
pilot-002-modal-l4-crossover,20260811T152258Z,2026-08-11T15:27:15.212657+00:00,c94b9771b3fe,ok,,,graph-resident,cuda,,256,32,8,64,0,1.015258,0.971776008605957,16137769.906762617,61.9664306640625,25.293296813964844,True,True,0.0,0.0
pilot-002-modal-l4-crossover,20260811T152258Z,2026-08-11T15:27:15.212657+00:00,c94b9771b3fe,ok,,,graph-resident,cuda,,256,32,8,64,1,1.025601,0.9844160079956055,15975023.425289173,62.59771728515625,24.456317901611328,True,True,0.0,0.0
pilot-002-modal-l4-crossover,20260811T152258Z,2026-08-11T15:27:15.212657+00:00,c94b9771b3fe,ok,,,graph-resident,cuda,,256,32,8,64,2,1.062734,1.0093120336532593,15416839.961834287,64.8641357421875,23.648353576660156,True,True,0.0,0.0
pilot-002-modal-l4-crossover,20260811T152258Z,2026-08-11T15:27:15.212657+00:00,c94b9771b3fe,ok,,,graph-resident,cuda,,256,32,8,64,3,1.033888,0.9897599816322327,15846977.622334335,63.10351562499999,22.86499786376953,True,True,0.0,0.0
pilot-002-modal-l4-crossover,20260811T152258Z,2026-08-11T15:27:15.212657+00:00,c94b9771b3fe,ok,,,graph-resident,cuda,,256,32,8,64,4,1.023472,0.9837440252304077,16008254.256100804,62.46777343749999,22.10663604736328,True,True,0.0,0.0
pilot-002-modal-l4-crossover,20260811T152258Z,2026-08-11T15:27:15.212657+00:00,c94b9771b3fe,ok,,,graph-resident,cuda,,256,32,8,64,5,1.017568,0.9817280173301697,16101135.255825656,62.107421875,21.37319564819336,True,True,0.0,0.0
pilot-002-modal-l4-crossover,20260811T152258Z,2026-08-11T15:27:15.212657+00:00,c94b9771b3fe,ok,,,graph-resident,cuda,,256,32,8,64,6,1.035935,0.9919999837875366,15815664.110199964,63.22845458984375,20.662372589111328,True,True,0.0,0.0
pilot-002-modal-l4-crossover,20260811T152258Z,2026-08-11T15:27:15.252879+00:00,33488724e3ec,ok,,,eager-resident,cuda,,4096,8,1,64,0,10.21315,10.152959823608398,25667301.469184335,38.96007537841797,-3.0778112411499023,True,True,0.0,0.0
pilot-002-modal-l4-crossover,20260811T152258Z,2026-08-11T15:27:15.252879+00:00,33488724e3ec,ok,,,eager-resident,cuda,,4096,8,1,64,1,11.0466,10.985152244567871,23730740.680390347,42.139434814453125,-3.1382431983947754,True,True,0.0,0.0
pilot-002-modal-l4-crossover,20260811T152258Z,2026-08-11T15:27:15.252879+00:00,33488724e3ec,ok,,,eager-resident,cuda,,4096,8,1,64,2,10.452427,10.369407653808594,25079725.50298605,39.87284469604492,-3.196776866912842,True,True,0.0,0.0
pilot-002-modal-l4-crossover,20260811T152258Z,2026-08-11T15:27:15.252879+00:00,33488724e3ec,ok,,,eager-resident,cuda,,4096,8,1,64,3,10.420494,10.351231575012207,25156580.868431002,39.75102996826172,-3.2534704208374023,True,True,0.0,0.0
pilot-002-modal-l4-crossover,20260811T152258Z,2026-08-11T15:27:15.252879+00:00,33488724e3ec,ok,,,eager-resident,cuda,,4096,8,1,64,4,10.361242,10.293248176574707,25300441.78101428,39.525001525878906,-3.308377265930176,True,True,0.0,0.0
pilot-002-modal-l4-crossover,20260811T152258Z,2026-08-11T15:27:15.252879+00:00,33488724e3ec,ok,,,eager-resident,cuda,,4096,8,1,64,5,11.594365,11.49731159210205,22609603.889475618,44.2289924621582,-3.3615598678588867,True,True,0.0,0.0
pilot-002-modal-l4-crossover,20260811T152258Z,2026-08-11T15:27:15.252879+00:00,33488724e3ec,ok,,,eager-resident,cuda,,4096,8,1,64,6,10.366436,10.291007995605469,25287765.245451763,39.54481506347656,-3.4130754470825195,True,True,0.0,0.0
pilot-002-modal-l4-crossover,20260811T152258Z,2026-08-11T15:27:15.334997+00:00,069695ee4154,ok,,,cpu,cpu,1,1048576,8,1,64,0,3778.68019,,17759868.691083908,56.30672261118889,-2.9257473945617676,True,True,0.0,0.0
pilot-002-modal-l4-crossover,20260811T152258Z,2026-08-11T15:27:15.334997+00:00,069695ee4154,ok,,,cpu,cpu,1,1048576,8,1,64,1,3961.337741,,16940959.945278242,59.02853222191334,-2.868828773498535,True,True,0.0,0.0
pilot-002-modal-l4-crossover,20260811T152258Z,2026-08-11T15:27:15.334997+00:00,069695ee4154,ok,,,cpu,cpu,1,1048576,8,1,64,2,3780.776476,,17750021.5699078,56.337959706783295,-2.813701629638672,True,True,0.0,0.0
pilot-002-modal-l4-crossover,20260811T152258Z,2026-08-11T15:27:15.334997+00:00,069695ee4154,ok,,,cpu,cpu,1,1048576,8,1,64,3,3755.406753,,17869932.184147615,55.95992137491703,-2.7603235244750977,True,True,0.0,0.0
pilot-002-modal-l4-crossover,20260811T152258Z,2026-08-11T15:27:15.334997+00:00,069695ee4154,ok,,,cpu,cpu,1,1048576,8,1,64,4,3730.999301,,17986833.710210875,55.59622199833393,-2.7086288928985596,True,True,0.0,0.0
pilot-002-modal-l4-crossover,20260811T152258Z,2026-08-11T15:27:15.334997+00:00,069695ee4154,ok,,,cpu,cpu,1,1048576,8,1,64,5,3746.234262,,17913685.932756547,55.82324060797691,-2.6585640907287598,True,True,0.0,0.0
pilot-002-modal-l4-crossover,20260811T152258Z,2026-08-11T15:27:15.334997+00:00,069695ee4154,ok,,,cpu,cpu,1,1048576,8,1,64,6,3764.690488,,17825864.892189775,56.098259806632996,-2.6100783348083496,True,True,0.0,0.0
pilot-002-modal-l4-crossover,20260811T152258Z,2026-08-11T15:27:42.887887+00:00,825430d1c7e7,ok,,,cpu,cpu,8,1048576,32,1,64,0,2087.670292,,32145336.482088525,31.108711540699,27.955455780029297,True,True,0.0,0.0
pilot-002-modal-l4-crossover,20260811T152258Z,2026-08-11T15:27:42.887887+00:00,825430d1c7e7,ok,,,cpu,cpu,8,1048576,32,1,64,1,2160.90814,,31055861.54162018,32.20004051923752,27.002790451049805,True,True,0.0,0.0
pilot-002-modal-l4-crossover,20260811T152258Z,2026-08-11T15:27:42.887887+00:00,825430d1c7e7,ok,,,cpu,cpu,8,1048576,32,1,64,2,2200.670773,,30494731.344350893,32.792549923062325,26.080141067504883,True,True,0.0,0.0
pilot-002-modal-l4-crossover,20260811T152258Z,2026-08-11T15:27:42.887887+00:00,825430d1c7e7,ok,,,cpu,cpu,8,1048576,32,1,64,3,2218.973556,,30243201.329975653,33.06528264284134,25.186553955078125,True,True,0.0,0.0
pilot-002-modal-l4-crossover,20260811T152258Z,2026-08-11T15:27:42.887887+00:00,825430d1c7e7,ok,,,cpu,cpu,8,1048576,32,1,64,4,2113.913749,,31746264.02413356,31.49976952373981,24.32110595703125,True,True,0.0,0.0
pilot-002-modal-l4-crossover,20260811T152258Z,2026-08-11T15:27:42.887887+00:00,825430d1c7e7,ok,,,cpu,cpu,8,1048576,32,1,64,5,2025.087949,,33138740.48440155,30.17616195976734,23.48294448852539,True,True,0.0,0.0
pilot-002-modal-l4-crossover,20260811T152258Z,2026-08-11T15:27:42.887887+00:00,825430d1c7e7,ok,,,cpu,cpu,8,1048576,32,1,64,6,1992.320454,,33683770.0307021,29.687888234853745,22.671175003051758,True,True,0.0,0.0
pilot-002-modal-l4-crossover,20260811T152258Z,2026-08-11T15:27:58.455716+00:00,6adfa836bbf6,ok,,,cpu,cpu,8,256,32,8,64,0,6.447203,,2541257.038129558,393.50604248046875,27.97860336303711,True,True,0.0,0.0
pilot-002-modal-l4-crossover,20260811T152258Z,2026-08-11T15:27:58.455716+00:00,6adfa836bbf6,ok,,,cpu,cpu,8,256,32,8,64,1,6.368767,,2572554.4677643254,388.71868896484375,27.052200317382812,True,True,0.0,0.0
pilot-002-modal-l4-crossover,20260811T152258Z,2026-08-11T15:27:58.455716+00:00,6adfa836bbf6,ok,,,cpu,cpu,8,256,32,8,64,2,6.322345,,2591443.522933342,385.88531494140625,26.158754348754883,True,True,0.0,0.0
pilot-002-modal-l4-crossover,20260811T152258Z,2026-08-11T15:27:58.455716+00:00,6adfa836bbf6,ok,,,cpu,cpu,8,256,32,8,64,3,6.1216,,2676424.464192368,373.6328125,25.29330062866211,True,True,0.0,0.0
pilot-002-modal-l4-crossover,20260811T152258Z,2026-08-11T15:27:58.455716+00:00,6adfa836bbf6,ok,,,cpu,cpu,8,256,32,8,64,4,6.108754,,2682052.6739168083,372.8487548828125,24.456315994262695,True,True,0.0,0.0
pilot-002-modal-l4-crossover,20260811T152258Z,2026-08-11T15:27:58.455716+00:00,6adfa836bbf6,ok,,,cpu,cpu,8,256,32,8,64,5,6.140856,,2668031.948640385,374.80810546875,23.64834976196289,True,True,0.0,0.0
pilot-002-modal-l4-crossover,20260811T152258Z,2026-08-11T15:27:58.455716+00:00,6adfa836bbf6,ok,,,cpu,cpu,8,256,32,8,64,6,7.514248,,2180391.1715450436,458.63330078125,22.864999771118164,True,True,0.0,0.0
pilot-002-modal-l4-crossover,20260811T152258Z,2026-08-11T15:27:58.506438+00:00,1d554df8139e,ok,,,eager-resident,cuda,,256,8,1,64,0,11.023911,10.935296058654785,1486223.9000296718,672.8461303710938,-2.878509998321533,True,True,0.0,0.0
pilot-002-modal-l4-crossover,20260811T152258Z,2026-08-11T15:27:58.506438+00:00,1d554df8139e,ok,,,eager-resident,cuda,,256,8,1,64,1,10.997509,10.92908763885498,1489791.9156056156,671.2346801757812,-2.785147190093994,True,True,0.0,0.0
pilot-002-modal-l4-crossover,20260811T152258Z,2026-08-11T15:27:58.506438+00:00,1d554df8139e,ok,,,eager-resident,cuda,,256,8,1,64,2,10.77055,10.716575622558594,1521185.083398712,657.3822021484375,-2.694735050201416,True,True,0.0,0.0
pilot-002-modal-l4-crossover,20260811T152258Z,2026-08-11T15:27:58.506438+00:00,1d554df8139e,ok,,,eager-resident,cuda,,256,8,1,64,3,11.075023,11.011263847351074,1479364.8735537615,675.9657592773438,-2.607166290283203,True,True,0.0,0.0
pilot-002-modal-l4-crossover,20260811T152258Z,2026-08-11T15:27:58.506438+00:00,1d554df8139e,ok,,,eager-resident,cuda,,256,8,1,64,4,10.916537,10.851391792297363,1500842.2542789897,666.2925415039062,-2.522346019744873,True,True,0.0,0.0
pilot-002-modal-l4-crossover,20260811T152258Z,2026-08-11T15:27:58.506438+00:00,1d554df8139e,ok,,,eager-resident,cuda,,256,8,1,64,5,10.934003,10.863840103149414,1498444.8056215092,667.3585815429688,-2.4401907920837402,True,True,0.0,0.0
pilot-002-modal-l4-crossover,20260811T152258Z,2026-08-11T15:27:58.506438+00:00,1d554df8139e,ok,,,eager-resident,cuda,,256,8,1,64,6,11.046617,10.984992027282715,1483169.0100236118,674.2319946289062,-2.360630989074707,True,True,0.0,0.0
pilot-002-modal-l4-crossover,20260811T152258Z,2026-08-11T15:27:58.590714+00:00,5637011fa287,ok,,,graph-resident,cuda,,65536,32,8,64,0,7.551514,7.483391761779785,555425574.2623267,1.8004212379455566,25.361982345581055,True,True,0.0,0.0
pilot-002-modal-l4-crossover,20260811T152258Z,2026-08-11T15:27:58.590714+00:00,5637011fa287,ok,,,graph-resident,cuda,,65536,32,8,64,1,7.540407,7.497375965118408,556243714.6960369,1.7977731227874756,24.538436889648438,True,True,0.0,0.0
pilot-002-modal-l4-crossover,20260811T152258Z,2026-08-11T15:27:58.590714+00:00,5637011fa287,ok,,,graph-resident,cuda,,65536,32,8,64,2,7.522134,7.4896321296691895,557594959.0900667,1.7934165000915527,23.73876953125,True,True,0.0,0.0
pilot-002-modal-l4-crossover,20260811T152258Z,2026-08-11T15:27:58.590714+00:00,5637011fa287,ok,,,graph-resident,cuda,,65536,32,8,64,3,7.580756,7.516767978668213,553283076.2525532,1.8073930740356445,22.964046478271484,True,True,0.0,0.0
pilot-002-modal-l4-crossover,20260811T152258Z,2026-08-11T15:27:58.590714+00:00,5637011fa287,ok,,,graph-resident,cuda,,65536,32,8,64,4,7.658984,7.608672142028809,547631905.2239827,1.8260440826416016,22.21257972717285,True,True,0.0,0.0
pilot-002-modal-l4-crossover,20260811T152258Z,2026-08-11T15:27:58.590714+00:00,5637011fa287,ok,,,graph-resident,cuda,,65536,32,8,64,5,7.707495,7.666656017303467,544185108.1317601,1.8376100063323975,21.488157272338867,True,True,0.0,0.0
pilot-002-modal-l4-crossover,20260811T152258Z,2026-08-11T15:27:58.590714+00:00,5637011fa287,ok,,,graph-resident,cuda,,65536,32,8,64,6,7.721461,7.678304195404053,543200826.8901442,1.8409397602081299,20.788820266723633,True,True,0.0,0.0
pilot-002-modal-l4-crossover,20260811T152258Z,2026-08-11T15:27:58.717340+00:00,219f56a7eee5,ok,,,cpu,cpu,8,4096,8,8,64,0,14.645677,,17899070.148822755,55.86882400512695,-2.928821563720703,True,True,0.0,0.0
pilot-002-modal-l4-crossover,20260811T152258Z,2026-08-11T15:27:58.717340+00:00,219f56a7eee5,ok,,,cpu,cpu,8,4096,8,8,64,1,14.754811,,17766679.62741102,56.28513717651367,-2.871377468109131,True,True,0.0,0.0
pilot-002-modal-l4-crossover,20260811T152258Z,2026-08-11T15:27:58.717340+00:00,219f56a7eee5,ok,,,cpu,cpu,8,4096,8,8,64,2,13.61396,,19255528.88358714,51.933135986328125,-2.814405918121338,True,True,0.0,0.0
pilot-002-modal-l4-crossover,20260811T152258Z,2026-08-11T15:27:58.717340+00:00,219f56a7eee5,ok,,,cpu,cpu,8,4096,8,8,64,3,12.509508,,20955580.34736458,47.71998596191406,-2.758856773376465,True,True,0.0,0.0
pilot-002-modal-l4-crossover,20260811T152258Z,2026-08-11T15:27:58.717340+00:00,219f56a7eee5,ok,,,cpu,cpu,8,4096,8,8,64,4,12.563711,,20865172.71847466,47.926753997802734,-2.704800844192505,True,True,0.0,0.0
pilot-002-modal-l4-crossover,20260811T152258Z,2026-08-11T15:27:58.717340+00:00,219f56a7eee5,ok,,,cpu,cpu,8,4096,8,8,64,5,12.467516,,21026161.105387796,47.55979919433594,-2.65122127532959,True,True,0.0,0.0
pilot-002-modal-l4-crossover,20260811T152258Z,2026-08-11T15:27:58.717340+00:00,219f56a7eee5,ok,,,cpu,cpu,8,4096,8,8,64,6,12.553748,,20881731.893933192,47.88874816894531,-2.593959093093872,True,True,0.0,0.0
pilot-002-modal-l4-crossover,20260811T152258Z,2026-08-11T15:27:58.818442+00:00,939a951d5a7b,ok,,,eager-resident,cuda,,1048576,32,8,64,0,363.856835,363.7237854003906,184437552.2037397,5.42188934981823,28.092552185058594,False,True,3.457069396972656e-05,0.001776247750967741
pilot-002-modal-l4-crossover,20260811T152258Z,2026-08-11T15:27:58.818442+00:00,939a951d5a7b,ok,,,eager-resident,cuda,,1048576,32,8,64,1,363.266702,363.1607666015625,184737174.1767843,5.413095682859421,27.24559783935547,False,True,3.457069396972656e-05,0.001776247750967741
pilot-002-modal-l4-crossover,20260811T152258Z,2026-08-11T15:27:58.818442+00:00,939a951d5a7b,ok,,,eager-resident,cuda,,1048576,32,8,64,2,369.293282,369.17327880859375,181722406.7455416,5.502898722887039,26.42505645751953,False,True,3.457069396972656e-05,0.001776247750967741
pilot-002-modal-l4-crossover,20260811T152258Z,2026-08-11T15:27:58.818442+00:00,939a951d5a7b,ok,,,eager-resident,cuda,,1048576,32,8,64,3,365.081542,364.9601135253906,183818835.7383458,5.440138906240463,25.628196716308594,False,True,3.457069396972656e-05,0.001776247750967741
pilot-002-modal-l4-crossover,20260811T152258Z,2026-08-11T15:27:58.818442+00:00,939a951d5a7b,ok,,,eager-resident,cuda,,1048576,32,8,64,4,364.065756,363.9461669921875,184331711.76912338,5.4250025153160095,24.856403350830078,False,True,3.457069396972656e-05,0.001776247750967741
pilot-002-modal-l4-crossover,20260811T152258Z,2026-08-11T15:27:58.818442+00:00,939a951d5a7b,ok,,,eager-resident,cuda,,1048576,32,8,64,5,369.109622,368.9906005859375,181812827.40984735,5.500161975622177,24.10675048828125,False,True,3.457069396972656e-05,0.001776247750967741
pilot-002-modal-l4-crossover,20260811T152258Z,2026-08-11T15:27:58.818442+00:00,939a951d5a7b,ok,,,eager-resident,cuda,,1048576,32,8,64,6,363.617326,363.5062255859375,184559038.31161225,5.418320387601852,23.379833221435547,False,True,3.457069396972656e-05,0.001776247750967741
pilot-002-modal-l4-crossover,20260811T152258Z,2026-08-11T15:28:01.729129+00:00,d8be4c303ae0,ok,,,graph-resident,cuda,,65536,8,1,64,0,4.844891,4.782080173492432,865716896.4172776,1.1551120281219482,-3.598803997039795,True,True,0.0,0.0
pilot-002-modal-l4-crossover,20260811T152258Z,2026-08-11T15:28:01.729129+00:00,d8be4c303ae0,ok,,,graph-resident,cuda,,65536,8,1,64,1,4.862971,4.792128086090088,862498254.6677741,1.1594226360321045,-3.7283496856689453,True,True,0.0,0.0
pilot-002-modal-l4-crossover,20260811T152258Z,2026-08-11T15:28:01.729129+00:00,d8be4c303ae0,ok,,,graph-resident,cuda,,65536,8,1,64,2,4.774623,4.7350077629089355,878457629.0107093,1.1383588314056396,-3.8538055419921875,True,True,0.0,0.0
pilot-002-modal-l4-crossover,20260811T152258Z,2026-08-11T15:28:01.729129+00:00,d8be4c303ae0,ok,,,graph-resident,cuda,,65536,8,1,64,3,4.76771,4.728479862213135,879731359.4996339,1.1367106437683105,-3.9753012657165527,True,True,0.0,0.0
pilot-002-modal-l4-crossover,20260811T152258Z,2026-08-11T15:28:01.729129+00:00,d8be4c303ae0,ok,,,graph-resident,cuda,,65536,8,1,64,4,4.769648,4.729919910430908,879373907.6762058,1.1371726989746094,-4.092968463897705,True,True,0.0,0.0
pilot-002-modal-l4-crossover,20260811T152258Z,2026-08-11T15:28:01.729129+00:00,d8be4c303ae0,ok,,,graph-resident,cuda,,65536,8,1,64,5,4.767754,4.7290239334106445,879723240.7544518,1.136721134185791,-4.2069315910339355,True,True,0.0,0.0
pilot-002-modal-l4-crossover,20260811T152258Z,2026-08-11T15:28:01.729129+00:00,d8be4c303ae0,ok,,,graph-resident,cuda,,65536,8,1,64,6,4.747526,4.706943988800049,883471517.5862124,1.1318984031677246,-4.317298889160156,True,True,0.0,0.0
pilot-002-modal-l4-crossover,20260811T152258Z,2026-08-11T15:28:01.810949+00:00,c83e7794c9d4,ok,,,eager-host-visible,cuda,,65536,32,1,64,0,34.260395,34.193153381347656,122424274.44283697,8.168314695358276,28.093610763549805,True,True,0.0,0.0
pilot-002-modal-l4-crossover,20260811T152258Z,2026-08-11T15:28:01.810949+00:00,c83e7794c9d4,ok,,,eager-host-visible,cuda,,65536,32,1,64,1,24.676165,24.617599487304688,169973899.91516104,5.883256196975708,27.247554779052734,True,True,0.0,0.0
pilot-002-modal-l4-crossover,20260811T152258Z,2026-08-11T15:28:01.810949+00:00,c83e7794c9d4,ok,,,eager-host-visible,cuda,,65536,32,1,64,2,25.062547,25.005952835083008,167353461.72118902,5.975376844406128,26.428152084350586,True,True,0.0,0.0
pilot-002-modal-l4-crossover,20260811T152258Z,2026-08-11T15:28:01.810949+00:00,c83e7794c9d4,ok,,,eager-host-visible,cuda,,65536,32,1,64,3,24.763865,24.707712173461914,169371945.77663866,5.904165506362915,25.634532928466797,True,True,0.0,0.0
pilot-002-modal-l4-crossover,20260811T152258Z,2026-08-11T15:28:01.810949+00:00,c83e7794c9d4,ok,,,eager-host-visible,cuda,,65536,32,1,64,4,24.382072,24.32956886291504,172024100.3307676,5.813138961791992,24.865915298461914,True,True,0.0,0.0
pilot-002-modal-l4-crossover,20260811T152258Z,2026-08-11T15:28:01.810949+00:00,c83e7794c9d4,ok,,,eager-host-visible,cuda,,65536,32,1,64,5,25.522489,25.4617919921875,164337576.95027316,6.085035562515259,24.12151336669922,True,True,0.0,0.0
pilot-002-modal-l4-crossover,20260811T152258Z,2026-08-11T15:28:01.810949+00:00,c83e7794c9d4,ok,,,eager-host-visible,cuda,,65536,32,1,64,6,26.380311,26.323776245117188,158993728.3150301,6.289556264877319,23.400550842285156,True,True,0.0,0.0
pilot-002-modal-l4-crossover,20260811T152258Z,2026-08-11T15:28:02.020015+00:00,39b13885a180,ok,,,eager-host-visible,cuda,,65536,8,8,64,0,24.249436,24.19487953186035,172965012.46461982,5.781516075134277,-2.9417076110839844,True,True,0.0,0.0
pilot-002-modal-l4-crossover,20260811T152258Z,2026-08-11T15:28:02.020015+00:00,39b13885a180,ok,,,eager-host-visible,cuda,,65536,8,8,64,1,23.779856,23.72585678100586,176380546.62736395,5.669559478759766,-2.897563934326172,True,True,0.0,0.0
pilot-002-modal-l4-crossover,20260811T152258Z,2026-08-11T15:28:02.020015+00:00,39b13885a180,ok,,,eager-host-visible,cuda,,65536,8,8,64,2,24.044078,23.98454475402832,174442288.86630628,5.732554912567139,-2.858430862426758,True,True,0.0,0.0
pilot-002-modal-l4-crossover,20260811T152258Z,2026-08-11T15:28:02.020015+00:00,39b13885a180,ok,,,eager-host-visible,cuda,,65536,8,8,64,3,23.856334,23.777088165283203,175815110.56979668,5.687793254852295,-2.820934295654297,True,True,0.0,0.0
pilot-002-modal-l4-crossover,20260811T152258Z,2026-08-11T15:28:02.020015+00:00,39b13885a180,ok,,,eager-host-visible,cuda,,65536,8,8,64,4,23.51656,23.442975997924805,178355337.6854438,5.606784820556641,-2.7850418090820312,True,True,0.0,0.0
pilot-002-modal-l4-crossover,20260811T152258Z,2026-08-11T15:28:02.020015+00:00,39b13885a180,ok,,,eager-host-visible,cuda,,65536,8,8,64,5,23.502272,23.43814468383789,178463767.24769416,5.6033782958984375,-2.751180648803711,True,True,0.0,0.0
pilot-002-modal-l4-crossover,20260811T152258Z,2026-08-11T15:28:02.020015+00:00,39b13885a180,ok,,,eager-host-visible,cuda,,65536,8,8,64,6,23.903493,23.836383819580078,175468246.41904846,5.6990368366241455,-2.7208738327026367,True,True,0.0,0.0
pilot-002-modal-l4-crossover,20260811T152258Z,2026-08-11T15:28:02.199204+00:00,71a74513b223,ok,,,graph-resident,cuda,,4096,8,8,64,0,1.344148,1.307647943496704,195026142.95449612,5.1275177001953125,-2.7588539123535156,True,True,0.0,0.0
pilot-002-modal-l4-crossover,20260811T152258Z,2026-08-11T15:28:02.199204+00:00,71a74513b223,ok,,,graph-resident,cuda,,4096,8,8,64,1,1.353417,1.3169280290603638,193690488.5929466,5.162876129150391,-2.704799175262451,True,True,0.0,0.0
pilot-002-modal-l4-crossover,20260811T152258Z,2026-08-11T15:28:02.199204+00:00,71a74513b223,ok,,,graph-resident,cuda,,4096,8,8,64,2,1.345317,1.3142720460891724,194856676.90217248,5.131977081298828,-2.6512222290039062,True,True,0.0,0.0
pilot-002-modal-l4-crossover,20260811T152258Z,2026-08-11T15:28:02.199204+00:00,71a74513b223,ok,,,graph-resident,cuda,,4096,8,8,64,3,1.358001,1.317855954170227,193036676.70347813,5.180362701416016,-2.593958854675293,True,True,0.0,0.0
pilot-002-modal-l4-crossover,20260811T152258Z,2026-08-11T15:28:02.199204+00:00,71a74513b223,ok,,,graph-resident,cuda,,4096,8,8,64,4,1.346431,1.3141759634017944,194695457.84373653,5.136226654052734,-2.535679817199707,True,True,0.0,0.0
pilot-002-modal-l4-crossover,20260811T152258Z,2026-08-11T15:28:02.199204+00:00,71a74513b223,ok,,,graph-resident,cuda,,4096,8,8,64,5,1.351289,1.3156800270080566,193995510.95287538,5.154758453369141,-2.4792346954345703,True,True,0.0,0.0
pilot-002-modal-l4-crossover,20260811T152258Z,2026-08-11T15:28:02.199204+00:00,71a74513b223,ok,,,graph-resident,cuda,,4096,8,8,64,6,1.346209,1.3132480382919312,194727564.59063935,5.135379791259766,-2.425436496734619,True,True,0.0,0.0
pilot-002-modal-l4-crossover,20260811T152258Z,2026-08-11T15:28:02.238372+00:00,16b40bf9a8bc,ok,,,graph-resident,cuda,,256,8,1,64,0,0.98044,0.942080020904541,16710864.509811921,59.84130859375,-2.607166290283203,True,True,0.0,0.0
pilot-002-modal-l4-crossover,20260811T152258Z,2026-08-11T15:28:02.238372+00:00,16b40bf9a8bc,ok,,,graph-resident,cuda,,256,8,1,64,1,0.990202,0.9520000219345093,16546118.872714862,60.4371337890625,-2.522346019744873,True,True,0.0,0.0
pilot-002-modal-l4-crossover,20260811T152258Z,2026-08-11T15:28:02.238372+00:00,16b40bf9a8bc,ok,,,graph-resident,cuda,,256,8,1,64,2,1.000334,0.9506880044937134,16378529.571123244,61.0555419921875,-2.4401907920837402,True,True,0.0,0.0
pilot-002-modal-l4-crossover,20260811T152258Z,2026-08-11T15:28:02.238372+00:00,16b40bf9a8bc,ok,,,graph-resident,cuda,,256,8,1,64,3,0.986892,0.9508159756660461,16601613.95573173,60.235107421875,-2.360630989074707,True,True,0.0,0.0
pilot-002-modal-l4-crossover,20260811T152258Z,2026-08-11T15:28:02.238372+00:00,16b40bf9a8bc,ok,,,graph-resident,cuda,,256,8,1,64,4,0.992377,0.9528639912605286,16509854.621781843,60.56988525390625,-2.2835631370544434,True,True,0.0,0.0
pilot-002-modal-l4-crossover,20260811T152258Z,2026-08-11T15:28:02.238372+00:00,16b40bf9a8bc,ok,,,graph-resident,cuda,,256,8,1,64,5,0.987604,0.9508159756660461,16589645.2424251,60.278564453125,-2.2089219093322754,True,True,0.0,0.0
pilot-002-modal-l4-crossover,20260811T152258Z,2026-08-11T15:28:02.238372+00:00,16b40bf9a8bc,ok,,,graph-resident,cuda,,256,8,1,64,6,0.989049,0.9518719911575317,16565407.780605411,60.36676025390625,-2.13663911819458,True,True,0.0,0.0
pilot-002-modal-l4-crossover,20260811T152258Z,2026-08-11T15:28:02.270040+00:00,ffc18b8b296c,ok,,,cpu,cpu,8,256,8,1,64,0,6.386118,,2565564.870552032,389.7777099609375,-2.878512382507324,True,True,0.0,0.0
pilot-002-modal-l4-crossover,20260811T152258Z,2026-08-11T15:28:02.270040+00:00,ffc18b8b296c,ok,,,cpu,cpu,8,256,8,1,64,1,6.034072,,2715247.6801735214,368.29052734375,-2.785146713256836,True,True,0.0,0.0
pilot-002-modal-l4-crossover,20260811T152258Z,2026-08-11T15:28:02.270040+00:00,ffc18b8b296c,ok,,,cpu,cpu,8,256,8,1,64,2,5.90044,,2776742.073472487,360.13427734375,-2.6947364807128906,True,True,0.0,0.0
pilot-002-modal-l4-crossover,20260811T152258Z,2026-08-11T15:28:02.270040+00:00,ffc18b8b296c,ok,,,cpu,cpu,8,256,8,1,64,3,5.939579,,2758444.664175693,362.52313232421875,-2.607166290283203,True,True,0.0,0.0
pilot-002-modal-l4-crossover,20260811T152258Z,2026-08-11T15:28:02.270040+00:00,ffc18b8b296c,ok,,,cpu,cpu,8,256,8,1,64,4,5.821134,,2814571.8686427767,355.2938232421875,-2.522347927093506,True,True,0.0,0.0
pilot-002-modal-l4-crossover,20260811T152258Z,2026-08-11T15:28:02.270040+00:00,ffc18b8b296c,ok,,,cpu,cpu,8,256,8,1,64,5,6.22709,,2631084.5033555003,380.0714111328125,-2.4401917457580566,True,True,0.0,0.0
pilot-002-modal-l4-crossover,20260811T152258Z,2026-08-11T15:28:02.270040+00:00,ffc18b8b296c,ok,,,cpu,cpu,8,256,8,1,64,6,7.689376,,2130732.064604462,469.322265625,-2.3606297969818115,True,True,0.0,0.0
pilot-002-modal-l4-crossover,20260811T152258Z,2026-08-11T15:28:02.321512+00:00,1cc6eef09b21,ok,,,eager-resident,cuda,,256,32,8,64,0,11.082376,10.981375694274902,1478383.3358478362,676.41455078125,27.978601455688477,True,True,0.0,0.0
pilot-002-modal-l4-crossover,20260811T152258Z,2026-08-11T15:28:02.321512+00:00,1cc6eef09b21,ok,,,eager-resident,cuda,,256,32,8,64,1,11.131686,11.062591552734375,1471834.5450994575,679.4241943359375,27.052200317382812,True,True,0.0,0.0
pilot-002-modal-l4-crossover,20260811T152258Z,2026-08-11T15:28:02.321512+00:00,1cc6eef09b21,ok,,,eager-resident,cuda,,256,32,8,64,2,11.055665,10.993087768554688,1481955.1786346638,674.7842407226562,26.158756256103516,True,True,0.0,0.0
pilot-002-modal-l4-crossover,20260811T152258Z,2026-08-11T15:28:02.321512+00:00,1cc6eef09b21,ok,,,eager-resident,cuda,,256,32,8,64,3,11.180032,11.108511924743652,1465469.8662758744,682.375,25.293296813964844,True,True,0.0,0.0
pilot-002-modal-l4-crossover,20260811T152258Z,2026-08-11T15:28:02.321512+00:00,1cc6eef09b21,ok,,,eager-resident,cuda,,256,32,8,64,4,11.015963,10.956864356994629,1487296.2082388983,672.3610229492188,24.456317901611328,True,True,0.0,0.0
pilot-002-modal-l4-crossover,20260811T152258Z,2026-08-11T15:28:02.321512+00:00,1cc6eef09b21,ok,,,eager-resident,cuda,,256,32,8,64,5,10.896207,10.832415580749512,1503642.506057383,665.0516967773438,23.648353576660156,True,True,0.0,0.0
pilot-002-modal-l4-crossover,20260811T152258Z,2026-08-11T15:28:02.321512+00:00,1cc6eef09b21,ok,,,eager-resident,cuda,,256,32,8,64,6,11.117425,11.057696342468262,1473722.5571568955,678.5537719726562,22.86499786376953,True,True,0.0,0.0
pilot-002-modal-l4-crossover,20260811T152258Z,2026-08-11T15:28:02.406230+00:00,d6e38ada0272,ok,,,eager-host-visible,cuda,,1048576,32,1,64,0,481.353146,481.2218322753906,139417108.95143917,7.172720819711685,27.95545196533203,True,True,0.0,0.0
pilot-002-modal-l4-crossover,20260811T152258Z,2026-08-11T15:28:02.406230+00:00,d6e38ada0272,ok,,,eager-host-visible,cuda,,1048576,32,1,64,1,476.501614,476.41729736328125,140836593.26282996,7.100427359342575,27.002792358398438,True,True,0.0,0.0
pilot-002-modal-l4-crossover,20260811T152258Z,2026-08-11T15:28:02.406230+00:00,d6e38ada0272,ok,,,eager-host-visible,cuda,,1048576,32,1,64,2,475.953899,475.8612060546875,140998664.2424795,7.092265769839287,26.080135345458984,True,True,0.0,0.0
pilot-002-modal-l4-crossover,20260811T152258Z,2026-08-11T15:28:02.406230+00:00,d6e38ada0272,ok,,,eager-host-visible,cuda,,1048576,32,1,64,3,477.283361,477.19140625,140605915.6543695,7.112076297402382,25.18655014038086,True,True,0.0,0.0
pilot-002-modal-l4-crossover,20260811T152258Z,2026-08-11T15:28:02.406230+00:00,d6e38ada0272,ok,,,eager-host-visible,cuda,,1048576,32,1,64,4,477.267707,477.17388916015625,140610527.4162201,7.111843034625053,24.321107864379883,True,True,0.0,0.0
pilot-002-modal-l4-crossover,20260811T152258Z,2026-08-11T15:28:02.406230+00:00,d6e38ada0272,ok,,,eager-host-visible,cuda,,1048576,32,1,64,5,477.216705,477.1213684082031,140625555.0085993,7.111083045601845,23.482940673828125,True,True,0.0,0.0
pilot-002-modal-l4-crossover,20260811T152258Z,2026-08-11T15:28:02.406230+00:00,d6e38ada0272,ok,,,eager-host-visible,cuda,,1048576,32,1,64,6,477.514602,477.420166015625,140537825.89877743,7.115522056818008,22.67117691040039,True,True,0.0,0.0
pilot-002-modal-l4-crossover,20260811T152258Z,2026-08-11T15:28:06.114671+00:00,cca23375afd4,ok,,,cpu,cpu,8,1048576,8,8,64,0,1050.246342,,63898212.55859228,15.649890035390852,-2.861100196838379,True,True,0.0,0.0
pilot-002-modal-l4-crossover,20260811T152258Z,2026-08-11T15:28:06.114671+00:00,cca23375afd4,ok,,,cpu,cpu,8,1048576,8,8,64,1,1058.538469,,63397661.93230337,15.773452356457712,-2.753696918487549,True,True,0.0,0.0
pilot-002-modal-l4-crossover,20260811T152258Z,2026-08-11T15:28:06.114671+00:00,cca23375afd4,ok,,,cpu,cpu,8,1048576,8,8,64,2,1054.066056,,63666658.85690945,15.706808209419249,-2.6501808166503906,True,True,0.0,0.0
pilot-002-modal-l4-crossover,20260811T152258Z,2026-08-11T15:28:06.114671+00:00,cca23375afd4,ok,,,cpu,cpu,8,1048576,8,8,64,3,1061.611286,,63214158.407129064,15.819240897893907,-2.5434727668762207,True,True,0.0,0.0
pilot-002-modal-l4-crossover,20260811T152258Z,2026-08-11T15:28:06.114671+00:00,cca23375afd4,ok,,,cpu,cpu,8,1048576,8,8,64,4,1067.191554,,62883616.11227669,15.902393370866776,-2.4421887397766113,True,True,0.0,0.0
pilot-002-modal-l4-crossover,20260811T152258Z,2026-08-11T15:28:06.114671+00:00,cca23375afd4,ok,,,cpu,cpu,8,1048576,8,8,64,5,1065.020562,,63011801.268866025,15.87004306912422,-2.3418922424316406,True,True,0.0,0.0
pilot-002-modal-l4-crossover,20260811T152258Z,2026-08-11T15:28:06.114671+00:00,cca23375afd4,ok,,,cpu,cpu,8,1048576,8,8,64,6,1048.231808,,64021014.71051717,15.619871139526367,-2.239820718765259,True,True,0.0,0.0
pilot-002-modal-l4-crossover,20260811T152258Z,2026-08-11T15:28:13.852943+00:00,d39361b61f33,ok,,,eager-host-visible,cuda,,1048576,8,1,64,0,227.393279,227.2803497314453,295122460.50157005,3.388423904776573,-2.9257454872131348,True,True,0.0,0.0
pilot-002-modal-l4-crossover,20260811T152258Z,2026-08-11T15:28:13.852943+00:00,d39361b61f33,ok,,,eager-host-visible,cuda,,1048576,8,1,64,1,226.232326,226.1397705078125,296636935.9611323,3.371124356985092,-2.8688278198242188,True,True,0.0,0.0
pilot-002-modal-l4-crossover,20260811T152258Z,2026-08-11T15:28:13.852943+00:00,d39361b61f33,ok,,,eager-host-visible,cuda,,1048576,8,1,64,2,228.788332,228.6917724609375,293322930.4718215,3.409211814403534,-2.8137006759643555,True,True,0.0,0.0
pilot-002-modal-l4-crossover,20260811T152258Z,2026-08-11T15:28:13.852943+00:00,d39361b61f33,ok,,,eager-host-visible,cuda,,1048576,8,1,64,3,226.689313,226.59458923339844,296038940.30946225,3.377933993935585,-2.760322093963623,True,True,0.0,0.0
pilot-002-modal-l4-crossover,20260811T152258Z,2026-08-11T15:28:13.852943+00:00,d39361b61f33,ok,,,eager-host-visible,cuda,,1048576,8,1,64,4,226.900032,226.80831909179688,295764012.9376447,3.3810739517211914,-2.7086286544799805,True,True,0.0,0.0
pilot-002-modal-l4-crossover,20260811T152258Z,2026-08-11T15:28:13.852943+00:00,d39361b61f33,ok,,,eager-host-visible,cuda,,1048576,8,1,64,5,226.67317,226.5721893310547,296060023.3366834,3.3776934444904327,-2.6585617065429688,True,True,0.0,0.0
pilot-002-modal-l4-crossover,20260811T152258Z,2026-08-11T15:28:13.852943+00:00,d39361b61f33,ok,,,eager-host-visible,cuda,,1048576,8,1,64,6,226.689052,226.59385681152344,296039281.1559334,3.3779301047325134,-2.610076904296875,True,True,0.0,0.0
pilot-002-modal-l4-crossover,20260811T152258Z,2026-08-11T15:28:15.547280+00:00,7bb5df0a2403,ok,,,eager-resident,cuda,,1048576,8,8,64,0,108.773946,108.67916870117188,616957152.5887275,1.6208581030368805,-2.861100196838379,True,True,0.0,0.0
pilot-002-modal-l4-crossover,20260811T152258Z,2026-08-11T15:28:15.547280+00:00,7bb5df0a2403,ok,,,eager-resident,cuda,,1048576,8,8,64,1,109.952543,109.86399841308594,610343900.8227395,1.6384205669164658,-2.753695487976074,True,True,0.0,0.0
pilot-002-modal-l4-crossover,20260811T152258Z,2026-08-11T15:28:15.547280+00:00,7bb5df0a2403,ok,,,eager-resident,cuda,,1048576,8,8,64,2,109.95992,109.85401916503906,610302954.0217927,1.6385304927825928,-2.6501832008361816,True,True,0.0,0.0
pilot-002-modal-l4-crossover,20260811T152258Z,2026-08-11T15:28:15.547280+00:00,7bb5df0a2403,ok,,,eager-resident,cuda,,1048576,8,8,64,3,109.784172,109.698974609375,611279957.5516223,1.6359116435050964,-2.5434727668762207,True,True,0.0,0.0
pilot-002-modal-l4-crossover,20260811T152258Z,2026-08-11T15:28:15.547280+00:00,7bb5df0a2403,ok,,,eager-resident,cuda,,1048576,8,8,64,4,110.014411,109.9202880859375,610000666.1854509,1.6393424719572067,-2.4421892166137695,True,True,0.0,0.0
pilot-002-modal-l4-crossover,20260811T152258Z,2026-08-11T15:28:15.547280+00:00,7bb5df0a2403,ok,,,eager-resident,cuda,,1048576,8,8,64,5,109.893804,109.7930908203125,610670133.8685118,1.6375452876091003,-2.341890335083008,True,True,0.0,0.0
pilot-002-modal-l4-crossover,20260811T152258Z,2026-08-11T15:28:15.547280+00:00,7bb5df0a2403,ok,,,eager-resident,cuda,,1048576,8,8,64,6,110.041508,109.95184326171875,609850457.5200841,1.6397462487220764,-2.2398195266723633,True,True,0.0,0.0
pilot-002-modal-l4-crossover,20260811T152258Z,2026-08-11T15:28:16.413145+00:00,08345b18751f,ok,,,eager-host-visible,cuda,,1048576,8,8,64,0,222.990793,222.8654327392578,300949035.1469354,3.3228217512369156,-2.861100196838379,True,True,0.0,0.0
pilot-002-modal-l4-crossover,20260811T152258Z,2026-08-11T15:28:16.413145+00:00,08345b18751f,ok,,,eager-host-visible,cuda,,1048576,8,8,64,1,219.675312,219.58262634277344,305491151.41350067,3.2734172344207764,-2.753695487976074,True,True,0.0,0.0
pilot-002-modal-l4-crossover,20260811T152258Z,2026-08-11T15:28:16.413145+00:00,08345b18751f,ok,,,eager-host-visible,cuda,,1048576,8,8,64,2,218.022862,217.92933654785156,307806545.53557783,3.248793810606003,-2.6501832008361816,True,True,0.0,0.0
pilot-002-modal-l4-crossover,20260811T152258Z,2026-08-11T15:28:16.413145+00:00,08345b18751f,ok,,,eager-host-visible,cuda,,1048576,8,8,64,3,171.263385,171.14874267578125,391845951.19382936,2.552023306488991,-2.5434727668762207,True,True,0.0,0.0
pilot-002-modal-l4-crossover,20260811T152258Z,2026-08-11T15:28:16.413145+00:00,08345b18751f,ok,,,eager-host-visible,cuda,,1048576,8,8,64,4,219.84195,219.71401977539062,305259592.17519677,3.2759003341197968,-2.4421892166137695,True,True,0.0,0.0
pilot-002-modal-l4-crossover,20260811T152258Z,2026-08-11T15:28:16.413145+00:00,08345b18751f,ok,,,eager-host-visible,cuda,,1048576,8,8,64,5,219.88488,219.78810119628906,305199993.74218,3.2765400409698486,-2.341890335083008,True,True,0.0,0.0
pilot-002-modal-l4-crossover,20260811T152258Z,2026-08-11T15:28:16.413145+00:00,08345b18751f,ok,,,eager-host-visible,cuda,,1048576,8,8,64,6,226.332202,226.21737670898438,296506035.8490216,3.372612625360489,-2.2398195266723633,True,True,0.0,0.0
pilot-002-modal-l4-crossover,20260811T152258Z,2026-08-11T15:28:18.003810+00:00,5d087a237dc0,ok,,,cpu,cpu,1,65536,32,8,64,0,856.531955,,4896844.741770317,204.21313166618347,28.0075740814209,True,True,0.0,0.0
pilot-002-modal-l4-crossover,20260811T152258Z,2026-08-11T15:28:18.003810+00:00,5d087a237dc0,ok,,,cpu,cpu,1,65536,32,8,64,1,854.583977,,4908006.834768914,203.74869751930237,27.095848083496094,True,True,0.0,0.0
pilot-002-modal-l4-crossover,20260811T152258Z,2026-08-11T15:28:18.003810+00:00,5d087a237dc0,ok,,,cpu,cpu,1,65536,32,8,64,2,876.572648,,4784890.344878751,208.9912052154541,26.213260650634766,True,True,0.0,0.0
pilot-002-modal-l4-crossover,20260811T152258Z,2026-08-11T15:28:18.003810+00:00,5d087a237dc0,ok,,,cpu,cpu,1,65536,32,8,64,3,945.202044,,4437468.186431472,225.35372829437256,25.36197280883789,True,True,0.0,0.0
pilot-002-modal-l4-crossover,20260811T152258Z,2026-08-11T15:28:18.003810+00:00,5d087a237dc0,ok,,,cpu,cpu,1,65536,32,8,64,4,914.410074,,4586896.097559835,218.01235055923462,24.538436889648438,True,True,0.0,0.0
pilot-002-modal-l4-crossover,20260811T152258Z,2026-08-11T15:28:18.003810+00:00,5d087a237dc0,ok,,,cpu,cpu,1,65536,32,8,64,5,1078.73731,,3888160.6866828403,257.19101667404175,23.73876953125,True,True,0.0,0.0
pilot-002-modal-l4-crossover,20260811T152258Z,2026-08-11T15:28:18.003810+00:00,5d087a237dc0,ok,,,cpu,cpu,1,65536,32,8,64,6,1433.144995,,2926643.162159597,341.6883933544159,22.96404457092285,True,True,0.0,0.0
pilot-002-modal-l4-crossover,20260811T152258Z,2026-08-11T15:28:25.198853+00:00,a091731b5688,ok,,,eager-resident,cuda,,256,32,1,64,0,12.316119,12.16204833984375,1330289.1925613903,751.7162475585938,27.957904815673828,True,True,0.0,0.0
pilot-002-modal-l4-crossover,20260811T152258Z,2026-08-11T15:28:25.198853+00:00,a091731b5688,ok,,,eager-resident,cuda,,256,32,1,64,1,11.285498,11.129823684692383,1451774.6580611684,688.8121337890625,27.007143020629883,True,True,0.0,0.0
pilot-002-modal-l4-crossover,20260811T152258Z,2026-08-11T15:28:25.198853+00:00,a091731b5688,ok,,,eager-resident,cuda,,256,32,1,64,2,10.972056,10.861663818359375,1493247.9382168665,669.68115234375,26.086339950561523,True,True,0.0,0.0
pilot-002-modal-l4-crossover,20260811T152258Z,2026-08-11T15:28:25.198853+00:00,a091731b5688,ok,,,eager-resident,cuda,,256,32,1,64,3,16.74543,16.582048416137695,978416.200718644,1022.0599365234374,25.194555282592773,True,True,0.0,0.0
pilot-002-modal-l4-crossover,20260811T152258Z,2026-08-11T15:28:25.198853+00:00,a091731b5688,ok,,,eager-resident,cuda,,256,32,1,64,4,12.525608,12.354880332946777,1308040.2963273318,764.50244140625,24.330869674682617,True,True,0.0,0.0
pilot-002-modal-l4-crossover,20260811T152258Z,2026-08-11T15:28:25.198853+00:00,a091731b5688,ok,,,eager-resident,cuda,,256,32,1,64,5,12.977314,12.81164836883545,1262510.8708936225,792.0723876953125,23.494403839111328,True,True,0.0,0.0
pilot-002-modal-l4-crossover,20260811T152258Z,2026-08-11T15:28:25.198853+00:00,a091731b5688,ok,,,eager-resident,cuda,,256,32,1,64,6,10.765291,10.662752151489258,1521928.2042631267,657.0612182617188,22.684295654296875,True,True,0.0,0.0
pilot-002-modal-l4-crossover,20260811T152258Z,2026-08-11T15:28:25.299615+00:00,898fb33682e0,ok,,,eager-resident,cuda,,4096,8,8,64,0,13.41168,13.25772762298584,19545948.0094962,51.1614990234375,-2.928821563720703,True,True,0.0,0.0
pilot-002-modal-l4-crossover,20260811T152258Z,2026-08-11T15:28:25.299615+00:00,898fb33682e0,ok,,,eager-resident,cuda,,4096,8,8,64,1,13.147878,13.021056175231934,19938122.33426565,50.155174255371094,-2.8713760375976562,True,True,0.0,0.0
pilot-002-modal-l4-crossover,20260811T152258Z,2026-08-11T15:28:25.299615+00:00,898fb33682e0,ok,,,eager-resident,cuda,,4096,8,8,64,2,23.091249,22.93459129333496,11352525.798842669,88.08612442016602,-2.814406394958496,True,True,0.0,0.0
pilot-002-modal-l4-crossover,20260811T152258Z,2026-08-11T15:28:25.299615+00:00,898fb33682e0,ok,,,eager-resident,cuda,,4096,8,8,64,3,10.926377,10.786016464233398,23991850.180531017,41.68082046508789,-2.7588539123535156,True,True,0.0,0.0
pilot-002-modal-l4-crossover,20260811T152258Z,2026-08-11T15:28:25.299615+00:00,898fb33682e0,ok,,,eager-resident,cuda,,4096,8,8,64,4,21.315694,20.504959106445312,12298168.663896188,81.31291961669922,-2.704799175262451,True,True,0.0,0.0
pilot-002-modal-l4-crossover,20260811T152258Z,2026-08-11T15:28:25.299615+00:00,898fb33682e0,ok,,,eager-resident,cuda,,4096,8,8,64,5,20.697813,20.50044822692871,12665299.469079174,78.95589065551758,-2.6512222290039062,True,True,0.0,0.0
pilot-002-modal-l4-crossover,20260811T152258Z,2026-08-11T15:28:25.299615+00:00,898fb33682e0,ok,,,eager-resident,cuda,,4096,8,8,64,6,12.904017,12.771519660949707,20314914.340239942,49.224918365478516,-2.593958854675293,True,True,0.0,0.0
pilot-002-modal-l4-crossover,20260811T152258Z,2026-08-11T15:28:25.431415+00:00,213d7fd8aad7,ok,,,eager-resident,cuda,,256,8,8,64,0,10.625341,10.487808227539062,1541974.0411154805,648.5193481445312,-2.850161552429199,True,True,0.0,0.0
pilot-002-modal-l4-crossover,20260811T152258Z,2026-08-11T15:28:25.431415+00:00,213d7fd8aad7,ok,,,eager-resident,cuda,,256,8,8,64,1,14.0058,13.86195182800293,1169801.0824087164,854.84619140625,-2.732274055480957,True,True,0.0,0.0
pilot-002-modal-l4-crossover,20260811T152258Z,2026-08-11T15:28:25.431415+00:00,213d7fd8aad7,ok,,,eager-resident,cuda,,256,8,8,64,2,12.966325,12.852704048156738,1263580.852708844,791.4016723632812,-2.621840000152588,True,True,0.0,0.0
pilot-002-modal-l4-crossover,20260811T152258Z,2026-08-11T15:28:25.431415+00:00,213d7fd8aad7,ok,,,eager-resident,cuda,,256,8,8,64,3,15.435711,15.278656005859375,1061434.7469967532,942.1210327148438,-2.5161948204040527,True,True,0.0,0.0
pilot-002-modal-l4-crossover,20260811T152258Z,2026-08-11T15:28:25.431415+00:00,213d7fd8aad7,ok,,,eager-resident,cuda,,256,8,8,64,4,15.727279,15.602496147155762,1041756.8099351452,959.9169311523438,-2.4155654907226562,True,True,0.0,0.0
pilot-002-modal-l4-crossover,20260811T152258Z,2026-08-11T15:28:25.431415+00:00,213d7fd8aad7,ok,,,eager-resident,cuda,,256,8,8,64,5,16.202058,16.05401611328125,1011229.5610841535,988.8951416015626,-2.318577766418457,True,True,0.0,0.0
pilot-002-modal-l4-crossover,20260811T152258Z,2026-08-11T15:28:25.431415+00:00,213d7fd8aad7,ok,,,eager-resident,cuda,,256,8,8,64,6,13.860046,13.710304260253906,1182102.8588216805,845.9500732421875,-2.224285125732422,True,True,0.0,0.0
pilot-002-modal-l4-crossover,20260811T152258Z,2026-08-11T15:28:25.544532+00:00,beb6a627453a,ok,,,eager-resident,cuda,,4096,32,1,64,0,10.811934,10.655743598937988,24245800.98250692,41.24425506591797,28.0797119140625,True,True,0.0,0.0
pilot-002-modal-l4-crossover,20260811T152258Z,2026-08-11T15:28:25.544532+00:00,beb6a627453a,ok,,,eager-resident,cuda,,4096,32,1,64,1,17.797324,17.680511474609375,14729405.387012115,67.89140319824219,27.222932815551758,True,True,0.0,0.0
pilot-002-modal-l4-crossover,20260811T152258Z,2026-08-11T15:28:25.544532+00:00,beb6a627453a,ok,,,eager-resident,cuda,,4096,32,1,64,2,16.984049,16.812255859375,15434717.598848192,64.78900527954102,26.39313316345215,True,True,0.0,0.0
pilot-002-modal-l4-crossover,20260811T152258Z,2026-08-11T15:28:25.544532+00:00,beb6a627453a,ok,,,eager-resident,cuda,,4096,32,1,64,3,21.457657,21.29257583618164,12216804.47217513,81.85446548461914,25.589458465576172,True,True,0.0,0.0
pilot-002-modal-l4-crossover,20260811T152258Z,2026-08-11T15:28:25.544532+00:00,beb6a627453a,ok,,,eager-resident,cuda,,4096,32,1,64,4,14.427451,14.267040252685547,18169806.988081265,55.03635787963867,24.811086654663086,True,True,0.0,0.0
pilot-002-modal-l4-crossover,20260811T152258Z,2026-08-11T15:28:25.544532+00:00,beb6a627453a,ok,,,eager-resident,cuda,,4096,32,1,64,5,11.900925,11.77683162689209,22027195.36506616,45.3984260559082,24.057235717773438,True,True,0.0,0.0
pilot-002-modal-l4-crossover,20260811T152258Z,2026-08-11T15:28:25.544532+00:00,beb6a627453a,ok,,,eager-resident,cuda,,4096,32,1,64,6,12.201284,12.074655532836914,21484951.911618482,46.54420471191406,23.3271427154541,True,True,0.0,0.0
pilot-002-modal-l4-crossover,20260811T152258Z,2026-08-11T15:28:25.663947+00:00,694d37f48022,ok,,,cpu,cpu,1,65536,8,1,64,0,182.905614,,22931521.39113674,43.60809659957886,-3.184319019317627,True,True,0.0,0.0
pilot-002-modal-l4-crossover,20260811T152258Z,2026-08-11T15:28:25.663947+00:00,694d37f48022,ok,,,cpu,cpu,1,65536,8,1,64,1,156.913152,,26730098.443245854,37.4110107421875,-3.326930046081543,True,True,0.0,0.0
pilot-002-modal-l4-crossover,20260811T152258Z,2026-08-11T15:28:25.663947+00:00,694d37f48022,ok,,,cpu,cpu,1,65536,8,1,64,2,157.437027,,26641153.48163936,37.53591227531433,-3.465041160583496,True,True,0.0,0.0
pilot-002-modal-l4-crossover,20260811T152258Z,2026-08-11T15:28:25.663947+00:00,694d37f48022,ok,,,cpu,cpu,1,65536,8,1,64,3,143.97899,,29131361.457668234,34.327266216278076,-3.5988047122955322,True,True,0.0,0.0
pilot-002-modal-l4-crossover,20260811T152258Z,2026-08-11T15:28:25.663947+00:00,694d37f48022,ok,,,cpu,cpu,1,65536,8,1,64,4,145.276446,,28871190.860492278,34.63660383224487,-3.728348731994629,True,True,0.0,0.0
pilot-002-modal-l4-crossover,20260811T152258Z,2026-08-11T15:28:25.663947+00:00,694d37f48022,ok,,,cpu,cpu,1,65536,8,1,64,5,142.090303,,29518580.166586034,33.87696814537048,-3.853804111480713,True,True,0.0,0.0
pilot-002-modal-l4-crossover,20260811T152258Z,2026-08-11T15:28:25.663947+00:00,694d37f48022,ok,,,cpu,cpu,1,65536,8,1,64,6,148.290991,,28284280.600700825,35.35532736778259,-3.975302219390869,True,True,0.0,0.0
pilot-002-modal-l4-crossover,20260811T152258Z,2026-08-11T15:28:26.827769+00:00,287b2748bc20,ok,,,graph-resident,cuda,,1048576,32,8,64,0,365.692443,365.54443359375,183511760.454946,5.449242040514946,25.628196716308594,False,True,3.457069396972656e-05,0.001776247750967741
pilot-002-modal-l4-crossover,20260811T152258Z,2026-08-11T15:28:26.827769+00:00,287b2748bc20,ok,,,graph-resident,cuda,,1048576,32,8,64,1,365.76065,365.6401062011719,183477539.2049418,5.450258404016495,24.856403350830078,False,True,3.457069396972656e-05,0.001776247750967741
pilot-002-modal-l4-crossover,20260811T152258Z,2026-08-11T15:28:26.827769+00:00,287b2748bc20,ok,,,graph-resident,cuda,,1048576,32,8,64,2,369.351909,369.23138427734375,181693562.06034935,5.503772333264351,24.10675048828125,False,True,3.457069396972656e-05,0.001776247750967741
pilot-002-modal-l4-crossover,20260811T152258Z,2026-08-11T15:28:26.827769+00:00,287b2748bc20,ok,,,graph-resident,cuda,,1048576,32,8,64,3,365.184814,365.0711364746094,183766852.91190666,5.441677778959274,23.379833221435547,False,True,3.457069396972656e-05,0.001776247750967741
pilot-002-modal-l4-crossover,20260811T152258Z,2026-08-11T15:28:26.827769+00:00,287b2748bc20,ok,,,graph-resident,cuda,,1048576,32,8,64,4,367.034684,366.9212341308594,182840660.3665827,5.469242990016937,22.672447204589844,False,True,3.457069396972656e-05,0.001776247750967741
pilot-002-modal-l4-crossover,20260811T152258Z,2026-08-11T15:28:26.827769+00:00,287b2748bc20,ok,,,graph-resident,cuda,,1048576,32,8,64,5,368.358634,368.23101806640625,182183496.74952915,5.488971382379532,21.985862731933594,False,True,3.457069396972656e-05,0.001776247750967741
pilot-002-modal-l4-crossover,20260811T152258Z,2026-08-11T15:28:26.827769+00:00,287b2748bc20,ok,,,graph-resident,cuda,,1048576,32,8,64,6,364.689447,364.5549011230469,184016468.12664694,5.434296235442162,21.320444107055664,False,True,3.457069396972656e-05,0.001776247750967741
pilot-002-modal-l4-crossover,20260811T152258Z,2026-08-11T15:28:30.873130+00:00,63857eeb5f84,ok,,,eager-host-visible,cuda,,65536,8,1,64,0,25.882724,25.773311614990234,162050331.33297718,6.17092227935791,-3.1843204498291016,True,True,0.0,0.0
pilot-002-modal-l4-crossover,20260811T152258Z,2026-08-11T15:28:30.873130+00:00,63857eeb5f84,ok,,,eager-host-visible,cuda,,65536,8,1,64,1,24.934444,24.84752082824707,168213255.52717358,5.9448347091674805,-3.3269295692443848,True,True,0.0,0.0
pilot-002-modal-l4-crossover,20260811T152258Z,2026-08-11T15:28:30.873130+00:00,63857eeb5f84,ok,,,eager-host-visible,cuda,,65536,8,1,64,2,25.600518,25.516576766967773,163836684.86707962,6.103639125823975,-3.4650421142578125,True,True,0.0,0.0
pilot-002-modal-l4-crossover,20260811T152258Z,2026-08-11T15:28:30.873130+00:00,63857eeb5f84,ok,,,eager-host-visible,cuda,,65536,8,1,64,3,25.236918,25.154815673828125,166197156.0869675,6.0169501304626465,-3.598803997039795,True,True,0.0,0.0
pilot-002-modal-l4-crossover,20260811T152258Z,2026-08-11T15:28:30.873130+00:00,63857eeb5f84,ok,,,eager-host-visible,cuda,,65536,8,1,64,4,24.755612,24.680927276611328,169428410.81852472,5.90219783782959,-3.7283496856689453,True,True,0.0,0.0
pilot-002-modal-l4-crossover,20260811T152258Z,2026-08-11T15:28:30.873130+00:00,63857eeb5f84,ok,,,eager-host-visible,cuda,,65536,8,1,64,5,24.88015,24.79599952697754,168580334.1217798,5.93189001083374,-3.8538055419921875,True,True,0.0,0.0
pilot-002-modal-l4-crossover,20260811T152258Z,2026-08-11T15:28:30.873130+00:00,63857eeb5f84,ok,,,eager-host-visible,cuda,,65536,8,1,64,6,25.004406,24.936960220336914,167742597.04469684,5.961514949798584,-3.9753012657165527,True,True,0.0,0.0
pilot-002-modal-l4-crossover,20260811T152258Z,2026-08-11T15:28:31.062198+00:00,363f479657c0,ok,,,cpu,cpu,8,65536,32,8,64,0,217.380529,,19294754.77539205,51.827556848526,28.0075740814209,True,True,0.0,0.0
pilot-002-modal-l4-crossover,20260811T152258Z,2026-08-11T15:28:31.062198+00:00,363f479657c0,ok,,,cpu,cpu,8,65536,32,8,64,1,215.079549,,19501175.353496768,51.27896046638489,27.095848083496094,True,True,0.0,0.0
pilot-002-modal-l4-crossover,20260811T152258Z,2026-08-11T15:28:31.062198+00:00,363f479657c0,ok,,,cpu,cpu,8,65536,32,8,64,2,220.142018,,19052718.958904065,52.485947132110596,26.213260650634766,True,True,0.0,0.0
pilot-002-modal-l4-crossover,20260811T152258Z,2026-08-11T15:28:31.062198+00:00,363f479657c0,ok,,,cpu,cpu,8,65536,32,8,64,3,207.92637,,20172063.793543838,49.57350969314575,25.36197280883789,True,True,0.0,0.0
pilot-002-modal-l4-crossover,20260811T152258Z,2026-08-11T15:28:31.062198+00:00,363f479657c0,ok,,,cpu,cpu,8,65536,32,8,64,4,203.410592,,20619889.843297835,48.496864318847656,24.538436889648438,True,True,0.0,0.0
pilot-002-modal-l4-crossover,20260811T152258Z,2026-08-11T15:28:31.062198+00:00,363f479657c0,ok,,,cpu,cpu,8,65536,32,8,64,5,204.800544,,20479945.600144498,48.82825469970703,23.73876953125,True,True,0.0,0.0
pilot-002-modal-l4-crossover,20260811T152258Z,2026-08-11T15:28:31.062198+00:00,363f479657c0,ok,,,cpu,cpu,8,65536,32,8,64,6,217.972654,,19242340.371742226,51.968730449676514,22.96404457092285,True,True,0.0,0.0
pilot-002-modal-l4-crossover,20260811T152258Z,2026-08-11T15:28:32.605862+00:00,db8c8389c235,ok,,,cpu,cpu,1,256,32,1,64,0,4.170555,,3928493.929465023,254.55047607421878,27.957908630371094,True,True,0.0,0.0
pilot-002-modal-l4-crossover,20260811T152258Z,2026-08-11T15:28:32.605862+00:00,db8c8389c235,ok,,,cpu,cpu,1,256,32,1,64,1,4.544196,,3605478.284827503,277.355712890625,27.007137298583984,True,True,0.0,0.0
pilot-002-modal-l4-crossover,20260811T152258Z,2026-08-11T15:28:32.605862+00:00,db8c8389c235,ok,,,cpu,cpu,1,256,32,1,64,2,4.348713,,3767551.4571782504,265.42437744140625,26.086339950561523,True,True,0.0,0.0
pilot-002-modal-l4-crossover,20260811T152258Z,2026-08-11T15:28:32.605862+00:00,db8c8389c235,ok,,,cpu,cpu,1,256,32,1,64,3,4.452304,,3679892.4781416543,271.7470703125,25.194547653198242,True,True,0.0,0.0
pilot-002-modal-l4-crossover,20260811T152258Z,2026-08-11T15:28:32.605862+00:00,db8c8389c235,ok,,,cpu,cpu,1,256,32,1,64,4,4.460984,,3672732.2940409565,272.27685546875,24.330867767333984,True,True,0.0,0.0
pilot-002-modal-l4-crossover,20260811T152258Z,2026-08-11T15:28:32.605862+00:00,db8c8389c235,ok,,,cpu,cpu,1,256,32,1,64,5,4.375474,,3744508.5949545125,267.0577392578125,23.494401931762695,True,True,0.0,0.0
pilot-002-modal-l4-crossover,20260811T152258Z,2026-08-11T15:28:32.605862+00:00,db8c8389c235,ok,,,cpu,cpu,1,256,32,1,64,6,4.403811,,3720413.9778024075,268.78729248046875,22.684295654296875,True,True,0.0,0.0
pilot-002-modal-l4-crossover,20260811T152258Z,2026-08-11T15:28:32.640137+00:00,79070c7bd183,ok,,,cpu,cpu,1,4096,32,8,64,0,22.982512,,11406237.925601866,87.67132568359375,28.0494384765625,True,True,0.0,0.0
pilot-002-modal-l4-crossover,20260811T152258Z,2026-08-11T15:28:32.640137+00:00,79070c7bd183,ok,,,cpu,cpu,1,4096,32,8,64,1,23.668873,,11075474.527240904,90.28958511352539,27.170841217041016,True,True,0.0,0.0
pilot-002-modal-l4-crossover,20260811T152258Z,2026-08-11T15:28:32.640137+00:00,79070c7bd183,ok,,,cpu,cpu,1,4096,32,8,64,2,23.447907,,11179846.457084633,89.4466667175293,26.31396484375,True,True,0.0,0.0
pilot-002-modal-l4-crossover,20260811T152258Z,2026-08-11T15:28:32.640137+00:00,79070c7bd183,ok,,,cpu,cpu,1,4096,32,8,64,3,25.135436,,10429260.10911448,95.88407897949219,25.48153305053711,True,True,0.0,0.0
pilot-002-modal-l4-crossover,20260811T152258Z,2026-08-11T15:28:32.640137+00:00,79070c7bd183,ok,,,cpu,cpu,1,4096,32,8,64,4,24.586374,,10662165.962333446,93.7895736694336,24.675325393676758,True,True,0.0,0.0
pilot-002-modal-l4-crossover,20260811T152258Z,2026-08-11T15:28:32.640137+00:00,79070c7bd183,ok,,,cpu,cpu,1,4096,32,8,64,5,28.778151,,9109132.827887379,109.77993392944336,23.89447784423828,True,True,0.0,0.0
pilot-002-modal-l4-crossover,20260811T152258Z,2026-08-11T15:28:32.640137+00:00,79070c7bd183,ok,,,cpu,cpu,1,4096,32,8,64,6,24.699618,,10613281.549536515,94.22156524658203,23.1442928314209,True,True,0.0,0.0
pilot-002-modal-l4-crossover,20260811T152258Z,2026-08-11T15:28:32.826292+00:00,e91753c19d05,ok,,,eager-host-visible,cuda,,4096,32,8,64,0,14.171396,14.087008476257324,18498107.03193955,54.05958557128906,28.04944610595703,True,True,0.0,0.0
pilot-002-modal-l4-crossover,20260811T152258Z,2026-08-11T15:28:32.826292+00:00,e91753c19d05,ok,,,eager-host-visible,cuda,,4096,32,8,64,1,13.742064,13.645600318908691,19076028.17160508,52.42181396484375,27.17084312438965,True,True,0.0,0.0
pilot-002-modal-l4-crossover,20260811T152258Z,2026-08-11T15:28:32.826292+00:00,e91753c19d05,ok,,,eager-host-visible,cuda,,4096,32,8,64,2,14.463775,14.368512153625488,18124175.742501527,55.174922943115234,26.3139705657959,True,True,0.0,0.0
pilot-002-modal-l4-crossover,20260811T152258Z,2026-08-11T15:28:32.826292+00:00,e91753c19d05,ok,,,eager-host-visible,cuda,,4096,32,8,64,3,14.399285,14.31385612487793,18205348.390562445,54.92891311645508,25.481529235839844,True,True,0.0,0.0
pilot-002-modal-l4-crossover,20260811T152258Z,2026-08-11T15:28:32.826292+00:00,e91753c19d05,ok,,,eager-host-visible,cuda,,4096,32,8,64,4,14.826991,14.731871604919434,17680188.785438664,56.560482025146484,24.675321578979492,True,True,0.0,0.0
pilot-002-modal-l4-crossover,20260811T152258Z,2026-08-11T15:28:32.826292+00:00,e91753c19d05,ok,,,eager-host-visible,cuda,,4096,32,8,64,5,14.643072,14.528575897216797,17902254.39033558,55.85888671875,23.894481658935547,True,True,0.0,0.0
pilot-002-modal-l4-crossover,20260811T152258Z,2026-08-11T15:28:32.826292+00:00,e91753c19d05,ok,,,eager-host-visible,cuda,,4096,32,8,64,6,14.508288,14.415007591247559,18068568.807015684,55.3447265625,23.144290924072266,True,True,0.0,0.0
pilot-002-modal-l4-crossover,20260811T152258Z,2026-08-11T15:28:32.936700+00:00,9503718d02de,ok,,,cpu,cpu,1,4096,8,1,64,0,11.5146,,22766227.22456707,43.924713134765625,-3.077810764312744,True,True,0.0,0.0
pilot-002-modal-l4-crossover,20260811T152258Z,2026-08-11T15:28:32.936700+00:00,9503718d02de,ok,,,cpu,cpu,1,4096,8,1,64,1,11.765786,,22280194.455347054,44.882911682128906,-3.138242244720459,True,True,0.0,0.0
pilot-002-modal-l4-crossover,20260811T152258Z,2026-08-11T15:28:32.936700+00:00,9503718d02de,ok,,,cpu,cpu,1,4096,8,1,64,2,11.990902,,21861908.303478755,45.741661071777344,-3.1967787742614746,True,True,0.0,0.0
pilot-002-modal-l4-crossover,20260811T152258Z,2026-08-11T15:28:32.936700+00:00,9503718d02de,ok,,,cpu,cpu,1,4096,8,1,64,3,11.911808,,22007070.63109143,45.43994140625,-3.2534713745117188,True,True,0.0,0.0
pilot-002-modal-l4-crossover,20260811T152258Z,2026-08-11T15:28:32.936700+00:00,9503718d02de,ok,,,cpu,cpu,1,4096,8,1,64,4,11.891486,,22044679.697726592,45.36241912841797,-3.308377742767334,True,True,0.0,0.0
pilot-002-modal-l4-crossover,20260811T152258Z,2026-08-11T15:28:32.936700+00:00,9503718d02de,ok,,,cpu,cpu,1,4096,8,1,64,5,11.665971,,22470825.617516108,44.50214767456055,-3.361562728881836,True,True,0.0,0.0
pilot-002-modal-l4-crossover,20260811T152258Z,2026-08-11T15:28:32.936700+00:00,9503718d02de,ok,,,cpu,cpu,1,4096,8,1,64,6,12.076098,,21707674.117914576,46.06665802001953,-3.4130749702453613,True,True,0.0,0.0
pilot-002-modal-l4-crossover,20260811T152258Z,2026-08-11T15:28:33.025415+00:00,90d3d8f4f031,ok,,,eager-resident,cuda,,65536,8,1,64,0,12.060118,11.959296226501465,347782998.4748076,2.8753561973571777,-3.1843204498291016,True,True,0.0,0.0
pilot-002-modal-l4-crossover,20260811T152258Z,2026-08-11T15:28:33.025415+00:00,90d3d8f4f031,ok,,,eager-resident,cuda,,65536,8,1,64,1,11.408237,11.334624290466309,367655756.0997374,2.719935655593872,-3.3269295692443848,True,True,0.0,0.0
pilot-002-modal-l4-crossover,20260811T152258Z,2026-08-11T15:28:33.025415+00:00,90d3d8f4f031,ok,,,eager-resident,cuda,,65536,8,1,64,2,11.250099,11.15782356262207,372823741.3732981,2.682232618331909,-3.4650421142578125,True,True,0.0,0.0
pilot-002-modal-l4-crossover,20260811T152258Z,2026-08-11T15:28:33.025415+00:00,90d3d8f4f031,ok,,,eager-resident,cuda,,65536,8,1,64,3,11.65712,11.566975593566895,359806195.69842297,2.7792739868164062,-3.598803997039795,True,True,0.0,0.0
pilot-002-modal-l4-crossover,20260811T152258Z,2026-08-11T15:28:33.025415+00:00,90d3d8f4f031,ok,,,eager-resident,cuda,,65536,8,1,64,4,11.555067,11.450143814086914,362983961.9276981,2.7549426555633545,-3.7283496856689453,True,True,0.0,0.0
pilot-002-modal-l4-crossover,20260811T152258Z,2026-08-11T15:28:33.025415+00:00,90d3d8f4f031,ok,,,eager-resident,cuda,,65536,8,1,64,5,10.770152,10.663647651672363,389437772.0945814,2.5678043365478516,-3.8538055419921875,True,True,0.0,0.0
pilot-002-modal-l4-crossover,20260811T152258Z,2026-08-11T15:28:33.025415+00:00,90d3d8f4f031,ok,,,eager-resident,cuda,,65536,8,1,64,6,11.703748,11.589344024658203,358372719.5766689,2.790390968322754,-3.9753012657165527,True,True,0.0,0.0
pilot-002-modal-l4-crossover,20260811T152258Z,2026-08-11T15:28:33.118955+00:00,114a992eb975,ok,,,eager-host-visible,cuda,,256,32,1,64,0,13.627349,13.511775970458984,1202288.133957676,831.7473754882812,27.957904815673828,True,True,0.0,0.0
pilot-002-modal-l4-crossover,20260811T152258Z,2026-08-11T15:28:33.118955+00:00,114a992eb975,ok,,,eager-host-visible,cuda,,256,32,1,64,1,14.619706,14.507648468017578,1120679.1709764889,892.3160400390625,27.007143020629883,True,True,0.0,0.0
pilot-002-modal-l4-crossover,20260811T152258Z,2026-08-11T15:28:33.118955+00:00,114a992eb975,ok,,,eager-host-visible,cuda,,256,32,1,64,2,14.422106,14.332096099853516,1136033.8080998713,880.2554931640625,26.086339950561523,True,True,0.0,0.0
pilot-002-modal-l4-crossover,20260811T152258Z,2026-08-11T15:28:33.118955+00:00,114a992eb975,ok,,,eager-host-visible,cuda,,256,32,1,64,3,15.196017,15.104415893554688,1078177.2618443372,927.4912719726562,25.194555282592773,True,True,0.0,0.0
pilot-002-modal-l4-crossover,20260811T152258Z,2026-08-11T15:28:33.118955+00:00,114a992eb975,ok,,,eager-host-visible,cuda,,256,32,1,64,4,13.851102,13.761407852172852,1182866.1719479072,845.4041748046875,24.330869674682617,True,True,0.0,0.0
pilot-002-modal-l4-crossover,20260811T152258Z,2026-08-11T15:28:33.118955+00:00,114a992eb975,ok,,,eager-host-visible,cuda,,256,32,1,64,5,13.375706,13.280672073364258,1224907.3058274458,816.3883056640625,23.494403839111328,True,True,0.0,0.0
pilot-002-modal-l4-crossover,20260811T152258Z,2026-08-11T15:28:33.118955+00:00,114a992eb975,ok,,,eager-host-visible,cuda,,256,32,1,64,6,13.834626,13.738719940185547,1184274.8766753795,844.3985595703125,22.684295654296875,True,True,0.0,0.0
pilot-002-modal-l4-crossover,20260811T152258Z,2026-08-11T15:28:33.225689+00:00,b75ccae1c4eb,ok,,,eager-host-visible,cuda,,256,8,1,64,0,13.522233,13.444704055786133,1211634.2027237662,825.3316040039062,-2.878509998321533,True,True,0.0,0.0
pilot-002-modal-l4-crossover,20260811T152258Z,2026-08-11T15:28:33.225689+00:00,b75ccae1c4eb,ok,,,eager-host-visible,cuda,,256,8,1,64,1,13.511276,13.448800086975098,1212616.7802360044,824.662841796875,-2.785147190093994,True,True,0.0,0.0
pilot-002-modal-l4-crossover,20260811T152258Z,2026-08-11T15:28:33.225689+00:00,b75ccae1c4eb,ok,,,eager-host-visible,cuda,,256,8,1,64,2,13.738756,13.670783996582031,1192538.829570887,838.547119140625,-2.694735050201416,True,True,0.0,0.0
pilot-002-modal-l4-crossover,20260811T152258Z,2026-08-11T15:28:33.225689+00:00,b75ccae1c4eb,ok,,,eager-host-visible,cuda,,256,8,1,64,3,13.622889,13.552127838134766,1202681.751279042,831.4751586914062,-2.607166290283203,True,True,0.0,0.0
pilot-002-modal-l4-crossover,20260811T152258Z,2026-08-11T15:28:33.225689+00:00,b75ccae1c4eb,ok,,,eager-host-visible,cuda,,256,8,1,64,4,13.846613,13.781888008117676,1183249.6510157394,845.1301879882812,-2.522346019744873,True,True,0.0,0.0
pilot-002-modal-l4-crossover,20260811T152258Z,2026-08-11T15:28:33.225689+00:00,b75ccae1c4eb,ok,,,eager-host-visible,cuda,,256,8,1,64,5,13.68717,13.606047630310059,1197033.4261940196,835.3985595703125,-2.4401907920837402,True,True,0.0,0.0
pilot-002-modal-l4-crossover,20260811T152258Z,2026-08-11T15:28:33.225689+00:00,b75ccae1c4eb,ok,,,eager-host-visible,cuda,,256,8,1,64,6,13.718407,13.65078353881836,1194307.7647426557,837.3051147460938,-2.360630989074707,True,True,0.0,0.0
